Contrast_d1_a0,Dissimilarity_d1_a0,Homogeneity_d1_a0,Energy_d1_a0,Correlation_d1_a0,ASM_d1_a0,Entropy_d1_a0,Contrast_d1_a45,Dissimilarity_d1_a45,Homogeneity_d1_a45,Energy_d1_a45,Correlation_d1_a45,ASM_d1_a45,Entropy_d1_a45,Contrast_d1_a90,Dissimilarity_d1_a90,Homogeneity_d1_a90,Energy_d1_a90,Correlation_d1_a90,ASM_d1_a90,Entropy_d1_a90,Contrast_d1_a135,Dissimilarity_d1_a135,Homogeneity_d1_a135,Energy_d1_a135,Correlation_d1_a135,ASM_d1_a135,Entropy_d1_a135,Contrast_d2_a0,Dissimilarity_d2_a0,Homogeneity_d2_a0,Energy_d2_a0,Correlation_d2_a0,ASM_d2_a0,Entropy_d2_a0,Contrast_d2_a45,Dissimilarity_d2_a45,Homogeneity_d2_a45,Energy_d2_a45,Correlation_d2_a45,ASM_d2_a45,Entropy_d2_a45,Contrast_d2_a90,Dissimilarity_d2_a90,Homogeneity_d2_a90,Energy_d2_a90,Correlation_d2_a90,ASM_d2_a90,Entropy_d2_a90,Contrast_d2_a135,Dissimilarity_d2_a135,Homogeneity_d2_a135,Energy_d2_a135,Correlation_d2_a135,ASM_d2_a135,Entropy_d2_a135,Contrast_d3_a0,Dissimilarity_d3_a0,Homogeneity_d3_a0,Energy_d3_a0,Correlation_d3_a0,ASM_d3_a0,Entropy_d3_a0,Contrast_d3_a45,Dissimilarity_d3_a45,Homogeneity_d3_a45,Energy_d3_a45,Correlation_d3_a45,ASM_d3_a45,Entropy_d3_a45,Contrast_d3_a90,Dissimilarity_d3_a90,Homogeneity_d3_a90,Energy_d3_a90,Correlation_d3_a90,ASM_d3_a90,Entropy_d3_a90,Contrast_d3_a135,Dissimilarity_d3_a135,Homogeneity_d3_a135,Energy_d3_a135,Correlation_d3_a135,ASM_d3_a135,Entropy_d3_a135,Contrast_d4_a0,Dissimilarity_d4_a0,Homogeneity_d4_a0,Energy_d4_a0,Correlation_d4_a0,ASM_d4_a0,Entropy_d4_a0,Contrast_d4_a45,Dissimilarity_d4_a45,Homogeneity_d4_a45,Energy_d4_a45,Correlation_d4_a45,ASM_d4_a45,Entropy_d4_a45,Contrast_d4_a90,Dissimilarity_d4_a90,Homogeneity_d4_a90,Energy_d4_a90,Correlation_d4_a90,ASM_d4_a90,Entropy_d4_a90,Contrast_d4_a135,Dissimilarity_d4_a135,Homogeneity_d4_a135,Energy_d4_a135,Correlation_d4_a135,ASM_d4_a135,Entropy_d4_a135,Contrast_d5_a0,Dissimilarity_d5_a0,Homogeneity_d5_a0,Energy_d5_a0,Correlation_d5_a0,ASM_d5_a0,Entropy_d5_a0,Contrast_d5_a45,Dissimilarity_d5_a45,Homogeneity_d5_a45,Energy_d5_a45,Correlation_d5_a45,ASM_d5_a45,Entropy_d5_a45,Contrast_d5_a90,Dissimilarity_d5_a90,Homogeneity_d5_a90,Energy_d5_a90,Correlation_d5_a90,ASM_d5_a90,Entropy_d5_a90,Contrast_d5_a135,Dissimilarity_d5_a135,Homogeneity_d5_a135,Energy_d5_a135,Correlation_d5_a135,ASM_d5_a135,Entropy_d5_a135,Filename,Label
819.0065206692916,11.657849409448819,0.35937391190222817,0.07243517859577889,0.9554011229946107,0.005246855098202384,7.437263178608073,1534.8857957715916,16.92212784425569,0.30527894708450787,0.06450112510308574,0.9163893680811384,0.004160395139563918,7.67937607477025,1029.6928518700788,12.366572342519685,0.3270667448969752,0.06575446478004528,0.9436110381509903,0.004323649638510214,7.5593711932300165,1502.4096348192695,16.528923057846114,0.30064697810741847,0.06447521049360322,0.9181584817831892,0.0041570527681944434,7.668476828594696,1653.5672743055554,18.018787202380953,0.2986973360367273,0.06995227958471832,0.9099448292391923,0.0048933214190986,7.715983249430999,1534.8857957715916,16.92212784425569,0.30527894708450787,0.06450112510308574,0.9163893680811384,0.004160395139563918,7.67937607477025,2116.9850570436506,19.76891121031746,0.25375002116144746,0.05497838056252191,0.8837549272685865,0.003022622329277487,7.884053844519592,1502.4096348192695,16.528923057846114,0.30064697810741847,0.06447521049360322,0.9181584817831892,0.0041570527681944434,7.668476828594696,2573.2243750000002,24.079875000000005,0.2624277570348933,0.06823086670910022,0.8598517026354892,0.004655451171875001,7.895136487842246,3099.444885361552,26.89512471655329,0.23857457957269496,0.053912675499144684,0.8307057705275849,0.0029065765794760758,8.006223259000631,3280.7581250000003,26.889125,0.20976732247797378,0.04648290176236849,0.819360444142466,0.0021606601562499995,8.09816169673661,2938.163958175863,25.83251448727639,0.2222132912392631,0.053747079752608555,0.8395145945423368,0.002888748581933264,8.003070626240582,3477.8215095766127,29.554498487903224,0.2354147687457151,0.0670426999658636,0.8105761927147604,0.004494723618712807,8.028377612347995,4708.097280000001,35.794048000000004,0.19851047140560515,0.04620580604209822,0.7421699254163671,0.0021349765120000004,8.205078978442378,4375.699848790322,33.172379032258064,0.17848441342650267,0.04120704543741153,0.7585165692862478,0.0016980205936808985,8.246354035119298,4378.548864,34.157824,0.17627186009472334,0.0457380870610042,0.7602175510147436,0.0020919726079999994,8.20399544021819,4265.8572789634145,33.82005843495935,0.21667905183912728,0.06635487186680793,0.7676505347870652,0.004402969020460498,8.117459804558246,6188.838514568159,43.550923517169615,0.16627746841535682,0.040890223798704294,0.6603682990468411,0.0016720104023081233,8.360414208027985,5402.169905995935,38.891577743902445,0.15576121144353083,0.037942367188546926,0.7013513880032232,0.0014396232278705225,8.354673531562753,5671.454539542145,41.23185483870968,0.14142444068712054,0.040608852344091305,0.6887352009282199,0.0016490788887042096,8.356351672075128,crispy_toast_1.jpg,fresh_bread
864.8176673228347,9.78617125984252,0.39076990116636295,0.0717174562190625,0.9572014947682644,0.0051433935265331465,6.674834055494083,1518.4078988157976,14.630479260958523,0.34722806342988055,0.07014339303428845,0.9251324592531618,0.004920095586362664,6.825733477162672,957.0807701771654,10.084461122047244,0.40923685851471686,0.0747512909536783,0.952447550021098,0.005587755499241467,6.627291454020984,1380.0794841589684,13.784239568479137,0.3450332717125326,0.06734753302640473,0.931952992277485,0.004535690204742676,6.846713368162124,1804.723152281746,16.384734623015873,0.2967464056329081,0.06369275964849011,0.9110143886453623,0.00405676763164033,7.026059117959811,1518.4078988157976,14.630479260958523,0.34722806342988055,0.07014339303428845,0.9251324592531618,0.004920095586362664,6.825733477162672,2053.9479166666665,17.303199404761905,0.326936819934122,0.06818352010557037,0.89802083771684,0.004648992413986718,6.961157868607879,1380.0794841589684,13.784239568479137,0.3450332717125326,0.06734753302640473,0.931952992277485,0.004535690204742676,6.846713368162124,2842.0903125000004,22.8218125,0.24237740759322687,0.0579070847889099,0.8603786959275013,0.00335323046875,7.251305290693592,3189.0850340136053,24.588309397833207,0.25878861844374274,0.06104031912335484,0.84344410510056,0.0037259205586809992,7.2007849814533165,3308.6439375,24.245312499999997,0.2772071924612162,0.06330566658581994,0.8358195602466573,0.004007607421875,7.17050206713716,2809.5519652305366,22.932035777273875,0.258169725634597,0.05931933001355252,0.8620761628475525,0.003518782913256752,7.219510348361782,3877.9785786290327,28.799269153225808,0.20307957857045644,0.05266662284220729,0.8101888122785991,0.002773773161603311,7.412092054817499,4991.408768,33.955584,0.20710002907675576,0.05424282234544955,0.7559991958499805,0.0029422837760000003,7.431957578490286,4619.922379032258,30.74609375,0.24532666355614327,0.0595669056536127,0.7708286114548428,0.003548216249146397,7.32967760135903,4371.7508480000015,31.717440000000007,0.2019509189018536,0.05280988998284318,0.7862928760530086,0.002788884480000001,7.452767635903608,4878.653074186992,34.23869410569106,0.17649560486651808,0.048584002174639145,0.7620924156067443,0.002360405267305341,7.543469840348867,6714.266714360042,42.70831165452654,0.17452997051679067,0.04917802799437028,0.6730737020712105,0.0024184784374150672,7.6078869922017525,5904.217797256099,36.99599847560977,0.21396500535834348,0.05608552309381669,0.7072346879916785,0.003145585900707045,7.457981941866242,5918.280046826223,39.76040582726327,0.16739537237457283,0.04744980749458918,0.7118414565514988,0.0022514842312735717,7.623019349781294,crispy_toast_10.jpg,fresh_bread
696.3441190944882,9.480068897637796,0.3328000698798701,0.08281392935373087,0.9581776806082094,0.006858146895004727,7.211448273651522,1391.2587885175772,14.655031310062622,0.2724047436123952,0.07225317130799294,0.9160254600609894,0.005220520764062175,7.492288601750434,965.1141117125984,11.209092027559056,0.29604099501300807,0.07314122845805107,0.9414737644965939,0.0053496393003528205,7.398167195577862,1336.7933535867073,14.10726021452043,0.28244355502949076,0.07275304419748076,0.9193131613474393,0.005293005440000588,7.46075280190779,1365.9779885912699,14.202690972222221,0.28552083841832665,0.08063937288972299,0.9181614587215086,0.006502708460047792,7.4462140860360115,1391.2587885175772,14.655031310062622,0.2724047436123952,0.07225317130799294,0.9160254600609894,0.005220520764062175,7.492288601750434,1974.1933903769846,17.859561011904766,0.24060218419551238,0.06370136036132128,0.8794608406418722,0.004057863311882913,7.698093335134544,1336.7933535867073,14.10726021452043,0.28244355502949076,0.07275304419748076,0.9193131613474393,0.005293005440000588,7.46075280190779,2066.7320625,18.628437500000004,0.25539141787983494,0.07899490687696265,0.8764680903011084,0.006240195312499999,7.610401124294637,2746.121315192744,22.98891408415218,0.21730849057549034,0.0628464486799744,0.8335510379630782,0.0039496761116846555,7.806903053371738,3044.9376875,24.3339375,0.2000943782695332,0.054415520103413516,0.8127642507003581,0.002961048828125001,7.91477997811471,2653.5539808516005,22.57451499118166,0.21750166973690693,0.06240225740851552,0.8391630920213959,0.00389404172967863,7.800043189848187,2722.381111391129,22.536101310483872,0.2379268295769115,0.07785080696394692,0.8375494549006386,0.006060748144937726,7.731208723534554,4103.9933439999995,30.647039999999997,0.18003165128203877,0.05392251626176211,0.7501493535267487,0.002907637759999999,8.015175941475995,4072.695249495968,30.15391885080645,0.1699793356137046,0.047740097210055885,0.7480483424733746,0.0022791168816255853,8.056643507264544,3941.846016,30.172672000000002,0.17737414188791098,0.05363251551064896,0.7600170417992129,0.002876446720000001,8.016914574562694,3340.9061864837404,26.13243140243903,0.22120154940319034,0.07703891358318686,0.8009090951749998,0.005934994206077733,7.826209961531701,5348.671436004162,37.389958376690956,0.1532899333539322,0.04731275543607223,0.6730836059631682,0.002238496826953583,8.146269873700785,5037.240980691058,35.4329268292683,0.14792141059358468,0.042144127522370615,0.6862572579479403,0.001776127484621836,8.16431239682106,5137.676899063476,36.78173777315297,0.14967035711761753,0.047712869581051996,0.68596843683851,0.0022765179236584766,8.15079327217789,crispy_toast_11.jpg,fresh_bread
787.3419045275591,8.09904035433071,0.3657949023845184,0.03889863095372596,0.9652384545171048,0.0015131034900741675,7.024463536505328,1454.7260834521671,12.988839977679957,0.26563736649909137,0.03125119924972339,0.9357208841140451,0.0009766374545459118,7.408663289551877,1002.2717765748032,9.6841781496063,0.31889561917732223,0.03501810635028347,0.9557378468700785,0.0012262677723597635,7.177366249906612,1265.1542563085127,11.3751007502015,0.29432615527538636,0.0332574756443468,0.9440976629756351,0.0011060596862343206,7.285739114486216,1782.5466269841268,14.925595238095239,0.25657688654453087,0.030658532828419675,0.9212172818639405,0.0009399456351912869,7.47167041111153,1454.7260834521671,12.988839977679957,0.26563736649909137,0.03125119924972339,0.9357208841140451,0.0009766374545459118,7.408663289551877,2293.4520709325398,18.421812996031747,0.2107699253683837,0.027165452105315374,0.8986000470719665,0.0007379617880861835,7.663326461587685,1265.1542563085127,11.3751007502015,0.29432615527538636,0.0332574756443468,0.9440976629756351,0.0011060596862343206,7.285739114486216,2838.8365625,21.3421875,0.20169252205928279,0.02660202941036642,0.8744005618830808,0.0007076679687500001,7.721283807777148,3234.874212648022,24.02865961199295,0.16931088206479317,0.024382642012556303,0.8566963223852713,0.0005945132315124757,7.862487368607638,3707.2766250000004,26.760375000000003,0.16261641915061453,0.023495594666873194,0.8358583522236842,0.00055204296875,7.929504187288055,2773.5702317964224,20.959246661627613,0.19027820690862876,0.02588794146045708,0.8771331473897112,0.0006701855130600527,7.740115302090432,3904.9497857862916,27.406817036290327,0.16676415227795716,0.024091525979699813,0.8270381596488389,0.0005804016240305511,7.8906325793256435,5130.838656,34.372479999999996,0.12425814332805463,0.02118574010980027,0.7720038919427966,0.000448835584,8.101144603643894,5185.150768649195,34.80298639112904,0.13431985403997768,0.02121894056770911,0.7700469185580118,0.0004502434388159714,8.095962057391016,4365.381056,30.075072,0.14178112873556875,0.02237964789714083,0.8060180934938809,0.00050084864,7.988732765562052,4959.689151422765,33.10556402439025,0.14586314139048537,0.02232422613614889,0.7800699334562782,0.0004983710725779132,8.018429674648038,7026.1733870967755,43.96449011446411,0.09994321980512032,0.019357323308602455,0.686640506197265,0.00037470596567376385,8.249545033135298,6690.299415650408,42.49733231707319,0.11315407185262527,0.019636028972441336,0.7027444729637041,0.0003855736338065555,8.22367131496273,5972.712604058273,38.7330254942768,0.1133971053150225,0.02042024501587462,0.733626740461743,0.00041698640650835237,8.1488283724551,crispy_toast_15.jpg,fresh_bread
660.6370570866143,7.19242125984252,0.6868413907106685,0.511119097088734,0.9692181992047904,0.2612427314088027,3.571981718009913,1186.785479570959,11.13491226982454,0.6412503427490553,0.4996592897391428,0.9445479162603319,0.24965940582262466,3.6726064574557373,766.8222194881889,7.627214566929134,0.676320692181096,0.5107345378565046,0.9639519021513349,0.2608497681594973,3.5820762183374972,1196.9470518941039,10.73761547523095,0.649003464787339,0.5058156937453016,0.9440731207989034,0.25584951603904066,3.65498623586248,1312.5066964285713,11.191964285714285,0.653855957607332,0.4965720856421867,0.938994910961642,0.24658383623903118,3.712124566881082,1186.785479570959,11.13491226982454,0.6412503427490553,0.4996592897391428,0.9445479162603319,0.24965940582262466,3.6726064574557373,1655.0596478174605,12.701016865079364,0.6353874207521363,0.4962854866259342,0.9217948672300103,0.2462992842355403,3.7498156688446564,1196.9470518941039,10.73761547523095,0.649003464787339,0.5058156937453016,0.9440731207989034,0.25584951603904066,3.65498623586248,2007.437,14.812125,0.6332658304254694,0.48567266698170797,0.9069489425610201,0.23587793945312502,3.8071183174580887,2426.351536911061,17.576908541194253,0.5968922625101152,0.48075243530612327,0.8863467214474824,0.23112290405276825,3.861996003682325,2579.70125,17.442999999999998,0.6041837872742745,0.48398151154318386,0.8774566398461633,0.234238103515625,3.865876670668381,2479.933925422021,17.181972789115648,0.6091080886192665,0.4893404660946544,0.8838368567249544,0.23945409175773366,3.8461415777994725,2643.1180065524195,18.012663810483872,0.6153383532311985,0.47665467529739375,0.8778311963708043,0.22719967948286388,3.878988749882105,3677.9114879999997,23.507136,0.5678024199773076,0.465499328772878,0.8273371524749877,0.21668962508799997,3.997027502476336,3478.0739667338707,21.786416330645164,0.5812658664327939,0.4744610355756769,0.8339133402589869,0.22511327427954375,3.9491784294270933,3804.0446080000006,23.546560000000003,0.5776335385346267,0.4723546198694368,0.8214157202334912,0.2231188869120001,3.9880273915556623,3230.5667555894306,20.845083841463417,0.6046230872957131,0.4679204885764391,0.8511129788468786,0.21894958362961345,3.938814877090643,4874.157258064517,28.95525494276795,0.5447021853578072,0.45347098720442397,0.7707401454756898,0.20563593623615486,4.105104570064222,4351.84400406504,25.941565040650406,0.5667674122453402,0.46570524556979365,0.7911292490991241,0.21688137575122182,4.018454655141071,5096.936394380853,29.542663891779394,0.5516971393526,0.45823087562526116,0.7602515348017705,0.20997553537629354,4.105098468002881,crispy_toast_16.jpg,fresh_bread
1173.8158218503936,11.482160433070865,0.3382625692656721,0.03355364056478256,0.9469197393046126,0.0011258467951506216,7.493457717211163,2020.1802963605928,17.018662037324074,0.25835359865674123,0.02780907728379394,0.9087109826870445,0.0007733447793760241,7.782404551639131,1655.909940944882,14.499384842519683,0.2815094340975693,0.0299550743967189,0.9249148840357855,0.0008973064821129642,7.696153936883254,2133.2489924979855,17.480872961745924,0.262744501124607,0.028981891480660393,0.9036026624518612,0.0008399500337967755,7.770668667468394,2455.670386904762,18.957589285714285,0.24471726990386616,0.026862785429421502,0.888833323539434,0.0007216092410271401,7.850007660048787,2020.1802963605928,17.018662037324074,0.25835359865674123,0.02780907728379394,0.9087109826870445,0.0007733447793760241,7.782404551639131,3533.547495039683,25.082961309523814,0.19370325604299754,0.02364254482624427,0.8397483205454048,0.0005589699258609696,8.081308516819998,2133.2489924979855,17.480872961745924,0.262744501124607,0.028981891480660393,0.9036026624518612,0.0008399500337967755,7.770668667468394,3822.53575,26.34975,0.19077390899164232,0.02324882389498445,0.8267776634425303,0.0005405078125,8.087882826644341,4183.39310909549,28.94438145628622,0.1641401162189331,0.021701180266392665,0.8107336410438493,0.0004709412249544705,8.171845006005164,5447.4421875,35.13193750000001,0.14495466671659193,0.020337436616373262,0.7528773947626936,0.00041361132812499997,8.308496407893234,4468.022108843537,30.155769715293527,0.1810797972513316,0.0230691496024669,0.7978650380535934,0.0005321856633809987,8.170287239327706,5163.228074596775,33.32825100806451,0.16037761538162376,0.021099296937550846,0.7657896735558554,0.0004451803312589425,8.249905612877873,6268.280320000002,39.70598400000001,0.11840976075138812,0.019100542400675435,0.7160679343523971,0.0003648307200000001,8.380092045656635,7267.596396169356,44.37714213709678,0.11375958973594519,0.018389138333462007,0.6702756373422828,0.0003381604086472019,8.45971232740299,6637.514112000001,41.20243200000001,0.1406697903798999,0.020161320591667604,0.6993687387955886,0.00040647884800000013,8.3861667736977,6469.34762449187,39.9432799796748,0.13638785248834606,0.019495250094767155,0.7063048817398211,0.0003800647762575187,8.380574337205704,8104.914086888659,48.94153225806452,0.09392937804992603,0.017519923235465272,0.6325436214324757,0.00030694771017659593,8.518675374293071,8858.736216971545,52.35740599593497,0.09388488023141545,0.017188161908369387,0.5979576857051969,0.0002954329097883204,8.56418892215321,8403.298842351716,50.14730749219564,0.11252787736372194,0.01823700550184494,0.6190666824608497,0.0003325883696743226,8.519468054496125,crispy_toast_2.jpg,fresh_bread
1000.528666338583,12.321727362204726,0.3135736277566848,0.03375908925722398,0.9525700105585747,0.0011396761074772153,7.759977375291083,2042.8527497054995,19.907123814247633,0.2626239547808009,0.029514175549094187,0.9036455852051805,0.0008710865583427492,8.022468385113537,1463.071973425197,15.655388779527565,0.2912919338971839,0.03113201335903806,0.930731895992547,0.0009692022557873242,7.9072802902527295,1856.4141608283219,18.895901791803585,0.23937898249916043,0.027717904161854868,0.9124393496899541,0.0007682822111257714,8.04978859893259,2096.791976686508,19.977988591269842,0.22504549933462312,0.02702395138824338,0.9005191950622752,0.0007302939486341412,8.103724260972104,2042.8527497054995,19.907123814247633,0.2626239547808009,0.029514175549094187,0.9036455852051805,0.0008710865583427492,8.022468385113537,3218.110925099206,26.57099454365079,0.20354514222032422,0.024547699138453206,0.8475827572300757,0.0006025895329920164,8.27967226375815,1856.4141608283219,18.895901791803585,0.23937898249916043,0.027717904161854868,0.9124393496899541,0.0007682822111257714,8.04978859893259,3290.333625,27.216250000000002,0.17274507083265078,0.023217845709173793,0.8437571754506763,0.000539068359375,8.318536276095646,4355.669123204838,33.17365835222978,0.185324648539576,0.023519224978016305,0.79430207295695,0.000553153943566546,8.376604668539173,5058.6635625,36.699062500000004,0.1574865042597085,0.02119496549891035,0.7602633438821436,0.0004492265625000001,8.497741138336021,3829.5573192239854,30.89871504157219,0.15927019033681716,0.021937700362984675,0.8191486202865237,0.000481262697216098,8.405839108722397,4463.405052923388,33.89976058467742,0.13997303787539037,0.020999585149795767,0.7878887341155528,0.0004409825764635229,8.466515913284756,6570.123584000001,44.440256,0.14981106032125951,0.020564625160697677,0.689251891700615,0.000422903808,8.565869301396258,6683.137159778226,45.029926915322584,0.12989151416846756,0.01914970223053554,0.6830944460900603,0.0003667110955181778,8.628267804118739,5840.281024,41.713471999999996,0.11746538081718003,0.018886507353134407,0.7237745034808398,0.00035670016,8.604713282764266,5526.722306910569,39.67568597560975,0.12010418977001011,0.019461023484113108,0.7371395514113996,0.0003787314350492019,8.574659622427925,8344.625975546303,53.00019510926118,0.12813217305522068,0.01879901328318383,0.6047720883576468,0.00035340290042132214,8.676396189067791,8047.67168445122,51.656440548780495,0.10897096218378488,0.017826526126419384,0.6181628448653552,0.0003177850337359129,8.711552783255327,7693.439646201874,51.092351716961495,0.09235588194135436,0.01725059635843457,0.6356253353254726,0.000297583074721636,8.727394465997941,crispy_toast_27.jpg,fresh_bread
835.9165231299213,9.297428641732285,0.6005852010630441,0.4183473684431853,0.9519785069438892,0.17501452068333823,4.514614165546286,1988.2426064852132,15.75206150412301,0.5584397508342636,0.40710100319975173,0.8850545085150786,0.16573122680624428,4.6693050293304,1299.6670767716537,10.711491141732285,0.6011487464351394,0.41724350679268235,0.9244354985919959,0.17409214396065517,4.528052319666903,1575.7773575547153,13.499720999442,0.5733748260862569,0.41274817153263194,0.908900200486532,0.17036105310353097,4.613375885451971,1713.5296999007937,15.043836805555555,0.5662282861759969,0.40549316267571445,0.9017352795432575,0.1644247049767534,4.703170063445513,1988.2426064852132,15.75206150412301,0.5584397508342636,0.40710100319975173,0.8850545085150786,0.16573122680624428,4.6693050293304,2742.323660714286,18.657738095238095,0.5522519716786317,0.40256291862248883,0.8391292709876439,0.16205690344985654,4.756378783184251,1575.7773575547153,13.499720999442,0.5733748260862569,0.41274817153263194,0.908900200486532,0.17036105310353097,4.613375885451971,2658.2873125,20.413062500000002,0.5396538386481136,0.39364753130973656,0.8478552622738056,0.15495837890625003,4.840174327818183,4061.81179138322,26.524817334341144,0.5069751417098346,0.38452346082759636,0.763543975383185,0.14785829192683203,4.925659538358236,4258.117875,26.34825,0.5186527685034484,0.38866231929208156,0.7479199505284257,0.15105839843749996,4.906670220127056,3130.25850340136,22.15608465608465,0.5236140145408374,0.39394891773723867,0.817773811354955,0.15519574978634165,4.865425434402006,3532.7855972782254,25.152280745967744,0.5189582709631134,0.38369398486288137,0.7982074610477653,0.14722107401995702,4.957584784666462,6128.996416000001,36.46432,0.4681841399132914,0.36589478111610174,0.6407767150313273,0.133878990848,5.122270648425235,5756.1219128024195,33.59784526209678,0.4887057112964129,0.376537904770374,0.656122565402334,0.14178079372886324,5.022269047143712,4672.155968000001,30.154048000000007,0.4865086844349837,0.377031208214917,0.7261628004334358,0.14215253196800007,5.058371993917525,4354.948424796748,29.412982723577237,0.5014696704939627,0.37346844250388694,0.751770223707379,0.1394786775462791,5.051177352705203,8139.210067637877,45.8863163371488,0.4362161163652435,0.3486356615635747,0.5198285215624711,0.12154682451387136,5.260360982027057,7169.823488313008,40.261750508130085,0.46839325933254156,0.36445225492211447,0.5677545461905209,0.1328254461178139,5.112453781079566,6079.212148803329,37.096253902185225,0.455436691382889,0.3620976925707463,0.6413445530284905,0.1311147389650587,5.198962169324174,crispy_toast_29.jpg,fresh_bread
1129.5203617125985,15.961183562992126,0.2293640525561615,0.06763559284257342,0.9381441882006853,0.0045745734191663685,7.87666594858282,1620.0079360158722,19.794903589807177,0.20284363700312125,0.060717845503709234,0.9110573454490742,0.003686656762612304,8.008762485301887,924.902312992126,13.752337598425196,0.2512337434448273,0.06230903061811246,0.9494675225983401,0.003882415296568876,7.788867207686217,1532.0236220472443,18.608531217062435,0.21545665074020376,0.060979824746724476,0.9158881817749682,0.003718539026141231,7.961444730669289,2295.814794146825,23.332155257936506,0.1893629833042526,0.06610280248526335,0.8734650578171225,0.004369580496405738,8.071147794831681,1620.0079360158722,19.794903589807177,0.20284363700312125,0.060717845503709234,0.9110573454490742,0.003686656762612304,8.008762485301887,1928.104786706349,20.979662698412696,0.19518741446171523,0.05185899000563438,0.8943371434457499,0.0026893548444044866,8.057717056710375,1532.0236220472443,18.608531217062435,0.21545665074020376,0.060979824746724476,0.9158881817749682,0.003718539026141231,7.961444730669289,3536.5782500000005,29.785249999999998,0.16901442664325647,0.06555621395031899,0.8038027603247657,0.004297617187499998,8.181479367836012,3285.9293902746285,29.214978584026202,0.15266046886054874,0.050223626822203556,0.8178203201403635,0.0025224126911759645,8.247061179391348,3007.4746875,27.2051875,0.1615218220001387,0.043659348046838714,0.8346792110044886,0.0019061386718749996,8.227872549627886,3070.206790123457,27.575774754346185,0.16791575917383886,0.050449504097838015,0.8297952498306653,0.0025451524637177744,8.203630923125047,4626.849231350807,35.27287046370967,0.15409176481392478,0.06524875955787618,0.7416844414876557,0.004257400623841539,8.254283189056244,4881.971264,37.073216,0.12808200746317136,0.0425302512571934,0.7265045357233232,0.0018088222720000005,8.390337722807558,4039.4681829637093,32.45633820564516,0.14481612641996083,0.038900079376170016,0.7772897305031555,0.0015132161754723276,8.337974380741647,4608.458048,35.426624000000004,0.1389127798261704,0.04285876489120982,0.7419486074903523,0.0018368737279999996,8.35085475120443,5535.693534044716,39.779916158536594,0.1449338306885069,0.06483017585933079,0.6891352275154566,0.004202951701951756,8.30948252522521,6240.756828824142,43.66590790842872,0.11073528029998256,0.03773637066723178,0.6467173244244276,0.0014240336711347115,8.487202350627863,5031.0766006097565,37.43229166666667,0.12843535350109933,0.03591753252041284,0.7218471657471552,0.0012900691423549141,8.416754587036792,5996.959547346515,42.00793444328824,0.11983721970327463,0.03818607206754731,0.6607702586892077,0.0014581760999479167,8.444671531831364,crispy_toast_3.jpg,fresh_bread
1153.2495693897638,12.899421751968504,0.3716603411272108,0.0838471267235939,0.944334066715622,0.0070303406598024145,7.289403355570839,1868.4367908735817,17.577345154690306,0.331877592913519,0.07433748937263887,0.9101379870232851,0.005526062326227198,7.478174695550692,966.3486712598425,11.550073818897637,0.41153630520006423,0.07899364608986201,0.9533987778374778,0.006239996122570372,7.186286235238782,1176.279372558745,13.714055428110857,0.38615215854799095,0.07634452430870374,0.9434257241061397,0.005828486391922256,7.274792434194293,2370.7214781746025,20.765625,0.2883443161051794,0.07960280886855856,0.885553966548603,0.006336607179764264,7.591005454792821,1868.4367908735817,17.577345154690306,0.331877592913519,0.07433748937263887,0.9101379870232851,0.005526062326227198,7.478174695550692,1986.5112227182542,18.502666170634924,0.31883840340334224,0.06547485467631657,0.9042337398687996,0.004286956594884773,7.546938939824857,1176.279372558745,13.714055428110857,0.38615215854799095,0.07634452430870374,0.9434257241061397,0.005828486391922256,7.274792434194293,3656.7575000000006,28.124875000000003,0.24060939760261651,0.07829442878088452,0.8234298092256274,0.006130017578124998,7.782141156670901,3788.368921642731,28.979780801209376,0.24559236586956024,0.06187870875527517,0.817829622414405,0.003828974597220168,7.844598793334435,3082.0290000000005,25.09775,0.25811003433850127,0.05369581207482573,0.851455749982986,0.0028832402343750008,7.799863871047629,2297.0373519778286,20.926996724615776,0.2902130560458208,0.06309115413963115,0.8895415707824071,0.003980493730670697,7.608659112152204,4860.597404233871,34.74319556451613,0.21002236729779705,0.07740098571253888,0.7652461743743283,0.005990912589272647,7.90652563429548,5695.904192,39.271744,0.19086421994063746,0.05116728955104032,0.7260926851588179,0.00261809152,8.070456925438485,4122.6342615927415,31.117376512096772,0.21624635796589473,0.046358446568128174,0.8013574780724035,0.002149105568209995,7.9748272959596616,3373.614912,27.183296,0.23171857896706888,0.05207258441829059,0.8377734854924523,0.002711554048,7.841475048089287,6004.624047256097,40.717416158536594,0.18420727312054763,0.0769359431405693,0.7099123899776195,0.005919139346928913,7.987272306978113,7409.757154006244,48.09391259105099,0.15327919487747077,0.044580034957552674,0.6436651550490546,0.001987379516816618,8.210342571332296,5114.731389735773,36.61451981707317,0.18572277601118792,0.04329044358526965,0.7536245325342982,0.0018740625058094142,8.095217489429283,4253.672021331946,32.23796826222684,0.19198514553032053,0.04518732641977325,0.7954703735400624,0.0020418944689671375,7.9981667452161425,crispy_toast_6.jpg,fresh_bread
526.8020423228346,6.881643700787402,0.37074555287451494,0.04608744898733923,0.9754549112257576,0.0021240529541605956,6.9994387794650725,1608.955545911092,13.79738359476719,0.2841214863551238,0.04051510049212399,0.9245941452046421,0.0016414733678869057,7.450871705306827,1351.9834522637793,11.864480807086615,0.292025171978695,0.040284549401656815,0.9364551511675961,0.0016228449204945285,7.414083789045151,1510.248620497241,13.27931055862112,0.29586847477050393,0.04010744365353782,0.9292196015280286,0.0016086070364217113,7.442388057700234,1108.1995287698414,11.15513392857143,0.30814699565017495,0.0426707597558388,0.9483383676597107,0.0018207937381405118,7.280985963683937,1608.955545911092,13.79738359476719,0.2841214863551238,0.04051510049212399,0.9245941452046421,0.0016414733678869057,7.450871705306827,3090.958333333333,21.668526785714285,0.23426014600322162,0.03631694213992088,0.8538154836640703,0.0013189202863943608,7.75214351942676,1510.248620497241,13.27931055862112,0.29586847477050393,0.04010744365353782,0.9292196015280286,0.0016086070364217113,7.442388057700234,1735.6514374999997,15.166312499999997,0.2771151248568322,0.04028232882573945,0.91905182203266,0.0016226660156249992,7.463311797516296,3516.046926177879,24.151612496850596,0.22956263838096086,0.0361019968390138,0.8340993446157805,0.0013033541757641626,7.784101068803,4956.452875,31.216250000000002,0.1983603454225376,0.03269786523039386,0.7640399954158614,0.001069150390625,7.963165332423447,3288.9802847064757,23.186885865457295,0.2378462428339687,0.035359057770751275,0.8448090532241606,0.0012502629664353263,7.749977362976063,2363.397492439516,18.941343245967744,0.2529525875678542,0.03847388058269255,0.889725229025388,0.0014802394870912865,7.600442245599162,5493.598400000001,34.06944,0.19754179815668246,0.033137695755740174,0.7389755389333065,0.0010981068800000001,7.9875836952636945,6806.372353830646,40.33807963709678,0.17119528365922215,0.030324253724701416,0.6737206731390469,0.0009195603639600676,8.111954264007858,5117.645568,32.59968,0.19514951012967557,0.03181170199784979,0.7568175521994037,0.001011984384,7.9486405069470685,2971.3555005081307,22.41698424796748,0.23476588706022908,0.03701189000894964,0.8613105488000348,0.001369880002034586,7.7116702514590685,7393.415257544226,43.2842741935484,0.1694789371156192,0.031026973820898727,0.6461513405872239,0.000962673104482735,8.130575201623067,8572.236407520326,48.85988313008131,0.14762557709290197,0.028480651394633072,0.5859142073322682,0.0008111475038626148,8.215437548849195,6855.67592351717,41.18255723204995,0.16746865920656276,0.029303797343538076,0.6718321722641141,0.0008587125387511491,8.086639058963868,crispy_toast_7.jpg,fresh_bread
1004.373154527559,14.55142716535433,0.2756308776772435,0.05559705028088355,0.9425097682509908,0.0030910319999350932,8.00958376225049,2039.03007006014,22.680017360034718,0.20249020070947474,0.045276160986934544,0.8838919137649768,0.002049930753714814,8.322598482463537,1455.5026451771657,18.057394192913392,0.22760463887863658,0.046191691440831975,0.9168440522726576,0.00213367235816503,8.207824483853065,1696.707359414719,20.043338086676176,0.21945149674745182,0.04588604003513769,0.9033844570135884,0.0021055286701062584,8.251788111143416,2031.4338417658728,22.379898313492063,0.21359840425906512,0.05353458310348866,0.8835371055253168,0.0028659515880643336,8.29034708347292,2039.03007006014,22.680017360034718,0.20249020070947474,0.045276160986934544,0.8838919137649768,0.002049930753714814,8.322598482463537,2936.437872023809,28.178075396825395,0.162768925898101,0.03675078292817348,0.8321895878599962,0.001350620045833727,8.508601367067989,1696.707359414719,20.043338086676176,0.21945149674745182,0.04588604003513769,0.9033844570135884,0.0021055286701062584,8.251788111143416,3109.1164375,29.375687500000005,0.18574867256953154,0.05299209478191064,0.821464296655116,0.0028081621093750007,8.435622437276601,3957.957105064247,35.00888133030989,0.14407560794341176,0.036190465578434604,0.7742034266942897,0.0013097497987838598,8.62536630946018,4372.899375,36.935125,0.12635639107968966,0.030583294306287544,0.749960705985112,0.0009353378906250001,8.679593084132685,3208.1583522297806,30.164777021919875,0.1553845418985294,0.03644876053419021,0.8169759915562895,0.001328512144478742,8.542098973629422,4029.7023059475814,34.90568296370969,0.16726241209924933,0.05242541256871022,0.7682031558559413,0.00274842388299948,8.534750799525867,5453.216128,43.848192,0.1122727901428355,0.03016597076177062,0.6882197669555424,0.000909985792,8.765617416733908,5380.307333669356,43.14591733870968,0.1071360870859686,0.02769749268794384,0.6921776434247422,0.0007671511011987026,8.783214543682956,4477.667968,38.030464,0.12233183279429528,0.03062856392324002,0.743984583809328,0.0009381089280000001,8.696520972432957,4833.215320121952,39.549288617886184,0.15601587756029517,0.05206365506700572,0.7215836127944961,0.00271062417893615,8.611468955043058,6447.796566077003,49.903225806451616,0.09258335388246804,0.027393692317288623,0.6304963219975018,0.0007504143787742778,8.852837580294207,6118.550114329269,47.63255843495935,0.08927134343859913,0.022543530504490948,0.6497280591603184,0.000508210767606914,8.85903741262613,5356.023738293444,43.388072320499475,0.10186498702160127,0.027716085307078205,0.693036575822117,0.0007681813847492364,8.786563722448616,crispy_toast_8.jpg,fresh_bread
354.85002460629926,6.007135826771654,0.3900166539566373,0.053842323958585125,0.9837045325658683,0.00289899584926123,6.62665362160273,1059.6945873891748,11.845867691735384,0.3003696765212504,0.04428061269994806,0.951708339823469,0.0019607726610828017,7.039989801342162,928.9397760826772,10.510027066929133,0.3036134784324065,0.043412557303215284,0.9574904822931091,0.0018846501316049508,7.040917046732375,1114.0748341496683,12.41223882447765,0.27488997048183333,0.0417227668204078,0.9492301038866641,0.0017407892711501216,7.1362549959222275,630.8424479166667,8.33389136904762,0.33885657389096174,0.049508916519759104,0.9710370705736868,0.0024511328149604762,6.857896886016233,1059.6945873891748,11.845867691735384,0.3003696765212504,0.04428061269994806,0.951708339823469,0.0019607726610828017,7.039989801342162,1900.0078125000002,17.020833333333336,0.2252060020894022,0.03593010925706089,0.9132134815959592,0.0012909727512243328,7.392986398349432,1114.0748341496683,12.41223882447765,0.27488997048183333,0.0417227668204078,0.9492301038866641,0.0017407892711501216,7.1362549959222275,935.0337499999998,10.461374999999999,0.3040229090467489,0.0463134910487754,0.9570846075109153,0.0021449394531249987,7.010538162764453,2019.1880196523055,17.91389518770471,0.22968709532210346,0.03679470933178865,0.9081748902500505,0.0013538506348108144,7.367876714036402,2897.5491875000007,23.1238125,0.17808802681597619,0.03170102645223022,0.8679166974227197,0.001004955078125,7.586688565959729,2169.0376039304615,19.33843537414966,0.20263112346373852,0.03464257082093177,0.9013592278243499,0.0012001077130832736,7.46293761088809,1202.6006804435483,12.239667338709676,0.28057683392145694,0.04384302077944587,0.9448178599553573,0.0019222104710669226,7.118055792792077,2960.0059520000004,23.486528,0.18803728663242608,0.03269783112073338,0.8657030346162158,0.00106914816,7.552011452196314,3740.843686995968,27.95104586693548,0.1482099213914651,0.029003726790256576,0.8298268619929853,0.0008412161677238471,7.708510982950514,3233.219264,25.68032,0.15802699254418068,0.03042484879173601,0.8533025906622642,0.0009256714240000001,7.637745854867789,1440.7599720528456,13.664697662601625,0.26623324639446616,0.04218691953274376,0.933896570399485,0.001779736179662197,7.199929149164081,3730.0995057232053,27.92390738813736,0.15716987139233274,0.029867794622576098,0.8311486231543312,0.0008920851556163856,7.6789408914677715,4547.041920731708,32.36178861788618,0.12489324542218289,0.027033351575508076,0.7935831080495185,0.000730802097405025,7.8018487355085355,4162.925013007284,30.84124609781478,0.13309688629019129,0.027906990825268662,0.8115436724880968,0.0007788001369216293,7.754094197552431,crispy_toast_9.jpg,fresh_bread
625.572281003937,12.772822342519685,0.3245317608283824,0.14986792341634944,0.9459692165604109,0.02246039446912878,7.2012797216376905,1327.3101866203733,17.824043648087297,0.2846087170592393,0.14255350112824816,0.8840448098637512,0.02032150068392145,7.3813225686096615,1012.4443897637796,14.328248031496063,0.3074100308835461,0.14470505283547064,0.9114149250636975,0.02093955231611635,7.254733279006635,1381.4861429722864,18.387252774505548,0.28094605705979114,0.1432396702325527,0.8793119423073023,0.020517603128330446,7.392290782453779,973.7748015873016,16.343501984126984,0.295697373097943,0.14681436635547113,0.915862447210072,0.02155445816835849,7.3384466116545095,1327.3101866203733,17.824043648087297,0.2846087170592393,0.14255350112824816,0.8840448098637512,0.02032150068392145,7.3813225686096615,1891.7576264880956,20.802641369047624,0.2755756950945849,0.13634165073708096,0.8318876656286192,0.01858904572571217,7.475634282134683,1381.4861429722864,18.387252774505548,0.28094605705979114,0.1432396702325527,0.8793119423073023,0.020517603128330446,7.392290782453779,1305.0310624999997,19.3939375,0.2807789114920715,0.14427408540257672,0.8871671399470261,0.02081501171875,7.432621077488278,2278.0385487528347,24.80738221214412,0.2496362603593208,0.13249157446820573,0.7977793502927892,0.017554017305064104,7.589420978005359,2810.9303124999997,27.034312499999995,0.25066590911278214,0.12873490506171972,0.7461188253057004,0.016572675781249994,7.636302121902471,2392.3711892164274,25.8075711766188,0.24682886749682476,0.13430195749527918,0.7876225600296551,0.018037015787063775,7.590602699296344,1578.5824092741937,21.913054435483872,0.2706708740805,0.141948420251096,0.8634633515904125,0.020149354011781757,7.500269629888688,3189.0802559999997,30.780096,0.22588138487018306,0.12316035517974118,0.7120525318885083,0.015168473088,7.739844533345014,3621.8257938508073,32.04592993951614,0.23283151281850673,0.1215746758638136,0.6674051430947392,0.01478040181139134,7.75758272479661,3302.633728,31.817344000000002,0.22563343001126696,0.12601023856814178,0.7017788188103501,0.015878580224000006,7.741059726762343,1801.6704776422766,23.852134146341466,0.26193879344173987,0.13967713743471322,0.8440962817809603,0.019509702721955763,7.55501775416751,3975.7389438085333,35.51938085327784,0.20885534888913743,0.11446563341490008,0.6348330010855379,0.01310238123307429,7.846166941932234,4232.263719512195,35.80017784552845,0.2165726707073941,0.11562982084086872,0.6051593249317168,0.013370255467691397,7.844893478245243,4036.24993496358,36.337994276795,0.20714901745032843,0.11862135863645192,0.6292398586609816,0.014071026724757746,7.839860769969881,freshly_baked_bread_loaf_10.jpg,fresh_bread
577.2953986220472,8.622047244094489,0.380918070836486,0.07487572170296837,0.9697402478798625,0.005606373700540369,7.093380133527434,1546.6748713497423,14.900179800359599,0.3057371118542136,0.0641683611626308,0.9188597433379361,0.004117578574297825,7.386004606445832,1081.4172613188975,11.307640255905511,0.34323267875997765,0.06602277782807595,0.9430105976863823,0.0043590071921354775,7.25571671222561,1192.203980407961,12.726641453282907,0.3285407772197173,0.06546347031625074,0.9374556932944629,0.004285465945846642,7.2986387742190075,1136.0014260912699,12.533544146825395,0.320236066344606,0.07244762391377975,0.9406129001548543,0.005248658210752472,7.318362099196481,1546.6748713497423,14.900179800359599,0.3057371118542136,0.0641683611626308,0.9188597433379361,0.004117578574297825,7.386004606445832,2240.3709697420636,18.33413938492064,0.2616118524278994,0.05421303056189561,0.881799014563327,0.002939052682705027,7.594712183466264,1192.203980407961,12.726641453282907,0.3285407772197173,0.06546347031625074,0.9374556932944629,0.004285465945846642,7.2986387742190075,1689.455875,15.84375,0.28509651321418883,0.07124661450290111,0.9119348252551422,0.005076080078124999,7.461514767171133,3076.6301965230537,23.441358024691358,0.22938054857472023,0.05287922472299989,0.8388561787227493,0.002796212407305523,7.7086073819518806,3455.2845,24.924625,0.21145247642964546,0.04502230350059845,0.8174763344141934,0.0020270078124999995,7.8099337251358465,2357.5790501385736,19.711073318216176,0.25792798746856455,0.054079928439259364,0.8765177930819122,0.0029246386599954136,7.614538840877698,2211.2214591733873,18.851625504032256,0.2616714374451907,0.07013404438807151,0.8850034041535876,0.004918784182227985,7.565881528994334,4587.097856,31.163391999999995,0.18831654270344855,0.04401520609971059,0.7601876301721767,0.001937338368,7.920072729359162,4644.232862903226,31.01776713709677,0.18201303722931214,0.040035778323501525,0.754431950703247,0.0016028635459685548,7.9622477072666475,3497.842944,25.850239999999996,0.2192866523479341,0.04540189951973375,0.8171347355647396,0.0020613324799999997,7.8079942159680975,2689.619664634147,21.388211382113823,0.2485874631181052,0.06979333027804355,0.8603741879710844,0.00487110895130007,7.638513350799551,6066.2405046826225,38.505853277835584,0.1590431668017735,0.03935098470034662,0.6833566140452473,0.001548499996886914,8.067396059920982,5798.348767784553,36.67689278455285,0.15920017365252315,0.036908576823851375,0.693327718666931,0.0013622430431621388,8.073338134511324,4619.862708116545,31.57927939646202,0.18748670390270306,0.04068476463611278,0.7588335634986713,0.0016552500734958928,7.942013604886796,freshly_baked_bread_loaf_14.jpg,fresh_bread
788.3070250984252,11.413939468503937,0.3645587188864632,0.1966424760108634,0.961248383504642,0.038668263371682984,6.299281145764516,1740.1559303118606,16.325190650381302,0.32929231507784446,0.18376630712970066,0.9147414843467879,0.03377005563608747,6.444697486165914,1236.7600885826773,12.145792322834644,0.3763204325367183,0.19336272095706664,0.9391567403426998,0.03738914185592042,6.284473272715896,1668.012338024676,15.931489862979728,0.34078741817418756,0.19004040803808617,0.9182761420663369,0.03611535668728229,6.421392686899916,1443.447730654762,15.247333829365079,0.3260383655406492,0.1804526138887751,0.9283537744728257,0.03256314585929135,6.44847505974549,1740.1559303118606,16.325190650381302,0.32929231507784446,0.18376630712970066,0.9147414843467879,0.03377005563608747,6.444697486165914,2444.734747023809,18.646701388888886,0.3130559151390484,0.17252553192978648,0.8792534088834175,0.029765059167655775,6.515488050988242,1668.012338024676,15.931489862979728,0.34078741817418756,0.19004040803808617,0.9182761420663369,0.03611535668728229,6.421392686899916,2132.9904374999996,18.7216875,0.31226785296566384,0.1728742938796136,0.8930747936929855,0.029885521484375,6.550284442193832,3345.230788611741,24.255102040816325,0.280773929889812,0.16254195223384885,0.833813468654813,0.026419886235990803,6.667204863888084,3647.1936875,24.5024375,0.27902827245576955,0.15849961183903577,0.8191353601318005,0.025122126953125004,6.6486215777333495,3188.4952128999753,23.46510456034266,0.2999483955848091,0.16994226684702393,0.8416005024955998,0.028880374061105094,6.642449413329119,2829.493195564516,22.093623991935484,0.29950340454280167,0.16482021620328907,0.8566766071871338,0.027165703669298956,6.631453250771521,4981.361024,32.007936,0.24885150289408364,0.14496295979318302,0.7489025223304528,0.021014259712,6.835013538503366,4825.148122479839,29.930884576612904,0.2612640974860741,0.14749737802376225,0.7598120701841967,0.021755476523884622,6.745770115529085,4735.302143999999,30.793344,0.26449308651411113,0.15174022095673909,0.7613079663812915,0.023025094656,6.813585061892837,3516.416539634147,25.30119410569106,0.293154411751851,0.15884112510789777,0.8199430556221472,0.02523050302554283,6.705463785956031,6627.606139438087,39.48348074921957,0.22393156160003308,0.12889747639587806,0.6607755303494761,0.016614559421225944,6.964903365775381,5891.89049796748,34.78823678861789,0.2450698729729993,0.13920114808548195,0.7056118780341766,0.019376959628316273,6.8166329302252295,6262.88813735692,37.672216441207084,0.2404383412087993,0.1356657547016521,0.6794466918670701,0.01840519699876884,6.93257517577049,freshly_baked_bread_loaf_15.jpg,fresh_bread
582.7826033464569,6.896899606299214,0.6852785032302273,0.5195986203260642,0.9759771535418433,0.26998272624474945,3.6449969232134443,1326.0603261206525,11.686217372434745,0.6500327580398422,0.5110758937234585,0.9453346652437428,0.2611985691452318,3.759347026944588,1043.6216781496064,9.300812007874017,0.6716839693481582,0.5152814446369683,0.9567029114093,0.26551496718716106,3.711970300702768,1470.0887221774442,12.718519437038871,0.6457265851092577,0.5106549064042082,0.9393972577745936,0.2607684334346906,3.781296386201007,1177.9647817460318,10.60999503968254,0.6699973235462845,0.5129301555693995,0.9515148610939091,0.26309734449244837,3.762417709714038,1326.0603261206525,11.686217372434745,0.6500327580398422,0.5110758937234585,0.9453346652437428,0.2611985691452318,3.759347026944588,2383.3845486111113,16.28807043650794,0.6414378054846623,0.5030241625359678,0.9008371787348325,0.25303330809501173,3.8860572848998047,1470.0887221774442,12.718519437038871,0.6457265851092577,0.5106549064042082,0.9393972577745936,0.2607684334346906,3.781296386201007,1837.81825,14.28575,0.6553813595999445,0.5065822289495556,0.9244724125511615,0.2566255546875,3.851185718212472,2792.1944444444443,19.127928949357525,0.6181703563797417,0.49564127772567274,0.8847535831027967,0.24566027618553743,3.9506403055845936,3815.8235000000004,23.288624999999996,0.6142375358933087,0.4907823055942166,0.8407751684670436,0.240867271484375,4.017778020540313,3138.8439783320737,21.251133786848072,0.6103742981628839,0.4946486494315389,0.8704457984930527,0.24467728638444547,3.982070370779774,2431.740927419355,17.44027217741936,0.6465637940232198,0.5003644525982446,0.9002003365942047,0.25036458542394097,3.9237069682570582,4291.903039999999,26.207808,0.5902637735533722,0.4800914430230974,0.8226525915596399,0.230487793664,4.100823946373238,5241.967174899194,29.954070060483872,0.5904725756951212,0.4786144946165256,0.7806152038439755,0.22907183445703225,4.125472691564558,4759.660352000001,28.950207999999996,0.5809185663590153,0.47890236954101617,0.8033242082552887,0.22934747955200002,4.135746229000803,2983.528010670732,20.29020579268293,0.6351509704212379,0.49414280256871207,0.8776854513081938,0.24417710933046116,3.9865110819249128,5747.001951092612,32.765868886576484,0.5624546774391648,0.46475846243460567,0.7622156743691961,0.21600042840457878,4.228429093361609,6589.697154471545,36.056529471544714,0.5693917211637697,0.46658883027981457,0.7235379934524493,0.21770513654188559,4.214461830229385,6198.613033298647,35.63696670135276,0.556294233904553,0.46317320428842396,0.7435300992565335,0.2145294171708061,4.2615302927373175,freshly_baked_bread_loaf_17.jpg,fresh_bread
787.4755782480315,10.851070374015748,0.5161967639878353,0.36825530266412254,0.9681618324137539,0.1356119679402445,5.125974121194961,1802.7162254324512,16.670593341186684,0.4783383132119001,0.35552869235843515,0.9272903131690128,0.12640065109009882,5.259823297072583,1267.607283464567,11.849286417322837,0.526129933309103,0.36570805142068985,0.9485400144271233,0.13374237887391793,5.108552618308,1722.5524211048419,15.932295864591726,0.4847078140461374,0.3596936699604641,0.9305235924980668,0.12937953620962728,5.234231864203931,1570.5775049603174,15.977058531746032,0.48538779202707966,0.3553492508734439,0.9364375045171079,0.12627309009631776,5.290611004897832,1802.7162254324512,16.670593341186684,0.4783383132119001,0.35552869235843515,0.9272903131690128,0.12640065109009882,5.259823297072583,2624.697544642857,19.407490079365076,0.47799541739517715,0.35175614892265233,0.8932595752423709,0.12373238830489516,5.320524452509744,1722.5524211048419,15.932295864591726,0.4847078140461374,0.3596936699604641,0.9305235924980668,0.12937953620962728,5.234231864203931,2398.9179375000003,20.650937499999998,0.4642669281403359,0.3434824953463786,0.902829174379873,0.117980224609375,5.405985326884542,3582.5442806752335,25.914399092970523,0.43389200833023983,0.3339416073299812,0.8551151084898911,0.11151699710613133,5.482942848425248,4029.2016875,26.435187499999998,0.4479220042795182,0.33771487083688656,0.8358455763039561,0.11405133398437499,5.453356328707404,3426.870559334845,24.73891408415218,0.444091018562579,0.3394300204970483,0.861410849298746,0.11521273881462664,5.461786078793355,3144.936995967742,24.50390625,0.44928665116015304,0.3336275448324599,0.8725117437169576,0.11130733867093502,5.484912226818711,5321.128384000001,34.136255999999996,0.4013675791528838,0.31552096713847716,0.7842386589963724,0.099553480704,5.647187412994004,5395.243636592742,32.76619203629033,0.42219753349786976,0.3258286772231601,0.7798228858132847,0.10616432690099427,5.548718142045985,5140.947904,32.917568,0.40887798931353625,0.31918373011167095,0.7915446247957267,0.10187825356800001,5.630791701971778,3845.8386686991876,27.93864329268293,0.4376023926825642,0.32373075437696364,0.8439538339367428,0.10480160132947795,5.5591104605486485,6961.251300728411,41.68977627471385,0.3730917634767014,0.2975952681891082,0.7170550461073922,0.08856294364854723,5.780395331565622,6726.875317581302,38.782964939024396,0.4060469793682152,0.3144662009212918,0.7250414634791096,0.09888899152187025,5.630056218588939,6807.240894901145,40.55905306971905,0.3783108406929083,0.29975836826987284,0.7233090087056516,0.0898550793478167,5.76374145255054,freshly_baked_bread_loaf_19.jpg,fresh_bread
566.109128937008,9.180118110236222,0.31691568383630275,0.06038308868927355,0.9731598902491335,0.0036461173996566753,7.532263921317735,1588.1285882571765,17.599851199702403,0.20355681122955832,0.04931999774775928,0.9247826327932576,0.0024324621778389808,8.021519148739374,1240.3476870078744,14.804625984251972,0.22783091793516697,0.05030939002964941,0.9410462420677834,0.0025310347251553873,7.930622984231865,1408.1536983073963,16.26616653233306,0.2265943205715674,0.050126803097499686,0.9333066390983369,0.002512696388775504,7.931195831150121,1121.4671378968255,13.755952380952383,0.2519244461707041,0.05780881715021771,0.9468537089189584,0.0033418593403073053,7.798028135174405,1588.1285882571765,17.599851199702403,0.20355681122955832,0.04931999774775928,0.9247826327932576,0.0024324621778389808,8.021519148739374,2599.4771825396824,24.076636904761905,0.16153438821455468,0.040731510607475895,0.8761926049123324,0.0016590559563669212,8.268826263425158,1408.1536983073963,16.26616653233306,0.2265943205715674,0.050126803097499686,0.9333066390983369,0.002512696388775504,7.931195831150121,1682.971,17.59275,0.22633978662107107,0.056317667631925236,0.9202766823666516,0.0031716796875,7.940859234010004,3171.8633786848077,27.62037037037037,0.14614658597940638,0.039855629573281225,0.8495367857856791,0.0015884712086826087,8.329850983144164,4040.8320000000003,32.58025,0.12726031453941739,0.03432467907715963,0.8071582190066787,0.0011781835937499999,8.462841362638315,2805.229276895944,25.582766439909307,0.1627004262218178,0.040423849801755354,0.8669287289611317,0.0016340876327948764,8.262973249524272,2190.10824092742,20.903225806451616,0.203522973228921,0.05494565723390638,0.8963035964397594,0.0030190252488659286,8.03870234450819,4728.439039999999,36.318336,0.11557931919480077,0.033408030651326935,0.7753551587280977,0.0011160965120000001,8.496199911395673,5367.968434979839,39.83600050403227,0.10450400588561765,0.029289523607236443,0.7434386826688504,0.000857876193138861,8.581775465085435,4156.078656,33.422016,0.13044885563116929,0.03380533070389935,0.802547492216482,0.001142800384,8.445778213203797,2644.772357723577,23.622840447154474,0.19120563975969995,0.054037127928312896,0.874808754262825,0.002920011194740854,8.108363628093397,6098.192898022893,43.427029136316335,0.09831608868182426,0.028764116967000024,0.7100238264210422,0.0008273744248912586,8.601246553379287,6504.356326219513,45.63732215447155,0.09063441242252732,0.025232588818748215,0.6883716880597578,0.0006366835384960175,8.667028093302132,5353.089750260146,39.914151925078045,0.11078618026121309,0.028969400150869434,0.7454532163447155,0.0008392261451011941,8.55838842534531,freshly_baked_bread_loaf_2.jpg,fresh_bread
718.6808562992126,8.555364173228346,0.6137093427977101,0.46214755558679244,0.9718774793030753,0.21358036313484738,4.1137744176232935,1645.3099386198774,14.399652799305597,0.5707941469615078,0.44919766314770065,0.9356983364449858,0.20177854057735514,4.251334325727852,1005.591781496063,9.910310039370078,0.605878617074199,0.46203796107122,0.9604369534691967,0.21347907747085024,4.1400103846648255,1198.4054808109618,11.75770351540703,0.587821707887993,0.4590552717267574,0.9531641642581759,0.21073174250012708,4.169852020874347,1421.018539186508,12.742621527777779,0.5894328179826532,0.44915170454330583,0.9444607164203642,0.2017372536941571,4.2467678002061895,1645.3099386198774,14.399652799305597,0.5707941469615078,0.44919766314770065,0.9356983364449858,0.20177854057735514,4.251334325727852,2187.1021825396824,16.28955853174603,0.5698148640482292,0.4476949544744558,0.9137820271689189,0.20043077226188505,4.312135930582665,1198.4054808109618,11.75770351540703,0.587821707887993,0.4590552717267574,0.9531641642581759,0.21073174250012708,4.169852020874347,2207.5025,16.958750000000002,0.5674644905659393,0.43575872006119976,0.9138404987512888,0.18988566210937505,4.347363253615569,3462.4423028470655,23.369488536155202,0.5248799000611029,0.4258503022171965,0.8645919516395881,0.18134847989847758,4.470987936736802,3438.367375,22.643874999999998,0.5394500505004381,0.4326418368400992,0.8641785439788237,0.18717895898437503,4.442563424038836,2428.2331821617536,18.251448727639207,0.5497369503390463,0.4427035983263394,0.9050374598617424,0.19598647597108884,4.3577849554556165,2963.7784148185483,20.607799899193548,0.5548967407252408,0.42613225630641405,0.8844891659615193,0.18158869986479537,4.423905516577774,5320.153088,31.900544000000004,0.49090739356476504,0.4057789522387774,0.7918427790867155,0.16465655808,4.627944478545492,4653.996471774193,28.371597782258064,0.5130603864976226,0.42084374219280435,0.8158041822881338,0.17710945534284356,4.5354173039542065,3702.9375999999997,24.531328,0.5194871631739696,0.42750836391350283,0.8551188723577251,0.182763401216,4.499784171668935,3727.4305132113823,24.2162093495935,0.539242153096992,0.4167392344522519,0.8549476579442584,0.173671589531849,4.492933265338504,7167.2628121748185,39.97535119667013,0.46318072019257933,0.389425540525607,0.7195091982001457,0.1516522516136612,4.7435530865370525,5826.468559451219,33.67498729674797,0.49642583462186296,0.41028986197334927,0.7690177619458147,0.16833777083811,4.606194577951727,4922.335327783559,30.106529656607698,0.4961469234179622,0.41464325708659616,0.8073576071529688,0.17192903064738108,4.601470722939273,freshly_baked_bread_loaf_24.jpg,fresh_bread
992.3694020669292,12.142655019685039,0.2693554273327947,0.06685628455680448,0.9540944534407514,0.004469762784740414,7.5658941768936545,1887.3235786471575,17.735135470270944,0.23019617425370947,0.058753713448441436,0.9128479132567023,0.0034519988439815678,7.777260441267434,1205.070189468504,13.05677903543307,0.26809881199026486,0.060520898672642744,0.9442025362985509,0.00366277917614429,7.595518337799204,1595.9091698183397,16.09306218612437,0.23339984240747863,0.05883643535166499,0.9263037102707551,0.0034617261248906534,7.737091337099949,2142.4611235119046,19.55053323412698,0.21253362300452244,0.06464278715522158,0.9009928145624024,0.004178689931195279,7.833355223571215,1887.3235786471575,17.735135470270944,0.23019617425370947,0.058753713448441436,0.9128479132567023,0.0034519988439815678,7.777260441267434,2604.441096230159,21.813492063492063,0.19456780891999065,0.04948883927266338,0.8793952313114253,0.002449145212555509,7.937180277784995,1595.9091698183397,16.09306218612437,0.23339984240747863,0.05883643535166499,0.9263037102707551,0.0034617261248906534,7.737091337099949,3338.6583124999997,26.3688125,0.1840486648046173,0.06376902289709323,0.8458794831826764,0.00406648828125,7.990843237218304,3968.229843789368,29.34271856890905,0.1677900822614279,0.047993173983025675,0.8169022861259533,0.002303344748964972,8.092072935863442,4070.036937499999,29.921437499999996,0.15571425742505224,0.041136111720725364,0.8114769003676084,0.0016921796874999986,8.138879879381683,3309.896888384984,26.331002771478964,0.16836326368217563,0.04822221762400813,0.8472753078411075,0.0023253822725772,8.04949942956836,4417.24552671371,32.163999495967744,0.16400244327605762,0.0634498622480179,0.7963189020493185,0.004025885019292447,8.090054746170125,6007.701248,39.67232,0.14066106220482003,0.04037499741176462,0.7229843448015318,0.0016301404159999996,8.279137474054874,5480.618825604839,37.215347782258064,0.1353744564368548,0.03623824673005616,0.746122331414383,0.0013132105260684264,8.276414700761881,5000.625536,35.376896,0.13866215414053085,0.040347343109553076,0.7694077167513529,0.0016279080960000002,8.231396765681373,5408.942962398374,37.26130589430895,0.1545527581763674,0.06315107161209277,0.7509225681233439,0.003988057845755668,8.165120061619174,7850.787851196672,48.543704474505724,0.11831944541133009,0.03573841545759215,0.638348184957301,0.0012772343394194612,8.406698598451497,6844.8927210365855,44.00311229674797,0.11679079939609746,0.03269671851145922,0.683038591385341,0.0010690754014176002,8.384915791012933,6524.3422216441195,43.18691467221643,0.11746065764842845,0.03554146656665952,0.6993806933188003,0.0012631958457089763,8.35591333464006,freshly_baked_bread_loaf_27.jpg,fresh_bread
342.8207431102363,4.791953740157481,0.6971434241324858,0.4769463186062416,0.9865731665609884,0.22747779083204653,3.714600106771265,944.9590179180359,9.15221030442061,0.6374806649137205,0.4674931477578026,0.9630251954033552,0.21854984320049864,3.8706682220714033,701.0477362204724,6.699187992125984,0.6815644039842588,0.47474272286128133,0.9724779104322424,0.22538065290974338,3.7626367751020924,828.8680017360034,7.803955607911217,0.6756896744949636,0.4736660476213186,0.967567659740289,0.22435952466920123,3.77113296231981,621.2413814484128,6.943514384920634,0.6605927430650504,0.4683962203837948,0.9756703105511881,0.2193950192698245,3.8394651533319446,944.9590179180359,9.15221030442061,0.6374806649137205,0.4674931477578026,0.9630251954033552,0.21854984320049864,3.8706682220714033,1475.5468750000002,11.172247023809526,0.6267057788095416,0.46379431623555306,0.9419531734748753,0.21510516777240418,3.9519743805908796,828.8680017360034,7.803955607911217,0.6756896744949636,0.4736660476213186,0.967567659740289,0.22435952466920123,3.77113296231981,904.5940625000001,8.7763125,0.63911724812071,0.46295315215877947,0.9645832455127937,0.21432562109375,3.9151284422700576,1926.2532123960696,14.691106072058453,0.5830803394420991,0.4531884240957728,0.9244792724124777,0.20537974773441003,4.06714322013363,2309.9296875,15.652812500000003,0.5858127759745902,0.45266611462326733,0.9089354132735301,0.20490661132812502,4.085457807560361,1694.3940539178634,12.395187704711514,0.6269117877426471,0.4620975795606235,0.9335695478930952,0.21353417303578673,3.9541151549637226,1202.0181451612902,10.603326612903226,0.6232037267515341,0.4579843971867358,0.9529534738694566,0.20974970806649776,3.973192677713914,2945.141248,19.847679999999997,0.5470366225578913,0.44407904968372464,0.8843198845704069,0.19720620236799996,4.191425616449643,3161.855594758065,19.881300403225808,0.558345769520002,0.4441860012437672,0.875101129126207,0.197301203700928,4.182124279042614,2613.464448,16.902272,0.5936505451893155,0.45200628781467195,0.8973480552793993,0.20430968422400006,4.083050355570298,1494.7790269308944,12.213097052845528,0.6104259804172523,0.4547088430067697,0.9415010082028885,0.20676013190855513,4.018112070624816,4009.00331685744,25.11192767950052,0.5197712896587968,0.4349122125803765,0.8422732643103045,0.1891486326515586,4.286452507207239,4011.198678861789,23.991869918699187,0.5366254450937632,0.43729923176282004,0.8412840175031898,0.19123061810035258,4.255544709877462,3564.4570109261185,21.42059053069719,0.5655188138201386,0.44276001148712724,0.8597574716270306,0.19603642777208102,4.1818696328589,freshly_baked_bread_loaf_28.jpg,fresh_bread
461.8880413385827,6.430733267716537,0.552274534631733,0.26784545847364555,0.9807026908649554,0.07174118962495737,5.347614949220358,1125.989583979168,10.808109616219234,0.484427370099905,0.25925841330500854,0.953064618802399,0.06721492486943062,5.521758735239314,834.8631889763781,8.118479330708663,0.5239761736359151,0.2666825952226391,0.9649785538823208,0.07111960659468196,5.420784938092271,1180.6833653667309,10.981461962923927,0.4833153086799056,0.2616939635464454,0.9507847811244238,0.06848373055664832,5.526695544500215,875.8312251984127,9.334821428571427,0.5056988489723816,0.25706668393076776,0.9633609227611423,0.06608327998716125,5.536951712585369,1125.989583979168,10.808109616219234,0.484427370099905,0.25925841330500854,0.953064618802399,0.06721492486943062,5.521758735239314,1669.4826388888887,13.22172619047619,0.45650545617746835,0.25644297080303424,0.9298050621489853,0.06576299727428588,5.640947613998067,1180.6833653667309,10.981461962923927,0.4833153086799056,0.2616939635464454,0.9507847811244238,0.06848373055664832,5.526695544500215,1332.5700625,12.0083125,0.47933251854221814,0.24789122724871687,0.9441898570943119,0.06145006054687499,5.6550825218206064,2196.2659989921904,17.117976820357775,0.4098842521007094,0.2434231018719151,0.9081248767688215,0.059254806524944754,5.779974037044802,2555.756875,18.395249999999997,0.40928564199557216,0.24476355379350292,0.8922842394491125,0.059909197265625005,5.821996413944862,2328.9663013353493,17.774187452758884,0.40933816529536343,0.24493531100236257,0.9025737018946546,0.05999330657582408,5.807621005542019,1802.5174521169356,14.667653729838708,0.45452926239316016,0.2408516098205098,0.9244177657587181,0.05800949795313109,5.7631761928972995,3369.5765119999996,23.4512,0.36299188953599787,0.23080999520817988,0.8585471859274109,0.05327325388800001,5.97273976019582,3490.5486391129034,23.43132560483871,0.37732994942746734,0.23610398991378123,0.8525671361001113,0.055745094053206906,5.948169393711577,3571.89664,24.517696,0.35945498381996244,0.22971992073827643,0.8500545144066758,0.052771241984,6.018182644258962,2280.8705538617887,17.23945630081301,0.43658798021768297,0.23345476810939325,0.90424351201524,0.05450112875301057,5.8477480935698996,4609.615114464101,29.74388657648283,0.3275197672564502,0.22058818428847202,0.805840122752509,0.04865914704768489,6.1246984079484745,4457.992568597561,28.285759654471548,0.3535781147241908,0.22883470869718445,0.811371405523282,0.05236532390452526,6.055112072669227,4872.87506503642,31.128967221644118,0.3259369747553094,0.21580864972860456,0.794742343195662,0.04657337329768353,6.182812882459292,freshly_baked_bread_loaf_30.jpg,fresh_bread
1102.9063730314963,13.435162401574807,0.28078315937523307,0.06447658911159146,0.9388452473594739,0.004157230543464995,7.706052273013177,1895.41459482919,19.317874635749273,0.24620831631379364,0.05655937312097752,0.895342877035513,0.003198962687837955,7.903748141911233,951.1262918307086,13.12247785433071,0.2712974335294565,0.05782220176025708,0.9472597946908844,0.003343407016403877,7.735764447786385,1273.0330460660919,15.74319548639097,0.2529411055127325,0.056659548667501565,0.9297080631886174,0.0032103044552049785,7.824111244539446,2332.777467757937,21.297557043650798,0.24128932107562406,0.06305157282592826,0.87064723300937,0.003975500835823335,7.940058417667455,1895.41459482919,19.317874635749273,0.24620831631379364,0.05655937312097752,0.895342877035513,0.003198962687837955,7.903748141911233,1966.590339781746,20.350136408730158,0.22007924499198755,0.04691027403921433,0.8905234574255524,0.002200573810434186,8.03554073242368,1273.0330460660919,15.74319548639097,0.2529411055127325,0.056659548667501565,0.9297080631886174,0.0032103044552049785,7.824111244539446,3654.8510000000006,28.893875,0.21065978767837185,0.06151633738792485,0.7973247082921494,0.003784259765625001,8.124421716906117,3984.554673721341,31.483245149911816,0.18936931311494098,0.045262525275572243,0.7791197947118479,0.002048696194321816,8.238765846570221,3078.941312499999,27.346562499999997,0.1792707657003167,0.0387417077821177,0.8279064116960833,0.001500919921874999,8.24376060587074,2448.616591080877,23.749118165784836,0.19942161928696425,0.045575273294905,0.8642611098509178,0.002077105535905281,8.126029873539984,4841.727633568549,35.239982358870975,0.18859478979839245,0.06102871527213781,0.7315301971541595,0.003724504087767667,8.236128194847174,6040.080448000001,42.348608,0.15445157445163119,0.03752990231801835,0.6637970443200364,0.0014084935679999995,8.448465013258453,4114.721081149194,33.398374495967744,0.15763205440504477,0.034125888493808904,0.7690981418558963,0.0011645762654918788,8.390813809367415,3578.387904,30.584128,0.16391096286855775,0.0378280065559897,0.800811663415372,0.0014309580799999999,8.315404560884712,5943.630525914635,40.8666793699187,0.17701026167687106,0.06083267951873389,0.6706254923868628,0.003700614897428986,8.316619498728885,7781.413111342352,51.18366285119667,0.12879386775950744,0.03300199442276944,0.5651938597514268,0.001089131635880505,8.57462770087108,5077.422573678863,38.81383384146342,0.13819908420954746,0.032699463733350045,0.7140191059928229,0.0010692549284486747,8.485554600616636,4551.1690946930285,36.1889958376691,0.13655889617976172,0.033102260227328824,0.7456660908462229,0.001095759632157796,8.448631454392464,freshly_baked_bread_loaf_7.jpg,fresh_bread
943.4210752952758,12.152128444881892,0.28231331800949944,0.058149597240528636,0.953758920595958,0.0033813756592356954,7.735583996259271,2197.0179180358355,21.08078616157232,0.19945256406132214,0.04880656298401715,0.891793038283888,0.0023820805903128333,8.121089354763363,1983.6919291338586,19.10223917322835,0.2128859328072796,0.04948361720183598,0.9022796601850731,0.0024486283713778378,8.072702147632047,2542.3072106144214,22.88195176390353,0.19585516197177857,0.04841832588315863,0.8747800624242018,0.0023443342813277484,8.150579224928522,1924.7097594246031,19.142175099206348,0.22325931406373067,0.05604772906789845,0.9055512128412572,0.0031413479336685484,7.998738633834423,2197.0179180358355,21.08078616157232,0.19945256406132214,0.04880656298401715,0.891793038283888,0.0023820805903128333,8.121089354763363,4240.65060763889,32.51680307539683,0.14493971395640592,0.04035653439670236,0.7899784574487984,0.0016286498685122205,8.420337928106274,2542.3072106144214,22.88195176390353,0.19585516197177857,0.04841832588315863,0.8747800624242018,0.0023443342813277484,8.150579224928522,2977.873312499999,25.714437499999995,0.1936642408697788,0.05469469595513809,0.8536709166867059,0.002991509765624999,8.164279407703074,4528.514172335601,35.124149659863946,0.13788168499010967,0.03966518915061051,0.7754437085962105,0.0015733272303537092,8.461787467110238,6488.510437499999,44.376562500000006,0.111592254890411,0.03440785361839648,0.6768542886510183,0.001183900390625,8.625818518033018,5155.639707734945,37.51851851851852,0.13625631178771613,0.039657011268918935,0.7443108246457922,0.0015726785427831631,8.484468390224873,3918.7647429435483,31.280241935483872,0.17327092991394832,0.05351972818984307,0.8071955644947013,0.0028643613055146827,8.278965509334967,6856.801152,47.505919999999996,0.10395381181831773,0.03355178254579032,0.657463525496527,0.001125722112,8.66884392392194,8260.756363407258,53.66299143145161,0.08983619507620301,0.028628036710491668,0.586445101294339,0.0008195644858972587,8.761760190962638,7376.364672,49.19027199999999,0.10736220563763618,0.033664,0.6314170443588191,0.0011332648959999998,8.668283487719648,4765.80811737805,35.993711890243915,0.15878419142704664,0.052729361452524326,0.7652864976771936,0.002780385559190958,8.360944088886443,8857.789672216442,57.44211758584808,0.08383214811145817,0.028231462854592573,0.5543695660886039,0.0007970154949102403,8.795633464848436,9673.3981199187,61.07583841463416,0.07449222658138997,0.024066502914981292,0.5130057488547709,0.000579196562556803,8.84880511628458,8875.778811134234,57.014503121748184,0.08938530268250225,0.028395715950219187,0.5533081567697941,0.0008063166843255323,8.77461199335591,freshly_baked_bread_loaf_9.jpg,fresh_bread
399.42052165354335,4.902805118110235,0.6763173435749322,0.5356296250979454,0.9844631349573797,0.2868990952825656,3.6240767715736495,955.3689627379256,9.451174902349806,0.6165606905489183,0.5261312348541929,0.9631257271052563,0.2768140762891979,3.7939660876448347,531.5713582677165,6.309178149606298,0.6491020855194322,0.531295066423109,0.9793858470250715,0.2822744476055358,3.7090329212882676,563.8866637733275,6.612313224626449,0.6496793776260738,0.5318573625812517,0.9782357272083706,0.28287225413188505,3.673372330940266,811.4794146825398,7.50235615079365,0.6452256892661778,0.5295268159050387,0.9684623344835929,0.28039864876252873,3.7612172711745924,955.3689627379256,9.451174902349806,0.6165606905489183,0.5261312348541929,0.9631257271052563,0.2768140762891979,3.7939660876448347,1100.681671626984,10.067460317460316,0.6116131964160951,0.5209609591393828,0.9574186490539808,0.2714003209474256,3.8823770237070803,563.8866637733275,6.612313224626449,0.6496793776260738,0.5318573625812517,0.9782357272083706,0.28287225413188505,3.673372330940266,1249.1781875000001,10.054187500000003,0.6225193665465464,0.5234758138962822,0.9514960355414234,0.2740269277343751,3.857702507606301,1970.6941295036534,15.135424540186445,0.5769183210850528,0.5104339735543894,0.9241853264430963,0.260542841358523,3.9858339371426914,1738.1029999999996,13.713499999999996,0.5857959156380821,0.5103774912687176,0.9329172499283184,0.2604851835937499,4.002507228638554,1001.0952380952381,9.47392290249433,0.6148948770156815,0.5221538106169666,0.9614868144481267,0.2726446019418191,3.8350815389661244,1717.9595514112907,12.569808467741936,0.6062045808054088,0.5172850656136153,0.9333553953799102,0.2675838391068823,3.9351457629768207,3081.032000000001,20.796864000000003,0.5429832397090542,0.4942845918375364,0.881847685281971,0.244317257728,4.127337527652583,2421.4930695564517,17.353452620967744,0.5636388179641202,0.49971654639593804,0.9067558970791076,0.2497166267418837,4.094274445643193,1483.0606720000003,12.299456000000001,0.5886022566845921,0.5120347968175601,0.943127156334606,0.26217963315200005,3.9614044545789553,2207.739456300813,15.04077743902439,0.590834171346035,0.5110030352256479,0.9144303375777005,0.26112410200982483,4.000544572033082,4229.081685744017,26.49518730489074,0.5198190273580683,0.477787429853626,0.8383208537111824,0.22828082812613357,4.246779153562527,3143.070630081301,20.963922764227643,0.5479921641518324,0.4888934985583445,0.8792404250975846,0.239016852932618,4.178312919934683,1993.8469042663896,15.098985431841834,0.5656723499352759,0.5016579512858371,0.9237745947544452,0.2516607000883034,4.068151822045958,fresh_baguette_1.jpg,fresh_bread
866.3382135826771,12.582923228346456,0.24155224491262245,0.09073916899255363,0.9486290627980254,0.008233596789459206,7.610001997294852,935.2604625209251,14.030628061256124,0.2352148823806099,0.08383959747210325,0.9442744180961815,0.007029078104284302,7.683103739041217,862.5387549212599,12.015871062992126,0.2523198721949331,0.08441335879079545,0.9487159707762883,0.007125615142343564,7.566437186565704,1695.1096782193563,18.69787339574679,0.20074548080483257,0.08258847062026656,0.8990083709023926,0.006820855479394633,7.819130259575225,1874.5220734126988,20.497519841269842,0.19039221703656029,0.08914247355872185,0.8885050328149519,0.007946380592167424,7.888705397707212,935.2604625209251,14.030628061256124,0.2352148823806099,0.08383959747210325,0.9442744180961815,0.007029078104284302,7.683103739041217,1842.4455605158728,19.80927579365079,0.18805594330168368,0.0752591411252204,0.8897186931542004,0.00566393832290584,7.913302273403358,1695.1096782193563,18.69787339574679,0.20074548080483257,0.08258847062026656,0.8990083709023926,0.006820855479394633,7.819130259575225,2972.814187500001,27.522562500000006,0.16545039235897938,0.08782545500522614,0.8226658667848065,0.007713310546875001,8.033451004498804,1758.7756991685565,20.39613252708491,0.1883450270754543,0.07504616784871203,0.8941475818788326,0.00563192730877706,7.935575700059191,2917.440625,26.923000000000002,0.15439722416480897,0.06723785903417807,0.8242075752708371,0.004520929687500001,8.112903374459336,3600.747417485512,31.435500125976308,0.14251055616263586,0.07315299725658975,0.783356584152951,0.005351361007622627,8.162072794923871,4041.3159022177415,33.91154233870968,0.1502432368641009,0.08739103289167992,0.7583063122681033,0.00763719262987468,8.13613409945683,2548.929344,25.460672000000002,0.16546676859247778,0.0671945902584427,0.845046871466132,0.004515112960000002,8.073847950645112,3966.9666708669356,33.358555947580655,0.1313109808806958,0.060014408166567224,0.7593477255054214,0.0036017291875833305,8.250481018453184,5468.743231999999,42.19104,0.120545191195886,0.06563788954559707,0.6677125702524958,0.004308332544000001,8.32895868862811,4988.687055386179,39.09876778455285,0.14204954054428967,0.08690396288875799,0.7011785847715989,0.007552298765770625,8.196061506902454,3246.4760015608745,29.601781997918835,0.1478624154143368,0.060137645024270395,0.8006750998555006,0.003616536349065154,8.172464316993699,4922.408219004065,38.98621697154472,0.11625360667471321,0.05413165586679836,0.6995661370690468,0.0029302361668814853,8.350715796666208,7100.617390738815,50.932036940686785,0.10795289467657551,0.05868930683463901,0.5643754262884437,0.003444434736730405,8.440429310651917,fresh_baguette_11.jpg,fresh_bread
712.7415108267718,10.39751476377953,0.21700422439587796,0.026464786900554607,0.9649802095473213,0.0007003849456917667,7.787748337194303,687.0043400086801,10.388554777109555,0.2229105063033164,0.027127764405852964,0.9663735012078658,0.0007359156016594631,7.751405439944741,606.4655511811025,9.119955708661417,0.24739364070003084,0.028969149786639906,0.9701990445033767,0.0008392116393607789,7.654406153930239,1241.9846239692479,13.703515407030816,0.1947046938560384,0.024903297385976863,0.9392100420654079,0.0006201742206944021,7.8972175666853985,1484.9398561507942,15.232638888888893,0.17339592033921608,0.023335372824138584,0.9271966239051085,0.0005445396248415456,7.975123170902627,687.0043400086801,10.388554777109555,0.2229105063033164,0.027127764405852964,0.9663735012078658,0.0007359156016594631,7.751405439944741,1270.8464781746034,13.823040674603178,0.19631486450104707,0.024914256112469182,0.9376423652731921,0.000620720157637708,7.899757534541356,1241.9846239692479,13.703515407030816,0.1947046938560384,0.024903297385976863,0.9392100420654079,0.0006201742206944021,7.8972175666853985,2307.17825,19.936625,0.15116245640089102,0.021611899933832748,0.8871000060443484,0.00046707421875,8.099659246333314,1345.0173847316705,14.63101536911061,0.18266952973229614,0.023999604190195388,0.9344025674576927,0.000575981001286044,7.934845097096229,1947.3356875,17.7463125,0.17070354126907084,0.02306004390715681,0.9045806997422489,0.0005317656249999999,8.022120199927015,2572.467624086672,21.17813051146385,0.154922240843275,0.021835006539159926,0.8745359316709986,0.0004767675105651567,8.11415906768886,3118.108177923387,24.37569304435484,0.13340685495430843,0.020500092811148795,0.8476907010782617,0.00042025380526571445,8.201501397064119,2019.8103040000003,18.633216,0.1574786808267554,0.022409963498408472,0.9018190344421019,0.0005022064640000001,8.052166119448668,2586.4446824596776,21.1742691532258,0.15485610582963955,0.021975044176304845,0.8734343540615311,0.00048290256655054954,8.105595251644843,3867.2261120000003,28.013312,0.1307391885145261,0.020244546524928634,0.8119910243825083,0.000409841664,8.247035524394768,3894.065294715447,28.343241869918703,0.12460626045745864,0.01977692768920257,0.8101092231843176,0.00039112686882394735,8.266418313114439,2683.713059313215,22.23894380853278,0.1444182141770581,0.021375820182608217,0.8699684376850081,0.0004569256884792008,8.133676789460331,3183.330729166667,24.362614329268297,0.1427970217677619,0.02106897635118686,0.844420238763964,0.0004439017644868712,8.17324698384958,5046.475026014568,34.24674817898023,0.11380923633131966,0.019041459969164103,0.7554070513412611,0.00036257719775727897,8.352267608963437,fresh_baguette_12.jpg,fresh_bread
552.6072834645669,7.192913385826772,0.4672995714667326,0.09201907763284851,0.9716797296710407,0.008467510648400203,6.3496846632568875,1370.1263562527124,12.251348502697006,0.37644024127485926,0.07949580127468622,0.9296860774553343,0.006319582420304404,6.635274293660844,1025.8724778543306,9.049397145669293,0.4480527494004076,0.08451682852117944,0.9470291628790086,0.00714309430327845,6.442006849650049,1371.5172670345341,11.992807985615972,0.4080615379600533,0.08253446167342589,0.9296145371290055,0.006811937363722207,6.561976065025485,1097.3801463293653,11.305121527777779,0.359615808109831,0.08322524069077464,0.9439101485038662,0.00692644068803737,6.680510322228465,1370.1263562527124,12.251348502697006,0.37644024127485926,0.07949580127468622,0.9296860774553343,0.006319582420304404,6.635274293660844,2116.40625,15.82638888888889,0.323156193491697,0.0680330895315241,0.8903333026093382,0.0046285012712043725,6.8672368384549625,1371.5172670345341,11.992807985615972,0.4080615379600533,0.08253446167342589,0.9296145371290055,0.006811937363722207,6.561976065025485,1669.7977500000002,15.050375000000003,0.3013710702971659,0.07929410247616149,0.9148896028678973,0.0062875546875,6.877430250891928,2704.8500881834216,20.307004283194757,0.2606024669698658,0.06411911425718436,0.8610923175566163,0.004111260813125863,7.0449576515281365,3240.88375,22.214125,0.2513968286291138,0.057162272441051536,0.831443474229984,0.0032675253906249997,7.127511093483568,2675.1455026455023,19.669438145628625,0.3011101235645314,0.06689194124776081,0.8626176339655945,0.004474531803893884,6.970937076869953,2223.4049269153224,18.471081149193548,0.26339335907496403,0.07675842298973412,0.8869890717297684,0.005891855499870945,7.0111084680723845,4051.2140799999997,27.632896000000002,0.2001750769262734,0.054417728875799286,0.7918177354091537,0.0029612892159999998,7.279023896890321,4320.535534274193,27.915826612903224,0.20473546162820289,0.050323304832933395,0.7745266551858702,0.0025324350093083375,7.30111864678999,3960.673664,26.666496000000002,0.23922840374319176,0.05605932400591359,0.796474546485721,0.003142647808,7.2133522049210885,2748.7176067073174,21.55691056910569,0.23921956228494673,0.07475120422678007,0.8606803442781664,0.005587742533353782,7.109346657844284,5330.20558012487,34.313020291363166,0.16721888914803637,0.04827665357734605,0.7260424174966684,0.002330635280627079,7.4377214529738875,5320.630462398374,33.0342987804878,0.17344294792518555,0.04597873151501588,0.7215128099380861,0.0021140437517299143,7.426438261499423,5159.363163371489,32.854578563995844,0.1992801782050706,0.04937750753369508,0.7348103614285748,0.0024381382502401145,7.374652263558669,fresh_baguette_15.jpg,fresh_bread
631.0634842519686,10.290354330708663,0.2737639163329849,0.033535703714149996,0.9692494216466803,0.0011246434236032539,7.7802370435876,1313.2744745489492,16.158844317688636,0.196249974174054,0.0276320648544581,0.9363930299622027,0.0007635310081209784,8.077034809459157,1124.5183932086616,14.497231791338582,0.19787810589762617,0.027508581087791462,0.945316374023024,0.0007567220334635981,8.067385756202704,1516.7451174902353,17.458614917229838,0.18635286216671304,0.026527215134079875,0.9265379840978853,0.0007036931427697563,8.139476181271178,1250.362289186508,15.135354662698411,0.22275305622332964,0.02970265136424805,0.9390986634014085,0.0008822474980660665,8.016230513530124,1313.2744745489492,16.158844317688636,0.196249974174054,0.0276320648544581,0.9363930299622027,0.0007635310081209784,8.077034809459157,2390.5408606150795,22.825582837301592,0.14782014770019472,0.02296253155481255,0.8839444161894677,0.0005272778554057621,8.333410603428103,1516.7451174902353,17.458614917229838,0.18635286216671304,0.026527215134079875,0.9265379840978853,0.0007036931427697563,8.139476181271178,1918.4908125000002,19.5296875,0.19412103967383842,0.02761686814702203,0.9066196299782463,0.0007626914062499999,8.153327559543227,2567.2777147896195,24.266250944822374,0.14753454745070807,0.02357608982673638,0.8759180130664656,0.0005558320115183425,8.319299355470115,3763.046187499999,30.653687499999997,0.1175440752284764,0.020740208533185,0.8176115329435208,0.0004301562499999999,8.48758564580407,3090.489040060469,26.985890652557323,0.1353226081565691,0.022169057895848027,0.8506230783850613,0.0004914671279894618,8.3967809052076,2516.401209677419,23.045992943548388,0.17896596953877766,0.02611724228991672,0.8775728197681384,0.0006821103448302144,8.235769022717394,3776.2499200000007,31.254848000000003,0.12259345601777998,0.02153992237683321,0.817913782780604,0.0004639682560000001,8.460726424517429,5035.984438004033,37.30550655241936,0.10204697853793508,0.019673103654067048,0.756300906741202,0.0003870310073836662,8.5823724439167,4652.94624,35.217856,0.11104694893256346,0.019929604110468426,0.7756057881113151,0.00039718912,8.537563106356878,3036.6182672764235,26.11420223577236,0.16074114132507183,0.025185939185846877,0.8523479116986467,0.0006343315326731773,8.306126822916516,4799.159989594173,36.73894380853278,0.10559303637636624,0.02072943444307454,0.7690740420966153,0.000429709452329725,8.53493993482768,6177.501969004065,42.982024898373986,0.09272473769599636,0.018868980138267495,0.7014984650570852,0.00035603841145833326,8.651707116699692,6025.673777315296,42.087929240374606,0.09417292394259721,0.018745725787597537,0.7099633679727491,0.00035140223530379924,8.62874743998725,fresh_baguette_16.jpg,fresh_bread
1029.6962352362207,13.341904527559057,0.29851801802757166,0.099725025044578,0.9459015725218752,0.009945080620141709,7.561890329670892,1836.3057226114454,18.9492838985678,0.25235939839636157,0.09125169319773052,0.903142978082767,0.008326871511452739,7.772708358482265,1344.8046259842517,15.55807086614173,0.2708298078155137,0.0927989169571213,0.9291342285717512,0.008611638988414695,7.68720409431765,1984.115382230765,20.533015066030135,0.23856615498181463,0.09106708138960026,0.8953397049046835,0.00829321331282008,7.857337004415321,2136.258742559524,21.103484623015873,0.2517574587784354,0.0969597945094607,0.887514204875652,0.009401201751316845,7.804562113864921,1836.3057226114454,18.9492838985678,0.25235939839636157,0.09125169319773052,0.903142978082767,0.008326871511452739,7.772708358482265,2844.901847718254,25.419828869047617,0.21498138365518693,0.08264202112783492,0.8493849297943566,0.006829703656093514,7.9998167725738725,1984.115382230765,20.533015066030135,0.23856615498181463,0.09106708138960026,0.8953397049046835,0.00829321331282008,7.857337004415321,3316.0235624999996,28.114562499999998,0.22742504526013674,0.09490569949626312,0.8250314891280635,0.009007091796874998,7.963856391172735,3749.8966994205093,30.626732174351226,0.1972286492447286,0.08036803976090176,0.8008036680008983,0.006459021815009887,8.088048470958002,4408.490937500001,34.2171875,0.1840378594469128,0.07451789057417689,0.7654248195043964,0.005552916015625001,8.198416948172422,3978.4436885865457,32.52418745275889,0.1869286813713208,0.07995043527066638,0.7886099241833671,0.0063920720999690135,8.16146343701707,4334.853515625,33.79857610887096,0.20972869854248447,0.09320234427348148,0.7708377707407927,0.008686676978072566,8.073884931080487,5587.22208,40.594623999999996,0.1657590085086688,0.07173046794772776,0.7010000640250234,0.005145260032,8.28111991011336,5715.943422379032,41.02885584677419,0.1657256144157696,0.06667410458062306,0.694283040128941,0.004445436221627861,8.335001440782975,5794.261119999999,42.219392,0.15559890136537502,0.07134111319568823,0.6897474370125495,0.005089554432000001,8.33082063031734,5194.979039634147,38.28633130081302,0.1945572755594496,0.0916928440215217,0.724842779949323,0.008407577644755108,8.152049646953703,6940.676573881374,47.60607440166494,0.14852309146835851,0.06377118668037651,0.6258074078671791,0.0040667642506234305,8.404127297732574,6727.9929496951245,46.1423399390244,0.1520598846602863,0.059743432799541266,0.638537519413589,0.003569277762673303,8.413376497347299,7206.416037981269,49.48146462018731,0.13866210177346455,0.06305578628613372,0.6110824531067736,0.003976032184162569,8.454112239471616,fresh_baguette_17.jpg,fresh_bread
3266.448203740158,29.08021653543308,0.14802081876870438,0.017079789558659974,0.8382583477419009,0.0002917192113681103,8.733082704201863,3937.617583235167,34.47169694339389,0.09378241949538822,0.015755108660139502,0.8064611584855806,0.0002482234488928027,8.828550938848721,1369.446850393701,16.86663385826772,0.18919790243594756,0.023440406075646632,0.9325683693380878,0.0005494526369912115,8.295829778103927,4163.34701469403,35.816603633207265,0.09008713436774772,0.01536802865380834,0.7953663694782528,0.00023617630470427415,8.856125502029366,7209.083395337302,50.12109375,0.09872574840677045,0.01376662644892388,0.6425959182433056,0.0001895200037842105,9.04015029184609,3937.617583235167,34.47169694339389,0.09378241949538822,0.015755108660139502,0.8064611584855806,0.0002482234488928027,8.828550938848721,2867.4278893849205,27.33004712301587,0.1378869540328537,0.019211126856977304,0.8587160297865286,0.0003690673951148747,8.620474849504731,4163.34701469403,35.816603633207265,0.09008713436774772,0.01536802865380834,0.7953663694782528,0.00023617630470427415,8.856125502029366,11260.999,69.34825000000001,0.07609568139740275,0.012349009955255523,0.4414928434406063,0.00015249804687500002,9.185808992255179,8450.289241622577,58.01599899218947,0.056733764688787436,0.012557649452503808,0.5838959482723717,0.0001576945597719692,9.139641200759897,4367.2204375,35.87281250000001,0.10892317680163155,0.017144947324211877,0.7847590004652741,0.00029394921875000005,8.791177123125873,8906.147581254725,60.368669690098265,0.050228558918258004,0.0123750492626864,0.5614505647716662,0.00015314184425391518,9.14599205330111,14702.343245967746,85.06313004032259,0.06037213691112923,0.011568490834559911,0.27082440270633157,0.00013382998018929667,9.259336318339365,12809.139968000003,78.253184,0.03938647804519243,0.01129704244481714,0.36884031125082334,0.00012762316800000003,9.26704755767338,5467.708228326612,41.96402469758065,0.0980067641426616,0.015925694625762883,0.7307072420547842,0.00025362774931305277,8.887944025165922,13392.63552,81.00032,0.03801839586135658,0.011128089144143302,0.3401039546489133,0.00012383436800000001,9.285367443096483,17155.042301829268,95.807418699187,0.04923322399986074,0.01113239111133026,0.1495535543660341,0.00012393013185562496,9.294794656820368,16362.527640478664,94.06640218522371,0.03248586968451651,0.010783011043447338,0.19419810880099134,0.00011627332716310724,9.3200929360498,6179.014862804878,45.830538617886184,0.08982235857208161,0.015242711462622007,0.6955449593237355,0.00023234025273274835,8.947170130346434,16911.561589490113,96.72990374609782,0.027383310334151485,0.01069369636267798,0.16722680294337688,0.00011435514189715227,9.325164960520564,fresh_baguette_2.jpg,fresh_bread
1414.5265748031497,14.801427165354333,0.28120690931983033,0.07930621831252932,0.931079526505965,0.006289476263034562,7.629597306548776,1933.6705313410628,18.078120156240317,0.27045378772431516,0.07192809384782863,0.9056145422485998,0.005173650684582043,7.7245769013331795,1730.8393208661414,16.12143208661417,0.27816089749363393,0.07235626265074276,0.9153337785463803,0.005235428744783272,7.670680148425499,2914.940045880092,24.18079236158472,0.22521022042497607,0.07009161320241754,0.8577172441533961,0.004912834241317312,7.933747803718191,3121.044642857142,25.583209325396826,0.21163455724537783,0.07606610839963322,0.847954420338949,0.0057860528470647515,7.97684271130158,1933.6705313410628,18.078120156240317,0.27045378772431516,0.07192809384782863,0.9056145422485998,0.005173650684582043,7.7245769013331795,3797.071862599206,28.790240575396822,0.2009533229275849,0.06231935537178848,0.8135399158531053,0.0038837020539552623,8.080805547254565,2914.940045880092,24.18079236158472,0.22521022042497607,0.07009161320241754,0.8577172441533961,0.004912834241317312,7.933747803718191,4880.9994375,35.3763125,0.17866198751363366,0.0744173855065132,0.7623357755565869,0.005537947265625,8.166790195046438,3948.589443184682,30.01675485008819,0.19919077792389558,0.06167909356711675,0.8065126691991398,0.003804310583261142,8.086427626039177,5956.9271874999995,40.614562500000005,0.15587979586485912,0.05417535186780056,0.7061265911463068,0.002934968750000001,8.33252604942291,6217.8751574703965,42.428445452254984,0.15513949745952904,0.06006957112879312,0.6953178418216482,0.0036083533755971353,8.328541904220101,6485.784841229839,43.79971018145161,0.1558603659943747,0.07334364856064089,0.6842567535048563,0.0053792907841868,8.284238059599605,5907.447488,40.51616,0.15615046241826286,0.05288038487000638,0.7093068720175055,0.0027963351039999996,8.316855951546605,7938.820375504034,50.937815020161295,0.1263741392157009,0.04732835896628006,0.6067475979875255,0.0022399735624410617,8.498650395901164,9158.322944,57.351808000000005,0.12116677783844722,0.0518633231484447,0.549294770058896,0.0026898042879999998,8.522023461711157,7919.582888719513,51.02585111788618,0.14452761800002556,0.07277730119238754,0.61463144597493,0.005296535568847493,8.362133264078341,7667.224310613944,49.54754162330906,0.12587573271569447,0.04652984325159852,0.6212110535470414,0.0021650263130183283,8.463085761662725,9575.041476117887,59.23837652439025,0.10849658139627952,0.04070706024981103,0.5236619196004868,0.001657064754181745,8.603561817855057,11417.918704474507,68.49531737773154,0.09883868425162137,0.04542518121749514,0.4357631785217583,0.002063447088642273,8.639385886793935,fresh_baguette_25.jpg,fresh_bread
552.6072834645669,7.192913385826772,0.4672995714667326,0.09201907763284851,0.9716797296710407,0.008467510648400203,6.3496846632568875,1370.1263562527124,12.251348502697006,0.37644024127485926,0.07949580127468622,0.9296860774553343,0.006319582420304404,6.635274293660844,1025.8724778543306,9.049397145669293,0.4480527494004076,0.08451682852117944,0.9470291628790086,0.00714309430327845,6.442006849650049,1371.5172670345341,11.992807985615972,0.4080615379600533,0.08253446167342589,0.9296145371290055,0.006811937363722207,6.561976065025485,1097.3801463293653,11.305121527777779,0.359615808109831,0.08322524069077464,0.9439101485038662,0.00692644068803737,6.680510322228465,1370.1263562527124,12.251348502697006,0.37644024127485926,0.07949580127468622,0.9296860774553343,0.006319582420304404,6.635274293660844,2116.40625,15.82638888888889,0.323156193491697,0.0680330895315241,0.8903333026093382,0.0046285012712043725,6.8672368384549625,1371.5172670345341,11.992807985615972,0.4080615379600533,0.08253446167342589,0.9296145371290055,0.006811937363722207,6.561976065025485,1669.7977500000002,15.050375000000003,0.3013710702971659,0.07929410247616149,0.9148896028678973,0.0062875546875,6.877430250891928,2704.8500881834216,20.307004283194757,0.2606024669698658,0.06411911425718436,0.8610923175566163,0.004111260813125863,7.0449576515281365,3240.88375,22.214125,0.2513968286291138,0.057162272441051536,0.831443474229984,0.0032675253906249997,7.127511093483568,2675.1455026455023,19.669438145628625,0.3011101235645314,0.06689194124776081,0.8626176339655945,0.004474531803893884,6.970937076869953,2223.4049269153224,18.471081149193548,0.26339335907496403,0.07675842298973412,0.8869890717297684,0.005891855499870945,7.0111084680723845,4051.2140799999997,27.632896000000002,0.2001750769262734,0.054417728875799286,0.7918177354091537,0.0029612892159999998,7.279023896890321,4320.535534274193,27.915826612903224,0.20473546162820289,0.050323304832933395,0.7745266551858702,0.0025324350093083375,7.30111864678999,3960.673664,26.666496000000002,0.23922840374319176,0.05605932400591359,0.796474546485721,0.003142647808,7.2133522049210885,2748.7176067073174,21.55691056910569,0.23921956228494673,0.07475120422678007,0.8606803442781664,0.005587742533353782,7.109346657844284,5330.20558012487,34.313020291363166,0.16721888914803637,0.04827665357734605,0.7260424174966684,0.002330635280627079,7.4377214529738875,5320.630462398374,33.0342987804878,0.17344294792518555,0.04597873151501588,0.7215128099380861,0.0021140437517299143,7.426438261499423,5159.363163371489,32.854578563995844,0.1992801782050706,0.04937750753369508,0.7348103614285748,0.0024381382502401145,7.374652263558669,fresh_baguette_27.jpg,fresh_bread
631.0634842519686,10.290354330708663,0.2737639163329849,0.033535703714149996,0.9692494216466803,0.0011246434236032539,7.7802370435876,1313.2744745489492,16.158844317688636,0.196249974174054,0.0276320648544581,0.9363930299622027,0.0007635310081209784,8.077034809459157,1124.5183932086616,14.497231791338582,0.19787810589762617,0.027508581087791462,0.945316374023024,0.0007567220334635981,8.067385756202704,1516.7451174902353,17.458614917229838,0.18635286216671304,0.026527215134079875,0.9265379840978853,0.0007036931427697563,8.139476181271178,1250.362289186508,15.135354662698411,0.22275305622332964,0.02970265136424805,0.9390986634014085,0.0008822474980660665,8.016230513530124,1313.2744745489492,16.158844317688636,0.196249974174054,0.0276320648544581,0.9363930299622027,0.0007635310081209784,8.077034809459157,2390.5408606150795,22.825582837301592,0.14782014770019472,0.02296253155481255,0.8839444161894677,0.0005272778554057621,8.333410603428103,1516.7451174902353,17.458614917229838,0.18635286216671304,0.026527215134079875,0.9265379840978853,0.0007036931427697563,8.139476181271178,1918.4908125000002,19.5296875,0.19412103967383842,0.02761686814702203,0.9066196299782463,0.0007626914062499999,8.153327559543227,2567.2777147896195,24.266250944822374,0.14753454745070807,0.02357608982673638,0.8759180130664656,0.0005558320115183425,8.319299355470115,3763.046187499999,30.653687499999997,0.1175440752284764,0.020740208533185,0.8176115329435208,0.0004301562499999999,8.48758564580407,3090.489040060469,26.985890652557323,0.1353226081565691,0.022169057895848027,0.8506230783850613,0.0004914671279894618,8.3967809052076,2516.401209677419,23.045992943548388,0.17896596953877766,0.02611724228991672,0.8775728197681384,0.0006821103448302144,8.235769022717394,3776.2499200000007,31.254848000000003,0.12259345601777998,0.02153992237683321,0.817913782780604,0.0004639682560000001,8.460726424517429,5035.984438004033,37.30550655241936,0.10204697853793508,0.019673103654067048,0.756300906741202,0.0003870310073836662,8.5823724439167,4652.94624,35.217856,0.11104694893256346,0.019929604110468426,0.7756057881113151,0.00039718912,8.537563106356878,3036.6182672764235,26.11420223577236,0.16074114132507183,0.025185939185846877,0.8523479116986467,0.0006343315326731773,8.306126822916516,4799.159989594173,36.73894380853278,0.10559303637636624,0.02072943444307454,0.7690740420966153,0.000429709452329725,8.53493993482768,6177.501969004065,42.982024898373986,0.09272473769599636,0.018868980138267495,0.7014984650570852,0.00035603841145833326,8.651707116699692,6025.673777315296,42.087929240374606,0.09417292394259721,0.018745725787597537,0.7099633679727491,0.00035140223530379924,8.62874743998725,fresh_baguette_29.jpg,fresh_bread
1008.1635088582676,10.542445866141732,0.3601933924394428,0.034532641972041804,0.9519720675534815,0.0011925033615692233,7.462067192153631,2220.9104718209437,19.44491288982578,0.22679805259161884,0.025887260662309907,0.8948098262061734,0.0006701502645983779,7.988070715755539,1392.7072465551178,13.51851624015748,0.2924438002447405,0.03001836141315189,0.9336829822036976,0.0009011020219306064,7.743833164617735,1656.6571393142788,15.311488622977247,0.2912332982240394,0.030291581740081303,0.9215382935918137,0.0009175799243160271,7.736084530411437,2235.0670262896824,18.62406994047619,0.25296312474324073,0.027107685345590906,0.8936320153854259,0.000734826604795564,7.911866472811931,2220.9104718209437,19.44491288982578,0.22679805259161884,0.025887260662309907,0.8948098262061734,0.0006701502645983779,7.988070715755539,3014.382192460318,23.602058531746035,0.19801609478284288,0.023293034970970534,0.8566181070192639,0.0005425654781588563,8.172180509966214,1656.6571393142788,15.311488622977247,0.2912332982240394,0.030291581740081303,0.9215382935918137,0.0009175799243160271,7.736084530411437,3531.7733124999995,26.171562499999993,0.19694545510090716,0.02342887341241571,0.8320935287219065,0.0005489121093749998,8.164384667380094,4650.969198790628,33.273305618543716,0.14276123578225472,0.019963470485267885,0.7801703962526892,0.0003985401538161619,8.395310757294675,4693.0320625,32.8161875,0.14985446374931655,0.020025667123719,0.7769876384835598,0.00040102734375,8.39750571110054,3384.2837616528095,25.552973041068277,0.20358666933978897,0.023926381681988008,0.8400663783466119,0.0005724717403921713,8.144211221801774,4762.799332157258,32.887915826612904,0.16385777958079467,0.02116691704233521,0.7737685645518562,0.00044803837707710066,8.335273775396875,7020.61984,45.285056,0.10496904324565542,0.017304279239540723,0.6688154910922853,0.00029943808,8.594139715937937,6219.430569556451,40.64289314516129,0.12031748132676634,0.018054805554014206,0.7047399727261285,0.0003259760035932622,8.54084687414108,5054.17184,34.470848000000004,0.15607192874590065,0.020359596066719988,0.7616601527592106,0.000414513152,8.37699593206026,5908.697027439025,38.8125,0.14000659329952245,0.019552797495049852,0.7195532876790219,0.0003823118898824278,8.45600362633198,9115.050143080123,55.48783818938604,0.0842887065874238,0.015622148897829851,0.570784162810135,0.00024405153618596643,8.714485942660456,7635.336445630082,47.70903201219513,0.1000557627535844,0.01686491270296143,0.6378984521104988,0.0002844252804785098,8.636433536206049,6475.327393340271,41.71201873048908,0.12794723483926115,0.018288942185385907,0.6952634021919509,0.0003344854062603882,8.522463783412343,fresh_baguette_3.jpg,fresh_bread
1029.6962352362207,13.341904527559057,0.29851801802757166,0.099725025044578,0.9459015725218752,0.009945080620141709,7.561890329670892,1836.3057226114454,18.9492838985678,0.25235939839636157,0.09125169319773052,0.903142978082767,0.008326871511452739,7.772708358482265,1344.8046259842517,15.55807086614173,0.2708298078155137,0.0927989169571213,0.9291342285717512,0.008611638988414695,7.68720409431765,1984.115382230765,20.533015066030135,0.23856615498181463,0.09106708138960026,0.8953397049046835,0.00829321331282008,7.857337004415321,2136.258742559524,21.103484623015873,0.2517574587784354,0.0969597945094607,0.887514204875652,0.009401201751316845,7.804562113864921,1836.3057226114454,18.9492838985678,0.25235939839636157,0.09125169319773052,0.903142978082767,0.008326871511452739,7.772708358482265,2844.901847718254,25.419828869047617,0.21498138365518693,0.08264202112783492,0.8493849297943566,0.006829703656093514,7.9998167725738725,1984.115382230765,20.533015066030135,0.23856615498181463,0.09106708138960026,0.8953397049046835,0.00829321331282008,7.857337004415321,3316.0235624999996,28.114562499999998,0.22742504526013674,0.09490569949626312,0.8250314891280635,0.009007091796874998,7.963856391172735,3749.8966994205093,30.626732174351226,0.1972286492447286,0.08036803976090176,0.8008036680008983,0.006459021815009887,8.088048470958002,4408.490937500001,34.2171875,0.1840378594469128,0.07451789057417689,0.7654248195043964,0.005552916015625001,8.198416948172422,3978.4436885865457,32.52418745275889,0.1869286813713208,0.07995043527066638,0.7886099241833671,0.0063920720999690135,8.16146343701707,4334.853515625,33.79857610887096,0.20972869854248447,0.09320234427348148,0.7708377707407927,0.008686676978072566,8.073884931080487,5587.22208,40.594623999999996,0.1657590085086688,0.07173046794772776,0.7010000640250234,0.005145260032,8.28111991011336,5715.943422379032,41.02885584677419,0.1657256144157696,0.06667410458062306,0.694283040128941,0.004445436221627861,8.335001440782975,5794.261119999999,42.219392,0.15559890136537502,0.07134111319568823,0.6897474370125495,0.005089554432000001,8.33082063031734,5194.979039634147,38.28633130081302,0.1945572755594496,0.0916928440215217,0.724842779949323,0.008407577644755108,8.152049646953703,6940.676573881374,47.60607440166494,0.14852309146835851,0.06377118668037651,0.6258074078671791,0.0040667642506234305,8.404127297732574,6727.9929496951245,46.1423399390244,0.1520598846602863,0.059743432799541266,0.638537519413589,0.003569277762673303,8.413376497347299,7206.416037981269,49.48146462018731,0.13866210177346455,0.06305578628613372,0.6110824531067736,0.003976032184162569,8.454112239471616,fresh_baguette_30.jpg,fresh_bread
860.6624630905515,10.614357775590554,0.2300219552378836,0.03156866881234583,0.9612430605815985,0.0009965808505835764,7.762007979969372,1348.43691487383,14.018166036332074,0.2018531337300265,0.028860008828777352,0.9394304236091074,0.0008329001095971067,7.898027690302038,737.9390994094488,9.201648622047244,0.2829530767976999,0.03526000898478019,0.9667667299998645,0.0012432682336067796,7.590822132416221,1037.270754541509,12.013640027280053,0.22740584348281317,0.03144087969684865,0.9534078136370888,0.00098852891611171,7.783279387531736,1893.5805431547617,17.663752480158728,0.16848946938759857,0.025365951482170204,0.914757422963535,0.0006434314945958127,8.069790525898776,1348.43691487383,14.018166036332074,0.2018531337300265,0.028860008828777352,0.9394304236091074,0.0008329001095971067,7.898027690302038,1625.2912326388887,15.801277281746032,0.2043514681261523,0.028397072861417242,0.9267775810804119,0.0008063937470966396,7.969720835324553,1037.270754541509,12.013640027280053,0.22740584348281317,0.03144087969684865,0.9534078136370888,0.00098852891611171,7.783279387531736,2965.0945625000004,23.9906875,0.13677734167392103,0.021972994789058682,0.8665133059378184,0.00048281249999999995,8.25420817470573,2841.688712522046,23.320609725371632,0.1429896827372239,0.02248796340780783,0.8723393906112793,0.0005057084982309039,8.220627921987326,2543.9360625,21.6313125,0.1648873373609144,0.02435912944873031,0.8853445538776749,0.0005933671875000001,8.1758275635409,2124.067082388511,19.150226757369616,0.16529417598735044,0.025751181500728533,0.9045836520840721,0.0006631233486834635,8.079115728539191,3988.3966103830644,29.630607358870968,0.11927812098479895,0.019894115554244023,0.8203996937694374,0.000395775833685614,8.373746713755667,4312.818687999999,31.378943999999997,0.11302455158729496,0.0194803531795499,0.8061352581428907,0.00037948416,8.391547639720695,3386.7779107862902,26.552734375,0.1385474464759877,0.02168579204436774,0.8473154926445304,0.0004702735765915632,8.296161159072636,3079.276928,24.780672,0.1318787075192691,0.02243069896369705,0.861605348199007,0.000503136256,8.247731765479266,4912.289126016261,34.57533028455285,0.10393016886780426,0.018316210715623955,0.7787318451410973,0.0003354835749791378,8.466407819530042,5663.021136836627,38.276209677419345,0.09890493237518971,0.01768853144332531,0.7452529133104785,0.0003128841446215082,8.496771679323404,4172.447217987805,30.912411077235774,0.11918567900434608,0.019833912075965222,0.811852351390286,0.0003933840682371191,8.389505041255294,3948.6985561914667,29.552874609781476,0.11709841986383773,0.020292144836060656,0.8224371110509976,0.00041177114204766314,8.347827716982469,fresh_baguette_4.jpg,fresh_bread
566.4144931102363,8.721087598425196,0.311865325329007,0.06213599101156528,0.9721957148054317,0.003860881378989321,7.423037690616471,918.1799863599728,12.740591481182964,0.23287829870425997,0.05227678614297695,0.9549068438547266,0.002732862369438547,7.744758969138992,771.0454601377953,10.982221948818896,0.24823795166303841,0.052995397420776226,0.9621349087747727,0.002808512147786015,7.663936097868791,1127.8589497178991,14.059210118420236,0.23159054669585205,0.05218462448776688,0.9446115870958477,0.002723235032929239,7.767302949741897,1169.5120287698414,14.03497023809524,0.2403135902245785,0.05955339937583229,0.9424801034172946,0.0035466073772173813,7.743352531759262,918.1799863599728,12.740591481182964,0.23287829870425997,0.05227678614297695,0.9549068438547266,0.002732862369438547,7.744758969138992,1589.4953497023812,17.56541418650794,0.18019116292543308,0.04358221835415072,0.9216702992355447,0.0018994097566688718,7.996288047566518,1127.8589497178991,14.059210118420236,0.23159054669585205,0.05218462448776688,0.9446115870958477,0.002723235032929239,7.767302949741897,1819.1534375,18.7304375,0.20668877435652577,0.05818686224140291,0.910347316259672,0.0033857109374999996,7.921071182363217,1762.6970899470898,19.34032501889645,0.174563308166719,0.043072940366626004,0.9129478229981111,0.0018552781918269202,8.046000039534773,2457.4856250000003,23.404125,0.14904625429298135,0.03731263086241708,0.8784814004864251,0.0013922324218749998,8.191986568760028,2303.7189468379947,22.448349710254476,0.16085038598738732,0.042461214011270704,0.8862374233528731,0.0018029546953109317,8.116314561025739,2429.0177041330644,22.8840095766129,0.1849133464294823,0.057164954566717524,0.8800697871828645,0.0032678320306148787,8.041478389281881,2565.733248,24.911872000000002,0.14375947615169557,0.03667208376953783,0.8725647094694748,0.0013448417280000002,8.224442513179849,3250.899382560484,28.381993447580644,0.12526281160702074,0.03195090335855015,0.8387966569001364,0.0010208602254274113,8.31931466576884,3431.786048,29.512383999999997,0.1270575255605902,0.036093702054513614,0.8295723426831934,0.0013027553280000003,8.304105430257813,2994.9681148373984,26.49872967479675,0.16965850455786113,0.05648620683826345,0.8518591038284045,0.0031906915629750805,8.128572505726366,3274.724440686785,29.67657388137357,0.11672607562410403,0.031698400363649064,0.8365437702046674,0.0010047885856141873,8.325431344429,3964.6392276422766,32.671747967479675,0.10767127623481265,0.027726357213343315,0.8027869920758565,0.000768750884321915,8.4081339068941,4371.867780957336,35.01398283038502,0.10534171162867391,0.031045542474511523,0.7818220446433612,0.0009638257075366991,8.41156707894116,fresh_baguette_8.jpg,fresh_bread
1586.220656988189,15.238988681102363,0.28937895867920915,0.06536804466440527,0.9194920052962903,0.004272981263247683,7.6861047023400815,2579.930311860624,22.316076632153266,0.2232338982120412,0.056460551725632774,0.8694373691998402,0.0031877939011628544,7.959639315437902,1446.5967642716535,15.032295767716535,0.27074361873517155,0.05886933346740105,0.9265299212113889,0.0034655984228960652,7.726029599644404,2226.4487568975137,19.66730733461467,0.24434938417261964,0.05710253494184776,0.8873242724634037,0.003260699496784945,7.859222888836207,3475.4464285714284,26.384176587301585,0.22438740803069254,0.06309187884821728,0.8238010256576914,0.003980585176598127,8.010058686927538,2579.930311860624,22.316076632153266,0.2232338982120412,0.056460551725632774,0.8694373691998402,0.0031877939011628544,7.959639315437902,3205.9846230158737,26.31324404761905,0.1918903036978215,0.0471217105082357,0.8376588857574182,0.002220455601221971,8.119483151316283,2226.4487568975137,19.66730733461467,0.24434938417261964,0.05710253494184776,0.8873242724634037,0.003260699496784945,7.859222888836207,5418.2424375,36.60606250000001,0.19688129566556098,0.0618626092391438,0.7255739009426904,0.0038269824218750003,8.196351984659348,5449.707482993197,38.2687074829932,0.15544792926512496,0.04544240939130969,0.7253234747387526,0.0020650125712873913,8.342953284719421,5011.448875,36.534375,0.15174922118395048,0.0391127426886047,0.7470344647718539,0.0015298066406250004,8.348307956032638,4710.539619551524,33.776455026455025,0.17610479426214715,0.04604796253984455,0.7625640934709372,0.0021204148540709265,8.233265042781351,7128.78181703629,45.236328125,0.17945420093275238,0.061423325452428436,0.6392903293044702,0.003772824909634943,8.321281990274779,8171.331839999999,52.078976,0.12095685811827699,0.037741147836280756,0.5898274225273343,0.0014243942399999997,8.55507428204671,6594.627835181451,44.872290826612904,0.1267675547556614,0.03429569966693066,0.668211541261521,0.0011761950156443078,8.494001829968258,7051.850112,45.865856,0.14414277296012434,0.03858316316737134,0.6459707682476635,0.0014886604800000006,8.44220299157248,8501.275533536587,51.995934959349604,0.1610606098627376,0.06111444314466132,0.570421149875959,0.003734975160882041,8.397018382673581,10488.220018210199,63.34761966701353,0.10087382261051905,0.0334594527464107,0.4757444981161789,0.0011195349780892905,8.667767047346485,7979.135988313009,51.827553353658544,0.11497143568259904,0.03177079904824837,0.5998488245205644,0.0010093836721641798,8.590700859134907,8845.11530957336,54.81588189386056,0.11767441113723227,0.033779142918800124,0.5577371596339328,0.0011410304963287246,8.572769146123306,fresh_baguette_9.jpg,fresh_bread
1491.3092396653547,19.766547736220474,0.15363865492798992,0.020511697230979797,0.9241914211349824,0.0004207297232953843,8.590382488509295,2280.783309566619,25.61163122326245,0.12845838334909554,0.019264686670463278,0.8845902902123034,0.00037112815251112556,8.699604475203435,1250.8395669291342,18.121678149606304,0.15990022042166485,0.021620138256267733,0.9364382959305334,0.0004674303782201316,8.536873711156158,1884.5080290160581,23.31675863351727,0.13369429228754923,0.01938701347355137,0.9046459549575241,0.0003758562914236623,8.656003089647802,2985.591145833334,29.648561507936513,0.1231567439971981,0.017983555959147555,0.8479537889755911,0.00032340828493579156,8.79518814936429,2280.783309566619,25.61163122326245,0.12845838334909554,0.019264686670463278,0.8845902902123034,0.00037112815251112556,8.699604475203435,2387.402405753968,25.917286706349202,0.12256301893115724,0.01878116472080972,0.8785822167444971,0.00035273214827018766,8.722671493987654,1884.5080290160581,23.31675863351727,0.13369429228754923,0.01938701347355137,0.9046459549575241,0.0003758562914236623,8.656003089647802,4622.1473750000005,39.133125,0.1014992301028633,0.016196184928865192,0.7642216296575098,0.00026231640625,8.936961122362124,4338.782501889646,37.847127739984884,0.09990830434200576,0.016614492414543207,0.7798466226630498,0.00027604135819291373,8.903672706440782,3615.9963125000004,33.2301875,0.10676762211249577,0.017317124833528225,0.8159314034600266,0.0002998828125,8.847155335044617,3520.3606072058456,33.69368858654573,0.10117924953758012,0.016836582701563907,0.8213965988307336,0.000283470517066601,8.857160798457144,6000.213457661292,46.606854838709694,0.0893625038472346,0.015079367232914257,0.6935099101635857,0.0002273873161450882,9.034797585368711,6313.628864,48.50105599999999,0.08106597669230603,0.014920855739534514,0.6787520303736951,0.00022263193600000004,9.045312650809949,4643.400264616936,38.965914818548384,0.09897042182911178,0.016409980459821123,0.7633976056334206,0.00026928745869171113,8.922218591839854,5134.015616000001,42.687231999999995,0.08300708661153088,0.015197136572394156,0.7388357077770207,0.00023095296,8.980530957485161,7203.370299796748,53.07215447154472,0.07842875050667394,0.014114693604584568,0.6315918673362437,0.00019922457555130048,9.103247244695712,7923.550338189387,56.96396982310094,0.0660881424310015,0.013705490137471521,0.5958125887821438,0.00018784045990832913,9.133685172385245,5497.9620172764235,43.744918699187,0.08887872263153164,0.015582274666802764,0.7196195489009346,0.00024280728379168318,8.982847045427977,6390.248048907389,49.43405306971904,0.07071765177194177,0.014165852039222245,0.6741156144172836,0.00020067136399713704,9.058406166134635,fresh_bread_1.jpg,fresh_bread
988.7490157480315,12.319635826771655,0.2662305178976324,0.027324593139504146,0.9522297868409699,0.000746633390239437,7.895660950810032,1663.225060450121,17.781821563643128,0.18990273564548052,0.02283191921814843,0.9198594475404889,0.0005212965351840556,8.152854312652835,974.4550935039372,11.758243110236224,0.3123784754363782,0.030925692525909147,0.9528997918756423,0.000956398458207073,7.748091954664785,1497.3654287308577,16.76464752929506,0.20262325221064437,0.0237422834786767,0.9278498044090719,0.0005636960247818445,8.112481817288018,2193.9966517857147,21.02889384920635,0.1814012140042155,0.021905090245325904,0.894062252797625,0.00047983297865587213,8.26015148800967,1663.225060450121,17.781821563643128,0.18990273564548052,0.02283191921814843,0.9198594475404889,0.0005212965351840556,8.152854312652835,2134.159164186508,20.081783234126988,0.21495137001354306,0.02390801780999736,0.8967787974995111,0.000571593315603151,8.148975116436018,1497.3654287308577,16.76464752929506,0.20262325221064437,0.0237422834786767,0.9278498044090719,0.0005636960247818445,8.112481817288018,3477.4998125,28.742062500000003,0.1440433552242075,0.019761616441349127,0.8321851790176765,0.0003905214843750001,8.442290463427257,3518.640841521794,29.576971529352484,0.12152209028379873,0.018156056628839064,0.8304483562152467,0.0003296423923096109,8.498754646271774,3334.1603750000004,27.258375,0.1708179324434961,0.020749294039195645,0.8385847972636281,0.000430533203125,8.360744302659148,3043.3841647770223,27.06090954900479,0.12823316822504616,0.018672031818822925,0.8533444673610403,0.0003486447722431357,8.460582921960505,4612.303049395161,35.09362399193548,0.1253654474727391,0.01847415316806088,0.7775472940576745,0.00034129433527697384,8.552483418080119,5181.64512,38.851392000000004,0.09357322668220239,0.016549538724689578,0.7502111861497517,0.000273887232,8.65766191802063,4330.789440524193,32.94115423387097,0.14481314689762564,0.01899892834633402,0.7900811211583776,0.0003609592783091343,8.487421422680754,4440.0844799999995,35.19296,0.09721003425019842,0.016828410263598877,0.7859650272628861,0.000283195392,8.61787717245737,5582.052400914634,40.375952743902445,0.1144299133849345,0.017657577444049864,0.7309022716027738,0.0003117900411926185,8.622281762801606,6407.706490634756,45.62038241415193,0.08161793519634804,0.015640616840359688,0.6908851768728664,0.00024462889514694305,8.74430901849097,5123.775724085366,37.43489583333334,0.12787419341794093,0.017882788450289972,0.7513018998542446,0.0003197941227578244,8.583867009399633,5506.012356919875,41.177679500520284,0.08428385037807613,0.015800772001031263,0.7344232656651434,0.00024966439582857345,8.709340797164174,fresh_bread_12.jpg,fresh_bread
1381.3674950787404,13.2210875984252,0.2554904181119166,0.027194761774601443,0.9370123276781915,0.0007395550679773238,7.819917364761729,1702.8560357120714,16.22264244528489,0.2071371498699201,0.024365969851404896,0.9227022762052614,0.0005937004867995724,7.971109873619499,983.0866141732283,11.013287401574804,0.2808774132367573,0.02975966970094721,0.9552648355291605,0.0008856379407094753,7.669727208286222,2047.034968069936,17.84022568045136,0.2085493897075064,0.024654932233942606,0.907081327716907,0.0006078656834603022,7.981832076285427,2968.305617559524,22.674789186507937,0.17983698309737434,0.022056468313060344,0.8647683122906152,0.000486487794445035,8.169109871200057,1702.8560357120714,16.22264244528489,0.2071371498699201,0.024365969851404896,0.9227022762052614,0.0005937004867995724,7.971109873619499,2061.9711061507933,18.256324404761905,0.1887979320015934,0.023911635614209177,0.906055166792252,0.0005717663177467168,8.035055132108463,2047.034968069936,17.84022568045136,0.2085493897075064,0.024654932233942606,0.907081327716907,0.0006078656834603022,7.981832076285427,4604.814125,31.545125,0.1396687735262566,0.019461299738198372,0.7903484133701874,0.00037874218749999996,8.366437327139819,3608.14241622575,27.323948097757626,0.13734026984510453,0.019661892571393894,0.8361575644448223,0.00038659001948903443,8.315250371640435,3190.6519375,24.8770625,0.15249012107768126,0.021096041542194594,0.8544597567615326,0.00044504296875,8.241784529376552,4227.298374905518,30.383534895439663,0.13706200913977906,0.019593620588936586,0.808053775463669,0.00038390996778319965,8.349791377290693,6184.291897681451,39.56268901209677,0.11565401189360591,0.017956314992867817,0.7185760417859657,0.0003224292481230895,8.497405143498998,5539.100608000001,37.346368,0.10630371830599453,0.017388989619871537,0.7483611243894568,0.00030237696,8.506673181787201,4276.449281754033,30.874936995967747,0.12956248164091738,0.019283454267396746,0.8047595648993078,0.0003718516084827817,8.38396529511845,6398.308032000001,41.670208,0.10368996097332256,0.017283851422643045,0.7093500958350374,0.00029873152000000003,8.53812069087727,7689.270261686994,46.94302591463416,0.10337326147972671,0.016937715690570152,0.6502078520606389,0.00028688621281458635,8.591614264990458,7384.9391259105105,46.32544224765869,0.0873966497557781,0.01620138036024822,0.6644290301389929,0.0002624847255774368,8.62180055719832,5250.158155487805,35.9813262195122,0.1126160595114114,0.018146207579352185,0.7600880862862777,0.00032928484951293873,8.480581628317616,8416.612773152967,51.54513527575443,0.08606302301362834,0.015805790424010528,0.6175785482280602,0.0002498230109277429,8.665381465237797,fresh_bread_15.jpg,fresh_bread
1278.6656003937007,11.460014763779528,0.3140539548385817,0.0319693146353475,0.9419345674969284,0.001022037078253844,7.499959469219872,1881.0808481616966,15.714737429474859,0.2614821306321773,0.028829024306196098,0.9147649681818569,0.0008311126424472453,7.699054659426917,911.0545029527559,9.222563976377952,0.3508237844270714,0.03564751347950772,0.9586744586403168,0.0012707452172716844,7.31152660998802,1691.216318432637,14.275776551553102,0.2811570144321548,0.030058169105427995,0.9233655226668847,0.000903493529970506,7.604477727215355,2776.6699528769836,20.527467757936506,0.21782177701173588,0.025320290487356397,0.8737528249192705,0.0006411171103641109,7.925500019973114,1881.0808481616966,15.714737429474859,0.2614821306321773,0.028829024306196098,0.9147649681818569,0.0008311126424472453,7.699054659426917,2037.372271825397,16.58655753968254,0.2425143464122608,0.027989658530913637,0.907521336606576,0.0007834209846771465,7.767737279984017,1691.216318432637,14.275776551553102,0.2811570144321548,0.030058169105427995,0.9233655226668847,0.000903493529970506,7.604477727215355,4337.8555,29.045500000000004,0.17252521371350898,0.022025464665927027,0.8025571075873965,0.00048512109374999993,8.17237825786389,4018.554547745024,28.00995212899975,0.17519381437592624,0.022432452371612777,0.8175683851798309,0.0005032149194046757,8.138498868708346,3211.8193125000003,23.492937500000004,0.18902007822680766,0.024179342939790568,0.8540908016897133,0.000584640625,8.02340940692531,3533.139959687579,24.950491307634167,0.18627611376886782,0.023551465249659037,0.8395836624059194,0.0005546715154058973,8.03598555427883,5744.071824596774,36.31791834677419,0.14302510614142305,0.019967308835318387,0.7383311109881513,0.0003986934221249837,8.321467619117021,6173.844288,39.310144,0.12703956418827478,0.01906432060158452,0.7192012028421609,0.00036344831999999996,8.376276523685393,4360.181577620967,29.903351814516128,0.1553678925355388,0.021566621672127428,0.8017493173977924,0.0004651191703486765,8.201314206488805,5317.537472,34.458175999999995,0.13877262823434874,0.020329597733354195,0.7580762660133088,0.000413292544,8.26812926084868,7000.0929242886195,42.54045985772359,0.12189557713728566,0.018616820638836722,0.6808974192710848,0.000346586010698617,8.420066965331788,8108.137356919875,49.026795005202914,0.09609225670109563,0.017130462268697407,0.6305701508174153,0.0002934527375392655,8.51694371856,5485.918826219513,36.007240853658544,0.12962805775724745,0.019683687999603832,0.7503270640166549,0.0003874475732657479,8.327788913101305,6891.421175858481,42.510796045785646,0.1146861897618104,0.01867813837589402,0.6859352705915958,0.000348872853189045,8.406705234955005,fresh_bread_16.jpg,fresh_bread
1250.1492372047244,15.07529527559055,0.22788649669795413,0.06710250189719169,0.9410198902319541,0.004502745760862615,7.867529112550114,2692.2920825841657,23.892305784611573,0.18192896777106582,0.05744551554243224,0.8734123867722182,0.0032999872559358245,8.119482773579888,1764.0878444881891,17.92224409448819,0.21146733829231512,0.058737844203502504,0.9168757726426124,0.003450134341674933,7.972350641817712,2057.9864219728443,20.235166470332942,0.20198621363142455,0.05818659612579458,0.9032379646383739,0.003385679968706333,8.027511948706211,2663.6153893849214,23.66648065476191,0.1928103966396378,0.06586368426849007,0.8742446109706594,0.004338024905419346,8.094572407197344,2692.2920825841657,23.892305784611573,0.18192896777106582,0.05744551554243224,0.8734123867722182,0.0032999872559358245,8.119482773579888,3856.60404265873,30.064360119047617,0.15672794578150712,0.04847096518523603,0.8184080878548589,0.002349434465988364,8.292442540952955,2057.9864219728443,20.235166470332942,0.20198621363142455,0.05818659612579458,0.9032379646383739,0.003385679968706333,8.027511948706211,4200.451625,31.956125,0.1718036101115985,0.06522172220108113,0.8015098059415396,0.004253873046875,8.250676768040872,5692.402620307383,39.92050894431847,0.13704575027764562,0.04778061808958987,0.7323452917126612,0.0022829874650232423,8.437273448366483,6064.6025625,41.5736875,0.1276902335706731,0.04024478324112331,0.7146715855481381,0.0016196425781249996,8.49430561313167,4224.916603678508,32.19450743260268,0.1534473842530373,0.04843619403071655,0.801357287753304,0.0023460648921812214,8.315240486966378,5652.593308971775,39.35124747983872,0.1545234075665684,0.06489094177576687,0.7326625598564628,0.004210834324545966,8.36448065347058,8706.920768000002,54.76844800000001,0.10481393936911058,0.03956623691987906,0.5905323184366773,0.0015654871040000008,8.646092125914773,8168.212008568547,51.986580141129025,0.10727175285986144,0.035734118674679814,0.6160233706547507,0.0012769272374561005,8.63317183315266,6336.937792000001,42.85843200000001,0.12446077091220545,0.040213446507356226,0.7020293826957142,0.0016171212800000006,8.492306248814062,7019.680449695123,45.99980945121952,0.14466226754177872,0.06479489799014648,0.667845326950721,0.004198378805553489,8.4442977425966,11508.701677939647,67.77959157127992,0.09009972270345071,0.03559278168193463,0.4586820112498842,0.0012668461078578616,8.757146186233804,10186.966082317074,61.68864329268293,0.09131793050564936,0.032453141945968995,0.521575660106067,0.0010532064221652124,8.729791125118627,8157.5249739854335,51.63852757544225,0.10905066232744806,0.035885756654753666,0.6164018862845695,0.0012877875306841972,8.61183183493906,fresh_bread_17.jpg,fresh_bread
2182.887795275591,23.754183070866144,0.13146452034120115,0.018946301137989244,0.8901884818920018,0.00035896232681137245,8.708554901189025,3066.4205468410937,29.297600595201196,0.11587123651931672,0.017536338046792388,0.8462652325412344,0.0003075231520913783,8.80451462653464,1701.1109744094492,20.26624015748032,0.15466191124491688,0.021125174254252605,0.9144940817509944,0.00044627298727253716,8.57734527371473,2900.7837435674865,28.337342674685345,0.12121428367249462,0.01802951453179693,0.8545682123793336,0.00032506339425227666,8.770975716127719,4708.866257440476,38.192150297619044,0.09113540596630465,0.014960312526313866,0.7630879304472469,0.00022381095088498356,8.968615075637942,3066.4205468410937,29.297600595201196,0.11587123651931672,0.017536338046792388,0.8462652325412344,0.0003075231520913783,8.80451462653464,3578.3207465277783,31.869357638888893,0.1104092430155823,0.017210485597188022,0.8200716359138899,0.0002962008144910164,8.842508704928445,2900.7837435674865,28.337342674685345,0.12121428367249462,0.01802951453179693,0.8545682123793336,0.00032506339425227666,8.770975716127719,7350.056500000001,51.572125,0.07077151311987635,0.012886902871714368,0.629985613266772,0.00016607226562500001,9.139881220898795,6348.600025195265,46.842403628117914,0.07553451777354607,0.01388063798881268,0.6815899796336429,0.00019267211097646975,9.06967105399902,5627.21725,42.99275,0.08551250439641328,0.014919706976009951,0.7169146950203581,0.00022259765625,9.015022744639758,5964.714348702444,44.893361048122955,0.0852326430929755,0.014268868629777127,0.7008212686653563,0.00020360061197383778,9.04235178550649,9713.359564012097,62.929750504032256,0.05583601640958241,0.011792698847247797,0.5106148261325529,0.00013906774610187954,9.232353801217343,9312.902464,61.42329600000001,0.058111642809193634,0.01198304936149393,0.53247814129572,0.00014359347200000006,9.218816396201117,7506.855153729839,52.67723034274195,0.06800845915955325,0.01335841498895772,0.622138446562494,0.0001784472510172103,9.126135248800828,8866.12384,59.096512,0.06604519796459732,0.012561946346008648,0.5548612661453136,0.00015780249600000001,9.170190058889675,11670.223196138213,72.2651168699187,0.04777173073406574,0.01123349302684173,0.41147068348373245,0.00012619136558410175,9.291807872809503,11477.354383454734,71.6021722164412,0.046871532658810215,0.011273646555681817,0.4230725089820328,0.00012709510666243648,9.279466556869426,9188.438770325203,60.974466463414636,0.05780111053500753,0.012404792280510538,0.5373951508910234,0.00015387887152261385,9.210017511263228,11238.22944849115,70.22320499479707,0.054688875358160596,0.01168196051993637,0.4350172456831382,0.000136468201589352,9.254819804701103,fresh_bread_2.jpg,fresh_bread
607.117064468504,8.95675442913386,0.25371203390042435,0.041819218112649874,0.9676147732526671,0.0017488470035533833,7.575254585528719,1141.4061008122017,13.270940541881084,0.20636000612847033,0.037590946680170705,0.9392144613402114,0.001413079272311437,7.7840194862702585,798.7440944881889,10.500369094488189,0.2376376519603486,0.03952747032743624,0.9574920948708143,0.0015624209104863522,7.666561334144693,1182.743319486639,13.358484716969436,0.2157018276027527,0.03822153018307397,0.9370043099644096,0.0014608853695356346,7.771255778475628,1233.6010664682537,13.771081349206348,0.19596044498857762,0.037626626767096646,0.9340126247673309,0.001415763041870394,7.849368123252433,1141.4061008122017,13.270940541881084,0.20636000612847033,0.037590946680170705,0.9392144613402114,0.001413079272311437,7.7840194862702585,1644.6798735119046,16.231956845238095,0.18120592623744244,0.033403195662021434,0.9124609657003844,0.0011157734804352875,7.933195699227705,1182.743319486639,13.358484716969436,0.2157018276027527,0.03822153018307397,0.9370043099644096,0.0014608853695356346,7.771255778475628,1847.1095624999998,17.5644375,0.1745673681639333,0.035615623766122644,0.9009380845866531,0.00126847265625,7.978490144455059,2262.7178130511465,20.165280927185687,0.1615387615620238,0.03141862339075459,0.8791686476072987,0.0009871298957700714,8.03458903025303,2501.0236875,21.064187500000003,0.15721057531259244,0.02911836029466632,0.8668753667329977,0.0008478789062499999,8.06817699017762,2317.7725497606457,20.249874023683553,0.16649284653115304,0.032160621115838166,0.8761619994574211,0.0010343055505564957,8.019975512929813,2437.5279737903224,20.98576108870968,0.15845472459555765,0.0336527650344119,0.8689316748481622,0.001132508594461336,8.068060109485256,3377.438592000001,26.121088,0.13912156053679486,0.02725047551878683,0.81922601255939,0.0007425884160000003,8.160070502921062,3333.067855342742,25.383757560483872,0.14326769516792748,0.026165567769945823,0.8225507671091629,0.0006846369367236277,8.144982869522378,3421.268032,26.032960000000003,0.14842984579196794,0.028191800226306938,0.8166656738745113,0.0007947776,8.15128771679847,3010.8824314024396,24.074504573170735,0.14658483385675933,0.03144343575067713,0.8376721381449941,0.0009886896518069605,8.144447954041258,4497.557101977107,31.79422476586889,0.12284828837113763,0.02402213311631742,0.7587071302078747,0.000577062879458074,8.262786200831652,4112.210111788618,29.371189024390247,0.1316533879810456,0.02406097042404297,0.7809668661140797,0.0005789302977466705,8.216058320661155,4457.727172216441,31.286875650364202,0.13016958736531462,0.0250596645181734,0.7603557993716582,0.0006279867857633989,8.24962319972911,fresh_bread_21.jpg,fresh_bread
1211.538693405512,14.010765255905515,0.22303302662066735,0.02629684907421679,0.9434536339958652,0.0006915242712321364,7.985352978927997,2076.197408394817,20.013764027528058,0.19275657750859382,0.023944613243394017,0.9034187104356972,0.0005733445033757202,8.157680279423158,1222.357160433071,14.131151574803148,0.2413448260881197,0.027067977677435448,0.942895614380748,0.0007326754155461436,7.973445082674651,1909.212226424453,19.041354082708168,0.18611949013096063,0.02366545626462842,0.9111887949198875,0.0005600538202130406,8.1576790715771,2599.76599702381,22.39930555555556,0.1800694521622963,0.023012954702287647,0.8787211435397216,0.0005295960841295432,8.231718354858732,2076.197408394817,20.013764027528058,0.19275657750859382,0.023944613243394017,0.9034187104356972,0.0005733445033757202,8.157680279423158,2624.5292658730164,23.06622023809524,0.18356230631833909,0.02295118573688569,0.8773377829558998,0.0005267569267290251,8.250521299334519,1909.212226424453,19.041354082708168,0.18611949013096063,0.02366545626462842,0.9111887949198875,0.0005600538202130406,8.1576790715771,4054.2798125,30.211187499999998,0.1545465398145509,0.021269476368730847,0.8109004064832812,0.000452390625,8.379512264919942,4253.608087679517,31.945452254976065,0.1446152797188977,0.02051205286575706,0.8021548968820738,0.0004207443127676124,8.419418471145626,4042.281875,30.564250000000005,0.15397867828329637,0.02095889764813503,0.8109153303205332,0.000439275390625,8.400003689952573,3959.156399596876,30.469198790627363,0.14082346863852213,0.020318294752823172,0.8158621947489675,0.00041283310166260166,8.419100314964032,5421.207661290324,37.205141129032256,0.13995304855617102,0.020056470524237327,0.7471852099220758,0.00040226200988960077,8.490793096327739,6294.126399999999,42.185919999999996,0.12101566958794147,0.018582662026738795,0.7070750968726669,0.000345315328,8.576325730359112,5182.896358366936,36.28433719758065,0.13631544433504067,0.019880742430874912,0.757377546460084,0.00039524391960279006,8.489786271980847,5928.767808000001,40.463936000000004,0.11750128153788267,0.018626199182871422,0.724101680641495,0.00034693529600000005,8.561343102224697,6692.0135289634145,43.517594004065046,0.12689985997544814,0.01915060010229231,0.6879662832851111,0.0003667454842779182,8.568707278206997,7978.109911550469,50.46527055150885,0.10109429013775241,0.017454980434148025,0.6285314926004345,0.0003046763419564904,8.672245952247124,6188.032837906505,41.23011941056912,0.1259571080406517,0.019025850179698003,0.7100905532762823,0.0003619829750603146,8.559632277027616,7632.3945109261185,48.812695109261185,0.1004541969490066,0.017417562068421738,0.6446518804782182,0.0003033714684073237,8.667787768964617,fresh_bread_22.jpg,fresh_bread
1036.1836245078741,12.57880167322835,0.20383070999095876,0.02672864561147469,0.9422843935541484,0.0007144204962238052,7.853881407251826,1751.2753425506853,18.54076508153016,0.14193996250240298,0.02356795896535246,0.9028519930659911,0.0005554486897925374,8.09762762581577,1116.843503937008,14.256766732283467,0.15577666150826225,0.024895340386393263,0.9378352722946555,0.0006197779729543835,8.006267702514826,1967.0758261516523,19.981771963543927,0.1377153346531431,0.023204410955173962,0.8908808441927051,0.0005384446877765974,8.136203713033005,2044.6640004960318,18.9070560515873,0.16759552607345268,0.023751930941079788,0.8845598775321416,0.0005641542234298233,8.078649413279853,1751.2753425506853,18.54076508153016,0.14193996250240298,0.02356795896535246,0.9028519930659911,0.0005554486897925374,8.09762762581577,2227.1011284722226,21.046440972222225,0.13266880748380422,0.022899577329161633,0.8747470943902133,0.0005243906418542535,8.182002251221014,1967.0758261516523,19.981771963543927,0.1377153346531431,0.023204410955173962,0.8908808441927051,0.0005384446877765974,8.136203713033005,3095.3451875,24.9046875,0.14162113244804142,0.02157667106796134,0.8226856578354412,0.000465552734375,8.224658478843065,3343.8898966994207,27.417863441672967,0.1193842005252149,0.02081799128177761,0.8098478773131168,0.00043338876100816853,8.289685784651448,3412.62675,27.575000000000003,0.11403342488905233,0.02121453842592386,0.8058623735236334,0.000450056640625,8.313444375363161,3850.165784832452,30.34870244394054,0.10989434464228748,0.020483115677373608,0.7810549325744097,0.0004195580278526685,8.347905897272685,4107.558908770161,30.33121219758064,0.12738414629816258,0.020115856537720352,0.7610925557575055,0.0004046476842461466,8.33198599591001,4943.832383999999,35.751744,0.1024004935718745,0.018735009367491656,0.7108415737105102,0.00035100057600000005,8.435747515640147,4537.208921370968,33.449974798387096,0.1050330236177027,0.02023734238297865,0.7387189583705539,0.000409550026725904,8.415981096486203,5755.229504000001,40.164927999999996,0.09220214348470804,0.01808586099692243,0.6633537230733024,0.000327098368,8.50398999795062,5029.62817581301,35.27223069105691,0.11323346559319411,0.018862511375274987,0.7027395719092645,0.0003557943353823782,8.418424821279512,6494.824466701353,43.75617845993757,0.0867831485021935,0.017041155566194646,0.6081127948578284,0.0002904009830312467,8.546688793913773,5617.16793699187,38.9505843495935,0.0918772348169026,0.01893317332393904,0.6722590516571139,0.00035846505211431685,8.49380898751069,7543.705189906348,49.109586368366294,0.07960400731160243,0.016518994729553437,0.5447437683389792,0.0002728771868750142,8.608773323400381,fresh_bread_23.jpg,fresh_bread
1374.503690944882,18.121555118110237,0.22379222114330083,0.06482294738396766,0.9282571338211751,0.00420201450754464,8.181821402319576,2471.499906999815,25.883687767375534,0.1827020829953416,0.05782280280211884,0.8713684603935847,0.0033434765238927228,8.39919478630426,1800.2953986220473,20.718873031496063,0.21796270753748914,0.05926302459603933,0.9060730890022819,0.0035121060842707628,8.26542427832059,2470.7465434930873,25.930993861987726,0.18663223061382161,0.057796471031671945,0.8714075962201602,0.0033404320637148944,8.400606953463054,2696.808159722222,26.914310515873012,0.18153315377901202,0.06384474575643523,0.8592451082133818,0.004076151560703853,8.409129253758394,2471.499906999815,25.883687767375534,0.1827020829953416,0.05782280280211884,0.8713684603935847,0.0033434765238927228,8.39919478630426,3735.854166666667,33.0498511904762,0.15819903838846827,0.04890315121271587,0.8048360175851997,0.002391518198533754,8.580772608337828,2470.7465434930873,25.930993861987726,0.18663223061382161,0.057796471031671945,0.8714075962201602,0.0033404320637148944,8.400606953463054,4088.9444999999996,34.956250000000004,0.16172324183937237,0.0638263482769851,0.7865917577368033,0.004073802734374999,8.530762335680096,4774.854497354498,39.37969261778786,0.136295074557879,0.04786673178514015,0.7511692944335171,0.002291224011790546,8.687426919445862,5881.439812500001,44.784062500000005,0.12450577710830145,0.04057458410138051,0.6923295733608921,0.001646296875,8.788437279487125,4969.8019652305375,40.37112622826909,0.13689610643848238,0.0477755318681419,0.7410085578045849,0.0022825014452838425,8.68912177095168,5339.965473790323,41.91809475806451,0.14585039833503574,0.06288233268842278,0.7213321142053687,0.0039541877643374836,8.63465176792321,7139.357184,51.654528,0.11003011166292694,0.04036906221353179,0.6274415307268575,0.001629661184,8.85625088140733,7859.244518649193,54.97473538306451,0.10209894654344212,0.03547994194763804,0.588429524044665,0.0012588262806077653,8.920999954859049,7485.547584,53.27392,0.112034870381825,0.04028951228297507,0.6093667004759571,0.001623244799999999,8.866463856876292,6436.1156631097565,47.546811483739845,0.13723124880670473,0.06282108134099972,0.6642393283628425,0.0039464882608525025,8.702282442769452,9246.891584287201,61.96819719042665,0.09236920530475543,0.03574016111646404,0.5170034616560445,0.0012773591166308081,8.969484555655995,9760.108041158539,64.18794461382114,0.088732951081608,0.03223123218727247,0.48852862301330907,0.0010388523283098685,9.011941767278422,9698.955905306973,63.90946930280958,0.09458567629593793,0.03530321634482285,0.49332045004459124,0.001246317084289367,8.974093723842513,fresh_bread_24.jpg,fresh_bread
1158.575479822835,16.593319389763785,0.18106861791979084,0.024828330513258157,0.9273567710092203,0.0006164459960755861,8.39088045740105,1637.2458304916609,20.862545725091447,0.1611751705528751,0.023659811096972124,0.8971369071660067,0.0005597866611444053,8.514086099229475,1096.2483390748034,16.863004429133863,0.18294036608688924,0.025833977649503622,0.9311959219290883,0.0006673944011950526,8.396917309160278,1743.5976811953622,21.294872589745175,0.16066532583961882,0.023119770589109013,0.890461739200757,0.0005345237920930301,8.522024123680058,2141.7952008928573,23.238405257936513,0.15400880102423042,0.022042214498322974,0.8652553786961208,0.0004858592199900795,8.570609763101402,1637.2458304916609,20.862545725091447,0.1611751705528751,0.023659811096972124,0.8971369071660067,0.0005597866611444053,8.514086099229475,2063.8618551587306,23.815476190476197,0.15765563911396546,0.022886604549998475,0.8699708166831917,0.000523796667828011,8.589753550265257,1743.5976811953622,21.294872589745175,0.16066532583961882,0.023119770589109013,0.890461739200757,0.0005345237920930301,8.522024123680058,3182.3433125,29.7108125,0.13495956093825892,0.019858090290861306,0.7991310888729973,0.00039434375000000005,8.711412599398965,2993.4804736709502,29.85815066767448,0.13546434882991198,0.020417832767388056,0.8105220020343437,0.0004168878949170254,8.720277859625948,3076.929,30.487125000000002,0.13807261697434378,0.020953212387960943,0.8053509889705944,0.000439037109375,8.728291355013626,3233.8486394557826,30.91918619299572,0.1323959072732938,0.019871590968399418,0.795349308017031,0.00039488012761537336,8.743437026698203,4084.432585685485,35.07157258064517,0.12293570496746675,0.018377154111837768,0.7413546860713308,0.00033771979325023584,8.801411837978252,4281.0470399999995,37.825024,0.11650673016521224,0.01817577464649031,0.7268964838444675,0.000330358784,8.872517615399705,3931.773563508065,35.98639112903226,0.12573384012887082,0.019570080822607673,0.7502546714844668,0.0003829880634033966,8.820984483843787,4653.00864,39.404672000000005,0.11131176243812135,0.017306409448525132,0.7032926261899745,0.000299511808,8.89341555477004,4825.730627540651,39.5375381097561,0.11090743687216893,0.017166907080720963,0.6936886964649878,0.00029470269871810755,8.88068027435206,5384.599505723205,44.653095733610826,0.09643943813117001,0.016444828958667126,0.6537673624298507,0.00027043239947981693,8.975668362255277,4730.235010162602,40.885035569105696,0.11726818111162932,0.018414677261633153,0.6983459365358531,0.00033910033865010904,8.893773445861179,5925.767885015608,46.74252081165453,0.09515136120770461,0.015611247305700772,0.6192349909626902,0.00024371104243974963,8.996817848766835,fresh_bread_25.jpg,fresh_bread
1567.5985482283463,16.98597440944882,0.20044953086795014,0.025137784015363988,0.9236338105932194,0.0006319081852030892,8.182611636979335,2116.0421600843206,20.90123380246761,0.1816086913205695,0.023534948174426192,0.8972716931110467,0.0005538937855729268,8.287226292115012,1404.4693651574803,15.60531496062992,0.20946107314804766,0.02588110155669259,0.9315968042698398,0.0006698314177878356,8.110568174800294,2452.0811581623166,23.098704197408395,0.17311000133058801,0.022946161293409543,0.8809545518053196,0.0005265263181031663,8.342220954291038,3428.7072172619046,28.669642857142854,0.14844302997929293,0.020605570841965185,0.8331305480935026,0.0004245895497232458,8.502838452314299,2116.0421600843206,20.90123380246761,0.1816086913205695,0.023534948174426192,0.8972716931110467,0.0005538937855729268,8.287226292115012,3065.941902281746,26.24125744047619,0.15373767871644065,0.02134251884226432,0.8508395413268331,0.0004555031105324074,8.433060695631536,2452.0811581623166,23.098704197408395,0.17311000133058801,0.022946161293409543,0.8809545518053196,0.0005265263181031663,8.342220954291038,5414.287812500001,39.5859375,0.11952179967983681,0.01795752366697591,0.7367758589395933,0.00032247265625,8.698510529610125,4448.559775762157,34.341962711010325,0.1299621418237925,0.019086399355136167,0.7844574195873615,0.00036429064034374236,8.581864093181338,4816.756125,35.975125,0.12251580167442652,0.01860768910289507,0.7658462583613083,0.00034624609375,8.630232779913726,5244.30435878055,38.89115646258504,0.12161390764869762,0.0184772302445786,0.7458822846459902,0.00034140803751117014,8.66548451695202,7144.983996975806,48.3156502016129,0.0981753141750894,0.016204044279717316,0.6527907583256195,0.00026257105101903943,8.814086568414655,6786.575424000001,46.44921600000001,0.10331283338869324,0.01650877487883338,0.6717321464746275,0.0002725396480000001,8.771874336132072,6395.976310483871,44.414944556451616,0.10097712904441206,0.016710327523484805,0.6892957573118099,0.00027923504594213385,8.770960785687347,7825.623680000001,52.25164799999999,0.09520550354660952,0.016063107544930403,0.6214321632417743,0.00025802342400000006,8.840920439286094,8553.360772357724,55.3578506097561,0.0873110318147842,0.014983713287543641,0.5844793302515597,0.00022451166388331187,8.902908814030607,8839.404981789803,56.66447710718002,0.08242321636776814,0.014787814744675203,0.5728870780137196,0.00021867946492283336,8.893814759752964,7819.854547764228,51.75,0.08574740643381518,0.015263606210556705,0.6202963266414822,0.0002329776745509452,8.872485112744723,9747.223660249741,61.9220213319459,0.07806367799113653,0.014657671169967667,0.5289634992083576,0.00021484732412690132,8.944476819882558,fresh_bread_27.jpg,fresh_bread
1193.1080831692914,14.659756397637794,0.24124579207826036,0.033534631711790004,0.913650032824388,0.0011245715240453917,7.8199898369514385,1758.4560729121458,18.85684171368343,0.2000438859141267,0.02968070982599,0.8732045401991122,0.0008809445357746194,7.996239855974419,1340.736035925197,14.825356791338585,0.27018544248963,0.037695252235299244,0.9029111727217952,0.0014209320410828324,7.743032169632367,2224.812883625767,21.941285882571762,0.18479807340542076,0.02892005071700235,0.8395770810716763,0.0008363693334739881,8.091383603994645,2572.3843625992067,24.439050099206355,0.17224424990488876,0.027491646369463853,0.8146215126676984,0.0007557906201036551,8.169076385972375,1758.4560729121458,18.85684171368343,0.2000438859141267,0.02968070982599,0.8732045401991122,0.0008809445357746194,7.996239855974419,2903.694134424603,25.253038194444443,0.2006150620685162,0.031201213758878084,0.7905536951602808,0.000973515740027203,8.10298240823003,2224.812883625767,21.941285882571762,0.18479807340542076,0.02892005071700235,0.8395770810716763,0.0008363693334739881,8.091383603994645,4008.0597500000003,33.215500000000006,0.13887955684257713,0.024082215948703724,0.7123794721944957,0.0005799531250000001,8.375065318460965,3699.701688082641,31.280549256739732,0.13450805998798154,0.023640790865312202,0.735391806255497,0.0005588869927374289,8.348381136888726,4566.234875,34.936125000000004,0.1559241202058698,0.02729468812791236,0.671973275022623,0.0007449999999999999,8.334294097953585,4661.911249685059,36.771415973796934,0.12204720399927729,0.023025941334209935,0.6665683240532739,0.0005301939743264776,8.4475472488325,5213.326801915324,39.94739163306453,0.11676506392811495,0.022035924861577127,0.6274593636698241,0.000485581984505073,8.490519306321445,5591.138047999999,41.996032,0.09796953346661201,0.02054579431416561,0.603383577267098,0.00042212966399999993,8.54020750972759,6101.652028729841,43.23431199596775,0.12633774655027383,0.024773366547696702,0.5635541839390185,0.0006137196901065381,8.473611662709075,6963.468864,49.02176,0.0901075482877708,0.019803838011860225,0.5060073529534612,0.00039219200000000003,8.633784755381557,6224.822281504065,45.1592987804878,0.1045000172038341,0.020791997073397656,0.5569980143085838,0.00043230714230017673,8.559683705722486,7244.4691727367335,50.84131113423518,0.07584395481816283,0.018687250919684838,0.4903899457225754,0.00034921334693526184,8.654449687050311,7422.930386178864,50.18597560975611,0.10810313622655933,0.022801895080294527,0.471373473041012,0.0005199264192527598,8.572961475756028,8756.093002081165,58.14932362122789,0.07081042246023211,0.018049510778798152,0.3839831989747316,0.00032578483935395073,8.731960363413664,fresh_bread_3.jpg,fresh_bread
1858.2874630905517,20.44629675196851,0.15083162055377863,0.019471945000496146,0.9098646642323076,0.00037915664210234684,8.506812848476976,2323.1339822679647,24.24229648459297,0.13176299498416347,0.01850758223326403,0.8877544829572819,0.0003425306001210304,8.582966593583503,1269.1000861220475,16.45872293307087,0.16779510211320112,0.021556289054571222,0.938493131672187,0.000464673597804227,8.377070023260938,2508.197160394321,24.714365428730858,0.13328139184296423,0.018750963505727466,0.8788073108166469,0.0003515986323931232,8.583077521127699,3983.791356646825,33.12084573412699,0.10781301156079379,0.016185054874642654,0.8067537523357985,0.00026195600129519397,8.77410259114913,2323.1339822679647,24.24229648459297,0.13176299498416347,0.01850758223326403,0.8877544829572819,0.0003425306001210304,8.582966593583503,2605.913814484127,25.387152777777782,0.13230116026266098,0.018597366505088496,0.8737317225159076,0.0003458620409245875,8.602661440537883,2508.197160394321,24.714365428730858,0.13328139184296423,0.018750963505727466,0.8788073108166469,0.0003515986323931232,8.583077521127699,6246.4259999999995,44.880250000000004,0.08605886844950833,0.014415500013006833,0.6968822896749497,0.00020780664062499998,8.932012913096198,4802.155076845553,38.33056185437138,0.09593806140074129,0.01546612627474591,0.7680193393962895,0.00023920106194638582,8.83573821630042,4102.793625,33.96875,0.1125901141149431,0.016742710634034146,0.8012317632594332,0.000280318359375,8.763928713513685,5096.100214159738,39.182854623330826,0.09601063244412508,0.015631028953193276,0.7537735291166697,0.00024432906613556653,8.832711021533417,8248.655745967744,54.91620463709678,0.07182584774130538,0.013376009783368963,0.5993693656134158,0.00017891763772478222,9.042509194303003,7260.337727999999,50.554176,0.07720555171948276,0.013897287217295324,0.6492057895973885,0.00019313459200000002,8.984227826187782,5463.065335181453,41.06659526209678,0.09906110617541816,0.015528800546050386,0.7353092141528095,0.00024114364639901475,8.863962585958252,7587.062848,51.5728,0.07703719953647603,0.014054959551702736,0.6332859715473561,0.000197541888,8.987017380323914,9946.470973069107,63.004255589430905,0.06416167933840804,0.012621849194189204,0.5163524571170915,0.00015931107708085465,9.10980342695392,9445.892754942764,60.92618366285119,0.06383097187267565,0.012939796305165303,0.5431996164279461,0.00016743832841916963,9.075283215648195,6693.982914126018,47.22719766260164,0.08907521454871928,0.014604389706683447,0.6757053427342387,0.0002132881987046814,8.943067366431098,9547.440816857441,61.01066597294486,0.06755176980997693,0.013159794641600645,0.5380161374503669,0.00017318019500910104,9.068303307519859,fresh_bread_5.jpg,fresh_bread
817.7760826771655,10.453001968503939,0.32083039070580677,0.04896213021275745,0.9587109158990248,0.0023972901949710157,7.439410215355383,1474.1328042656087,15.727447454894909,0.26348646262074843,0.04374294393125503,0.9259280259088452,0.0019134451437729215,7.664404081264141,864.1640625000001,10.65323572834646,0.3103964202531899,0.04777916704986451,0.9565349320431308,0.002282848803978859,7.437587815954833,1113.7485894971792,12.798747597495197,0.2823211275285705,0.04569350250939771,0.9440337024078259,0.002087896171576335,7.510866273728777,1771.5252356150795,17.52089533730159,0.23762803693880724,0.041636991998752274,0.9103931797839706,0.0017336391027041609,7.7849662142113285,1474.1328042656087,15.727447454894909,0.26348646262074843,0.04374294393125503,0.9259280259088452,0.0019134451437729215,7.664404081264141,1858.6450892857142,17.69704861111111,0.23813043858202415,0.040767974547972985,0.9065272925887382,0.0016620277487441734,7.782350610513195,1113.7485894971792,12.798747597495197,0.2823211275285705,0.04569350250939771,0.9440337024078259,0.002087896171576335,7.510866273728777,2792.324,23.87325,0.19454531384761226,0.03750637966566488,0.8584816927290887,0.0014067285156249998,7.996116054653854,3061.329868984631,25.62566137566138,0.1898752935781838,0.03636730289565097,0.8459231714903184,0.0013225807199040232,8.002192090681682,2960.345875,24.259875,0.19918204823506655,0.03633516396859934,0.8511413705395937,0.001320244140625,7.996334325452279,2226.2534013605446,20.447908793146887,0.20837448726870253,0.03908855501176008,0.8879328062602134,0.0015279151329073944,7.865307242192286,3780.718560987903,29.603767641129032,0.1669320828472479,0.034372005561371176,0.8079588402728215,0.0011814347663109308,8.137938538105615,4539.780479999999,33.976832,0.14730999834513855,0.03200351980642129,0.7711174016545981,0.00102422528,8.202182636339668,4015.194997479839,29.976247479838708,0.17209198102203396,0.03333865972298746,0.7981739050248484,0.0011114662321251463,8.130346254444522,3370.1799680000004,27.44896,0.16478808609217585,0.034999545597050256,0.8300231162595308,0.001224968192,8.075702523290792,4706.930640243903,34.818724593495936,0.14204105466722805,0.031719011730988234,0.7603573944630023,0.0010060957051905694,8.2410839552138,5764.526860041624,40.65016909469303,0.12152181105034346,0.028633756685884613,0.7088675011955115,0.0008198920219464419,8.328080035523401,5012.0418572154485,35.14602388211383,0.1483561789097694,0.030916437688260235,0.7481808630352336,0.0009558261193320779,8.235755975384372,4456.87981269511,33.67286680541103,0.13709209834635225,0.03189951891817815,0.7747677917459183,0.001017579307211206,8.2249703772901,fresh_bread_7.jpg,fresh_bread
814.5503198818897,11.739173228346456,0.2680069652302992,0.03309730185500821,0.9589401261843986,0.0010954313900815302,7.792313262920567,1298.1260462520927,16.696075392150785,0.17669556144602974,0.024801987028296373,0.9346803958302714,0.0006151385605517816,8.103927556762885,1005.0996555118111,14.962721456692913,0.19037051398079657,0.0259975915198979,0.9492359647646382,0.0006758747648354671,8.066532957516454,1528.0199020398043,18.704135408270815,0.16605490266220635,0.02422951836656876,0.9231106918976097,0.0005870695602758929,8.17767907518044,1638.8286830357147,18.741257440476197,0.1816922915512752,0.025583869678386332,0.9174419648995841,0.0006545343877206556,8.114584280438885,1298.1260462520927,16.696075392150785,0.17669556144602974,0.024801987028296373,0.9346803958302714,0.0006151385605517816,8.103927556762885,1999.37642609127,22.45430307539683,0.12835811250802892,0.021076607193092536,0.8991077077149758,0.00044422337077192,8.330191380588102,1528.0199020398043,18.704135408270815,0.16605490266220635,0.02422951836656876,0.9231106918976097,0.0005870695602758929,8.17767907518044,2414.5498749999997,23.917249999999996,0.14534934840380545,0.022783286088709852,0.8784040850342396,0.0005190781249999998,8.25873245675782,2534.4367598891413,25.375409423028472,0.12289167427794206,0.020414286195510844,0.8726632862098426,0.0004167430808722246,8.362307414443164,3032.2006250000004,28.546875,0.1034201469872269,0.01920088092054633,0.8471595129142746,0.000368673828125,8.462930747065318,2876.41477702192,27.37937767699672,0.11282082868062529,0.01993911016914651,0.8554608198182101,0.0003975681143373617,8.40541633700197,2854.8985005040327,26.69121723790323,0.12976858304654243,0.021253521044896497,0.8562990917635749,0.0004517121568058583,8.34705534101686,3642.216000000001,31.622592000000008,0.1039475458338926,0.018925612698140054,0.8172676997807156,0.0003581788160000001,8.476393792939986,3957.5941910282268,33.46881300403226,0.09386264002579439,0.01810212312343711,0.8008529763668871,0.0003276868615760764,8.541655771807148,4044.9925759999996,33.837503999999996,0.09303109735354428,0.018440053796016976,0.7970055627952837,0.00034003558400000003,8.51889578378615,3211.297129065041,28.869664634146346,0.11624454505140791,0.02030618910222983,0.838470046792913,0.00041234131585551756,8.40410045831729,4400.00325182102,35.515478668054115,0.09137489517237922,0.018000819395881485,0.779725399942196,0.00032402949892314307,8.5447413866903,4794.2244664634145,37.77146849593496,0.08394534050782754,0.017335634274617272,0.759235313756611,0.0003005242157032851,8.601277767859374,4837.9001040582725,37.87122788761707,0.08272830476287647,0.0176845256782943,0.757692889709961,0.0003127424484662504,8.573328445425346,fresh_sandwich_bread_1.jpg,fresh_bread
1272.4566929133857,13.259719488188976,0.2613125390253644,0.02826225209370662,0.9387958406039877,0.0007987548934082242,7.7774565701738645,1793.2248124496246,17.316696633393263,0.21723730442184294,0.025592311420873953,0.9143120710701702,0.0006549664038629954,7.93141903493922,1098.855068897638,12.257012795275589,0.2477589417386371,0.027279165227206113,0.9471008713326267,0.0007441528554932111,7.778889387385812,1921.5368590737185,18.218364436728876,0.1964627091980589,0.023964912669689822,0.9081807821825714,0.0005743170392658598,7.997263107839387,2685.536148313492,21.865141369047617,0.19487439231804887,0.02378217953568299,0.8712775604968297,0.0005655920634674588,8.086643745398439,1793.2248124496246,17.316696633393263,0.21723730442184294,0.025592311420873953,0.9143120710701702,0.0006549664038629954,7.93141903493922,2325.387834821429,20.011098710317462,0.18316611113314984,0.02274092216738377,0.8882381104590792,0.0005171495410230065,8.089159594368432,1921.5368590737185,18.218364436728876,0.1964627091980589,0.023964912669689822,0.9081807821825714,0.0005743170392658598,7.997263107839387,4151.1655625,29.702562500000003,0.16257028983905653,0.02133974614715461,0.8016472417899438,0.000455384765625,8.267555414526761,3605.17151675485,27.707545981355505,0.1598640476131819,0.021479146670364702,0.8286051224355369,0.00046135374168703905,8.239571739812293,3619.3998125,27.218062500000002,0.1472945329524258,0.020239001642867665,0.8262678003101807,0.00040961718750000004,8.276822679714698,3882.7894935752083,29.18115394305871,0.14097226921470324,0.020066202329730914,0.8154062120775348,0.00040265247593769836,8.305236380132818,5489.547316028225,36.57213961693549,0.13857848852014518,0.01980898274911748,0.7385050237633245,0.00039239579755483383,8.392277490764013,5325.417344000001,36.61056000000001,0.13041698650674016,0.019239958419913494,0.7479033398325997,0.00037017600000000016,8.413507848995884,4857.441343245968,33.617502520161295,0.13006371259923424,0.018851476068137595,0.7671084800136956,0.0003553781499475645,8.398840537657406,5727.253504000001,38.830592,0.11161713815795211,0.01794780699695648,0.7288770060786536,0.000322123776,8.484202689155165,6726.42212906504,42.75813008130081,0.12249868708790929,0.018612811207131777,0.6805164782159233,0.00034643674103233027,8.489292841122086,6844.996162851196,44.13234911550467,0.11466926876823878,0.017824013837974672,0.6772762420610223,0.0003176954692963126,8.522845166493473,5989.40243902439,39.32926829268293,0.11373215642778128,0.017906009932719888,0.7131984892805198,0.00032062519171066324,8.486765996104136,7274.901079604579,46.63807232049948,0.09566494493198252,0.01686538718910586,0.6569923555461622,0.000284441285038456,8.57680016760335,fresh_sandwich_bread_12.jpg,fresh_bread
647.9988927165357,8.59498031496063,0.34234294753290473,0.03433135423561027,0.9698704094623135,0.0011786418836509552,7.4523755860606045,1562.994791989584,15.504185008370019,0.26082922190088725,0.02820808052278716,0.9275779295564551,0.0007956958067800444,7.820255091951406,1277.4303026574803,13.022084153543307,0.288030598227916,0.03000414450879089,0.9405584940818906,0.0009002486877044066,7.726848759225014,1648.1178002356005,15.560047120094241,0.28724689341211707,0.029877241549290987,0.9236340492468674,0.0008926495625946797,7.7488228893488085,1366.5164310515872,13.562562003968253,0.28429239639305903,0.029987301159161754,0.9363772580295581,0.0008992382308102638,7.718162783890916,1562.994791989584,15.504185008370019,0.26082922190088725,0.02820808052278716,0.9275779295564551,0.0007956958067800444,7.820255091951406,2721.038752480159,21.885974702380956,0.2249803756187405,0.025382314805488655,0.8733076021469044,0.0006442619048849286,8.029591435419634,1648.1178002356005,15.560047120094241,0.28724689341211707,0.029877241549290987,0.9236340492468674,0.0008926495625946797,7.7488228893488085,2137.0843125,18.159437500000003,0.24618581156581826,0.02738459449444158,0.900368250301412,0.0007499160156250001,7.874596489826504,3206.2529604434367,25.207608969513736,0.1883259408602214,0.023560223603477915,0.8511547226225853,0.0005550841362458778,8.12278217129227,4236.717625,30.326375,0.18006690868776787,0.022488061068598155,0.8025563653861467,0.000505712890625,8.222976927529512,3371.4782060972543,25.583018392542204,0.23024929707535163,0.02562728003464943,0.8434773221325771,0.0006567574819743413,8.056837363134642,2852.7278855846776,22.15782510080645,0.219083999035901,0.025622083047185894,0.8668161393947784,0.0006564911396768909,7.985030440059651,4822.210368,34.090303999999996,0.13994481805663272,0.020862871135105064,0.7756442734637169,0.000435259392,8.307362364559042,5704.040763608871,38.10616179435485,0.14859537536331957,0.020441968720533985,0.7338963392580652,0.00041787408517128977,8.3741010395529,5070.502464000001,34.61830400000001,0.1949037381916242,0.02310692502259875,0.7640529465451215,0.0005339299840000002,8.236456966808749,3513.7736280487807,25.74314024390244,0.19656457324279578,0.02411745101414994,0.8357215386046895,0.000581651443419922,8.088202237973125,6349.564711238294,42.07615764828304,0.10564460418078733,0.019209263965692863,0.7038712878528045,0.0003689958221036663,8.429613353769566,7066.060086382112,45.07850609756097,0.12298735089343063,0.01904714866946305,0.6700479051390686,0.00036279387243662813,8.479582481603744,6648.624544745057,42.716246097814775,0.16801418082440966,0.02132559992915629,0.6898168228324437,0.0004547812123384308,8.357958892071492,fresh_sandwich_bread_13.jpg,fresh_bread
347.8016117125984,5.945558562992126,0.39600396003146215,0.05493840206375977,0.9828451771676133,0.003018228021319324,6.993830088530325,722.7655155310312,9.769173538347077,0.30055238111490057,0.0482312350349732,0.964534991786854,0.0023262520329988268,7.324346876559664,527.8123769685039,7.6136811023622055,0.33267014465872724,0.051848087597167275,0.9739931856414752,0.0026882241874835308,7.209379899262215,736.9636679273358,9.47306094612189,0.3083731732094317,0.049807057842861185,0.9638377104724666,0.00248074301096212,7.278729244183859,665.1898561507937,8.709945436507937,0.33446374977704585,0.04912984108459742,0.9670500768174215,0.0024137412849977967,7.251052696700848,722.7655155310312,9.769173538347077,0.30055238111490057,0.0482312350349732,0.964534991786854,0.0023262520329988268,7.324346876559664,1066.5197792658732,11.716703869047622,0.2679885475068439,0.04639208421752222,0.9473236521660222,0.0021522254780456745,7.476015563662667,736.9636679273358,9.47306094612189,0.3083731732094317,0.049807057842861185,0.9638377104724666,0.00248074301096212,7.278729244183859,998.5508125000001,11.2025625,0.29806900699119465,0.044999696179529924,0.9503175167134971,0.00202497265625,7.412733205426292,1396.971655328798,14.71604938271605,0.2348191355591483,0.04089932721342419,0.930985817253032,0.0016727549665107402,7.61495493829694,1563.2255,15.057,0.23029423722789766,0.04259217944646646,0.9225791167307761,0.0018140937500000002,7.637157344456967,1373.169249181154,14.074514991181658,0.24544203728407207,0.04313451886405588,0.9321608769990909,0.0018605867176335928,7.5602156408227685,1322.5470640120966,13.42874243951613,0.2733348533841178,0.04225873058463922,0.933899688260311,0.0017858003106251221,7.5293168848583125,2015.6832640000002,18.864576000000003,0.19505493300674076,0.03541002072860168,0.8996736446121976,0.0012538695680000005,7.7974064900749935,1968.5994203629034,17.842867943548384,0.20308395068029264,0.039630613053670154,0.9021077468079676,0.0015705854910097313,7.756508596096027,1929.220288,17.81152,0.20075242159134737,0.038522178962254974,0.9039831292667788,0.0014839582719999998,7.737813922966386,1631.646468495935,15.412728658536587,0.25723761743043155,0.040348351190331165,0.918095073397057,0.0016279894437782982,7.612095766182174,2537.991480228928,22.496813215400625,0.15873788897019367,0.031276162654479106,0.8725347951034058,0.0009781983503894334,7.937510228389414,2333.473386686992,20.340637703252035,0.18437562652389733,0.03724217296902817,0.8835234430504428,0.001386979447455012,7.853935513546054,2370.390413631634,20.77347814776275,0.17527950833331912,0.03541882499370286,0.8809726530834758,0.0012544931639345504,7.866088144885023,fresh_sandwich_bread_15.jpg,fresh_bread
563.1493602362204,11.367002952755906,0.18584649880185844,0.024463630444326003,0.9663707325255889,0.0005984692145165541,8.067397187373208,1153.8156736313474,15.487320974641952,0.15468375863125308,0.021585394592528884,0.9313553420606373,0.00046592925971517516,8.220508531340016,1004.052842027559,13.928211122047244,0.1714348647863579,0.022566639443480647,0.9399677894427794,0.0005092532157720566,8.154772929951054,1214.0928141856284,15.846425692851387,0.1566835632800954,0.021762705908493534,0.9277699884602694,0.0004736153684595794,8.219708879494833,1044.906498015873,14.919890873015872,0.16156320147396147,0.0225062874803062,0.9378589673454927,0.0005065329761461876,8.202467955601442,1153.8156736313474,15.487320974641952,0.15468375863125308,0.021585394592528884,0.9313553420606373,0.00046592925971517516,8.220508531340016,2080.3748139880954,20.51618303571429,0.14681120650503077,0.020030592829760933,0.87536031721044,0.00040122464911167017,8.332863788139441,1214.0928141856284,15.846425692851387,0.1566835632800954,0.021762705908493534,0.9277699884602694,0.0004736153684595794,8.219708879494833,1591.5683749999998,18.345625,0.1486846788831647,0.02153675999889491,0.9057662497409373,0.00046383203124999983,8.273329583112668,2266.1153943058707,22.04459561602419,0.12979532958383305,0.019391045432272533,0.8654600659174309,0.0003760126429564575,8.384558774693199,3223.055625,26.76225,0.12166945228197036,0.018493770065889755,0.8064703884614635,0.00034201953125,8.45612541912052,2437.077664399093,23.08295540438398,0.13057123722685676,0.01931334439796205,0.8553143318821481,0.000373005271834292,8.396472314394504,2101.1066028225805,21.52595766129032,0.1344808654174215,0.020417681262844118,0.8761527186927963,0.00041688170815109584,8.357512120022816,3392.921088,28.068864,0.10999357821680722,0.0179719247717099,0.7989991704692573,0.00032299008,8.497195595493713,4341.232799899193,32.521484375,0.10974016561826531,0.017652994551500323,0.7389950196546299,0.0003116282166353001,8.536459373228453,3697.808064,29.706304000000003,0.11045299286969955,0.017907195425303203,0.7809478406447683,0.00032066764799999997,8.500154107889667,2547.4763719512207,23.98882113821139,0.12814450421836798,0.019710774963555645,0.8504096311074879,0.000388514649663932,8.406816706577594,4489.855554110303,33.67410249739854,0.0995147896801114,0.017072834579342337,0.7348600403522053,0.0002914816805735874,8.575272117596203,5425.929052337398,37.959032012195124,0.0974706869914333,0.01679707885365355,0.6733252134911641,0.00028214185801585527,8.611885066346018,4897.5105359001045,35.76977107180021,0.09723376210663268,0.0170020180037025,0.7107821093839299,0.00028906861619822403,8.59125463916878,fresh_sandwich_bread_18.jpg,fresh_bread
827.7086614173228,11.323449803149607,0.29012255745749244,0.03343818051867676,0.9522066697419194,0.0011181119163996142,7.577991172392832,1471.4548949097898,16.61491722983446,0.2180457501799181,0.028887633616794677,0.9156645696657841,0.000834495375978166,7.800383719785556,825.121062992126,10.568528543307087,0.3285927369777599,0.0374526344451766,0.9523801782164638,0.0014026998268840288,7.4146836195102654,1316.3524087048174,15.656395312790625,0.2366853236823236,0.02976241672314689,0.9245542574360275,0.0008858014492022537,7.76537004757863,1681.7649429563492,17.918960813492063,0.20459871643400443,0.02699651638522264,0.9032114121385917,0.0007288118969375945,7.924916426443753,1471.4548949097898,16.61491722983446,0.2180457501799181,0.028887633616794677,0.9156645696657841,0.000834495375978166,7.800383719785556,1685.431051587302,16.862847222222225,0.24020649815617165,0.03060936908280214,0.9030630390053959,0.0009369334756472036,7.773247656321913,1316.3524087048174,15.656395312790625,0.2366853236823236,0.02976241672314689,0.9245542574360275,0.0008858014492022537,7.76537004757863,2583.4430624999995,23.747812499999995,0.16397032975242537,0.023679954273076623,0.8517796754218471,0.0005607402343749998,8.119959140501942,2897.866465104561,25.99571680524062,0.1464656952484,0.023207012224075493,0.8350239033276432,0.0005385654163683894,8.139891852593262,2587.6123749999997,22.540625,0.1919469846342138,0.026955113151311386,0.8517111436369482,0.000726578125,7.986707632890753,2585.5605316200554,24.332892416225754,0.16280866639851557,0.023777591729249863,0.8528040366954934,0.0005653738684428915,8.110682455053412,3399.638041834678,28.654296875000007,0.1375123697540811,0.021652864439526808,0.805523186715053,0.0004688465384365246,8.245953268403303,4270.555264,34.067712,0.11157393773936036,0.02026507221798136,0.7584850834346947,0.000410673152,8.329372409340928,3444.441217237904,27.59066280241936,0.16069096432314028,0.024350263772608273,0.8033436077721929,0.0005929353457955988,8.130059283411576,3864.049088,31.752256000000003,0.12231118375745556,0.02064930023027415,0.7814784088553719,0.00042639360000000005,8.304207325681995,4068.01937245935,32.572217987804876,0.11651955998011673,0.020200517501214335,0.7679101965975956,0.0004080609073168666,8.334443985695064,5447.8900884495315,40.559703433923005,0.09281581505504827,0.018616611437666665,0.6938973403891286,0.00034657822142106134,8.437387051104471,4211.983676321139,31.999047256097565,0.14172404358709,0.022696422651982195,0.7604330242656281,0.0005151276011974105,8.228426007614711,5003.145291363164,37.984131113423516,0.10025570994086502,0.018783256836460052,0.7189011276315286,0.00035281073738442333,8.422438819380712,fresh_sandwich_bread_19.jpg,fresh_bread
438.1625246062993,6.509596456692915,0.5235634539972169,0.1317883055434517,0.9670856226165396,0.017368157478014182,5.937438236206225,960.3248806497616,10.358732717465436,0.4661777795275844,0.12122863492372137,0.927075804274841,0.014696381925468915,6.158379485750946,605.5129183070866,7.260334645669291,0.5080772613716251,0.12459933142395017,0.9539878821321852,0.015524993391295379,6.013844219792753,887.3602827205655,9.805443610887224,0.47376734151438216,0.12202511999772868,0.9326166350654723,0.014890129910460083,6.126053638986593,841.1575520833334,9.490265376984127,0.4772233690190065,0.12566837725763472,0.9368016472231551,0.0157925410425672,6.141943500131933,960.3248806497616,10.358732717465436,0.4661777795275844,0.12122863492372137,0.927075804274841,0.014696381925468915,6.158379485750946,1210.2483878968255,11.323660714285712,0.44342311471194207,0.11097884144452137,0.9067477120278566,0.012316303248368214,6.2734443761399445,887.3602827205655,9.805443610887224,0.47376734151438216,0.12202511999772868,0.9326166350654723,0.014890129910460083,6.126053638986593,1272.7999375,12.313312499999999,0.4396388269276158,0.12026434913088334,0.9043295684296201,0.014463513671875,6.284007429076681,1843.5638699924416,16.076971529352484,0.39507261659495735,0.10621064286053418,0.8580113637612795,0.01128070065684794,6.4501455394184894,1830.4873750000002,15.275125000000001,0.3889606475928178,0.10007000479351942,0.8569173191582878,0.010014005859375001,6.460192763151268,1698.7152935248173,15.058201058201059,0.4029332373689479,0.10731030589993315,0.8691674199445578,0.011515501752337228,6.406123028640827,1683.0953251008066,14.88148941532258,0.40953936518775685,0.1159620150484799,0.8734257745594504,0.01344718893410388,6.398781188260796,2709.510336,21.378368000000002,0.33957727064715565,0.09479118406265426,0.7881893006221252,0.008985368575999998,6.65197766519019,2421.7739415322576,18.938634072580644,0.34391566748788904,0.09031704389065019,0.8078916821808835,0.008157168417145633,6.60481684242844,2515.315136,20.043584000000003,0.3470735510685099,0.09589640276882132,0.8033681944492357,0.009196120064000002,6.606974863545634,2074.620172764228,17.263846544715445,0.3832368401900468,0.11213019964652889,0.8439114515301428,0.012573181672770425,6.490389141067617,3464.6841831425604,25.915452653485957,0.2917658592765588,0.08496651774233416,0.7249715058109478,0.007219309137258386,6.807107457469961,2865.2966844512193,21.78830030487805,0.3048675938934154,0.08206053774299578,0.7695431560891259,0.006733931854669634,6.707808843622154,3279.368886576484,24.562565036420402,0.30085811241081706,0.08580829248429074,0.7396740533935716,0.0073630630590695864,6.768912910022042,fresh_sandwich_bread_2.jpg,fresh_bread
868.4851747047245,12.769254429133857,0.21123175726301363,0.025477287523047176,0.9563722248366917,0.0006490921795320153,8.080550786871624,1353.6439332878667,17.402504805009613,0.16003878707474684,0.021844861885350852,0.9320387447169981,0.00047719799079005434,8.277463333711577,1026.2260703740158,14.689160925196852,0.18399292848609855,0.023260437594678097,0.9483577689873065,0.0005410479570959141,8.207086447078696,1508.433566867134,18.339822679645362,0.15754414425431035,0.021627248298144747,0.9242623889342086,0.0004677378689496049,8.304432452885358,1724.7299727182542,18.82793898809524,0.17252603239255915,0.022717284289431674,0.913347480674617,0.0005160750054868592,8.272108503403983,1353.6439332878667,17.402504805009613,0.16003878707474684,0.021844861885350852,0.9320387447169981,0.00047719799079005434,8.277463333711577,2070.606708829365,21.768043154761905,0.14463187318421064,0.020213531394672555,0.8955540481807319,0.000408586851443413,8.424528550860277,1508.433566867134,18.339822679645362,0.15754414425431035,0.021627248298144747,0.9242623889342086,0.0004677378689496049,8.304432452885358,2652.9436875,24.4141875,0.1621315858910083,0.021954498400100147,0.8666849355261054,0.00048199999999999995,8.372968908689444,2612.043398841018,25.284769463340893,0.13017693432615868,0.01940582252504505,0.8685279692279352,0.0003765859478735458,8.479801834913035,3223.3989375,28.5240625,0.11841621782907079,0.018370694648678913,0.8370122051403872,0.000337482421875,8.571912852156665,2954.687704711515,27.36810279667423,0.12301519940313417,0.0190076095415413,0.8512428035092561,0.0003612892204836919,8.515153241120865,3509.328125000001,29.18636592741936,0.15709677158405344,0.021727669255871843,0.8236002754537121,0.0004720916112925584,8.452216888630296,3919.0162560000003,32.48864,0.11818354130427094,0.018041133445546042,0.8022234655834983,0.00032548249599999995,8.61249570686466,4316.664755544355,34.427482358870975,0.10729314794669269,0.01716914789925376,0.781196072691578,0.0002947796395864498,8.67692786798619,4400.3072,35.241984,0.10411153431308873,0.01755590111614895,0.7778105815955627,0.000308209664,8.660221674594979,4338.014481707318,33.593368902439025,0.14273296237922914,0.02017158826260482,0.7819107666326925,0.00040689297303605663,8.536700299072624,5092.319654006244,38.73549687825182,0.10545964316200584,0.016995921838350202,0.7423027526834654,0.00028886135913530934,8.711539614857296,5356.39430894309,40.05983231707317,0.09233944356373014,0.01609538878547836,0.7278264056528753,0.0002590615401557026,8.761172093599242,5677.326092611864,41.8026795005203,0.0916240415449367,0.016212146026840783,0.7124750569612827,0.0002628336787956094,8.75622579521253,fresh_sandwich_bread_22.jpg,fresh_bread
600.2444635826771,11.037770669291337,0.230153050956573,0.027744079753037814,0.9671324980097777,0.0007697339613429227,7.833271353999761,983.3879967759935,14.972843945687895,0.1667385969943418,0.023515953138199524,0.9459905807802155,0.0005530000519979961,8.058568026635072,662.914000984252,12.41498523622047,0.1735691561979136,0.02373942052959827,0.9634441432950867,0.0005635600870811117,8.018253119590131,952.7706615413232,14.789137578275156,0.17408790443176458,0.023774804288637475,0.9476795078086281,0.0005652413189630149,8.047008296037458,1092.5999503968253,14.857142857142856,0.1894866858927251,0.024969861006278727,0.9403533594383956,0.0006234939586728788,8.007887352397749,983.3879967759935,14.972843945687895,0.1667385969943418,0.023515953138199524,0.9459905807802155,0.0005530000519979961,8.058568026635072,1219.2047371031745,16.34325396825397,0.15221178823613485,0.021762465427600446,0.9325208509676401,0.00047360490148750474,8.154369899291481,952.7706615413232,14.789137578275156,0.17408790443176458,0.023774804288637475,0.9476795078086281,0.0005652413189630149,8.047008296037458,1601.3910625,18.1874375,0.1666067473640041,0.023471350554985115,0.9128458217792353,0.000550904296875,8.11603788422952,1686.7203325774753,19.489543965734445,0.141188955014966,0.021364270357722228,0.9072927402727702,0.0004564320479178486,8.195905556634045,1786.4925625,19.8104375,0.13007876756744988,0.020302112728728505,0.9007588524714071,0.00041217578125,8.252779443155799,1701.5215419501133,19.637314184933228,0.14415162711458898,0.021416946386108224,0.9065305470751817,0.00045868559250543416,8.193429746013138,2082.405052923387,21.146988407258064,0.15531610236324017,0.022438282619960188,0.8870430900049477,0.0005034765269332075,8.194544612793015,2335.1623039999995,23.190464,0.12451815998054977,0.020041863386421933,0.8715551807837866,0.000401676288,8.294081720396246,2306.492502520161,22.975743447580644,0.11264222338674391,0.019258478724270868,0.8713919421224439,0.00037088900277319363,8.320658181018455,2433.216,23.907584,0.12163528432700409,0.019895560911922034,0.8663286051848367,0.000395833344,8.298006768702212,2518.5394435975604,23.548971036585364,0.1442998653351069,0.021649030673229853,0.8638868766198805,0.000468680529090447,8.251877429209394,2979.9272242455777,26.870772632674303,0.11025943380068043,0.01890317989854501,0.8359909302407809,0.00035733021027675607,8.37130806994406,2799.7869664634145,25.69181910569106,0.10062271219722693,0.018456911560655424,0.8432975318550644,0.0003406575843578558,8.379154045384755,3127.8143210197713,27.740829864724247,0.10818643290337981,0.0187571170129517,0.8282301444668142,0.0003518294386375621,8.379398666847408,fresh_sandwich_bread_23.jpg,fresh_bread
724.7843873031497,11.022330216535435,0.36251883624479475,0.07154733725661415,0.9586902248903584,0.005119021468511687,7.190315554396885,1347.8839357678717,16.128092256184516,0.29084870190335793,0.06295928664995534,0.9231114836858795,0.003963871775471245,7.446338973749508,1122.6096210629923,14.036417322834646,0.30790912294501094,0.0633842846801353,0.9363371259242699,0.004017567544412433,7.382213928422659,1589.7867195734393,17.145390290780583,0.2773057337228967,0.06173746209589165,0.9092968446158195,0.0038115142260416583,7.485988183774738,1446.916976686508,16.32669890873016,0.2975135032814321,0.06522606749512475,0.9169245901138651,0.0042544398808785685,7.437790516909559,1347.8839357678717,16.128092256184516,0.29084870190335793,0.06295928664995534,0.9231114836858795,0.003963871775471245,7.446338973749508,2307.1929563492067,21.207341269841272,0.253742114155151,0.058844052592427414,0.8687476277409936,0.003462622525500363,7.624636248859292,1589.7867195734393,17.145390290780583,0.2773057337228967,0.06173746209589165,0.9092968446158195,0.0038115142260416583,7.485988183774738,2155.0219375,20.5846875,0.26496811863829545,0.06113800347369874,0.8753988991513242,0.0037378554687499998,7.58037306733113,2659.302847064752,24.026706979087933,0.2359056187722952,0.05846005245876319,0.8466992067050859,0.003417577733481344,7.692972379228957,3543.6245625,27.7899375,0.2231201438994515,0.05506907948772159,0.7977985506139436,0.0030326035156249993,7.779644150460086,3193.384353741497,26.370496346686828,0.21997613819003003,0.05630084397941817,0.8157856577691905,0.0031697850327947873,7.740893949510977,2759.5679183467737,23.8664314516129,0.241389004147011,0.058085822568132106,0.8394842654023882,0.003373962783416525,7.676920720041972,3943.650496,30.702399999999997,0.20189001585812555,0.054923523266447505,0.7703585535283634,0.0030165934080000002,7.8504747259622185,4688.526965725807,33.421370967741936,0.2039988280195275,0.05253357665446449,0.7316563630367292,0.0027597766761104964,7.878704464100858,4771.476288000002,34.32428800000001,0.19001296936105277,0.05149479134825192,0.7217369808277828,0.002651713536000001,7.890316306270563,3288.3737931910573,26.63675050813008,0.2228452525704824,0.055844177184595306,0.8077126834981608,0.0031185721254244746,7.744953122191665,5078.963514568159,36.36335848074923,0.18076704998856138,0.05154172219598753,0.7015679397971808,0.002656549126928354,7.947447873625241,5695.899707825203,38.4634781504065,0.18619993821730077,0.049184721504916144,0.673012640581272,0.0024191368295161607,7.9653135312997065,6204.487513007285,41.38137356919876,0.16281788143329565,0.04673793380705542,0.6344600933324692,0.0021844344565526935,8.002929752737392,fresh_sandwich_bread_24.jpg,fresh_bread
929.236466535433,11.103715551181102,0.27796400612827304,0.029554716022150818,0.9571643813249628,0.0008734812391499783,7.7084892590320235,2408.0841961683927,20.472564945129896,0.21292978859458164,0.025393043756590225,0.8892899218403513,0.0006448066712241057,8.023300167070994,1483.1997416338586,14.901390255905515,0.23208631774311345,0.026163292004789552,0.9315217812914108,0.0006845178485278848,7.928250221035428,1312.690805381611,14.813069626139253,0.20611028342778637,0.025050965773818674,0.939651594388088,0.0006275508862010347,7.9553262552909505,2067.460317460317,18.96986607142857,0.20084274031017565,0.024337920009126622,0.9046963742801852,0.0005923343503706459,8.060655169972625,2408.0841961683927,20.472564945129896,0.21292978859458164,0.025393043756590225,0.8892899218403513,0.0006448066712241057,8.023300167070994,3393.2726314484125,26.210627480158728,0.16484988430100345,0.021698066993486278,0.8434443866108514,0.0004708061112538186,8.263068617096591,1312.690805381611,14.813069626139253,0.20611028342778637,0.025050965773818674,0.939651594388088,0.0006275508862010347,7.9553262552909505,3317.0589375000004,26.2060625,0.16618800559578722,0.022024710908999465,0.8470736230358439,0.000485087890625,8.244126024121552,5353.609284454524,36.21031746031747,0.14522875242957897,0.020816657173885873,0.7540360561815527,0.0004333332158950942,8.37432066000735,5419.0316875,36.6516875,0.13444635911385655,0.01948497016933821,0.7500670443432703,0.0003796640625,8.448420655230233,2672.4800327538424,23.335159989921898,0.1529217987813431,0.021461268109647918,0.8772255438693443,0.00046058602887419066,8.226184723102849,4553.060924899193,32.760017641129025,0.14263731440160676,0.020365608788540573,0.7900496375955736,0.0004147580213278811,8.376246683696653,8108.851584,49.883008000000004,0.11531695633292521,0.01855773779316865,0.6275247627487784,0.00034438963200000003,8.551851038666602,7316.305380544354,46.17483618951613,0.10916927801235028,0.017866726080616527,0.6625798372059509,0.00031921990083978274,8.575970522517707,4036.8167679999997,30.667007999999996,0.127011861471087,0.01968996170641274,0.8145914670418113,0.000387694592,8.380309045344392,5743.147611788619,38.821519308943095,0.1266125143996602,0.019254543341047033,0.7351428366773763,0.0003707374392722586,8.471860708833756,10345.870252341312,60.635600936524455,0.09422890666528927,0.017186112513691534,0.5246970037487291,0.00029536246333326474,8.659328207998543,8997.498666158537,54.381161077235774,0.0931454975576617,0.01672909052723745,0.5849751756566484,0.00027986246986850584,8.666716629274827,5274.887356919875,37.00403225806452,0.11215719090716197,0.018451956871969537,0.757707430185593,0.00034047471240502387,8.480972987452198,fresh_sandwich_bread_25.jpg,fresh_bread
347.8016117125984,5.945558562992126,0.39600396003146215,0.05493840206375977,0.9828451771676133,0.003018228021319324,6.993830088530325,722.7655155310312,9.769173538347077,0.30055238111490057,0.0482312350349732,0.964534991786854,0.0023262520329988268,7.324346876559664,527.8123769685039,7.6136811023622055,0.33267014465872724,0.051848087597167275,0.9739931856414752,0.0026882241874835308,7.209379899262215,736.9636679273358,9.47306094612189,0.3083731732094317,0.049807057842861185,0.9638377104724666,0.00248074301096212,7.278729244183859,665.1898561507937,8.709945436507937,0.33446374977704585,0.04912984108459742,0.9670500768174215,0.0024137412849977967,7.251052696700848,722.7655155310312,9.769173538347077,0.30055238111490057,0.0482312350349732,0.964534991786854,0.0023262520329988268,7.324346876559664,1066.5197792658732,11.716703869047622,0.2679885475068439,0.04639208421752222,0.9473236521660222,0.0021522254780456745,7.476015563662667,736.9636679273358,9.47306094612189,0.3083731732094317,0.049807057842861185,0.9638377104724666,0.00248074301096212,7.278729244183859,998.5508125000001,11.2025625,0.29806900699119465,0.044999696179529924,0.9503175167134971,0.00202497265625,7.412733205426292,1396.971655328798,14.71604938271605,0.2348191355591483,0.04089932721342419,0.930985817253032,0.0016727549665107402,7.61495493829694,1563.2255,15.057,0.23029423722789766,0.04259217944646646,0.9225791167307761,0.0018140937500000002,7.637157344456967,1373.169249181154,14.074514991181658,0.24544203728407207,0.04313451886405588,0.9321608769990909,0.0018605867176335928,7.5602156408227685,1322.5470640120966,13.42874243951613,0.2733348533841178,0.04225873058463922,0.933899688260311,0.0017858003106251221,7.5293168848583125,2015.6832640000002,18.864576000000003,0.19505493300674076,0.03541002072860168,0.8996736446121976,0.0012538695680000005,7.7974064900749935,1968.5994203629034,17.842867943548384,0.20308395068029264,0.039630613053670154,0.9021077468079676,0.0015705854910097313,7.756508596096027,1929.220288,17.81152,0.20075242159134737,0.038522178962254974,0.9039831292667788,0.0014839582719999998,7.737813922966386,1631.646468495935,15.412728658536587,0.25723761743043155,0.040348351190331165,0.918095073397057,0.0016279894437782982,7.612095766182174,2537.991480228928,22.496813215400625,0.15873788897019367,0.031276162654479106,0.8725347951034058,0.0009781983503894334,7.937510228389414,2333.473386686992,20.340637703252035,0.18437562652389733,0.03724217296902817,0.8835234430504428,0.001386979447455012,7.853935513546054,2370.390413631634,20.77347814776275,0.17527950833331912,0.03541882499370286,0.8809726530834758,0.0012544931639345504,7.866088144885023,fresh_sandwich_bread_26.jpg,fresh_bread
563.1493602362204,11.367002952755906,0.18584649880185844,0.024463630444326003,0.9663707325255889,0.0005984692145165541,8.067397187373208,1153.8156736313474,15.487320974641952,0.15468375863125308,0.021585394592528884,0.9313553420606373,0.00046592925971517516,8.220508531340016,1004.052842027559,13.928211122047244,0.1714348647863579,0.022566639443480647,0.9399677894427794,0.0005092532157720566,8.154772929951054,1214.0928141856284,15.846425692851387,0.1566835632800954,0.021762705908493534,0.9277699884602694,0.0004736153684595794,8.219708879494833,1044.906498015873,14.919890873015872,0.16156320147396147,0.0225062874803062,0.9378589673454927,0.0005065329761461876,8.202467955601442,1153.8156736313474,15.487320974641952,0.15468375863125308,0.021585394592528884,0.9313553420606373,0.00046592925971517516,8.220508531340016,2080.3748139880954,20.51618303571429,0.14681120650503077,0.020030592829760933,0.87536031721044,0.00040122464911167017,8.332863788139441,1214.0928141856284,15.846425692851387,0.1566835632800954,0.021762705908493534,0.9277699884602694,0.0004736153684595794,8.219708879494833,1591.5683749999998,18.345625,0.1486846788831647,0.02153675999889491,0.9057662497409373,0.00046383203124999983,8.273329583112668,2266.1153943058707,22.04459561602419,0.12979532958383305,0.019391045432272533,0.8654600659174309,0.0003760126429564575,8.384558774693199,3223.055625,26.76225,0.12166945228197036,0.018493770065889755,0.8064703884614635,0.00034201953125,8.45612541912052,2437.077664399093,23.08295540438398,0.13057123722685676,0.01931334439796205,0.8553143318821481,0.000373005271834292,8.396472314394504,2101.1066028225805,21.52595766129032,0.1344808654174215,0.020417681262844118,0.8761527186927963,0.00041688170815109584,8.357512120022816,3392.921088,28.068864,0.10999357821680722,0.0179719247717099,0.7989991704692573,0.00032299008,8.497195595493713,4341.232799899193,32.521484375,0.10974016561826531,0.017652994551500323,0.7389950196546299,0.0003116282166353001,8.536459373228453,3697.808064,29.706304000000003,0.11045299286969955,0.017907195425303203,0.7809478406447683,0.00032066764799999997,8.500154107889667,2547.4763719512207,23.98882113821139,0.12814450421836798,0.019710774963555645,0.8504096311074879,0.000388514649663932,8.406816706577594,4489.855554110303,33.67410249739854,0.0995147896801114,0.017072834579342337,0.7348600403522053,0.0002914816805735874,8.575272117596203,5425.929052337398,37.959032012195124,0.0974706869914333,0.01679707885365355,0.6733252134911641,0.00028214185801585527,8.611885066346018,4897.5105359001045,35.76977107180021,0.09723376210663268,0.0170020180037025,0.7107821093839299,0.00028906861619822403,8.59125463916878,fresh_sandwich_bread_29.jpg,fresh_bread
840.1112819881891,11.800504429133861,0.225229986723964,0.0271583144902049,0.9582377756543895,0.0007375740459488735,7.940036626681314,1329.0854981709965,16.38923677847356,0.1721724745754287,0.023054502467808977,0.9339619903489179,0.0005315100840382102,8.160011973665242,1007.9176304133861,13.82055856299213,0.19791760557049415,0.024579640763358637,0.94980535577323,0.0006041587400557615,8.087495120512687,1491.4770909541817,17.38347076694153,0.16846382968739443,0.022778317352361434,0.9258883811388767,0.00051885174140489,8.1935691105692,1715.1690228174607,17.786086309523814,0.18748142092178338,0.024111253777983004,0.9147258776066172,0.0005813525587462997,8.147321663499897,1329.0854981709965,16.38923677847356,0.1721724745754287,0.023054502467808977,0.9339619903489179,0.0005315100840382102,8.160011973665242,2080.905629960318,20.9671378968254,0.15376812504882442,0.021268219749315035,0.8961232062675963,0.0004523371713051541,8.32300352029154,1491.4770909541817,17.38347076694153,0.16846382968739443,0.022778317352361434,0.9258883811388767,0.00051885174140489,8.1935691105692,2660.5786875,23.274562500000002,0.17029561995915016,0.023181097498824337,0.8676959737094246,0.00053736328125,8.260918049423326,2635.522297808013,24.346056941295036,0.1385752687156759,0.020409232480723873,0.8687162224015202,0.0004165367704522344,8.375786615791057,3240.7590625000003,27.690562500000002,0.12446042544817099,0.01930455945172021,0.837827666444367,0.000372666015625,8.474149313441673,2983.9931342907535,26.581443688586546,0.1277411334154935,0.01989902490918778,0.8513189687216829,0.0003959711923364757,8.424773692318585,3544.0926789314512,28.085244455645164,0.1658429604265279,0.022780161899200513,0.8237013534813945,0.0005189357761537867,8.338847309011125,3954.7242239999996,31.497215999999998,0.12248061548999409,0.019033356824270386,0.8024768598008021,0.00036226867200000003,8.51257997540307,4357.825163810483,33.781186995967744,0.11003059590632462,0.01796764098877115,0.7813867124979236,0.000322836122701369,8.584314642178663,4474.1776,34.544064,0.11039623674520274,0.018334464159063934,0.7764062080071501,0.000336152576,8.56109051982058,4392.646595528455,32.50685975609756,0.14816848707690677,0.02110895801038932,0.781457248921378,0.0004455881082843793,8.434710253083303,5131.781477627472,37.70343392299688,0.11489824656582173,0.017882059163459314,0.7429567562765348,0.0003197680399254592,8.616697416183417,5408.001016260163,39.4087906504065,0.09363157133935739,0.016800320965061694,0.7280323618293365,0.0002822507845290915,8.671878104445074,5785.242065556712,41.33493756503642,0.09584131744418789,0.016989699006645667,0.710000485116824,0.0002886498723364168,8.670947124445508,fresh_sandwich_bread_4.jpg,fresh_bread
623.9651205708662,11.53598671259843,0.22029789069703232,0.02673303416811622,0.9658231757029172,0.0007146551158336694,7.91172554603447,1008.9125798251597,15.458676917353836,0.16138195599747124,0.022774857557720803,0.9445784533382068,0.0005186941367744724,8.125848672889326,688.0486589566929,12.87014025590551,0.16871780442642606,0.02305671455722586,0.9620494211561964,0.000531612086173391,8.083072527424093,978.6249612499225,15.265918531837066,0.16705866268418496,0.02291410007444824,0.9462497345474323,0.0005250559822218288,8.117884547002578,1121.0332341269843,15.342757936507939,0.18308332624033777,0.02414029569224831,0.9387817689646878,0.0005827538761091823,8.078714383030531,1008.9125798251597,15.458676917353836,0.16138195599747124,0.022774857557720803,0.9445784533382068,0.0005186941367744724,8.125848672889326,1251.8631572420634,16.792348710317455,0.14784074819261525,0.021143535003640253,0.9307131000967358,0.0004470490724501606,8.216954970173171,978.6249612499225,15.265918531837066,0.16705866268418496,0.02291410007444824,0.9462497345474323,0.0005250559822218288,8.117884547002578,1638.6071875000002,18.7016875,0.16173572534686534,0.02277248202326659,0.910790847460171,0.0005185859375,8.183983868022422,1717.3108465608466,19.98960695389267,0.13707418100545204,0.020762983711449818,0.9056144855453303,0.0004311014926019305,8.256793416611501,1817.1507500000002,20.234125,0.12693694798774308,0.019671570936887577,0.8990708825574063,0.000386970703125,8.310135673096312,1721.4433106575966,20.050012597631646,0.1368123586746645,0.020809556375458307,0.9054389967953904,0.00043303763654337746,8.257745028386745,2117.5359753024195,21.609311995967744,0.14916936408040632,0.02195005689209518,0.8851003698301776,0.00048180499756621524,8.250780759660612,2369.0890879999997,23.709504000000003,0.1226676322332532,0.01948224545579898,0.8697120191996358,0.000379557888,8.347372934551942,2337.693359375,23.432648689516128,0.11076252410629808,0.01862613812645324,0.8696775610376034,0.0003469330215057151,8.382751139415845,2440.295104,24.202816,0.12027114437458875,0.01938555668532632,0.8659624581651064,0.00037579980800000004,8.355364784020123,2546.2804242886177,23.94963160569106,0.14024955127218003,0.021117078990364836,0.8623403648946382,0.00044593102508530796,8.308927628507517,3012.5710197710714,27.375910509885536,0.10676773334906113,0.01840559423300352,0.8342329340508312,0.00033876589906997243,8.420376286908416,2831.6126778455287,26.152820121951223,0.1010148571224831,0.017891020870120646,0.8415630313446449,0.0003200886277750925,8.435490947336957,3125.0554110301773,28.016129032258068,0.10773859495265789,0.018260589282545484,0.8284194401644391,0.000333449120945815,8.431510904337443,fresh_sandwich_bread_5.jpg,fresh_bread
615.5541953740158,9.084461122047244,0.24314205912105002,0.02834778229424862,0.9696748588052158,0.0008035967610021157,7.757905731476688,972.2773885547773,11.899063798127596,0.22558408293077858,0.026739489785678333,0.9523066028557118,0.000715000313998396,7.872438635831754,647.697281003937,9.172551673228346,0.2513282770147061,0.028805763038860815,0.9681711180522781,0.0008297719842509998,7.725945917794792,940.5009610019222,11.6748713497427,0.22724770879778222,0.02679090571458242,0.9538653037264401,0.0007177526290076451,7.86142289190357,1241.1245039682542,13.53918650793651,0.2130134216515361,0.02582947196430691,0.938961842141796,0.0006671616219549165,7.949999593371162,972.2773885547773,11.899063798127596,0.22558408293077858,0.026739489785678333,0.9523066028557118,0.000715000313998396,7.872438635831754,1275.4359499007937,13.833643353174605,0.21562388529918672,0.02600299619609818,0.9374587154941325,0.0006761558111742964,7.937530646666377,940.5009610019222,11.6748713497427,0.22724770879778222,0.02679090571458242,0.9538653037264401,0.0007177526290076451,7.86142289190357,1901.4394375,17.694562499999996,0.1936439128043033,0.0242942170973876,0.9066404348287774,0.000590208984375,8.077512168078549,1922.3213655832706,18.21693121693122,0.19205241296853787,0.023867982706131406,0.9060652988830211,0.0005696805984601879,8.097016307576617,1945.7068750000003,18.25925,0.18782885852820394,0.024144584020024035,0.904793803711165,0.0005829609375,8.08930555152332,1804.4805996472664,17.52393550012598,0.19208071568493867,0.02388435047371615,0.9118229835148675,0.0005704621975513048,8.075816849970138,2513.746786794355,21.394468245967747,0.17227593734069713,0.022607959101669052,0.876770656171012,0.0005111198147427405,8.197842107847826,2862.217856,23.911424,0.16625677916978682,0.021788639975914053,0.8606494826511795,0.00047474483199999996,8.259490931346349,2575.528981854839,22.094380040322584,0.17289197561156744,0.022807938294189464,0.8742368946502498,0.0005202020492315542,8.192896640995324,2643.3473920000006,22.716864,0.15869027468378635,0.02151347410345433,0.871300823359204,0.0004628295680000001,8.243437709811,3102.733549288618,24.784743394308947,0.1599788040950601,0.021526296846816752,0.8481136380006388,0.0004633814559372728,8.282578455561753,3711.114789281998,28.673061914672218,0.14816597673604212,0.020381681597076137,0.8199546353682995,0.0004154129447245921,8.372351838283304,3141.2181148373984,25.343368902439025,0.1591000543161459,0.021858362150252303,0.8468929068548091,0.00047778799589158244,8.27211664612889,3417.2936394380854,27.1917924037461,0.14174793154196544,0.020201635473962403,0.8342016373841323,0.0004081060758228562,8.360631808586849,fresh_sandwich_bread_6.jpg,fresh_bread
811.0545644685039,12.631459153543307,0.3024175106769694,0.06332479327560991,0.9400778947010436,0.00401002944339873,7.2968973395926655,1896.3020026040053,21.373984747969498,0.22395551106605527,0.057060546874447456,0.8603593169432289,0.003255906009611015,7.6104272432045725,1494.9219365157483,17.470410925196852,0.3288690983464314,0.0779243924321889,0.8898335596166624,0.00607221093592578,7.3238470206088,1815.3093806187608,20.69074338148676,0.23992162280427898,0.06031401252698974,0.8663248196475406,0.003637780107105875,7.561968939981245,1525.9663318452385,18.250186011904763,0.2267868137542003,0.052498379488625756,0.8873200713830238,0.0027560798489317615,7.560299101075085,1896.3020026040053,21.373984747969498,0.22395551106605527,0.057060546874447456,0.8603593169432289,0.003255906009611015,7.6104272432045725,3078.894841269841,27.165426587301585,0.2630059469894432,0.06864879607698096,0.7742655549918102,0.0047126572028189165,7.594377645348212,1815.3093806187608,20.69074338148676,0.23992162280427898,0.06031401252698974,0.8663248196475406,0.003637780107105875,7.561968939981245,2275.3327500000005,23.176375,0.17985809370641817,0.045832362679115723,0.8320775383131008,0.00210060546875,7.713932946678275,3682.656336608718,32.389140841521794,0.14947434538816423,0.04540183648580864,0.7303595435405124,0.0020613267562841044,7.893244058840957,4722.1324375,36.22568750000001,0.22681557878855346,0.06209462285496225,0.6556121456145602,0.0038557421875000004,7.773959852532325,3502.174414210129,31.08560090702948,0.17079672993558184,0.04930822296481359,0.7435792362372764,0.0024313008519477705,7.836728346383078,2934.68220766129,27.10408266129032,0.15533738688715257,0.04187159534603812,0.7835610774004595,0.0017532304968223612,7.814514395568985,5447.4908159999995,41.949951999999996,0.11234828296015474,0.03849271473928541,0.6034777017459179,0.0014816890879999999,8.050280293789417,6274.123802923386,44.273500504032256,0.19434024386401086,0.05612495947896398,0.5446862293719716,0.003150011076515349,7.90006934210704,5157.076032000001,40.14995200000001,0.13555076839772326,0.042701263306839064,0.6246503679280458,0.0018233978880000004,7.997735430939145,3556.60137195122,30.70769817073171,0.1346993460410945,0.040275920503127526,0.7378677335348854,0.001622149772374248,7.8821988542481956,6956.25149583767,49.71624609781478,0.08809235842919358,0.0348210667520457,0.4965228994333691,0.0012125066897504225,8.14790941425164,7732.029471544715,51.536712398373986,0.17003512345318153,0.05135993685427889,0.4417718185694069,0.0026378431136755156,7.991049690441063,6651.038436524455,47.835652965660785,0.1115919862551742,0.03768561741665853,0.5186686596322654,0.001420205760074757,8.099226125676067,fresh_sandwich_bread_7.jpg,fresh_bread
1125.7859867125985,14.209584153543307,0.2289620200657756,0.02886255703018981,0.9437790666324837,0.0008330471983209592,8.060640051276373,2138.6661293322586,22.14123628247257,0.15409483244648053,0.02263182875502204,0.8939400278202009,0.0005121996727966425,8.338238192780747,1593.0088582677167,18.195497047244096,0.17456888989004474,0.024049235325051828,0.9207122152284644,0.0005783657197197206,8.238770505678932,2342.963605927212,23.309070618141238,0.149972450052705,0.022961903078661902,0.8838101097941689,0.0005272489929938629,8.345587974352885,2371.2963789682535,22.4859871031746,0.16978848187899387,0.024386051146895057,0.8815329759316544,0.0005946794905389817,8.3372944193404,2138.6661293322586,22.14123628247257,0.15409483244648053,0.02263182875502204,0.8939400278202009,0.0005121996727966425,8.338238192780747,3335.434523809524,28.482886904761905,0.12864976702292805,0.019746146685428765,0.8341165100346773,0.00038991030892246946,8.506120148849377,2342.963605927212,23.309070618141238,0.149972450052705,0.022961903078661902,0.8838101097941689,0.0005272489929938629,8.345587974352885,3656.5093124999994,29.767312500000003,0.14916196192193698,0.02213572303709549,0.817252269273931,0.0004899902343749999,8.490074044658703,4443.383786848072,35.510141093474424,0.10627498358742511,0.018296243950943765,0.7797556605768836,0.0003347525427124463,8.630358802073928,5175.920187499998,38.10568749999999,0.10558332150624225,0.017711886898351622,0.7427240841223444,0.00031371093749999986,8.668510397250982,4816.951058201059,37.15199042579995,0.10565236994588181,0.01835415918895496,0.7612469352389708,0.0003368751595334998,8.636856949218972,4878.619896673386,36.614352318548384,0.1264710784220031,0.02004884928786141,0.7560449415360595,0.00040195635776738096,8.626446561472456,6754.4835840000005,47.46496,0.07960658280632758,0.015857864673404172,0.6652949600687641,0.000251471872,8.813198744935345,6758.524634576614,46.49691280241935,0.08791029529275364,0.016142808506785074,0.6642165003382798,0.0002605902664867326,8.792375771783506,7336.782336,50.13632,0.08266018640513455,0.01598027584242525,0.6364583555767565,0.000255369216,8.81893300085213,5967.634717987805,42.1292555894309,0.1173379391274175,0.018959417470930114,0.7014622292139477,0.0003594595108370101,8.695270644586763,8689.056126430802,57.156802809573364,0.06429221168860648,0.014524250485284615,0.5694634781942316,0.00021095385215929037,8.914842232206826,8086.455538617887,53.051321138211385,0.08064117240811461,0.01532605372716288,0.5983692508400302,0.0002348879228478832,8.862307429094145,9445.112513007285,60.6633714880333,0.06811063096772815,0.014647856569491916,0.5320755536792272,0.00021455970208040747,8.921397781372157,fresh_sandwich_bread_8.jpg,fresh_bread
1388.399852362205,15.197219488188981,0.22728494288581536,0.0255172112950392,0.9297687484570529,0.0006511280722756761,8.055849548747226,2153.7709095418195,20.879471758943517,0.16360479396712452,0.021839934201572035,0.8914306730057152,0.0004769827259289959,8.282437027033481,1292.347379429134,14.4353469488189,0.2541115070326702,0.028054452308313427,0.9346011474919768,0.0007870522943194326,7.94795101315462,2299.3666067332138,22.052824105648213,0.1596770205673355,0.021716865484850696,0.8840877734096214,0.0004716222464870995,8.298432776722171,3106.992993551587,26.09393601190476,0.15017374604027067,0.0199932273956169,0.8431783044166342,0.0003997291416928461,8.419526093936,2153.7709095418195,20.879471758943517,0.16360479396712452,0.021839934201572035,0.8914306730057152,0.0004769827259289959,8.282437027033481,2987.6667906746034,25.672247023809526,0.17356180737839838,0.022102349236467915,0.8489580520588198,0.0004885138417707939,8.362180854738076,2299.3666067332138,22.052824105648213,0.1596770205673355,0.021716865484850696,0.8840877734096214,0.0004716222464870995,8.298432776722171,4796.519,35.310249999999996,0.11757002226952934,0.01766551195125689,0.7579090943845144,0.0003120703125,8.59641359093496,4705.180650037793,35.70748299319728,0.10060202035611049,0.016933391382762966,0.7635742267945302,0.00028673974372183113,8.639557587773181,4795.508125,35.987875,0.1300539333641167,0.018973151260399522,0.7577905428912041,0.00035998046875,8.588674064134409,5047.93613000756,37.88775510204082,0.0957353865016452,0.01680167059181578,0.7463227065261521,0.00028229613467588727,8.660181611937796,6131.780304939516,42.313823084677416,0.09748049821458081,0.01630319881436244,0.690535702769338,0.00026579429158062886,8.71427177460808,7054.727744,47.83340799999999,0.0769382177529847,0.014904856658150055,0.6458729393600684,0.000222154752,8.809401070332166,6512.127961189516,44.86876260080645,0.10693695210775431,0.017198312137440854,0.6713543458865168,0.00029578194037684536,8.72092540369663,7601.83488,51.00544,0.07303949001256041,0.014853171513181959,0.6183545229164771,0.00022061670400000004,8.82378488713505,7117.073043699187,47.33498475609756,0.08647364286055229,0.015446404898807779,0.6408824899348985,0.00023859142429791293,8.777914305483625,8892.10991155047,56.848074921956304,0.06203081295675847,0.014036345214487411,0.5540489371196518,0.00019701898698026363,8.894636930873162,8096.3309197154485,52.72319613821138,0.09210518619029834,0.01596161216752373,0.5917182955985156,0.0002547730629864416,8.81965709468064,9631.692767950051,60.913371488033306,0.05877336106173826,0.013932677523270515,0.5169247041748581,0.0001941195029674474,8.912066739378218,fresh_sandwich_bread_9.jpg,fresh_bread
788.3209276574803,12.185839074803148,0.185044085055772,0.025000684171694043,0.9523699643025277,0.0006250342090527931,7.9268221508802705,918.1111042222086,13.946927893855788,0.1582020743945753,0.023025847753264987,0.9447471791028477,0.0005301896647565383,8.046736989994937,641.9651205708662,10.954170767716537,0.20986228279965324,0.02678224990854499,0.9611937552262005,0.0007172889101637581,7.861843106868077,1235.2960505921014,15.255998511997024,0.16795788596906003,0.023660907745730764,0.9256591730960984,0.0005598385553519821,8.029145131327617,1588.3599330357147,17.75886656746032,0.14732662887628312,0.022079115978354685,0.9041605474052743,0.0004874873623856372,8.128691253106057,918.1111042222086,13.946927893855788,0.1582020743945753,0.023025847753264987,0.9447471791028477,0.0005301896647565383,8.046736989994937,1285.0416046626985,16.117125496031747,0.15777604820847335,0.022855212754127125,0.9226410808494342,0.0005223607500364152,8.103644930829565,1235.2960505921014,15.255998511997024,0.16795788596906003,0.023660907745730764,0.9256591730960984,0.0005598385553519821,8.029145131327617,2435.008875,22.741875,0.12575021559199975,0.020717359493308985,0.8532423676871739,0.00042920898437499996,8.241750332405571,1743.0504535147397,19.886936255983876,0.12556656293025462,0.02067388996624796,0.8956727056935533,0.00042740972633652815,8.23612130167517,1967.71025,20.603625,0.13401346841233733,0.02140221221042348,0.8820539467597043,0.0004580546875,8.22271277152249,2522.1491559586802,23.140589569161,0.12885639642651164,0.020851458944091683,0.8490419211968954,0.0004347833400971411,8.230938785461827,3243.4928805443556,27.145224294354843,0.11696303467460484,0.019880492846823195,0.8047708030926994,0.00039523399583258825,8.33305929929249,2562.4757759999993,24.630144,0.11118101820030249,0.019697189241107475,0.8474589758251588,0.000387979264,8.335791946576261,2610.1519657258063,24.353074596774192,0.1199052801998042,0.020460601914968155,0.844239219337174,0.0004186362307227985,8.30806827645632,3763.805824,29.91808,0.11330998016306032,0.01949706193250665,0.7759474442875014,0.000380135424,8.358732417605308,4009.9569359756097,31.182164634146343,0.10985618211686357,0.019199726808613017,0.7590347751065044,0.00036862950952537343,8.392834180575708,3393.257739334027,29.007349115504677,0.0981059977595039,0.018912351747652635,0.7991589456766145,0.00035767704862693964,8.40360691125203,3249.6963922764235,27.90027947154472,0.1109251121644099,0.01985759461020378,0.8069351282469437,0.0003943240637031942,8.362609128292494,4880.044549947972,35.93450832466181,0.09957686221717629,0.018532527118593923,0.7111634080597216,0.00034345456140141915,8.447362159052243,multigrain_bread_1.jpg,fresh_bread
737.1458538385825,9.696050688976378,0.39259094449960696,0.05473603715162086,0.9661041568627848,0.0029960337630636196,7.1891829208595315,1032.2594705189408,12.41323082646165,0.3525050640047407,0.05140741318990824,0.9527862904740222,0.002642722130877952,7.304085637085652,470.55487204724403,7.611958661417324,0.4392716971362598,0.05815167965949109,0.9783294396476032,0.0033816178472200697,7.048972687353794,913.6812573625148,11.538533077066155,0.38563785134017925,0.052770701785903214,0.9582098874922809,0.0027847469669767286,7.24646549641214,1458.1683407738096,14.64812748015873,0.3034714193843512,0.04697851271043218,0.9327618760335857,0.0022069806564842375,7.484036759310737,1032.2594705189408,12.41323082646165,0.3525050640047407,0.05140741318990824,0.9527862904740222,0.002642722130877952,7.304085637085652,934.7639508928572,11.438802083333336,0.3664721919958533,0.05095379576043679,0.9569033181265212,0.0025962893023963062,7.338363503878641,913.6812573625148,11.538533077066155,0.38563785134017925,0.052770701785903214,0.9582098874922809,0.0027847469669767286,7.24646549641214,2218.8096875,19.286187500000004,0.25246838476805156,0.041454606197622965,0.8973756808397375,0.0017184843750000004,7.67414368842366,1981.1684303350971,18.602040816326532,0.2614200521390809,0.04242793689964546,0.9090186853603218,0.001800129829560297,7.610335720014244,1392.2876875000002,14.5775625,0.3180685983370604,0.04628510070071145,0.9357379081327493,0.002142310546875,7.509540082888067,1713.9438145628624,16.796674225245653,0.3028630610043016,0.04441763961340539,0.9212910997515822,0.00197292670882636,7.534414713378036,2950.5043472782268,23.618384576612907,0.2147569338757428,0.03740742052858714,0.8630809844122962,0.001399315110602563,7.8242526023123045,2907.900992,24.099776,0.20653171746283766,0.03654495270211743,0.8658623778945835,0.0013355335680000002,7.810358467522338,1800.6202116935483,17.233492943548384,0.2865353560117278,0.04260267718750856,0.916805718619813,0.0018149881035430624,7.630284762941506,2500.6795520000005,21.31136,0.24922803843182667,0.038236050005197975,0.8846502310633868,0.00146199552,7.729702778709868,3647.6800685975613,27.592670223577237,0.18450409760767783,0.03400360057719874,0.8301229962042808,0.0011562448522136708,7.94158907420508,3700.0123569198754,28.654916753381897,0.17436338229897475,0.0329006195671676,0.8284962978066105,0.0010824507679034912,7.948248694294239,2146.6258257113823,19.30887957317073,0.25847369818688726,0.03985484633417269,0.9006943527059766,0.0015884087763205184,7.715673233798219,3238.014308012487,25.503381893860563,0.21145021285085136,0.03392654651402735,0.8499196173784519,0.0011510105583684615,7.876650573912253,multigrain_bread_13.jpg,fresh_bread
790.2852485236219,12.156311515748031,0.18511778062731482,0.024874393045165748,0.9521750821183832,0.0006187354293653901,7.927334378957795,911.4146568293138,13.90433380866762,0.15959388839057645,0.023017039799556445,0.9450626115079087,0.0005297841211343654,8.04367017193065,642.087475393701,10.985605314960631,0.20939536294134198,0.026665143248115912,0.9611248732209554,0.0007110298644425416,7.862309225125612,1232.1741583483167,15.254324508649018,0.16817632944313513,0.023489416106162984,0.925728667721529,0.000551752669008469,8.026876652392465,1587.276785714286,17.717013888888893,0.14688048043428345,0.02202332598530304,0.9040724544381572,0.00048502688745492416,8.125765510901275,911.4146568293138,13.90433380866762,0.15959388839057645,0.023017039799556445,0.9450626115079087,0.0005297841211343654,8.04367017193065,1284.4872271825398,16.13715277777778,0.15738661622489103,0.022901885629494186,0.9225519823530309,0.0005244963653864323,8.100927512798608,1232.1741583483167,15.254324508649018,0.16817632944313513,0.023489416106162984,0.925728667721529,0.000551752669008469,8.026876652392465,2426.3671875,22.687062500000003,0.12592790635996937,0.02069769386308533,0.8535269589976113,0.00042839453125,8.242835392508674,1723.8596623834721,19.804610733182162,0.12618997512052518,0.02068290772826058,0.8966559071797657,0.0004277826720957413,8.232799606146807,1969.2025625,20.655562500000002,0.1340560102186001,0.02127434267492183,0.8817775042180009,0.00045259765625000004,8.225018593161629,2522.152809271857,23.158100277147895,0.1297301017086769,0.02092316440443645,0.848799875427486,0.0004377788086950765,8.224521581806215,3231.0207283266136,27.10326360887097,0.11594064529970288,0.019811888180816497,0.8052043337489617,0.00039251091328917643,8.329946631794988,2539.20864,24.520512,0.111489374717408,0.0196574830535346,0.8485997525101684,0.00038641664,8.332512197710443,2611.858177923388,24.412991431451616,0.11904656367016173,0.020418507510829055,0.8438898650018546,0.00041691544896978254,8.304045283205127,3762.96576,29.943168,0.11304303981675629,0.019474412340299257,0.7756355352134222,0.000379252736,8.363952395423418,3992.988249491871,31.117314532520332,0.10851539523321901,0.01916102506373596,0.7596639380277752,0.0003671448814931176,8.39230946173343,3371.019185744017,28.9105749219563,0.09802897635009328,0.018918053947534087,0.8001491612704347,0.00035789276516181006,8.401632807548925,3247.2129065040654,27.93991361788618,0.10990402684036965,0.019788857564665963,0.8067767790628773,0.0003915988837146374,8.362399504362092,4876.898413111343,35.960457856399586,0.09880695150591748,0.01853440994596412,0.7108775340419192,0.0003435243520450537,8.449765814483454,multigrain_bread_16.jpg,fresh_bread
558.556471456693,5.868110236220472,0.7396222014706512,0.631421648198604,0.9739582467533452,0.39869329781384166,2.893640184755355,895.955111910224,8.600905201810404,0.7152466782155554,0.6281343988508462,0.9585451089528982,0.39455282301971395,2.9558503457612337,568.7784202755906,5.848179133858269,0.7424178422758102,0.6325805011832991,0.9734816656331816,0.40015809047731393,2.8880514018183563,890.693533387067,8.826337652675305,0.7032291559259484,0.6253768831300206,0.9587885566005689,0.39109624595341946,2.9566643308643865,1086.328869047619,9.50235615079365,0.708430421655022,0.6224443882429693,0.9495807994846943,0.3874370164551643,3.0342825148590538,895.955111910224,8.600905201810404,0.7152466782155554,0.6281343988508462,0.9585451089528982,0.39455282301971395,2.9558503457612337,1122.4518849206347,9.579365079365079,0.7075780370953404,0.6246480591462037,0.9479042412780474,0.3901851977951192,3.028607682630107,890.693533387067,8.826337652675305,0.7032291559259484,0.6253768831300206,0.9587885566005689,0.39109624595341946,2.9566643308643865,1668.3355000000001,13.061625000000001,0.6918235716734049,0.6133710165195695,0.9229185081945264,0.37622400390625005,3.1368906757809922,1669.1738473167047,13.500251952632905,0.6831558185996001,0.6158865593763471,0.9234653371004798,0.3793162540204346,3.114657179366989,1720.522625,13.187875,0.6913230230816103,0.6166440012022739,0.9205073256427924,0.38024982421875003,3.1274653764734053,1677.351851851852,13.953010833963214,0.6701287149325209,0.6099036010926372,0.9230903606884694,0.37198240262576665,3.138558319393101,2326.2735635080644,16.633568548387096,0.6745807245083264,0.6041519564944223,0.8930057186737965,0.36499958653603837,3.226682931646151,2463.105024,18.096256,0.6592118432151652,0.6034543743747326,0.8880711836766447,0.364157181952,3.2362273085749402,2325.417338709677,16.578881048387096,0.6748110074545429,0.6085236717530467,0.8930450997502073,0.37030105908380967,3.2055228794692185,2606.47808,19.13024,0.6470734948502574,0.5940680643023996,0.8815560021093231,0.35291686502399994,3.2790618264895643,3033.7704522357726,20.153074186991873,0.661121897477994,0.594788214718428,0.8610952983263809,0.35377302036793484,3.308284362104598,3240.299167533819,22.004292403746096,0.6416323719254097,0.5907518315448539,0.8540564442143924,0.34898772647359944,3.3340523479400064,2911.599085365854,19.639989837398375,0.6618036092403654,0.601088370594439,0.8666890561717108,0.3613072292638776,3.2702126176146065,3691.449531737773,24.218002081165455,0.6270985976971326,0.5777815126749944,0.8337365648015265,0.3338314763890048,3.399708614352763,multigrain_bread_20.jpg,fresh_bread
1295.8244340551182,16.576279527559052,0.31191317971399746,0.22024678202171943,0.9403602199198573,0.04850864499092279,7.136307829176767,1653.9813999627995,19.5260710521421,0.30535810634777943,0.21965970636271318,0.924006681111587,0.04825038659935338,7.182059774568874,757.1919291338584,12.784940944881892,0.33996701014283215,0.23107265906880464,0.9653756299348945,0.05339457376912802,6.944731358841447,1677.2741025482048,19.291214582429163,0.30155841630276387,0.21926077591525373,0.9229364817880723,0.04807528785495911,7.184795086115756,2542.024677579365,24.550471230158728,0.2777811709243313,0.2067951093586267,0.8824185173945865,0.042764217254646374,7.355585580250102,1653.9813999627995,19.5260710521421,0.30535810634777943,0.21965970636271318,0.924006681111587,0.04825038659935338,7.182059774568874,1548.6652405753966,18.990513392857142,0.3125908159267903,0.22836401155168895,0.92911608180538,0.05215012177197992,7.116561090854641,1677.2741025482048,19.291214582429163,0.30155841630276387,0.21926077591525373,0.9229364817880723,0.04807528785495911,7.184795086115756,3875.988875,32.155625,0.2558342270646777,0.19179403829368627,0.8197612064995122,0.03678495312499999,7.529163045191069,3251.9632779037543,29.206538170823883,0.2724347482422628,0.20644784691621004,0.849668622964631,0.04262071349633889,7.403153561609363,2374.0759375,24.2126875,0.29855766034985376,0.2270561991625091,0.8912731758171916,0.051554517578125,7.2056408847611095,3265.6712648022176,28.735134794658602,0.26819279563245585,0.20562458446033047,0.8490349317538997,0.04228146973448357,7.419275417575049,5147.590599798387,38.88709677419355,0.23320197857049946,0.17694593567348804,0.759275072038451,0.03130986415136617,7.678313682924675,4843.2105599999995,37.804736,0.2473394025881189,0.19200692787501183,0.7747295866035416,0.036866660352,7.5832498254619365,3151.701234879033,28.54082661290323,0.2911895637811126,0.2264278756107672,0.8555858299933408,0.051269582853605056,7.267236531567363,4944.710976,37.7744,0.24097153884355108,0.19068231036989247,0.7700085363025129,0.036359743488,7.59483289288735,6377.078506097563,45.18368902439026,0.21272521490571777,0.16190960015291406,0.699985065611365,0.026214718621676503,7.801222706296586,6340.12005723205,45.450442247658685,0.22921533722155885,0.17688542801667587,0.7031979030738595,0.031288454644642624,7.721521695382476,3860.5383003048782,32.2452362804878,0.28424275598617005,0.2262500095718029,0.8229655890228189,0.051189066831240915,7.306347663615417,6617.859391259106,45.99544745057232,0.22200313643953898,0.17590529160200213,0.6901960015335143,0.0309426716135854,7.736877068660949,multigrain_bread_25.jpg,fresh_bread
690.2982283464568,11.289862204724411,0.3858636079538489,0.06782775864865012,0.9481512296450392,0.004600604843299531,7.0599899266478765,1679.3340566681134,20.367846735693476,0.24164303191436656,0.05361788503381015,0.8748053506507836,0.0028748775954988825,7.5190377842323635,1288.607591043307,16.863988681102363,0.27092900303280165,0.05732262717223738,0.903820809610526,0.0032858835859273273,7.42012910220171,1614.5603571207143,19.916175832351666,0.2460938882723325,0.05346061133335855,0.8796351833742062,0.0028580369641364243,7.511977682937564,1233.5016121031747,16.293278769841272,0.28175919122249327,0.053486608313600435,0.9072822364650854,0.0028608172688925114,7.373673621288634,1679.3340566681134,20.367846735693476,0.24164303191436656,0.05361788503381015,0.8748053506507836,0.0028748775954988825,7.5190377842323635,2543.8289930555557,25.54972718253968,0.18101468749565736,0.04494712521358174,0.8105578032754021,0.0020202440649653955,7.742099614564978,1614.5603571207143,19.916175832351666,0.2460938882723325,0.05346061133335855,0.8796351833742062,0.0028580369641364243,7.511977682937564,1818.5669375,20.9846875,0.22612807170052618,0.046438803817497286,0.8632148039728307,0.0021565625000000005,7.56970262513347,3158.4760015117163,30.281242126480223,0.15814655208685102,0.04218718596138285,0.7648923016030202,0.0017797586593402983,7.8376376254315945,3884.6496875,33.6293125,0.14244901403203958,0.03932037381402929,0.7113736794693694,0.001546091796875,7.935599749494065,3048.399974804737,29.756487780297306,0.15782126491465148,0.04155586156565351,0.7730884325188854,0.0017268896304637584,7.827832143728871,2311.917338709677,24.655115927419352,0.1922012639353861,0.04200937656761331,0.8259686827180552,0.0017647877195995382,7.708367304180472,4631.324608000001,38.842560000000006,0.12240266313241446,0.03724500331588118,0.6558151746163954,0.0013871902720000004,8.016857603303835,4948.209362399195,39.78458921370969,0.11608453705835148,0.03584049042570467,0.6332977677484191,0.0012845407539550278,8.065534818211622,4376.580032,37.573696,0.12031097007644923,0.03614855748159254,0.6747430035637914,0.001306718208,8.006234386087542,2742.90999745935,27.750063516260166,0.1700455290438896,0.03890405933557522,0.7933350846480348,0.0015135258327859575,7.807736244085415,5844.063150364204,45.39431581685744,0.09991131652812424,0.034407093943437016,0.56641062692758,0.0011838481136325,8.129049646776146,5793.452997967481,44.3603912601626,0.10213882197054604,0.03367413237965748,0.5716543397302455,0.0011339471915226965,8.143066512498645,5352.770096253902,43.05365504682622,0.09821239162293997,0.03288583173083183,0.6028386678863668,0.0010814779286285854,8.124204260965074,multigrain_bread_4.jpg,fresh_bread
988.7274237204726,15.074003444881892,0.19153638949487545,0.03706090255897502,0.9519549168771526,0.0013735104984858412,8.16045374251308,1396.6967573935146,18.594333188666376,0.17074821267275608,0.034062791387236405,0.931935171122094,0.0011602737570903868,8.27549607141677,844.3894562007874,13.544352854330707,0.21625568088798952,0.03556536044768987,0.9589892071003986,0.0012648948637741027,8.082712510554034,1403.980407960816,18.272676545353086,0.17983069270796123,0.03370498046429174,0.9315816980487246,0.0011360257080982876,8.253050904285146,1996.5391865079366,22.50992063492064,0.14826327107344442,0.03406329515301175,0.9026157758494832,0.0011603080766811936,8.382939532354932,1396.6967573935146,18.594333188666376,0.17074821267275608,0.034062791387236405,0.931935171122094,0.0011602737570903868,8.27549607141677,1802.2268105158728,21.065104166666664,0.17253631263816205,0.0305348612659908,0.9121503912083165,0.0009323777525333052,8.343707038834758,1403.980407960816,18.272676545353086,0.17983069270796123,0.03370498046429174,0.9315816980487246,0.0011360257080982876,8.253050904285146,3102.2868125,29.3441875,0.12925354145185433,0.03198318039415405,0.8480764045903257,0.001022923828125,8.520210442327322,2783.2602670697906,27.79188712522046,0.13236055948814082,0.029104789351334207,0.8632850573474626,0.000847088763185537,8.511294048027619,2828.799,27.44075,0.14921639938961803,0.026711018618259395,0.8615976335832267,0.000713478515625,8.490097834539242,2818.0438397581256,27.56424792139078,0.13627379417872837,0.027624598431388418,0.8615873920879524,0.0007631184384954675,8.496479363869643,4104.023941532258,35.04435483870968,0.11220797125504459,0.030463638636224703,0.7981756652721819,0.0009280332789584825,8.616076457971381,4150.854144,35.593344,0.10730887382412416,0.025276921331522952,0.7943492441249419,0.000638922752,8.652451177514877,3790.3780871975814,32.93340473790323,0.13499851897540277,0.02403292093232032,0.8138661090633236,0.0005775812885391603,8.593052245622204,4205.42432,35.172672,0.1149255376837663,0.023453620616015768,0.791681703732332,0.0005500723199999998,8.635354002626029,5037.732787093497,40.12938262195122,0.10429780473505056,0.02888363084102331,0.7510842642816964,0.000834264130560513,8.69235907462292,5336.790972944849,42.018080124869925,0.09653667343962848,0.022558639690882645,0.7331631709614344,0.0005088922247030658,8.742372833123875,4667.367949695123,37.474911077235774,0.12666478962654001,0.022392477131978467,0.7700678270731142,0.0005014230321061786,8.659434705481813,5426.052354318417,41.59488813735692,0.09824314384536256,0.020216129556762052,0.7287812231164847,0.0004086918942557882,8.726767070920419,multigrain_bread_8.jpg,fresh_bread
984.6535433070865,13.4720718503937,0.25160415928624924,0.02824715134632207,0.9477688195480738,0.0007979015591820246,8.045485482432479,1923.7632835265672,20.229152458304917,0.1911552862650703,0.022888712667395138,0.8984564530437631,0.0005238931675705747,8.288958443615,1427.9965551181103,16.481053149606304,0.22731366068092018,0.025029426685604,0.9244435544763075,0.0006264722002100256,8.159750714787771,1784.9687519375038,19.79273358546717,0.18851830161912847,0.02322399184922851,0.905775748483124,0.0005393537974130322,8.273876021707615,1942.8423239087301,20.237909226190474,0.1900652784514705,0.02413734927249159,0.8969844340189932,0.0005826116299022503,8.297870902916626,1923.7632835265672,20.229152458304917,0.1911552862650703,0.022888712667395138,0.8984564530437631,0.0005238931675705747,8.288958443615,2847.3904389880954,25.08066716269842,0.1695101541319115,0.020809145125473494,0.8492223595623142,0.0004330205208530173,8.421631467165932,1784.9687519375038,19.79273358546717,0.18851830161912847,0.02322399184922851,0.905775748483124,0.0005393537974130322,8.273876021707615,2952.4383749999997,26.240000000000002,0.15778535013735973,0.021660736367907718,0.8435075301349463,0.0004691875,8.446827002540928,3724.3530486268583,30.74395313681028,0.13961848609353522,0.018899544131921873,0.8033568919539904,0.0003571927683944625,8.55030311046886,4310.8904375,33.2050625,0.14218770078123144,0.01883040053676501,0.7713404108649154,0.00035458398437500003,8.577792338485763,3398.5090702947846,29.405265810027714,0.13928122552781103,0.01948671808638892,0.8205134360484991,0.0003797321817783971,8.516056590958533,3897.264994959677,31.45955141129032,0.13914389978680008,0.020034737404465038,0.7935277986940169,0.0004013907028658705,8.567696408340803,5483.019328,40.04742399999999,0.11246012948932721,0.01698178223862266,0.7101505112240251,0.00028838092800000006,8.700440165789884,5694.464150705644,40.45129788306451,0.12081482130304386,0.01724280054098013,0.6974603988580708,0.00029731417049602465,8.700538490000868,4980.237376,37.979839999999996,0.1114144243300545,0.017507714413937645,0.7365786783197745,0.00030652006400000003,8.670649603232281,4811.599212398374,36.25190548780488,0.12209190079990796,0.018811324585647007,0.7452108919827019,0.00035386593266656754,8.649419293593121,7169.971709157127,48.48042403746098,0.09524047425933006,0.01573175758356229,0.6206110808226908,0.0002474881966679697,8.807722216499899,6982.937309451219,47.03144054878049,0.10557758392666994,0.016211086739815604,0.6285956897560047,0.0002627993332858253,8.792828412707419,6386.8553590010415,45.250520291363166,0.09358870555519097,0.016134669510985754,0.661731030978513,0.0002603275602287333,8.780146992980505,multigrain_bread_9.jpg,fresh_bread
211.24507874015748,5.42765748031496,0.5959226168259872,0.41676020833939464,0.9784568613801872,0.17368907125509564,4.378440493688399,795.4121768243535,9.435736871473743,0.5523713260709637,0.40707453289789386,0.9168833807982458,0.1657096753340385,4.503557418234365,638.1281988188975,7.458538385826772,0.5789838460601335,0.41463550185602543,0.9332963197637691,0.17192259939939805,4.426597116230852,799.1795523591047,9.558125116250235,0.5514842332298102,0.4066593284883261,0.9164897087790895,0.1653718094465763,4.511514621168134,304.4296875,6.6944444444444455,0.574775148430331,0.40687776648284313,0.9688974730965522,0.16554951685806704,4.494232921604907,795.4121768243535,9.435736871473743,0.5523713260709637,0.40707453289789386,0.9168833807982458,0.1657096753340385,4.503557418234365,1372.2160218253969,11.410466269841269,0.5501080361436217,0.4024568013012202,0.8526760368432819,0.16197147691360983,4.571118700191029,799.1795523591047,9.558125116250235,0.5514842332298102,0.4066593284883261,0.9164897087790895,0.1653718094465763,4.511514621168134,397.25249999999994,7.796875,0.5587190254667085,0.3967661637184741,0.9593384019135404,0.157423388671875,4.587533543466129,1573.0714915595868,13.955215419501133,0.5147518069962417,0.38716238537745945,0.8308497054153732,0.14989471265116444,4.702754800901877,2129.2976875,15.275437499999999,0.5251233023993671,0.39070481684546715,0.7648832180748104,0.15265025390625003,4.677462883742641,1588.9315318720082,14.05410682791635,0.513164764972413,0.38641561511558953,0.8291442962808458,0.14931702760515944,4.69726766810795,484.9690020161289,8.845388104838708,0.5482486598196932,0.3867721709171037,0.9502647150441406,0.14959271219592926,4.668663823217245,2362.384128,18.378624,0.4783438514677446,0.36690406270849607,0.7382273582138703,0.134618591232,4.858226530964666,2757.4454385080635,18.45929939516129,0.5023419074758735,0.3790811940416048,0.6864491945660087,0.14370255167600882,4.7671884273706375,2380.617216,18.424576000000002,0.4789527618893417,0.3663123346653781,0.7362069739939169,0.13418472652799998,4.855546533391215,568.4472815040651,9.825457317073171,0.5322459860511017,0.376700093104537,0.9415885155301864,0.14190296014496684,4.742354199058207,3021.5151534859524,22.055476066597294,0.4465352986080634,0.34672782516458445,0.6545072343891404,0.12022018474336266,4.994881321860684,3287.727578760163,21.17981453252033,0.4830125314941819,0.36766788387242844,0.6154258406744243,0.13517967283122953,4.843748984049637,3036.908103537981,22.140933922996876,0.45013737249552355,0.3459436919526687,0.6527471396637344,0.11967703800184296,4.991459027804207,white_bread_slices_1.jpg,fresh_bread
586.0700049212599,13.160310039370078,0.1534184911532457,0.05399775834894562,0.9724009194229044,0.0029157579067111265,7.767963583916423,925.5897451794903,15.762849525699048,0.13660322680924014,0.0452877697830238,0.9562240041781509,0.002050982091920163,7.870357595161717,617.4444512795276,13.087906003937006,0.17724216515448166,0.04692306984965258,0.9709778348563313,0.002201774484115375,7.725170450531446,916.7797135594271,15.924359848719698,0.1320112074446652,0.04531742555207677,0.9566407099084829,0.0020536690586680202,7.874751367214851,1095.9769345238096,16.544146825396826,0.13930778044888556,0.05322629886976897,0.9480728182066885,0.00283303889137397,7.842501976285237,925.5897451794903,15.762849525699048,0.13660322680924014,0.0452877697830238,0.9562240041781509,0.002050982091920163,7.870357595161717,1192.5867435515875,16.946614583333336,0.15133821247996312,0.03919521401398473,0.9437018864738448,0.001536264801602065,7.857220277703252,916.7797135594271,15.924359848719698,0.1320112074446652,0.04531742555207677,0.9566407099084829,0.0020536690586680202,7.874751367214851,1633.2227500000001,19.29825,0.13977278243025726,0.05353140506399025,0.9221235439325081,0.002865611328125001,7.883819638715021,1841.3236961451248,20.926492819349964,0.11560951950256361,0.03789498158865152,0.9119271432557925,0.0014360296296042374,7.989733540729821,1815.8938750000002,20.455999999999996,0.13455356673986452,0.033522642767613055,0.9139029819252497,0.001123767578125,7.944604714193661,1823.6041824137064,21.112622826908538,0.11678135040420401,0.037757368663757326,0.9127748993069287,0.0014256188884108837,7.994639406664626,2196.424836189516,22.166771673387096,0.13319920292912502,0.05302791556661801,0.8945110803058722,0.0028119598293403687,7.938407902028336,2868.4266879999996,26.133056000000003,0.10741915731425436,0.03218611477019244,0.8611108934283976,0.001035945984,8.082414298465661,2482.095388104838,23.899949596774192,0.12462799052645077,0.030534408771029534,0.8817862114294285,0.0009323501189963254,8.015659662331842,2838.740288,26.222399999999997,0.1058423298047526,0.03210545822753508,0.8625443371044773,0.0010307604479999999,8.07903952755026,2754.2849974593496,24.62836636178862,0.13829036622959423,0.052957231842350044,0.8666772508275027,0.0028044684044044137,7.967681689756928,3985.1814516129034,31.630723204994798,0.09460795255096369,0.029305240716818996,0.804319511051546,0.000858797133470706,8.163825479146755,3172.3379065040654,27.387449186991873,0.11226752175407734,0.025711065158197727,0.8481536118008278,0.0006610588715690891,8.085502583837073,3933.0850676378777,31.65244536940687,0.09253634819876924,0.029192334623001522,0.8068638480764398,0.0008521924007412933,8.168771675030753,white_bread_slices_12.jpg,fresh_bread
737.9461122047245,9.207062007874015,0.6055522220909106,0.3851874619522383,0.9607626118333706,0.14836938084520704,4.709958932769867,1487.751379502759,15.254634509269016,0.5362951196416672,0.3722476266554669,0.9206052009262956,0.13856829555062786,4.915725502563815,1106.462721456693,11.220964566929133,0.5805144716854612,0.3815382869670323,0.9405852682450452,0.14557146442173746,4.783674532850785,1616.0678281356559,15.76824353648707,0.5415743592011237,0.37727198231517955,0.9137575119929031,0.14233414864002517,4.9039444784200406,1445.4157366071427,14.91015625,0.5571150929098811,0.3719813938080442,0.923241854132469,0.13837015733937524,4.9306712091188825,1487.751379502759,15.254634509269016,0.5362951196416672,0.3722476266554669,0.9206052009262956,0.13856829555062786,4.915725502563815,2270.758556547619,19.6375248015873,0.5189581496781294,0.3654733747042445,0.8772407190031736,0.13357078761770913,5.051085895762174,1616.0678281356559,15.76824353648707,0.5415743592011237,0.37727198231517955,0.9137575119929031,0.14233414864002517,4.9039444784200406,2212.9480625,20.351687500000004,0.5263632853642874,0.3617933548873238,0.8826462817657577,0.13089443164062503,5.086871108276831,2854.7915091962714,24.701814058956913,0.47812404355181487,0.35193756495738027,0.8468446476682355,0.12386004962813024,5.199568991280599,3636.0131250000004,27.936124999999997,0.4757558211435885,0.3505490475890999,0.8020648530712667,0.12288463476562503,5.239623673561578,3230.989543965735,26.620181405895693,0.4824963355957439,0.3573821625200401,0.8266621781687882,0.12772201008750036,5.202513812223133,2934.456086189517,25.12355090725807,0.5027712373220066,0.35265774440543773,0.844606604117258,0.12436748468913104,5.202366009665029,4345.398976,33.330752000000004,0.4313966138433599,0.3324104273695397,0.7656540738558865,0.11049669222400003,5.408496726371473,4912.552293346774,35.06275201612903,0.4446086312170349,0.3382658739067625,0.7307464490768049,0.11442380144990573,5.367849940073509,5029.355008,36.947584000000006,0.43605489398516406,0.33721289047721775,0.7287701280395712,0.11371253350400004,5.415797389819368,3598.31631097561,29.28379065040651,0.4858483280727101,0.34357382985383855,0.8097556636191174,0.1180429765604344,5.2960359066498395,5708.539412070761,40.54565556711759,0.40238559734386903,0.31713195062214633,0.6906195175307034,0.10057267410540746,5.557447700177558,6149.240536077235,41.50387449186992,0.4216555496681219,0.3254502203800792,0.6607062596106205,0.10591784594544211,5.461518053822095,6718.040777835588,45.559378251821016,0.4037687831090067,0.31966218365828925,0.6359000176096201,0.10218391166118584,5.574065709210724,white_bread_slices_13.jpg,fresh_bread
1442.623031496063,17.90132874015748,0.2997345496210585,0.2021137511865208,0.8846333875350767,0.04084996841868684,6.519842679304987,2469.2626945253887,24.195424390848785,0.2607506072327165,0.1918301370459259,0.8040219350961052,0.036798801479058715,6.626653195847373,1481.168799212598,17.37906003937008,0.2996590097024158,0.2022018005861879,0.8815508811912646,0.040885568160296495,6.496261321465146,2482.7469774939555,24.44032488064976,0.2553240054640667,0.1916891033384589,0.8029517275039139,0.03674471233870238,6.630886468809667,2822.7891865079373,25.281870039682545,0.2705110147175595,0.18848795874387891,0.7746488865152762,0.035527710591434204,6.680280619586833,2469.2626945253887,24.195424390848785,0.2607506072327165,0.1918301370459259,0.8040219350961052,0.036798801479058715,6.626653195847373,2938.93291170635,25.26760912698413,0.2705619379648502,0.18891193788116778,0.7653768098321058,0.03568772027401819,6.673866511534057,2482.7469774939555,24.44032488064976,0.2553240054640667,0.1916891033384589,0.8029517275039139,0.03674471233870238,6.630886468809667,4252.721374999999,32.206875,0.2509825474181613,0.175278517205475,0.6610513051919993,0.030722558593749998,6.80774196816112,4903.313051146384,36.09271856890905,0.2189048171256149,0.16629582373413232,0.6121556560344447,0.02765430099141361,6.8615348470973405,4445.245375,32.697,0.24874329221252348,0.17529137016158267,0.6457068344954643,0.030727064453124994,6.813011418492467,4890.252834467121,36.06777525825145,0.21772774963496186,0.16618073402102765,0.6131886986154876,0.027616036359767532,6.861233614856468,5498.00025201613,37.895413306451616,0.2354266712967214,0.16171375191705772,0.5624869940825374,0.026151337559091693,6.9120135969908905,7363.436544,47.35641600000001,0.18557291391726524,0.1405406411256189,0.4193435125661834,0.019751671808,7.042314145053483,5855.674521169355,39.34110383064516,0.2275820019716133,0.16150883669945093,0.534024437250319,0.026085104332009907,6.920880549739564,7380.082048,47.436032,0.18538062569406183,0.1404375699020743,0.4180309026419381,0.01972271104,7.041138311311735,6494.583714430894,42.456046747967484,0.22133971480354706,0.14810648352926803,0.48394996082811925,0.021935530463405344,7.007797271704897,9693.306451612903,57.640868886576484,0.15222922705631603,0.1147697325592651,0.23768402218456228,0.013172091511725235,7.18603472169757,7103.042936991871,45.02972560975611,0.2114173689269973,0.14777273946057776,0.4356026887867428,0.0218367825276838,7.020632607398359,9771.411680541103,58.10913111342352,0.1535100692730971,0.1147563353095128,0.2315415501333468,0.013169016493669337,7.193815787665256,white_bread_slices_15.jpg,fresh_bread
931.3065329724409,14.69285187007874,0.20533326080918335,0.0533225870446628,0.9553914419604301,0.002843298289135641,8.117218063959339,2259.912331824664,23.68689937379875,0.14997422514089181,0.04228994780975249,0.8920119283818824,0.0017884396857515894,8.390975672355864,1682.8848425196854,19.539124015748037,0.15626235200324295,0.042589649699728525,0.919035309287458,0.0018138782615455863,8.335270175553937,1982.6252092504187,21.880215760431522,0.15804865443416002,0.042527498072954334,0.9052619061894,0.0018085880923451347,8.349279189336434,1766.2952008928573,20.066406250000004,0.18323384009050037,0.052275835760618665,0.915424293353154,0.002732763004471177,8.243757155571807,2259.912331824664,23.68689937379875,0.14997422514089181,0.04228994780975249,0.8920119283818824,0.0017884396857515894,8.390975672355864,3485.4116443452376,30.0055183531746,0.1209864756548831,0.034038540904457806,0.8320148140847697,0.001158622266904447,8.561354091614184,1982.6252092504187,21.880215760431522,0.15804865443416002,0.042527498072954334,0.9052619061894,0.0018085880923451347,8.349279189336434,2686.3550625,25.7074375,0.1623551836510605,0.051447447397805865,0.8713475247148551,0.0026468398437500015,8.359924650241162,4584.963214915597,36.70660115898212,0.11364001019592272,0.03333130151052268,0.7806099401892859,0.0011109756603853715,8.641195989910646,5370.5064999999995,40.068875,0.09980088860039288,0.02843375662175155,0.7407759879637766,0.0008084785156250002,8.724722186248671,3943.211199294533,32.93619299571681,0.12305158710036322,0.03378203554726153,0.8113194499352593,0.0011412259257164415,8.569530296763265,3489.5672253024195,30.163621471774192,0.15198501441367013,0.05111572701179195,0.832881486422729,0.002612817547944037,8.42278818177985,6865.98016,48.17536,0.0929832796282799,0.027932865803565524,0.6709446870398942,0.0007802449920000003,8.793987963719324,7092.939201108872,48.67193800403227,0.08367290486484277,0.02595307321259402,0.6570684678769864,0.0006735620091782652,8.823079745264938,5823.474111999999,42.57248,0.1023276165574052,0.028323416743041435,0.7209097776060513,0.000802215936,8.718051055799323,4182.682799796748,33.80475101626016,0.14750679344742287,0.05069896771591989,0.7997049113854726,0.0025703853274598874,8.47694706132738,8891.662851196668,58.00299167533818,0.07783390266344366,0.02575750166847889,0.5732013304463246,0.0006634488922016928,8.889677703079489,8634.524199695123,56.229103150406516,0.07404794932139327,0.021209153063476625,0.5816768569269074,0.00044982817366997986,8.915652989634545,7487.31594693028,50.77861602497398,0.09065074370834814,0.026270608497442404,0.6406172129513275,0.0006901448708258931,8.81343722733792,white_bread_slices_17.jpg,fresh_bread
424.87143208661416,5.592765748031496,0.4695250084332977,0.10803492975963942,0.9792550395633689,0.011671546048170223,6.185814467087627,1661.1045942091885,14.488560977121956,0.35333395880690865,0.10158927013950807,0.9195175983297114,0.010320379807477947,6.605372402000258,1702.3991141732283,14.135457677165356,0.3556402627858548,0.10439627523529951,0.9172574882689212,0.01089858228300441,6.6095396596198945,2031.8841217682434,16.46506293012586,0.3322504491894715,0.10296907535993277,0.9015527060518228,0.010602630480479514,6.668920410247869,828.4738963293653,8.594556051587304,0.39287467703849555,0.10219149374680615,0.9595266331527617,0.01044310139420352,6.462637127433286,1661.1045942091885,14.488560977121956,0.35333395880690865,0.10158927013950807,0.9195175983297114,0.010320379807477947,6.605372402000258,3650.9644097222217,25.349826388888886,0.28216230116756225,0.0982895404259789,0.8230525152023092,0.00966083375715014,6.949277832137797,2031.8841217682434,16.46506293012586,0.3322504491894715,0.10296907535993277,0.9015527060518228,0.010602630480479514,6.668920410247869,1261.7348749999999,11.511625000000002,0.34831983617374174,0.09955341688008502,0.9383248869978335,0.009910882812499999,6.6442731134553785,3458.4981733434115,25.08068783068783,0.274716232803382,0.09352581339716409,0.83281461865336,0.008747077771601159,6.968896611301352,5769.0031874999995,36.49068749999999,0.2385388250807983,0.09301274694228742,0.721189678031553,0.008651371093749997,7.161726055891126,4250.7222852103805,29.006235827664398,0.25799342449925855,0.09593759236118503,0.7945181566412945,0.009204021628060909,7.032609883798232,1700.4036038306454,14.351688508064516,0.31590870642491636,0.09599224138746532,0.9168360527444788,0.00921451040658941,6.796554060226182,5416.248192000001,35.521664,0.22986281306581138,0.08569405225568459,0.7387497086777506,0.007343470592000001,7.202389481411532,7901.237588205647,47.22775957661291,0.20808928371342736,0.08841182115926836,0.6192045444771558,0.007816650120698453,7.3051622532617255,6619.427519999998,41.25407999999999,0.21430877225862655,0.08998995143903567,0.6807196133053391,0.008098191359999998,7.248297995309849,2137.6558689024396,17.017657520325205,0.29254810555098243,0.09351688175984123,0.8953938698742547,0.008745407174084126,6.906837818587263,7411.085652965661,45.71897762747139,0.19569372472813068,0.07818159536258629,0.6432850350544905,0.006112361853439173,7.379346001825013,9960.462398373986,57.279471544715456,0.18159826870280715,0.08454028543842064,0.5213328493774074,0.007147059862009637,7.410990213785802,8975.044940166492,52.99356139438085,0.18518515668597052,0.08551604270212569,0.5680297540840251,0.007312993559431785,7.403041179004843,white_bread_slices_18.jpg,fresh_bread
627.3793676181103,9.983944389763781,0.2766100279642532,0.06616072323084074,0.9689412724407621,0.00437724129842791,7.446308338790014,1247.2735445470892,14.234298468596938,0.24179573510102798,0.059203187634245535,0.9382163795843319,0.003505017426055684,7.60225709506294,715.0302042322835,10.595041830708663,0.26677629952444093,0.06000850973094081,0.9645109635137973,0.003601021240128418,7.516057503032042,722.4610949221899,11.561721123442247,0.24712172450087572,0.05931850320705351,0.9642106101655664,0.003518684822725217,7.567549829306259,1259.8224206349205,14.307167658730158,0.2446057830782351,0.06513002604346572,0.9375728600703871,0.004241920292422524,7.609592553696257,1247.2735445470892,14.234298468596938,0.24179573510102798,0.059203187634245535,0.9382163795843319,0.003505017426055684,7.60225709506294,1505.8544146825402,15.908854166666668,0.21866146407308235,0.05013042881696563,0.9251095044390669,0.0025130598933728585,7.7453897259845474,722.4610949221899,11.561721123442247,0.24712172450087572,0.05931850320705351,0.9642106101655664,0.003518684822725217,7.567549829306259,1935.7240625,18.242687500000002,0.22385457787780033,0.06440046523026834,0.9039963030732479,0.004147419921875,7.7203713922056645,2603.619299571681,22.0602166792643,0.20264178594952836,0.049174250414608114,0.870664561949752,0.002418106903838586,7.843727538280751,2359.323375,20.944875,0.19107816066052075,0.04253697839821253,0.882414012052803,0.0018093945312499995,7.903022207699138,1293.3012723607962,15.537981859410433,0.21258016964172946,0.049313955649985176,0.9357381484942826,0.0024318662218487047,7.752339770212439,2638.4357358870966,22.11164314516129,0.21437200567747433,0.06419937762789706,0.8690528609530781,0.004121560087809329,7.804008496394947,4023.917184,29.558528000000003,0.17807135836158255,0.042204445642609736,0.7995543291428561,0.001781215232,8.007396652962884,3235.9489667338717,25.826360887096776,0.17015249266541776,0.037983019534281334,0.8384305464748995,0.0014427097729415976,8.015223987653098,1869.687872,19.100223999999997,0.18918271149050658,0.04225699052227927,0.9068098227968502,0.0017856532480000002,7.880816915233545,3331.6582825203263,25.798272357723583,0.20266975627664818,0.06366480977444929,0.8345317256106161,0.0040532080036168126,7.863636583843794,5412.794029656608,36.671631113423516,0.1574849378587294,0.037882361093745195,0.7297846612854889,0.0014350732820368997,8.123334584369506,4104.7547002032525,30.526422764227643,0.15115584807880067,0.03477090326064725,0.7947743193711404,0.0012090157135612898,8.109782767092025,2422.7486992715926,22.51040582726327,0.16954516575194778,0.037866642462187426,0.8789126221085332,0.0014338826113591357,7.9866919413121416,white_bread_slices_19.jpg,fresh_bread
293.18497785433067,5.555179625984252,0.5753617062881775,0.2571682382301593,0.9671378803875461,0.06613550275440394,5.190041168065095,874.7940975881951,9.25203050406101,0.5092577649274325,0.24798430569013333,0.8993713058584744,0.06149621586861749,5.391854484401798,666.8369832677165,6.939468503937007,0.5549363375178925,0.25133870856447726,0.9234143338078388,0.06317114642285925,5.274703975885405,867.2799305598612,9.223882447764895,0.5185605180329677,0.245297663090241,0.9002356701902726,0.06017094351753338,5.394932099434499,507.74311755952397,7.785528273809525,0.5177544996741814,0.24904859241465696,0.943059740664964,0.062025201383721924,5.409357011269855,874.7940975881951,9.25203050406101,0.5092577649274325,0.24798430569013333,0.8993713058584744,0.06149621586861749,5.391854484401798,1309.404265873016,11.310391865079364,0.4822927954412508,0.23603337353908868,0.8451757038335375,0.05571175342424296,5.567519764227017,867.2799305598612,9.223882447764895,0.5185605180329677,0.245297663090241,0.9002356701902726,0.06017094351753338,5.394932099434499,727.4673750000001,9.804625000000001,0.48063036190572894,0.24264724910865978,0.9183774233768236,0.05887768749999999,5.556482984858147,1627.1593600403125,14.35273368606702,0.4347344682385357,0.23277275790024488,0.8071754486353419,0.054183156820486016,5.698658264352092,1963.0415625,15.512187500000001,0.4297962061153293,0.2227869682075794,0.7606771654248878,0.049634033203125,5.7727990173650285,1597.6301335348953,14.233056185437137,0.4401974275403062,0.22759411507588592,0.8106747738968277,0.05179908121717561,5.710321169398735,911.4909274193549,11.469758064516128,0.45358447660168977,0.23749571991246776,0.8976774004236734,0.05640421697674134,5.67300834187361,2346.6334720000004,18.89216,0.3852513651722622,0.21919482855213532,0.7130993447430799,0.04804637286399999,5.907900246664182,2526.731161794355,19.169417842741936,0.3936882129257616,0.2120088774832385,0.6819091492744,0.04494776413170283,5.922881318545395,2285.2504320000003,18.657024,0.392240209089946,0.21425898646264527,0.720604067831621,0.04590691328000001,5.918003122215035,1024.1175685975613,12.649453760162604,0.4324009839033277,0.23323153866681162,0.8849566007113308,0.05439695062888845,5.761603387052721,2918.621357960457,22.569588969823094,0.3509268134535979,0.2077517981186835,0.6313206141105148,0.043160809621546226,6.061004110329396,2993.642339939024,22.232787093495936,0.36528951985871616,0.20251351514676752,0.6113373492112782,0.04101172381710003,6.042221203377721,2801.6134235171703,22.066597294484914,0.3580746398381123,0.20378520725673563,0.6461010217495838,0.041528410696670695,6.070872512253028,white_bread_slices_21.jpg,fresh_bread
207.55579478346456,5.16037155511811,0.5187039700675098,0.11468485686054376,0.9756395531291858,0.013152616393123411,5.9495074077224706,728.990823981648,9.078988157976317,0.42307533312710316,0.1011668773211239,0.9120515110317603,0.010234737066907331,6.259675654824295,597.2977977362204,7.328309547244094,0.4922194677268533,0.10670211055847921,0.9284139368328612,0.01138534039763392,6.120613727153856,766.8172856345714,9.621303242606485,0.4426165517818391,0.10302107468535195,0.9074900891677603,0.010613341829324864,6.264259466368575,311.4268973214286,6.942522321428573,0.41293272254780905,0.10682324658813357,0.9634828986556198,0.01141120601162919,6.217169066844183,728.990823981648,9.078988157976317,0.42307533312710316,0.1011668773211239,0.9120515110317603,0.010234737066907331,6.259675654824295,1146.6839037698414,11.695932539682543,0.3882063215461229,0.09228896502565039,0.8585930294033765,0.00851725306550572,6.483173113839219,766.8172856345714,9.621303242606485,0.4426165517818391,0.10302107468535195,0.9074900891677603,0.010613341829324864,6.264259466368575,414.856125,8.461375,0.34538938137774994,0.10301297893044836,0.9513949739973347,0.010611673828124998,6.38777262525229,1299.4838750314943,13.715797430083148,0.3062690431314492,0.08714786720445898,0.838782020735598,0.007594750758286018,6.63640492996851,1712.1659375,16.021437499999998,0.31333184876525005,0.08109229887911673,0.7824089124373326,0.0065759609374999965,6.7460275638433025,1389.9865835222977,14.869425547996979,0.3234746598750223,0.08816165417196652,0.8275656772196591,0.007772477266337421,6.661329615891054,523.9146295362902,9.863974294354838,0.30069885296602594,0.1003554264867444,0.9386661035587377,0.010071211625336361,6.513851273966114,1863.0305280000002,17.981696,0.23434827789636403,0.07663671976278734,0.761916266935953,0.005873186815999999,6.882146647590133,2266.4665448588707,20.015057963709676,0.25454852446522286,0.07177743880210334,0.7027209309381162,0.005152000720989691,6.9334064760563425,1999.8017920000002,19.593919999999997,0.2525684579025773,0.07741596982535322,0.7444655617922659,0.005993232384,6.911008659416557,614.3817962398375,11.123539126016261,0.2683881229753514,0.09849113199850022,0.9281096432961178,0.009700503082345994,6.623528340137639,2417.774128511967,22.005918314255982,0.18884299158021184,0.06787095013471636,0.6812493436927798,0.004606465872189155,7.0628162816790665,2696.842162093496,23.176003556910572,0.21624020346066283,0.06490979561121972,0.6352142296840342,0.0042132815662903195,7.06841178490642,2573.4244276795007,23.622138397502603,0.2077929092112027,0.06873685087742752,0.6607775939260591,0.004724754668545708,7.079947161438694,white_bread_slices_22.jpg,fresh_bread
368.59565698818886,6.170214074803148,0.5010016777590808,0.2716032053604865,0.9667850099590912,0.07376830116209059,5.5439848721479255,690.252402504805,9.029636059272118,0.4646203059899834,0.26590539136020874,0.9367175701150563,0.07070567715442579,5.706058198770935,466.2215797244093,6.522883858267715,0.49781885971417567,0.2700353666992053,0.9574261827423755,0.07291909926837428,5.568970924569513,690.257238514477,8.79564759129518,0.47384758103401015,0.2657126439568772,0.936717126749062,0.0706032091585542,5.657094733564582,674.4445064484125,8.985801091269842,0.46591716050894677,0.26532061682324093,0.9389070411424991,0.07039502971146504,5.732536347140269,690.252402504805,9.029636059272118,0.4646203059899834,0.26590539136020874,0.9367175701150563,0.07070567715442579,5.706058198770935,920.2156498015872,10.191344246031745,0.45993276345549916,0.2617497207728418,0.914249556831201,0.06851291632466065,5.803328807104898,690.257238514477,8.79564759129518,0.47384758103401015,0.2657126439568772,0.936717126749062,0.0706032091585542,5.657094733564582,985.836,11.604,0.4449595349169681,0.25895137468861795,0.9103060256001949,0.067055814453125,5.873786608740313,1265.1821617535904,13.62660619803477,0.41945182826790506,0.25383465018702894,0.8809555224909378,0.06443202963557136,5.970986165182276,1394.799,13.722624999999999,0.4290703370083782,0.25396510663991817,0.8672539874177083,0.06449827539062501,5.974438161830458,1257.0874275636183,13.240992693373649,0.42685450142472653,0.25351056424161356,0.8817171783467901,0.06426760618210127,5.9140880897144745,1264.6894531250002,13.81193296370968,0.4280919560789665,0.25292765706547743,0.8844740164047009,0.06397239970863176,5.974387983751665,1816.3976959999998,17.783680000000004,0.3836777539771316,0.24208446050087562,0.8245403311133648,0.058604886016,6.1620847528775595,1848.6764742943549,16.91072328629032,0.4049000511379202,0.24642806046441437,0.8201631505918979,0.060726788984253065,6.106217501003827,1797.690624,17.200512,0.39643758711126403,0.24157682325918603,0.8263473894828982,0.05835936153600001,6.102081454666754,1516.823043699187,15.77591463414634,0.4118259551787371,0.2469270648353545,0.8610216829527841,0.06097297534820337,6.061743271976553,2289.9397112382935,21.277640478668054,0.3580259517275024,0.2308275689156812,0.7727634043503067,0.053281366571523554,6.311020178987417,2214.9657647357726,19.51149644308943,0.3834554050377772,0.23927629007032605,0.7800003070435902,0.05725314298981881,6.2139346495946866,2277.8104188345474,20.69491415192508,0.3700451599959223,0.22995977454006505,0.7739670251705149,0.05288149790651755,6.254604061163294,white_bread_slices_23.jpg,fresh_bread
863.8137918307086,13.180548720472439,0.2968090480472647,0.07878128539575156,0.9526011364929843,0.0062064909286068575,7.5953889940343435,1784.7690495380994,19.09207018414037,0.25088879463493785,0.0694823359650547,0.9018986242163923,0.004827795011160734,7.772883472374895,1307.4477116141732,15.418553149606298,0.2857559025270969,0.07065982773226778,0.928135048794497,0.00499281125515376,7.673145162982706,1675.4050468100936,18.65670531341063,0.265401182863968,0.06957284180987512,0.907909714894495,0.004840380317501908,7.752892513205606,1678.5906498015875,19.08296130952381,0.24248444225819363,0.07681826247479745,0.9077330507150498,0.005901045449646874,7.791406155007334,1784.7690495380994,19.09207018414037,0.25088879463493785,0.0694823359650547,0.9018986242163923,0.004827795011160734,7.772883472374895,2638.7674231150795,23.840091765873016,0.22744453947719395,0.059996505178028625,0.8543139640707235,0.0035995806335772157,7.930668481774653,1675.4050468100936,18.65670531341063,0.265401182863968,0.06957284180987512,0.907909714894495,0.004840380317501908,7.752892513205606,2546.7421249999998,24.325875,0.21463969850323886,0.07639162053196673,0.8597593166508752,0.0058356796874999995,7.9143399340694565,3446.7384731670445,28.967246157722347,0.1886035302676953,0.059338890329038364,0.8093520848355759,0.003521103905481643,8.023254291299846,4081.3475000000008,31.98375,0.1861658376116074,0.05192728915873618,0.7736614316638369,0.002696443359375,8.104897142512826,3254.6438649533893,28.244897959183675,0.21360649658788738,0.059297020037853254,0.8199755921255889,0.00351613658536957,7.997435403310657,3291.5444178427424,28.501953125000007,0.19499038732520083,0.07580528022735558,0.8185523404492123,0.0057464405103479065,7.997770945706994,5075.388224,37.750208,0.15289699299594245,0.05121941631842363,0.7174413516108934,0.0026234286080000007,8.202688212964457,5421.158959173386,39.029800907258064,0.16325132780454743,0.04576485141338531,0.6981262916613353,0.002094421624889235,8.214928107135457,4775.774848,36.26048,0.1818540210844985,0.05163622170531071,0.7341215359168163,0.0026662993920000006,8.148404501844812,3916.0969893292686,31.8838287601626,0.1813387400831739,0.07500366737190252,0.7839024015837911,0.005625550119234994,8.052141738639131,6599.830124869928,45.549687825182104,0.13005881774508465,0.045012251106713544,0.6305993855353309,0.002026102749693835,8.313537164559625,6702.389989837398,45.44867886178862,0.1444033500917993,0.04164739431968949,0.6254231363568679,0.001734505453619704,8.295814259753389,6096.729708636836,42.99128511966702,0.15578758538503357,0.0456078766279157,0.6587300250260439,0.002080078410507179,8.250665950418883,white_bread_slices_24.jpg,fresh_bread
624.53094242126,10.522453248031498,0.4612278743201056,0.26623740005958524,0.9606810840507735,0.07088235319048765,5.956707097086693,1555.1045942091882,16.4001488002976,0.39997393301878725,0.2547741788158076,0.9014220403908492,0.06490988219126911,6.132937745847192,1221.1962352362207,13.036048228346456,0.43762300931045117,0.2623617662374094,0.9221580040454221,0.06883369638321307,6.032806048761316,1557.8781077562155,16.206212412424826,0.4126540023405737,0.2579323939566593,0.9012462275822236,0.0665291198522133,6.115500220045392,1185.0419146825398,14.891617063492065,0.41983954688271596,0.2568299008456011,0.9254780326810813,0.06596159796836128,6.121420276430458,1555.1045942091882,16.4001488002976,0.39997393301878725,0.2547741788158076,0.9014220403908492,0.06490988219126911,6.132937745847192,2511.3137400793657,20.974082341269845,0.38096002572541915,0.24853218130531057,0.8382900391740659,0.06176824514437576,6.2701043317108,1557.8781077562155,16.206212412424826,0.4126540023405737,0.2579323939566593,0.9012462275822236,0.0665291198522133,6.115500220045392,1838.6231249999998,19.269874999999995,0.3893297018500904,0.24781454917185547,0.8845183751301682,0.06141205078124997,6.253284913874861,3052.7945956160247,25.25352733686067,0.346196902514108,0.23573137918720335,0.8047750264547189,0.05556928313350105,6.3992679972143645,3903.90525,28.69125,0.34367654091591743,0.23454858155481348,0.745975353196081,0.055013037109374996,6.45644477692423,3100.629062736206,25.293209876543212,0.3551277838304171,0.23944505324204374,0.8017160317252665,0.05733393352208516,6.383617207931593,2438.6948084677415,22.778351814516128,0.3714752232527513,0.24034024652867847,0.8470247799403205,0.05776343410146595,6.3509955512440355,4572.543296,33.317696,0.31100578505477067,0.21885146480661263,0.7049786257869664,0.04789596364800001,6.5999148856721845,5266.257560483872,35.75453629032259,0.31804774053352514,0.22306058661367723,0.6537135241056735,0.0497560253004378,6.595685612986393,4744.37408,34.046144,0.31530549703413485,0.22297787370050867,0.6938920705055479,0.04971913215999999,6.587991938219482,3057.6619664634145,26.387068089430898,0.35337316461414875,0.23275610451018106,0.8084676419703152,0.054175404186754324,6.444317559206308,6004.822125390218,40.62805671175858,0.28497736733051604,0.20475359021700912,0.6091867129848024,0.04192403270675489,6.763498847729636,6559.032710873984,42.27724847560976,0.29560154392970656,0.21203770700949487,0.5640133884504724,0.04495998919384439,6.711861664186911,6341.719172736732,42.15309573361081,0.2868714612221547,0.20755609634473238,0.587234209688065,0.04307953312986383,6.757374458740918,white_bread_slices_25.jpg,fresh_bread
822.8800442913385,16.023252952755904,0.21213762931097513,0.0814710070749097,0.9269440725407538,0.006637524993799986,7.595559573660683,1517.4227168454338,21.778969557939117,0.1778968483546443,0.07435810600391593,0.8627606077674682,0.005529127928489598,7.759913113586538,868.2906619094488,14.932763287401574,0.2197454597111832,0.07925707931456161,0.9215220475673849,0.00628168462147471,7.552051303027719,1171.3051646103293,18.038130076260153,0.2039325558013625,0.07654814871995828,0.894063659940243,0.005859619072452851,7.631540011378436,1561.8412698412699,22.680431547619044,0.17402339055038002,0.07692513769109251,0.8615493019371696,0.0059174768087935405,7.773716668865004,1517.4227168454338,21.778969557939117,0.1778968483546443,0.07435810600391593,0.8627606077674682,0.005529127928489598,7.759913113586538,1642.1406870039687,21.905443948412703,0.1720800493270895,0.06934199312280016,0.8488675202702554,0.004808312010242466,7.791740381778636,1171.3051646103293,18.038130076260153,0.2039325558013625,0.07654814871995828,0.894063659940243,0.005859619072452851,7.631540011378436,2410.470625,28.14,0.15159028647237602,0.07384058261298458,0.7867524961099751,0.005452431640625001,7.86584396188557,2995.627802973041,31.67277651801462,0.13595894840867004,0.06206411526800829,0.7245282019230828,0.0038519544040006197,7.968556843338886,2431.66525,27.38075,0.1457910550521103,0.06169910288549582,0.7718550110483987,0.003806779296874999,7.918400103329833,2067.124716553288,24.987528344671205,0.1616320743348818,0.0671862976393789,0.80995962150217,0.004513998590487212,7.83858765646988,3229.7076612903224,32.51688508064516,0.1439559691227918,0.07264317106076737,0.7150370641193179,0.005277030301763909,7.90932118859276,4507.590400000001,39.603456,0.11091955539907788,0.05256015342443361,0.5783170988131277,0.002762569728,8.076936866473307,3196.614100302419,31.939705141129032,0.12988548884434414,0.0560698897554438,0.6943283089511619,0.0031438325371876217,8.005015512645352,2970.982912,30.404480000000003,0.13778571731130124,0.05926842316107288,0.7223166549257438,0.003512745984,7.9521634658673115,3977.178988821139,36.28607723577236,0.1324228608166602,0.07054600930550232,0.6500790729963193,0.00497673942893202,7.943604711166992,5905.567832986472,46.26762486992716,0.09588254385753583,0.04486829601553409,0.43861553314913965,0.002013163987337592,8.142454385652638,3943.2947154471544,35.84502032520325,0.11886586000577629,0.05135424167443508,0.6158082168284834,0.0026372581379562844,8.064527261525512,3824.448686264308,34.84293704474506,0.12283975492483293,0.053123848603627934,0.6369638347587473,0.002822143290461181,8.0254579588428,white_bread_slices_26.jpg,fresh_bread
597.3450418307086,7.485297736220474,0.2848231535528716,0.03652683700705491,0.9720458755867041,0.0013342098217399563,7.038025258696863,1029.9655279310557,9.970487940975879,0.262316726176598,0.03446244977706935,0.951940655366365,0.0011876604446370274,7.13224804284598,577.1535433070867,7.484375,0.28143945730819864,0.03605717641254526,0.973001742071404,0.0013001199708454103,7.037483149336809,1048.1773823547646,10.125054250108501,0.2642351158716144,0.0344058793675355,0.9510905198654447,0.0011837645350534054,7.132033548012648,1250.5889136904764,10.805555555555557,0.26350409510190914,0.03427305450931733,0.9416218356186599,0.001174642265398637,7.144369939630554,1029.9655279310557,9.970487940975879,0.262316726176598,0.03446244977706935,0.951940655366365,0.0011876604446370274,7.13224804284598,1258.557291666667,11.167906746031747,0.2554456246797326,0.03360171756070596,0.9412980164912487,0.0011290754230294552,7.160227135817324,1048.1773823547646,10.125054250108501,0.2642351158716144,0.0344058793675355,0.9510905198654447,0.0011837645350534054,7.132033548012648,1916.6053749999996,14.028374999999995,0.24465616388495665,0.03247258459069742,0.9107524549737109,0.0010544687499999994,7.236021641405162,2210.3614890400604,15.957860922146637,0.2219263475960545,0.031269988855959926,0.8973993892885184,0.0009778122030518579,7.286892136080181,1956.8604374999995,14.706437499999996,0.241119833705534,0.032322804208097404,0.9089912391326952,0.0010447636718749994,7.23426146462352,2253.9378936759886,16.08440413202318,0.22643893056685596,0.031511836767499364,0.8953738552505007,0.000992995856461525,7.277151091982757,2580.8014112903224,17.170362903225808,0.22968614401936846,0.031125235411280667,0.8801102326289273,0.0009687802794076401,7.310456855185194,3405.059712,21.761024,0.20290429450318245,0.02918971873793922,0.8427389324619126,0.0008520396800000001,7.407872958455583,2637.268397177419,18.136214717741936,0.2213831059722531,0.030895432682576506,0.8776983465190241,0.0009545277606436166,7.305593214862053,3489.245824,22.048896000000006,0.2020721751205741,0.029550401689317187,0.8388403942794613,0.00087322624,7.388464662527209,3253.6729547764226,20.38306656504065,0.22074504066230427,0.029991884388057895,0.8491993603512987,0.0008995131291466308,7.383819696321541,4571.068223204995,27.390283558792923,0.18313055090447655,0.02779502457675275,0.7898971345718461,0.0007725633912222895,7.498713702580785,3178.155551321138,20.84927591463415,0.2043553334637875,0.029913124166448788,0.8530310129427006,0.0008947949973973825,7.3647958342800885,4723.098335067638,27.99518730489074,0.18015763938575624,0.028238541126625986,0.782881024069394,0.0007974152049601472,7.477597894669913,white_bread_slices_27.jpg,fresh_bread
355.9040354330709,5.676058070866143,0.6280345014427784,0.4431729638890753,0.9708687497040529,0.19640227592222761,4.179910124193571,1382.7465434930868,11.559365118730238,0.5872756458394308,0.43479678884075734,0.8848597737175583,0.18904824758623415,4.332673591961868,1119.6198326771653,8.884842519685039,0.6204592796051166,0.4413186367672086,0.9064476105937471,0.1947621391580674,4.23704378439534,1226.2915865831733,10.455266910533823,0.5952063502068371,0.43515044865758146,0.8978876559613348,0.1893559129668944,4.296911511192532,643.0021081349207,8.089905753968255,0.600887671084358,0.43352926967911654,0.9474067547330426,0.18794762766850814,4.324168954738087,1382.7465434930868,11.559365118730238,0.5872756458394308,0.43479678884075734,0.8848597737175583,0.18904824758623415,4.332673591961868,2305.313120039682,15.438244047619047,0.5751245283624181,0.42958728435344445,0.803599923155404,0.18454523487816712,4.431644809424595,1226.2915865831733,10.455266910533823,0.5952063502068371,0.43515044865758146,0.8978876559613348,0.1893559129668944,4.296911511192532,962.0438750000001,10.458875000000003,0.5781523318570133,0.423482797392645,0.9213656657980833,0.17933767968750003,4.436235788095274,2760.280360292265,19.116087175610986,0.5411708888919646,0.4166372806786036,0.765865606866871,0.1735866236512615,4.561338790833813,3562.3293750000003,21.920875000000002,0.5414118705357939,0.41792761830324754,0.6903231409008819,0.174663494140625,4.573351949540011,2382.4581128747795,16.867283950617285,0.5485718444421754,0.417750044753294,0.79791350456735,0.17451509989137917,4.508632228414045,1281.5008820564517,12.66053427419355,0.5620165662889599,0.41351693089083125,0.8953245327540964,0.1709962521333725,4.534775459320002,4191.54336,26.552768,0.5004956172625922,0.39823131015026936,0.6376054918612236,0.15858817638400002,4.735372765564309,4730.896043346775,27.769657258064516,0.5144405698148281,0.4065385430579422,0.580892053806999,0.16527358699167433,4.682605341412557,3598.7913599999997,23.153728,0.5167689337618028,0.40013238641229726,0.6888539345084389,0.16010592665599999,4.678902985089459,1591.557228150407,14.773691565040654,0.5446854527024599,0.403356370750991,0.8700815755640899,0.16269636182541092,4.6255332121716695,5480.433467741936,33.093067117585846,0.46928342521917904,0.3798900599679345,0.5177518143976224,0.14431645766244086,4.876839697818312,5862.060975609756,33.20706300813008,0.4902688535144607,0.39502984793167567,0.4702975766210692,0.1560485807569228,4.7720354541008705,4653.701287721124,28.50630853277836,0.48274080815183945,0.38227871558888943,0.5904997267919322,0.146137016392291,4.812453764219645,white_bread_slices_28.jpg,fresh_bread
303.2839566929134,7.467027559055118,0.5631032111076963,0.44018288457472954,0.9603171783573294,0.19376097187252966,4.4923188772699945,784.7705995411989,11.16591233182466,0.5246687777764532,0.4319195463338417,0.8934055888020705,0.18655449450523165,4.590100910961837,574.5027066929134,8.517470472440944,0.5550705950573128,0.43831142709493415,0.9220156745649107,0.19211690712199778,4.511140977910543,741.4726889453777,10.551863103726205,0.5344404805692372,0.4324104273746909,0.8992866899655959,0.1869787777023628,4.573803906800853,444.8664434523809,9.267237103174601,0.544854056216234,0.43035504514401035,0.9416997273657601,0.1852054648809032,4.602019162989233,784.7705995411989,11.16591233182466,0.5246687777764532,0.4319195463338417,0.8934055888020705,0.18655449450523165,4.590100910961837,1196.6556299603174,12.35404265873016,0.5280198887877166,0.4270521906868233,0.830901124362028,0.1823735735704149,4.652346016279889,741.4726889453777,10.551863103726205,0.5344404805692372,0.4324104273746909,0.8992866899655959,0.1869787777023628,4.573803906800853,614.4906250000001,10.960000000000003,0.5294237948579142,0.42016856968736377,0.9193379892624094,0.17654162695312506,4.694999281502653,1482.443751574704,15.477009322247419,0.4952678689366231,0.41432160713215166,0.7900264745269726,0.171662394136569,4.760974272542579,1838.980375,16.087375,0.5053243724535701,0.4153448609476527,0.7287733532078607,0.172511353515625,4.764143177940607,1372.842214663643,14.549697656840515,0.5004524676532535,0.4153942650869322,0.8055504504471598,0.1725523954671125,4.747083054509806,753.7857862903226,12.346648185483872,0.5162653792432518,0.4097858881255759,0.9008847223621682,0.16792447410686703,4.775894248641178,2145.4112640000003,19.372352,0.46506635506084854,0.3962535308006731,0.6822809331052269,0.157016860672,4.905662688989611,2433.259450604839,19.273311491935484,0.483232692296377,0.40372239083285905,0.6255891725452462,0.1629917688597998,4.8542691585658515,1978.876608,18.030016,0.47176434372948356,0.39807285138275883,0.7069434471871711,0.15846199500799998,4.888165135632645,878.8736661585365,13.528899898373986,0.5051979558794514,0.399247635145248,0.8842309302883282,0.15939867416907308,4.849715602162612,2721.443743496358,22.59267689906347,0.43978078451476144,0.3777006226551963,0.5788128819545568,0.142657760354123,5.031380894478924,3031.2987169715443,22.489392784552848,0.46305734180608243,0.3921304501307076,0.5118819141173861,0.15376628991971134,4.93370103227516,2550.6888007284083,21.21962799167534,0.4475145501633485,0.38052987419933415,0.605239951192464,0.14480298515816106,5.008023716040551,white_bread_slices_3.jpg,fresh_bread
1205.769562007874,15.966412401574802,0.20555241710953182,0.09017572920330454,0.9232022001529683,0.008131662137347711,7.7656123146371066,1788.7704755409513,20.01432202864406,0.1831317844557826,0.082658675998346,0.8848686244334978,0.006832456717799541,7.878892910842012,923.1465920275592,13.567482775590554,0.21845011020356392,0.08440367511814299,0.9406071945834505,0.00712398037344903,7.701805779517393,1743.6618513237026,19.864095728191458,0.1801017939342384,0.08266539565164627,0.8877825364274267,0.006833567638243217,7.878847976712761,2466.2405133928573,23.985677083333336,0.17523032387849774,0.0887246346486567,0.8429831154105184,0.007872060793537613,7.936114607085031,1788.7704755409513,20.01432202864406,0.1831317844557826,0.082658675998346,0.8848686244334978,0.006832456717799541,7.878892910842012,1823.7437996031745,19.947296626984127,0.18390891315420188,0.07579044857407798,0.8814378004428117,0.005744192095059958,7.915233596567481,1743.6618513237026,19.864095728191458,0.1801017939342384,0.08266539565164627,0.8877825364274267,0.006833567638243217,7.878847976712761,3791.065125,31.337375,0.1621621540344836,0.08805937272658715,0.7587825559347927,0.0077544531250000005,8.037706826294311,3581.934051398337,30.794217687074834,0.14561110615510178,0.07386993825942527,0.7670775688224669,0.005456767778451302,8.086030406104895,2792.50275,25.766000000000002,0.16000867509996614,0.06765612730935756,0.8165253299379849,0.004577351562499999,8.047281741320752,3478.3929831191736,30.210569412950367,0.14712693947058075,0.07364878111371773,0.7739011678420032,0.005424142959536304,8.082103603495957,4999.752331149193,37.670677923387096,0.15284909779303987,0.08751270286475969,0.6820189345224273,0.00765847316269572,8.098984682299077,5382.863936,40.210496,0.12587381150215854,0.06610753905569319,0.6463357626710327,0.004370206720000001,8.211456608318914,3693.8915070564512,30.702872983870964,0.14572723153395672,0.05975018216845358,0.7547032944690161,0.0035700842691633885,8.155621021511092,5229.627775999999,39.511295999999994,0.12670490952196592,0.06574670814573152,0.6567305536336253,0.004322629632000001,8.212521179247192,6009.391006097561,42.76778455284553,0.14564259858894052,0.08743718598711155,0.6173958273619075,0.007645261493344735,8.143242592033177,6979.737513007284,48.37226847034339,0.1124289491951178,0.058758111332105345,0.5364984476252556,0.0034525156473160868,8.31192940778403,4490.284870426829,35.01263973577237,0.1311702469963697,0.053790810366921425,0.6988903554149583,0.0028934512799301012,8.228982719288075,6815.765153485952,47.408103537981276,0.11223425287128372,0.05822443425472695,0.5481776288304562,0.0033900847442830213,8.305764343292534,white_bread_slices_6.jpg,fresh_bread
563.9033587598425,6.197896161417323,0.6273115779272183,0.4089036520355935,0.9750359958757688,0.1672021966480457,4.32879141245532,1344.724223448447,10.457126914253829,0.5909260313649012,0.4002762505841014,0.9404273268903001,0.1602210767816663,4.461575051470086,1128.8016732283468,8.438730314960633,0.6196566635920234,0.4059053087597799,0.9496725055677839,0.1647591196793723,4.3951193535718724,1591.3445966891934,11.967449934899868,0.578895353272977,0.3993742282677473,0.929501789429848,0.15949977420445877,4.515150069503759,1132.1685267857142,9.813740079365079,0.5912437367700172,0.40012069672719247,0.9499289015971715,0.16009657194945393,4.50654109868058,1344.724223448447,10.457126914253829,0.5909260313649012,0.4002762505841014,0.9404273268903001,0.1602210767816663,4.461575051470086,2360.0027281746034,15.038566468253968,0.5698856818848661,0.39264963751536563,0.8943850019694255,0.154173737840948,4.6228959945704915,1591.3445966891934,11.967449934899868,0.578895353272977,0.3993742282677473,0.929501789429848,0.15949977420445877,4.515150069503759,1742.4099999999999,13.309000000000001,0.5692366898984165,0.39149252666877304,0.9230141405857424,0.15326639843749998,4.637673285991118,2685.704648526077,17.549445704207606,0.5402194133030029,0.3818881596442688,0.8807119397729876,0.14583856647648655,4.707009374922243,3652.5251875,21.5470625,0.5365706315732409,0.37968270573104856,0.8359149103879359,0.14415895703125,4.782743591996821,3231.9151549508692,20.64934492315445,0.5257465788507472,0.37954064463863046,0.8564514940747663,0.14405110093270718,4.780087126934311,2367.5147429435483,16.678931451612904,0.5494207643803326,0.3833494386469806,0.8955052905434978,0.14695679211095516,4.746978065526914,4098.17504,24.528192,0.5022976713167585,0.3636521421798585,0.8174949947133071,0.132242880512,4.896191924107324,4916.678805443549,27.849672379032256,0.505409685788011,0.36671604002944996,0.7782591580513776,0.13448065401488116,4.915664989649695,4965.659072,29.262656,0.4875201100890617,0.3599027950544424,0.7788631216720127,0.12953002188799997,4.980967348072773,2959.582888719512,19.770261686991873,0.533856409082279,0.37614447248327476,0.8695352932612713,0.14148466417972103,4.836233849484208,5478.27790062435,31.10750520291363,0.4699193046634131,0.34610240344563886,0.7554159898589714,0.11978687367084778,5.05589946274905,6162.041349085365,33.88459095528455,0.4797410323095602,0.3538029558270542,0.7211663083336043,0.12517653155196046,5.025165453271304,6676.54454994797,37.52790062434964,0.44950301892481453,0.34111670075690265,0.7019179987701252,0.11636060353527426,5.151050474783185,white_bread_slices_8.jpg,fresh_bread
695.380782480315,9.040723425196848,0.37938176100416077,0.103833444090025,0.9662001290548505,0.010781384111596348,6.175121688279932,1315.4039308078618,12.913137826275655,0.351741818972499,0.09616160270179751,0.9360419906416405,0.00924705383417835,6.294569477248809,933.4216289370081,9.574926181102365,0.3979595794898475,0.10013509202889773,0.9543264364592254,0.010027036655635816,6.153999322292412,1419.6358732717467,13.487692975385952,0.3465344214342465,0.09590817999252808,0.9309740503277774,0.009198378989479165,6.324378954295641,1403.5355282738096,13.715463789682538,0.32241309710595345,0.0987596317913011,0.9319430037964896,0.00975346487155337,6.391902286471803,1315.4039308078618,12.913137826275655,0.351741818972499,0.09616160270179751,0.9360419906416405,0.00924705383417835,6.294569477248809,1937.4906994047624,15.513888888888893,0.3367808519440086,0.09020597196247439,0.9048434030763974,0.008137117377694715,6.39203022730028,1419.6358732717467,13.487692975385952,0.3465344214342465,0.09590817999252808,0.9309740503277774,0.009198378989479165,6.324378954295641,2165.3073125,18.1905625,0.2893181100004743,0.09601255207653842,0.8952477014089478,0.009218410156250002,6.540493519567423,2586.412698412699,20.252456538170826,0.2930523708464503,0.08577448149697403,0.8740968863567187,0.00735726167607474,6.558720168884113,2973.93775,21.305625,0.2998658420057483,0.08296144624161274,0.8534077912189335,0.0068826015625,6.560932383474933,2835.0025825144876,21.671768707482997,0.27579681706288606,0.08443771119368404,0.861996935184472,0.007129727071627994,6.612645630580498,2898.4256552419356,22.394279233870964,0.2652285830702814,0.09365739592082864,0.8601019697873912,0.00877170781067085,6.660734863943652,3819.7361920000008,26.885760000000005,0.2570455078184044,0.0776468905752188,0.813860551285578,0.006029039616000003,6.739558710067782,3929.0980972782254,26.532195060483872,0.2708296634044023,0.07650461623610294,0.8056409913208249,0.0058529563054333855,6.686089909634671,4267.566528,29.548223999999998,0.23372736149223103,0.07569097933043277,0.7920434068516766,0.005729124352,6.803892927732619,3568.958777947156,26.17689278455285,0.2480750858784133,0.09182700621855092,0.8280869360626879,0.008432199071061788,6.760386100153389,4940.64951873049,32.83825442247658,0.2262395493353626,0.07096382486115378,0.7590245222477959,0.005035864438924508,6.883045137315275,4713.452934451219,30.821201727642276,0.2430413021520582,0.0713149158941671,0.7661393524130581,0.005085817228992127,6.785854545843637,5617.618496357962,36.84183142559833,0.1961777914312442,0.0684437646042958,0.7260230928479683,0.004684548913208255,6.964726265220504,bread_with_green_mold_11.jpg,spoiled_bread
635.8863188976379,14.376107283464568,0.205094204104612,0.09091224239441578,0.9431378318172643,0.00826503581718101,7.893963370516022,1142.9497178994359,18.27986855973712,0.1844424449811915,0.08251323253701157,0.8960720017798499,0.006808433543706943,8.025301251654348,861.970841535433,14.858021653543306,0.21130740480067628,0.08294130917581949,0.9215844219802205,0.006879260767798879,7.90306612188509,1151.9056358112716,18.393948787897575,0.18043726489783843,0.08253177194236334,0.8952578053662421,0.006811493379946272,8.024294417003063,954.2795758928571,17.906187996031743,0.18461178138452494,0.08993844977113742,0.9147655113994679,0.00808892474723541,8.010101379082084,1142.9497178994359,18.27986855973712,0.1844424449811915,0.08251323253701157,0.8960720017798499,0.006808433543706943,8.025301251654348,1454.7589905753966,19.39378720238095,0.17637120314528448,0.07449271680085402,0.8654820997107194,0.005549164856372238,8.073749212762236,1151.9056358112716,18.393948787897575,0.18043726489783843,0.08253177194236334,0.8952578053662421,0.006811493379946272,8.024294417003063,1271.7850625,20.836312500000002,0.1702124349540466,0.08938233143007067,0.8865928462587842,0.007989201171874998,8.0858730673783,1819.239669942051,23.357583774250443,0.15557233682554839,0.07374408397886564,0.832055770880568,0.005438189921881988,8.182700881688266,2047.795,23.221125,0.1573269197132371,0.0667049971188441,0.8074510250207495,0.0044495566406250004,8.172636235631554,1859.8139959687578,23.707923910304864,0.1513764136238263,0.07357623548261852,0.8283108210015244,0.005413462427793733,8.19010111414281,1549.0169480846773,23.075163810483872,0.16746189720024968,0.08893462714654601,0.8621163727786793,0.007909367905695158,8.130055988991243,2466.8604800000003,27.757375999999997,0.13481319027934552,0.0659332491539739,0.7688503954998163,0.004347193344,8.291172510274182,2593.5635710685483,26.50422127016129,0.14069027610410734,0.059350651142553563,0.7519252832958677,0.003522499791045095,8.244179705141788,2556.33248,28.32416,0.1303350299666869,0.06570372287777917,0.7604677562998151,0.004316979200000002,8.304516688472876,1768.3144690040654,24.84089176829268,0.15943488042617407,0.08864156640375884,0.8428297717554948,0.007857327294511987,8.165291982303145,3019.937109781478,31.082791363163373,0.11848759096077735,0.05859813959656398,0.7127547352267746,0.0034337419641783996,8.366742410052453,3003.5109247967475,28.901930894308943,0.13426178033237807,0.053663045990206694,0.7081327912860471,0.0028797225049470385,8.302343921913483,3178.2862252861605,32.19855619146722,0.11525127966661684,0.058430020941956116,0.6976923298254847,0.0034140673472774306,8.38945183546879,bread_with_green_mold_15.jpg,spoiled_bread
1122.775159940945,14.911478838582681,0.268548725153954,0.09010945325595585,0.9443112967788099,0.008119713566087292,7.680639778212889,1870.6590613181224,20.24105648211296,0.23635970974402568,0.08237341234578727,0.9073969744866162,0.006785379061489099,7.843922476514388,1121.3243110236222,14.301058070866144,0.28237851845529716,0.08393602345758015,0.9441654560373426,0.007045256033871445,7.680018692510567,1722.4653729307456,19.216938433876862,0.24666520653046908,0.08256962970092407,0.9147326249293781,0.006817743748947723,7.809199603436355,2323.097098214286,23.0078125,0.22312294864308183,0.08842621321167154,0.8842744524140028,0.007819195182955995,7.890160860177302,1870.6590613181224,20.24105648211296,0.23635970974402568,0.08237341234578727,0.9073969744866162,0.006785379061489099,7.843922476514388,2356.620101686508,22.490265376984127,0.23191117927760668,0.07475326060786713,0.882413257543988,0.005588049971507699,7.927498709705949,1722.4653729307456,19.216938433876862,0.24666520653046908,0.08256962970092407,0.9147326249293781,0.006817743748947723,7.809199603436355,3576.236375,30.088125000000005,0.20124861961446483,0.08794239725169539,0.8210324315910305,0.0077338652343750015,8.013620261258998,3762.5961829176113,31.332136558327036,0.18721253755378142,0.07377295603269779,0.8125544785811025,0.005442449041802362,8.092416765944774,3663.8368124999997,29.757562500000002,0.2025776907312603,0.06681426856873462,0.8167999775530614,0.004464146484375,8.089951487323175,3326.5119047619046,28.718253968253972,0.20380095409848462,0.0733537331104657,0.8342755141407366,0.005380770161241432,8.03903838823522,4733.853641633064,36.2409904233871,0.18448863214752176,0.08723922437847109,0.7619394270232109,0.007610682270157224,8.10656920237697,5568.170752000002,40.798592000000006,0.1585390360505493,0.06594823472997594,0.7207578299552803,0.004349169664000004,8.25560281253432,4811.658329133064,35.812436995967744,0.17987923425292807,0.059453093299009704,0.758916874624328,0.0035346703028207526,8.201933276083274,4742.876288,36.176,0.17672337237636035,0.06552942154482977,0.7621317068653995,0.004294105087999999,8.18738787748699,5779.548780487806,41.7782012195122,0.16943771608235753,0.08632609860353116,0.7077940668179437,0.007452195300106584,8.17456992361591,7138.44875130073,48.807101977107195,0.13487426310304193,0.058601532056425945,0.6395428255404831,0.0034341395593603177,8.390752911021885,5695.768038617887,40.53938008130082,0.1638989408647519,0.05363629451786822,0.7140826009423583,0.0028768520896075007,8.290614697232762,5817.260275754421,41.963839750260135,0.15934293391986643,0.05862628385153813,0.7062225003647287,0.003437041158241121,8.297625984407585,bread_with_green_mold_16.jpg,spoiled_bread
910.0458292322835,10.221518208661417,0.640410222469232,0.5125261824366342,0.9554444072873252,0.26268308768306997,3.8327692284770807,1254.0474300948604,13.241304482608966,0.6112418635108532,0.5058880997988137,0.9390493599427014,0.2559227695180544,3.8989086881000503,720.994217519685,9.061515748031496,0.6589439481390478,0.513326662071897,0.9646938532376594,0.2635042619938756,3.768617017333665,1320.0323020646042,13.695889391778785,0.6063090057896916,0.5055912855985255,0.9358414218622724,0.2556225480731698,3.9098036256001274,1735.639508928571,15.277901785714286,0.6038387657284929,0.5036042649600095,0.9153707508197498,0.25361725568591154,4.019005856620263,1254.0474300948604,13.241304482608966,0.6112418635108532,0.5058880997988137,0.9390493599427014,0.2559227695180544,3.8989086881000503,1311.5966641865082,13.456287202380953,0.6131966368278279,0.5010603456968193,0.9360573835174629,0.25106147002981616,3.93973860921516,1320.0323020646042,13.695889391778785,0.6063090057896916,0.5055912855985255,0.9358414218622724,0.2556225480731698,3.9098036256001274,2627.6831875,20.093062500000002,0.5818210136733247,0.4965119211968883,0.8724166596412696,0.24652408789062502,4.144536979916682,2291.9690098261526,19.40879314688839,0.571008926025454,0.4909651620494799,0.889549684649871,0.24104679034627202,4.113314810538181,1982.98625,17.772875,0.5870766116362459,0.4899846537775443,0.9037901693602156,0.24008496093749995,4.057641442549434,2437.398904006047,20.56708238851096,0.5583695996681212,0.48962075590840787,0.8825390946914812,0.2397284846163207,4.122098224137737,3481.370274697581,24.93428679435484,0.5537177215984893,0.4833313116814531,0.8316879604937173,0.23360915685171396,4.2591327432539074,3402.752128000001,25.782016000000006,0.5350658870523801,0.47176417159424056,0.8374865092863837,0.22256143360000005,4.275640885100982,2638.8244077620975,21.849105342741936,0.5610977597908484,0.47670438579883057,0.872494598547599,0.2272470714398403,4.165080855478725,3631.279936,27.513536000000002,0.5252010232865069,0.47226951491706515,0.8265648057363094,0.22303849472000004,4.272714043437701,4252.7421875,28.969829776422767,0.5345477286639679,0.47277490399133215,0.7952485508207561,0.22351610984401335,4.34900274125072,4426.79923257024,31.49915452653486,0.5052575219954972,0.4522925137009418,0.7903062502907645,0.20456851794991665,4.411991450646373,3258.621506605691,25.438833841463417,0.5432886906610804,0.46576011906235487,0.8431821976966658,0.21693248850897898,4.254133562165237,4750.300143080125,33.927094172736744,0.4935909249978446,0.4541074899485031,0.7749649473968099,0.20621361242732983,4.405907759678769,bread_with_green_mold_18.jpg,spoiled_bread
740.1236466535433,10.140132874015748,0.4056510386293771,0.09369374505382687,0.9639745896973615,0.008778517862211507,6.971477643631445,1748.6265112530227,16.441130882261767,0.3447236873710736,0.08324535488018965,0.9149316631695265,0.006929789109128716,7.228097632167135,1314.1413016732283,12.674889271653544,0.3649654806922691,0.08478179084573283,0.9356718015534169,0.007187952059009586,7.12105974790708,1807.274350548701,16.934217868435734,0.3318638664520007,0.08336107465866353,0.9120784880651454,0.006949068768247276,7.2364045254366705,1433.9700520833335,15.125930059523812,0.3624822688636629,0.0909056204897499,0.9303054458299784,0.008263831836626438,7.154290829343877,1748.6265112530227,16.441130882261767,0.3447236873710736,0.08324535488018965,0.9149316631695265,0.006929789109128716,7.228097632167135,2679.1341145833335,20.94314236111111,0.29723093315210725,0.07404487564933283,0.8684379296066328,0.005482643609925163,7.415901793519759,1807.274350548701,16.934217868435734,0.3318638664520007,0.08336107465866353,0.9120784880651454,0.006949068768247276,7.2364045254366705,2201.138875,19.884625,0.33365377607549074,0.0890280525487613,0.8931861531881288,0.007925994140625002,7.2741010144972975,3435.127362055933,26.162005542957928,0.2731107080472494,0.07248698759199888,0.8326237753656551,0.0052543633701626,7.537022519623543,4131.228187500001,28.963437499999998,0.25309188189012627,0.06568654851832299,0.7964686513948744,0.0043147226562500005,7.628876118919366,3585.1272990677758,27.14304610733182,0.2692719445588384,0.07276237892339865,0.8253126930263056,0.005294363786592248,7.523731720684346,2839.8883568548385,23.610761088709673,0.31135380975795546,0.08729688973781385,0.8623955372998867,0.007620746957896031,7.372762832993965,5102.145472,34.970560000000006,0.23016988863405174,0.06403243977859972,0.7510229609930509,0.004100153344000001,7.7267260340337955,5457.997164818548,36.095703125,0.22012618176086884,0.058920140112638825,0.7302220223676632,0.0034715829108929903,7.775124757935861,5357.778304,36.42752000000001,0.23037450794205236,0.06467520625401979,0.7385327314276008,0.004182882304000001,7.7046229480867545,3395.970782520326,26.72611788617887,0.2941503910852223,0.08625284791297175,0.8356583541934453,0.007439553773098235,7.434063268004892,6560.206230489075,42.48939906347555,0.193093100201704,0.056985526134646546,0.6793852755458363,0.0032473501888424846,7.874495561693564,6647.364837398374,42.344639227642276,0.19339483750899122,0.05304073615801047,0.6704620865082509,0.002813319692183679,7.901419707238372,6963.692637877211,44.56893860561915,0.19817313881513415,0.05770154588903536,0.6596137900743291,0.003329468397984453,7.846108906884744,bread_with_green_mold_2.jpg,spoiled_bread
714.3585752952756,9.008550688976378,0.38077104565287223,0.09369150344308763,0.9667316409963976,0.008778097817426101,7.134657821388915,1632.6280612561227,15.838675677351356,0.28020339602672145,0.0827621422889801,0.9241387730967521,0.006849572196261387,7.53664559858494,1294.8169906496064,12.882689468503937,0.31993316785903103,0.08424361028386217,0.939650974197932,0.007096985873659248,7.403231188785801,1745.2168764337532,16.374046748093495,0.2937696736426315,0.08333530512972605,0.9189074090637376,0.006944773081064545,7.5311637961972915,1482.897693452381,14.55753968253968,0.3129441303435502,0.09115549194316308,0.930938326819851,0.00830932371140007,7.428671375418141,1632.6280612561227,15.838675677351356,0.28020339602672145,0.0827621422889801,0.9241387730967521,0.006849572196261387,7.53664559858494,2769.312562003968,22.245473710317462,0.23918669426007622,0.07281199939195049,0.8706761980878825,0.005301587255453398,7.7974196802851345,1745.2168764337532,16.374046748093495,0.2937696736426315,0.08333530512972605,0.9189074090637376,0.006944773081064545,7.5311637961972915,2291.8314375,19.5125625,0.27937952831975693,0.08982322048056393,0.8932525396589909,0.008068210937499999,7.586465854076076,3360.1695641219453,26.512849584278158,0.20902044497663574,0.07122486085222265,0.8435556562933963,0.00507298080341848,7.911420473570771,4357.9861875,31.093437500000004,0.19839855332437967,0.06425437728279684,0.7960156251679111,0.0041286249999999995,8.021235170893084,3681.498425296045,27.86237087427564,0.2214674115931365,0.07230859498585913,0.8285964379012734,0.005228532908829012,7.905376380084652,3038.776020665323,23.870652721774192,0.2573520574437349,0.08856023018779312,0.8584205676343468,0.007842914370914902,7.708537106328741,5079.567360000001,35.95008000000001,0.17002715088682785,0.06273523080375173,0.7629200246915411,0.003935709184,8.125140720880529,5837.510017641129,38.950919858870975,0.16987283391173033,0.056950940572987115,0.7261068236991846,0.0032434096321479096,8.174192333612266,5658.792192000001,38.20620800000001,0.18371511299902316,0.06348980642591376,0.7358887846158715,0.004030955520000001,8.119824185259876,3737.0888592479682,27.77813770325204,0.2387288312215331,0.0878648001535754,0.825819328103083,0.007720223106027744,7.795832601835207,6649.52640478668,44.12591050988554,0.1414698648936633,0.05580388268793149,0.6887914410170318,0.0031140733230484194,8.262081702101463,7086.018927845529,45.4969512195122,0.14897739375213215,0.050968246890783976,0.6668229908230092,0.0025977621911199107,8.28526151574187,7444.273218002082,47.27464880332987,0.1545322007705571,0.05614225435087243,0.6515977256019053,0.0031519527235980547,8.266636892411483,bread_with_green_mold_21.jpg,spoiled_bread
622.2198572834646,8.36294291338583,0.6121767772814666,0.4750127702254869,0.9762475590477243,0.2256371318772912,4.140267948559623,1398.8378076756153,13.415648831297663,0.5643971454282456,0.46387434155464813,0.9467015516699548,0.21517940475275835,4.263030372844015,983.943036417323,9.795521653543307,0.6035417124938536,0.473031203427906,0.9622505049290677,0.223758519416453,4.164003402196406,1336.9367598735198,12.858391716783434,0.573385904278545,0.46803214796367343,0.9490601023037397,0.21905409152748992,4.2461216165535,1209.0401165674602,11.952566964285714,0.5875423172416592,0.4638141374039531,0.9538990010732995,0.21512355405577308,4.259394459972685,1398.8378076756153,13.415648831297663,0.5643971454282456,0.46387434155464813,0.9467015516699548,0.21517940475275835,4.263030372844015,2141.1760912698414,15.839037698412696,0.5637293748941831,0.4593267924984528,0.9177375255797705,0.21098110230691672,4.334838708444731,1336.9367598735198,12.858391716783434,0.573385904278545,0.46803214796367343,0.9490601023037397,0.21905409152748992,4.2461216165535,1840.9554375000002,15.127687499999999,0.5723833327581068,0.4542333642729803,0.9298915468373823,0.20632794921874997,4.340618678200882,2930.1114890400604,20.892164273116656,0.5246450108381359,0.4435894165067753,0.8883414312167187,0.1967715704368214,4.458119106874345,3338.8434374999997,21.4555625,0.5373358417203322,0.4475007288751046,0.8715441174430887,0.2002569023437499,4.443774179319409,2761.856764928193,19.860670194003525,0.5339929543648707,0.4508597152218526,0.8947531605163133,0.20327448280993002,4.4362765157104125,2478.2059601814517,18.169039818548384,0.5604580125809228,0.44564142706225535,0.9057467595861759,0.19859628151408343,4.414711294182718,4518.176832,27.951808,0.49633327114048864,0.4269339720003551,0.8278286361319958,0.182272616448,4.5923184425865,4542.102192540322,26.861769153225808,0.5156639204156744,0.4361389205890725,0.8250519564237225,0.19021715805260128,4.522814868390245,4274.734976000002,26.776576000000002,0.505144652187822,0.43352707637701254,0.8371063316148063,0.18794572595200007,4.579996783622146,3104.2869664634145,21.050304878048784,0.5491668593797089,0.43706029456160955,0.8820758393832955,0.19102170108228092,4.480087456741629,6132.554305411029,34.88690166493237,0.47207846205776594,0.4100764772971893,0.7664054845978914,0.16816271723247225,4.699429676539701,5720.132431402439,32.03385416666667,0.49742897000003156,0.4251733099840433,0.7793777879780657,0.18077234352278734,4.5872599091865585,5826.221644120708,33.515608740894905,0.479948344676564,0.41726849088850726,0.778070671561724,0.17411299348837225,4.681618492434275,bread_with_green_mold_22.jpg,spoiled_bread
973.120878444882,13.57154281496063,0.2832829044460512,0.08857441060099336,0.9447212747011765,0.007845426213313364,7.7014939388828285,1653.825407650815,18.421724843449685,0.2569732774699032,0.08199444319176735,0.9057223099461569,0.0067230887143279626,7.861974253008314,1296.105191929134,14.742125984251969,0.28030837767576067,0.08287283218243255,0.9257678658578239,0.0068679063139376285,7.748700469305046,1995.2852005704008,20.35284270568541,0.24788742058122581,0.08128022355943997,0.8862565674701721,0.00660647474187254,7.900183589270675,1953.427455357143,20.93613591269841,0.23135854513502618,0.08720760598804805,0.8891414007187518,0.007605166542166634,7.917035457642239,1653.825407650815,18.421724843449685,0.2569732774699032,0.08199444319176735,0.9057223099461569,0.0067230887143279626,7.861974253008314,2673.2157738095234,23.90972222222222,0.22341721580931365,0.07342537042739493,0.8460559837436606,0.0053912850224001625,8.034629534890986,1995.2852005704008,20.35284270568541,0.24788742058122581,0.08128022355943997,0.8862565674701721,0.00660647474187254,7.900183589270675,3004.765375,27.561124999999997,0.20697050665757932,0.08650771054868461,0.8295585785465989,0.007483583984374999,8.060673860135148,3116.880259511212,27.98658352229781,0.20730248709925075,0.0729572969408379,0.8215650338355229,0.005322767176913595,8.118070047085379,4117.4752499999995,32.334500000000006,0.18564600982562413,0.06574888604094367,0.7615637897795693,0.004322916015624998,8.228977110670902,3959.0382968002023,32.34177374653565,0.19526452337838768,0.07216633032957602,0.7733499067231121,0.005207979233237483,8.180335829016391,3988.675592237903,33.42118195564516,0.19051926574898115,0.08573201778034965,0.7737717516070431,0.00734997887269019,8.155836509860533,4447.3611519999995,35.547392,0.18033690723817736,0.06490433082622453,0.7442094319533219,0.00421257216,8.284413626006094,5441.3172253024195,39.72221522177419,0.16238447374155052,0.05848662991044442,0.6831325063911988,0.0034206858782812916,8.361517262532306,5841.501248,42.57504,0.1616870277013718,0.06427851398406781,0.6640142253768421,0.00413172736,8.374377644102543,4859.0255335365855,38.3109756097561,0.17642606411997344,0.08520229856357345,0.7241886534469993,0.00725943168051631,8.230095708165127,5449.4680671175865,41.34332726326744,0.15931698788036405,0.057562743347135875,0.6850164117240604,0.0033134694216482357,8.403494637115834,6534.12881097561,45.67200203252033,0.1451844411477374,0.05249921489331801,0.6175302205234992,0.0027561675644147835,8.474651447546881,7487.080840270552,51.17449271592092,0.1375451666447805,0.05710390298236854,0.5672152486699594,0.003260855735819759,8.497885173201293,bread_with_green_mold_23.jpg,spoiled_bread
960.5598548228347,14.235912893700785,0.21321130812730743,0.08976327068902888,0.9522644241075545,0.008057444764791873,7.783613009628002,1835.790687581375,19.787959575919146,0.19026863998358545,0.08218941387047353,0.9085588164127766,0.0067550997523719855,7.9429194644663665,1255.6997416338586,14.635642224409454,0.22207396952471173,0.0839113362354948,0.9373670639110604,0.0070411123488262626,7.747974552905184,1806.1670283340563,19.42835885671771,0.19715422221711726,0.0831131492313621,0.9100344680336798,0.006907795575154666,7.907324725212081,2060.5185391865084,22.02597966269841,0.18263834112845825,0.08819385029586882,0.8974999672771362,0.00777815523001012,7.989579718692255,1835.790687581375,19.787959575919146,0.19026863998358545,0.08218941387047353,0.9085588164127766,0.0067550997523719855,7.9429194644663665,2709.734064980159,23.981336805555557,0.18122592754236588,0.0749375609869198,0.8643655537924256,0.005615638046668324,8.027027453120352,1806.1670283340563,19.42835885671771,0.19715422221711726,0.0831131492313621,0.9100344680336798,0.006907795575154666,7.907324725212081,3241.8386250000003,28.91075,0.16578992439723428,0.08746742697284515,0.8386057981609848,0.007650550781249999,8.111120074742033,3772.5582640463595,31.212962962962965,0.15308896556020132,0.07366760650164998,0.8112032166382913,0.005426916247681943,8.19066255491398,4255.0019375,32.5213125,0.15477619518357594,0.06691733473099479,0.7862302869704517,0.004477929687500001,8.202624264408918,3723.0568783068793,30.5234945830184,0.16112248597703616,0.07424385647105392,0.813682327177498,0.005512150223694455,8.150703616494358,4330.402280745967,34.789125504032256,0.15622478457317612,0.08714094283985271,0.7842885985245112,0.007593543919018479,8.174705760256945,5662.302912,41.056064,0.13264699134639027,0.06576408746420802,0.715269715044789,0.004324915200000001,8.335562981444497,5685.487084173388,39.82755796370968,0.13767171008927792,0.05905143462629994,0.7133817580389047,0.003487071931424176,8.322307328954771,5543.688383999999,39.808704000000006,0.1387679071333054,0.06634712111312745,0.7212488731773864,0.004401940480000002,8.304906590671699,5273.410886686993,39.57539380081301,0.14980100436787747,0.08673085436907906,0.7371683107384898,0.007522241099590398,8.22535567814721,7319.504682622269,49.205254942767965,0.11516850597866102,0.058230499827764855,0.6303210520537538,0.003390791110191323,8.4404690544751,6951.913871951219,46.01930894308944,0.12592228601463054,0.05317168413919024,0.6484415923079491,0.002827227994197815,8.412538882981103,7082.2282127991675,47.30365504682622,0.12330824812263129,0.05882543325976133,0.6423405695677988,0.0034604315981986338,8.411007439881894,bread_with_green_mold_24.jpg,spoiled_bread
879.424028051181,13.571911909448817,0.25388226811520836,0.10131822980069809,0.9440515016614501,0.010265383689947066,7.670937383833155,1613.8090396180792,18.46710893421787,0.2250378063228563,0.09383828859512733,0.8966951569776863,0.008805624406462403,7.823191429039108,1099.1015009842522,13.91683070866142,0.26264157965491397,0.09566210117800891,0.929835344114793,0.009151237601791614,7.658570633861837,1699.8573377146756,19.232996465992933,0.2215342646824967,0.09392285191567153,0.8911872479841201,0.008821502111973164,7.845901807260509,1779.467447916667,20.619853670634924,0.20746982277717502,0.09996130077466593,0.8864157806624446,0.009992261652563228,7.893113704909677,1613.8090396180792,18.46710893421787,0.2250378063228563,0.09383828859512733,0.8966951569776863,0.008805624406462403,7.823191429039108,2236.656932043651,22.10026041666667,0.20564792741595472,0.08592511844556365,0.856172484391666,0.0073831259798841425,7.949710146270675,1699.8573377146756,19.232996465992933,0.2215342646824967,0.09392285191567153,0.8911872479841201,0.008821502111973164,7.845901807260509,2736.6396875,26.7181875,0.18952569633151545,0.0989919405652551,0.8248061958852755,0.009799404296874998,8.012348341495352,3122.025069286974,28.11085915847821,0.17985650574227646,0.08452431154061531,0.7979536737249205,0.007144359241414993,8.075128854219079,3422.1886250000002,29.21,0.17854901925457228,0.07805707046770331,0.7783143723515894,0.00609290625,8.116547767474676,3412.7534643487024,30.247921390778533,0.17206545014418273,0.0843757355691175,0.7791394495683768,0.00711926475282964,8.118114838364434,3577.564516129032,31.442540322580648,0.17438890912235808,0.09837193445369133,0.7703859316818302,0.009677037488161344,8.088615459261913,4596.746752,36.187520000000006,0.152610869855341,0.07667456423091037,0.6992890731212205,0.0058789888,8.224254724167402,4539.463772681452,35.351751512096776,0.15718248522030645,0.07095879305354559,0.7037104285757237,0.0050351503116159105,8.233102176521987,5046.717823999999,39.155584,0.1457831394854606,0.07639306858609622,0.6698553401525018,0.005835900928000001,8.263852915989712,4333.061039126016,35.64526168699187,0.16481365973622236,0.09760426127058278,0.7210731895727118,0.009526591818176186,8.141325705028745,5872.476131633715,42.45440946930281,0.13675307156068986,0.0693630879158131,0.6116715685594765,0.0048112379652168165,8.317043040267286,5493.42600355691,40.39869156504065,0.14205240225343507,0.06455297544567501,0.6385513519021718,0.004167086638889921,8.311688497309575,6476.79103798127,46.339034859521334,0.1303508492300876,0.06920338132331906,0.5717122323896517,0.004789107986580705,8.358463286080296,bread_with_green_mold_25.jpg,spoiled_bread
600.908280019685,9.267655019685039,0.30525596380545494,0.08076614785363181,0.9726135051657991,0.006523170639114716,7.41536322518398,1234.5814991629982,13.991257982515965,0.24710087258498525,0.07045510063625604,0.9438280586321082,0.004963921205664967,7.668425903429925,896.0522883858268,11.13484251968504,0.2877457773185415,0.07182474000350386,0.9591296787349664,0.0051587932765709285,7.535174883899778,1204.246636493273,13.839667679335356,0.24781741882429476,0.0707790819571272,0.945208556603994,0.00500967844269373,7.662311710102248,1246.7222222222222,13.967881944444445,0.24920769182975389,0.07804374977467748,0.9431970440204659,0.0060908268788924715,7.644222210933598,1234.5814991629982,13.991257982515965,0.24710087258498525,0.07045510063625604,0.9438280586321082,0.004963921205664967,7.668425903429925,1943.2141617063494,17.93402777777778,0.2197167542762979,0.061837045897496085,0.9112683225205847,0.003823820245329037,7.843217858680287,1204.246636493273,13.839667679335356,0.24781741882429476,0.0707790819571272,0.945208556603994,0.00500967844269373,7.662311710102248,1960.0695625,18.408562500000002,0.2210970797435058,0.07653388495872268,0.9107270602733564,0.005857435546874999,7.791044657454704,2536.8570168808264,22.036155202821867,0.18934291799355407,0.060764950797316364,0.884479345973951,0.003692379245400278,7.95954211333217,3072.5188125,24.3396875,0.18725622331872388,0.05403214465713906,0.8595417965356228,0.002919472656250001,8.023998726139066,2543.5503275384235,22.08799445704208,0.18908575001730177,0.060597096260301776,0.8841757804457867,0.003672008075180279,7.972022456535944,2638.8719128024195,22.38400957661291,0.19903506313827002,0.07501103018722241,0.8798595299003499,0.005626654649748392,7.901226210610135,3865.363904,29.450816000000003,0.15832718355119352,0.05285133020085681,0.8238388627886235,0.0027932631039999994,8.146245832077666,4122.961000504032,30.011277721774192,0.15968704611694193,0.04768110861931636,0.8113456232933355,0.0022734881191670453,8.162565285819117,3871.8892800000003,29.242240000000002,0.15665376862412247,0.05266288134920079,0.8235440444324316,0.002773379072,8.155056381666927,3302.5550050813013,26.032901422764226,0.18509468532293147,0.07462229389668218,0.849684711507782,0.0055684867464028094,7.982614879302595,5083.916037981269,35.92254162330906,0.1358741370570376,0.04684751275607907,0.768178202790068,0.0021946894514309908,8.272939473667641,5006.714240345531,34.8016387195122,0.1407295009404265,0.04140714588233486,0.7705824890456814,0.0017145517301209604,8.27558068803496,5043.81080905307,35.40094953173777,0.13410007730073226,0.046647324357662834,0.7700108118881301,0.002175972869729004,8.27962695088068,bread_with_green_mold_27.jpg,spoiled_bread
1476.91344734252,18.607098917322837,0.23089410155897677,0.07968436194174026,0.9231492885898868,0.006349597538062265,8.079320207382487,2120.246450492901,22.52173104346209,0.21895240210778869,0.07205620162320522,0.8894812630333441,0.0051920961923640025,8.171576343926116,1928.726439468504,20.424520177165356,0.22349663242698092,0.07217823885034154,0.8992821713044306,0.005209698163536953,8.15158706194858,3159.47380494761,28.86607973215947,0.18707766570412646,0.07131969691450131,0.835303159468714,0.005086499167976327,8.331077784170189,3020.693018353175,28.61762152777778,0.19270501999850187,0.07801374422202768,0.8425703010186348,0.006086144287539958,8.30338218297144,2120.246450492901,22.52173104346209,0.21895240210778869,0.07205620162320522,0.8894812630333441,0.0051920961923640025,8.171576343926116,4069.807353670635,33.333643353174594,0.16991120432754492,0.0632792342010246,0.7868044593165704,0.004004261481068121,8.444060695196523,3159.47380494761,28.86607973215947,0.18707766570412646,0.07131969691450131,0.835303159468714,0.005086499167976327,8.331077784170189,4696.3105,38.021,0.16582323814526032,0.0772183136875573,0.7548484627555146,0.005962667968749999,8.453757054663086,4075.5471781305114,34.57338120433359,0.1661519166886235,0.06328043802681313,0.786554609458034,0.0040044138368653375,8.441409737804761,6250.885625000001,44.7075,0.14307481081550483,0.05594511121402835,0.6713818894973781,0.0031298554687500006,8.615530236778703,6296.269778281683,45.64821113630637,0.1464045218691981,0.062153882303925996,0.6701886406538023,0.0038631050854502852,8.600018455199873,6170.112021169355,45.82825100806451,0.1525472417791514,0.07665061346429258,0.6774231125209381,0.005875316544452392,8.543824614943397,5972.379136,44.550656,0.13988777501436853,0.055552276497007745,0.6855909846720175,0.003086055423999999,8.597021858118193,8161.958795362905,54.3718497983871,0.12295146612926089,0.049279484964949806,0.5693699357910506,0.002428467638410714,8.744154789029666,8975.007999999998,58.935552,0.11933648808565886,0.05464052239867404,0.5273524058110093,0.0029855866879999996,8.753008185665397,7496.197281504065,52.55322662601626,0.1416744181094389,0.07625845888418785,0.6076653108620975,0.0058153525513913685,8.605875155749622,7557.957726326744,52.53811134235172,0.11928088962544986,0.049144451655139615,0.6000474359074279,0.002415177128484355,8.715467839263178,9705.33212652439,62.05049542682928,0.10777011260316306,0.04346440934104111,0.4863800196244038,0.0018891548793655813,8.819094891443411,10750.630918314257,67.81484131113424,0.10400193115406206,0.04832061605100705,0.4308123946408567,0.00233488193554884,8.839629978501879,bread_with_green_mold_29.jpg,spoiled_bread
697.244279035433,9.779589074803148,0.4106893093273972,0.1126804209320781,0.9664025314686224,0.012696877261430303,6.628316431771221,1356.8954677909358,14.441750883501768,0.35110965647134795,0.10361415387643037,0.9348114328217417,0.010735892883528591,6.823332861759081,1068.1633243110236,11.819574311023622,0.3761023669156013,0.10684306165150428,0.9484749133431797,0.011415439823067145,6.742683318843272,1488.1544423088849,15.340008680017363,0.3461546434830489,0.10427781299684816,0.928505893721925,0.010873862283405636,6.836146683108585,1379.2643229166665,14.792348710317457,0.3543942971299681,0.10788727001454775,0.9334272944974819,0.011639663031191932,6.828704328882191,1356.8954677909358,14.441750883501768,0.35110965647134795,0.10361415387643037,0.9348114328217417,0.010735892883528591,6.823332861759081,2117.9226190476193,18.626240079365083,0.3193032665233988,0.0957641604649855,0.8976088365920283,0.009170774429563492,6.99539935892256,1488.1544423088849,15.340008680017363,0.3461546434830489,0.10427781299684816,0.928505893721925,0.010873862283405636,6.836146683108585,2126.7005624999997,19.414312499999998,0.3223885238880279,0.10533387208953726,0.8971831005183915,0.011095224609374996,6.95647615737324,2553.491055681532,21.960065507684558,0.29760030503552237,0.09322912386993407,0.8768398642836635,0.00869166953755551,7.083258650487342,3252.1205625000002,25.2958125,0.2752360187559979,0.08724468330864064,0.8424050686203876,0.007611634765625,7.172705364671211,2921.408793146889,23.970395565633662,0.2909230613348571,0.0935176575024506,0.8591000649307848,0.008745552264745654,7.090343400892161,2813.666078629032,23.32673891129032,0.300296909516512,0.10357188385540596,0.8637344576078047,0.010727135125357702,7.048481376425546,3771.305536,28.665408,0.26156312673152043,0.08476066106396293,0.8173593716187791,0.007184369664000002,7.253345933879113,4270.771043346775,30.870085685483872,0.24962987962499955,0.08032366751271432,0.792548040334592,0.006451891562693078,7.30115380488271,4314.7681919999995,31.548608,0.2527965663321438,0.08490471421540739,0.791064269376212,0.007208810496000001,7.267146915435269,3434.0425558943093,26.71951219512195,0.2852172311117025,0.10199317172158434,0.8333576991374925,0.010402607077828592,7.127626269479586,4877.985757023934,34.671631113423516,0.2302240853879211,0.07706929698355552,0.7627533079290549,0.005939676537539481,7.400452044657573,5110.42536839431,35.45915904471545,0.22842174923961406,0.07465508949847612,0.7511779038360514,0.00557338238802548,7.404501205515251,5484.243951612903,37.52868106139438,0.22809023361160147,0.0771354565729539,0.7333293722799678,0.005949878660718056,7.408671194407431,bread_with_green_mold_3.jpg,spoiled_bread
1014.3428272637796,16.188299704724407,0.1905422861483776,0.06556756362690788,0.9485353513510257,0.004299105399968613,8.245223381928799,1626.6709033418067,21.825593651187305,0.1513258329415536,0.05634886991562353,0.9175800989227101,0.0031751951407678627,8.446300593717362,1099.9958784448818,17.527251476377952,0.16589773464881752,0.057596285245814886,0.944002083344536,0.0033173320741172736,8.371114977068864,1584.5818091636181,21.23839047678095,0.1569334957002916,0.057819861021382105,0.9197126898232353,0.0033431363285319413,8.430311182996,1902.5631820436506,22.708023313492063,0.1615518926866436,0.06400866979772213,0.9036246511187248,0.004097109809273825,8.406949886347427,1626.6709033418067,21.825593651187305,0.1513258329415536,0.05634886991562353,0.9175800989227101,0.0031751951407678627,8.446300593717362,2047.0966641865084,24.670696924603178,0.13172865850404458,0.04855037412950758,0.8956225319683773,0.002357138828115159,8.568072574600695,1584.5818091636181,21.23839047678095,0.1569334957002916,0.057819861021382105,0.9197126898232353,0.0033431363285319413,8.430311182996,2834.741875,28.325000000000003,0.150897072906144,0.06273018549211376,0.8565115077429739,0.003935076171875,8.502208949783956,2936.0924036281185,30.24899218946838,0.12467785958356012,0.046442309975068596,0.8512436252921469,0.0021568881558203562,8.634357966586979,3031.2554999999998,30.709375,0.1160465630165525,0.04123825590395404,0.8451926391065053,0.00170059375,8.689138532721397,2808.7858402620313,29.281179138322,0.1257203935956733,0.049338870002283625,0.857693609683593,0.0024343240931022432,8.603515752367478,3572.0446068548395,32.67464717741936,0.1433617246670472,0.06147681201084445,0.8193151780954074,0.0037793984150167087,8.56522747529549,4171.0214399999995,37.422976000000006,0.10552241318005832,0.03903504230816203,0.7885014042240569,0.0015237345279999997,8.75609236892761,3692.0277847782263,34.940587197580655,0.10384668648323066,0.03424708182620086,0.8111728094604601,0.0011728626136104973,8.786597029250728,3894.4478719999997,35.543808,0.11182611337123396,0.042365945569525526,0.8025272096974542,0.0017948733439999993,8.72014330957753,4186.328760162603,36.08371443089432,0.1392954235749423,0.06020730054869144,0.7884097030442461,0.00362491903936046,8.61146383499159,5010.100546305932,42.254942767950055,0.0924770269088907,0.03195069292291006,0.7457756066689414,0.0010208467782540946,8.849217890976181,4212.219131097561,38.291285569105696,0.0884398392180189,0.028036331932804134,0.7842070309068139,0.0007860359082463728,8.853085881656053,4574.698686264308,39.40979448491156,0.10091822437936684,0.03584595456811199,0.7678748396058924,0.0012849324588991486,8.795173332908375,bread_with_green_mold_8.jpg,spoiled_bread
797.8832431102364,10.611589566929135,0.3039416118005954,0.07298587507870842,0.9634780639174583,0.00532693796100483,6.715672369858058,1334.1376402752805,15.365738731477464,0.23764835442024326,0.06779926885258454,0.9393899771494372,0.00459674085694504,6.877035020352308,841.3758612204724,11.514271653543307,0.2684977579256568,0.07053205046226416,0.9614873188347474,0.004974770142411378,6.782328254774617,1372.9022258044515,15.564759129518256,0.24222044803667275,0.06752465355925281,0.9376290221029963,0.004559578838297113,6.880115113628601,1545.889632936508,15.723958333333332,0.26518629008790895,0.06800953526569879,0.929255036345625,0.004625296887056328,6.9309299271329845,1334.1376402752805,15.365738731477464,0.23764835442024326,0.06779926885258454,0.9393899771494372,0.00459674085694504,6.877035020352308,1694.8532986111109,17.268849206349206,0.21271871372095377,0.06369316707688039,0.9224340819009529,0.004056819532283399,7.012643030220106,1372.9022258044515,15.564759129518256,0.24222044803667275,0.06752465355925281,0.9376290221029963,0.004559578838297113,6.880115113628601,2332.40575,20.528750000000002,0.2336684241550613,0.06372425950923244,0.8932740997865892,0.00406078125,7.0926425316207204,2535.4705845301087,22.871945074326028,0.18983312270275066,0.060199529679769374,0.8848397315952407,0.003623983373665434,7.170118688740008,2626.659125,22.6505,0.1885904339276333,0.05993165052269961,0.8797891446633495,0.0035918027343750003,7.17657055850231,2657.158100277148,23.406651549508695,0.18629548753139685,0.059932694684616414,0.8793148111190755,0.0035919278921594483,7.148719210248246,3071.4357358870975,24.86378528225807,0.21398626813172367,0.059829403308057146,0.859475413574355,0.003579557500198159,7.224513444929505,3701.325376,29.434815999999998,0.15814417344043574,0.05482615200796057,0.8318345786779314,0.0030059069439999993,7.357578017942759,3490.269909274194,27.358114919354847,0.1677666074769345,0.05669340745684946,0.8402658092668512,0.0032141424490683542,7.300200554706631,3961.979456000001,30.584512000000004,0.1569387799225449,0.05533628162426529,0.8199956876064625,0.003062104064000001,7.342142557622451,3760.2278963414637,28.67505081300813,0.19796700954036306,0.0567141876251564,0.8279697574097112,0.0032164990779814428,7.3280290358059705,4761.630007804371,35.1578433922997,0.13717469701558807,0.050302675711786725,0.7835371624551046,0.0025303591837651782,7.5116454440401625,4335.607024898374,31.771023882113823,0.15415064123256628,0.054242774616229214,0.8015546090528461,0.0029422785980670403,7.4047301886934624,5158.188410509887,36.76892559833507,0.1425566585763426,0.05140262012558643,0.765510323277627,0.0026422293557753435,7.484058921266223,bread_with_mold_000002.jpg,spoiled_bread
1032.0065821850392,13.417876476377952,0.1781639403221641,0.026729813604167294,0.952947837511577,0.0007144829353135269,7.929075428373759,1295.5103850207702,15.27701655403311,0.17161993474643558,0.025760995565251656,0.9409652111407838,0.0006636288925129156,7.983984701023095,561.7501845472443,10.152989665354333,0.19872714175395148,0.028426499716836466,0.9744020499481352,0.0008080658861513038,7.80486028278105,1148.5230950461903,14.47287494574989,0.17678384968727953,0.026350563284415082,0.9476630291037913,0.0006943521854059641,7.955479100551848,2223.2426215277774,20.495721726190474,0.15313512978690172,0.02419279315997803,0.8985823225904512,0.0005852912408814798,8.11467206328943,1295.5103850207702,15.27701655403311,0.17161993474643558,0.025760995565251656,0.9409652111407838,0.0006636288925129156,7.983984701023095,1148.8696676587304,14.547991071428573,0.17232133432782348,0.025971744517279113,0.947620321915917,0.0006745315132708177,7.968271462141993,1148.5230950461903,14.47287494574989,0.17678384968727953,0.026350563284415082,0.9476630291037913,0.0006943521854059641,7.955479100551848,3473.3351250000005,27.120874999999998,0.1365225023758322,0.022371333498475234,0.841444641576667,0.0005004765625,8.245018826499594,2717.876291257244,23.27702191987907,0.1422240997574843,0.022825538890040645,0.8759968796212514,0.0005210052256207579,8.18469749915684,1772.3185625,18.252312500000002,0.1620748771908772,0.02479080443178478,0.919125348650477,0.000614583984375,8.056349967629366,2414.8027210884356,21.868732678256492,0.15227104683348222,0.023680322480819593,0.8898168396489564,0.0005607576727956097,8.14300449473777,4657.103452620968,32.996975806451616,0.12456382653752499,0.021093699190235373,0.7872098104864522,0.0004449441455281364,8.34267803804104,4119.694784,30.337599999999995,0.12454221841675261,0.021073548918015685,0.8116900310644427,0.000444094464,8.304287252339691,2354.708039314516,21.43334173387097,0.14827628031128348,0.023617941994059907,0.8924571532796292,0.0005578071840347784,8.13019421149479,3671.997312000001,28.340992000000007,0.1353521699219779,0.021725242829482946,0.8321186055176572,0.00047198617600000014,8.266650758873478,5734.8319359756115,38.21023882113822,0.11235477446732525,0.020178387112869046,0.7377245994519688,0.0004071673064767996,8.410473357560548,5360.5954734651405,36.36628511966701,0.11190472899402491,0.01969460239529574,0.7544384753564465,0.0003878773635087886,8.408222335213202,2917.4958714430895,24.424352134146343,0.13976801079521423,0.0225021535399611,0.8666349594194439,0.0005063469139359839,8.198094154885634,4872.5104708636845,34.39041363163372,0.11667953070367634,0.020180844215028592,0.7767047892616138,0.000407266473231253,8.361743655483759,bread_with_mold_000003.jpg,spoiled_bread
735.4800688976377,10.41646161417323,0.35636935785958085,0.03607684910113913,0.9641999685826216,0.0013015390410663634,7.440913162904975,1104.995783991568,13.39171678343357,0.3158272642679259,0.033443765726027176,0.9464124782105449,0.00111848546593739,7.562248904574702,657.5522268700788,9.623585137795274,0.3492811276358967,0.03546768326858207,0.9679449447043695,0.0012579565564404568,7.416363690294979,1113.2804885609771,13.486328972657947,0.312356568852975,0.03312698594174243,0.9460107684327198,0.0010973971975844008,7.58500778117444,1549.408854166667,15.909226190476193,0.3131076177545402,0.033101903083029745,0.9245979182732598,0.001095735987718294,7.64958786087661,1104.995783991568,13.39171678343357,0.3158272642679259,0.033443765726027176,0.9464124782105449,0.00111848546593739,7.562248904574702,1376.8511904761908,14.82279265873016,0.2781210909673595,0.030429075192492813,0.9327217836371958,0.0009259286170703816,7.686082543597798,1113.2804885609771,13.486328972657947,0.312356568852975,0.03312698594174243,0.9460107684327198,0.0010973971975844008,7.58500778117444,2422.9466250000005,20.76075,0.2836099692867027,0.030873639899192323,0.882116248103426,0.0009531816406250001,7.779146236586826,2280.076782564878,20.795477450239353,0.24374720559802793,0.028426123833586288,0.8891910922033076,0.0008080445162023824,7.848232943471347,2143.0890624999997,19.6454375,0.21891900644583792,0.02705427126628991,0.8950312990194857,0.0007319335937499999,7.866725306340882,2229.008566389519,20.378936759889143,0.23943203258752033,0.028066649712988754,0.8916735542330668,0.0007877368261116117,7.858209993328374,3269.118132560485,25.06331905241936,0.26566180626083874,0.029691281070830355,0.8409890360091115,0.000881572171627049,7.8755916243509265,3479.830976,27.328319999999998,0.19221672402806633,0.02516514669140635,0.8305230378655512,0.000633284608,8.027055800520968,2881.001701108871,23.887285786290324,0.176004191164148,0.025273885155438013,0.8585522371729761,0.0006387692708502699,7.982325131448021,3303.5934719999996,26.260096,0.18363373071750644,0.0250958763146458,0.8391087161192173,0.0006298030079999999,8.027456453572688,4033.038363821139,28.786204268292686,0.24933235777730572,0.028634247370822086,0.8038805157423983,0.0008199201224934317,7.948079394992213,4568.592546826223,32.83877471383975,0.1506327529042567,0.023062129258392,0.7770211921592767,0.0005318618059307802,8.16000935151384,3570.002985264228,27.703950711382113,0.147321179351283,0.024189231848585162,0.8243065862340468,0.0005851189374246068,8.06599968592823,4201.651860041624,30.999804890738815,0.14614212259767478,0.023064467568062682,0.7949375806318326,0.0005319696641982153,8.147655792948854,bread_with_mold_000004.jpg,spoiled_bread
1233.3489788385828,14.578555610236219,0.25537968780246834,0.029831300741571788,0.941864480274327,0.0008899065039341016,7.989781017181549,2066.710211420423,20.39227478454957,0.20948948599477757,0.02674426931177786,0.9031076383071043,0.0007152559410209031,8.143927418498425,1388.2939222440948,15.015255905511815,0.24954282615811335,0.029464341621913488,0.9347324817354373,0.0008681474272128236,7.953743278012691,2263.151652303304,21.672205344410685,0.19597069162659014,0.026632210818776855,0.8938985369625045,0.000709274653095775,8.18470477155446,2655.3214285714294,23.71949404761905,0.1993322766666462,0.025678365363482482,0.8746633348858657,0.0006593784477404969,8.265831639453197,2066.710211420423,20.39227478454957,0.20948948599477757,0.02674426931177786,0.9031076383071043,0.0007152559410209031,8.143927418498425,3033.2051091269846,25.76413690476191,0.1808372432166548,0.024252707733391454,0.8571932457951196,0.0005881938324013056,8.301698104143208,2263.151652303304,21.672205344410685,0.19597069162659014,0.026632210818776855,0.8938985369625045,0.000709274653095775,8.18470477155446,4171.53525,31.97175,0.17293237528164937,0.023431290844189528,0.8028016012613872,0.000549025390625,8.42008442454287,4286.2765180146125,33.276518014613245,0.1481727427132961,0.021857117805919462,0.7984763553131473,0.00047773359878184153,8.459833356377349,4768.9526875,35.511562500000004,0.1427726126194901,0.02131405786095177,0.7751314325744201,0.00045428906249999994,8.494300479274866,4727.964411690602,35.588120433358526,0.14331955156678874,0.022165523035119896,0.7777067964631652,0.0004913104114204307,8.479809783893757,5525.330267137097,38.936995967741936,0.1495425762303349,0.021341726645337577,0.7384050784506053,0.00045546929620431196,8.537500488622113,6427.999296000002,44.263872000000006,0.11740591933040145,0.019034271407122473,0.6968665819846256,0.00036230348800000013,8.629735835991116,6381.512663810483,43.77261844758065,0.12294362319415447,0.019269090847923092,0.6986186623185006,0.00037129786210551353,8.623141773019855,7125.813184,47.600192,0.11709939414685783,0.019415273163156888,0.6639122195906051,0.00037695283200000004,8.645625634273848,6727.521659044716,44.89068851626017,0.13423823947035596,0.020095846104741244,0.6810357913369581,0.00040384303066544385,8.617053536302851,8302.541298126951,53.45375910509886,0.09340641120130991,0.01693877283599568,0.6072276123955003,0.0002869220251894651,8.756011655479771,7830.699822154473,50.819740853658544,0.10775015459449135,0.017840721406565816,0.6295107401352611,0.00031829134030669575,8.714394651202202,9264.73185483871,57.64249479708637,0.09676415525100276,0.01750875379913273,0.5615537337801825,0.00030655645959864477,8.76858984277709,bread_with_mold_000006.jpg,spoiled_bread
537.892778051181,7.392162893700787,0.6759423624146094,0.5405412319558554,0.9789409460923769,0.2921848234443538,3.4076683473573066,1135.4179428358855,11.55521111042222,0.6353546412643668,0.5292638869410301,0.9555688188516445,0.2801202620199275,3.497943451354932,788.505782480315,8.427042322834646,0.66882175235588,0.5396618014984712,0.9689379500135569,0.2912348599965754,3.4253467742960613,1127.9852439704878,11.093682187364376,0.643350818031597,0.5350608833314675,0.9558596752642927,0.28629014887145027,3.483616768138501,1051.3630952380954,10.4296875,0.6529848982973896,0.5278710941686823,0.95893615387363,0.2786478920588419,3.5041955899589596,1135.4179428358855,11.55521111042222,0.6353546412643668,0.5292638869410301,0.9555688188516445,0.2801202620199275,3.497943451354932,1745.0365823412699,13.336061507936508,0.6356215130052771,0.5265218229816644,0.9311104052712008,0.27722523007593514,3.5637118798996035,1127.9852439704878,11.093682187364376,0.643350818031597,0.5350608833314675,0.9558596752642927,0.28629014887145027,3.483616768138501,1610.3080624999998,13.200062500000001,0.6387903137507766,0.5181100212702173,0.9372685354450734,0.2684379941406251,3.567612368319608,2410.981418493323,17.807949105568156,0.5987440534993349,0.5092175342250889,0.9056926546356866,0.2593024971622796,3.660684521584859,2761.7453125,18.176562500000003,0.6079753963299447,0.5131763087167265,0.8907325402367444,0.26334992382812494,3.6621679235192497,2396.5064877802974,17.097316704459562,0.6105670117559207,0.5180362094536943,0.9062588524003841,0.26836151430515187,3.6432975973507427,2187.483933971774,15.889049899193546,0.6263142095314944,0.5093982435842074,0.9150159049223241,0.2594865705666755,3.6246856476013836,3711.6856960000005,23.460672000000002,0.5713018100649617,0.495437906018504,0.8549092692356157,0.24545871872,3.765991578603406,3763.5241305443546,22.64484627016129,0.5903892057094582,0.502885287725304,0.8507869804900093,0.25289361261056187,3.7291556405864634,3739.238336000001,23.050688,0.5805213460038989,0.5023531045629162,0.8538329254433462,0.2523586416640001,3.7597623002656633,2768.042555894309,18.429751016260163,0.6170914030583728,0.5021003714208417,0.892746500179643,0.2521047829809472,3.672593379385796,5029.984716441207,29.076027575442247,0.5514304514179804,0.48281156972822026,0.8035756294106762,0.2331070118634281,3.849872935386924,4756.388910060976,26.983549288617883,0.5754956829921127,0.4938322136860294,0.8110719260342095,0.24387025527404424,3.7811327691850964,5106.820694588971,28.979383454734652,0.5591704912385741,0.4876675700851321,0.8005674928888162,0.23781965891273724,3.8515346768311005,bread_with_mold_000008.jpg,spoiled_bread
945.3596210629923,9.31569881889764,0.509741289462487,0.42408052105523436,0.964148691829636,0.17984428833847907,4.807264059339584,1432.0576601153202,12.308636617273235,0.48459399666408504,0.4166651528586282,0.9460619307553558,0.173609849606704,4.857315051633429,682.5046751968505,7.220472440944883,0.533738880741344,0.42708645026162834,0.9741170609649237,0.18240283599707832,4.695320331067776,1438.6351292702589,12.359972719945443,0.483205037126827,0.41666183852334776,0.9458141921365736,0.1736070876816563,4.858765062113536,1837.5125248015875,13.398065476190476,0.4926478393690429,0.41146090748038283,0.9302077323886613,0.16930007838458014,4.930499586490657,1432.0576601153202,12.308636617273235,0.48459399666408504,0.4166651528586282,0.9460619307553558,0.173609849606704,4.857315051633429,1319.2728174603174,10.5703125,0.5052564124097472,0.4175436604027896,0.9498914754126656,0.1743427083425601,4.844184633291765,1438.6351292702589,12.359972719945443,0.483205037126827,0.41666183852334776,0.9458141921365736,0.1736070876816563,4.858765062113536,2751.5387499999997,17.419249999999998,0.4783794517370096,0.39853043278948597,0.8953113613904661,0.158826505859375,5.0340914553990235,2744.6082136558325,18.144368858654573,0.4624144156388753,0.3959500432430559,0.8962783411594459,0.15677643674417782,5.036017158710068,1937.3870000000002,13.430625,0.4927822607257792,0.40825498982712993,0.9262876426909091,0.16667213671874997,4.941027791903105,2772.5249433106583,18.291257243638196,0.4615451806507189,0.3958197864628259,0.8952233383015534,0.15667330335547708,5.041734918190411,3665.236643145161,21.52608366935484,0.4614242538799529,0.3855894335767703,0.8602812760599379,0.14867921128605455,5.129491717261744,4077.453056,24.069888000000002,0.4339504394584081,0.37516047484776427,0.8452804878931314,0.14074538188799995,5.1921900967520855,2511.420299899194,15.975113407258068,0.4814076632250173,0.4000703561219076,0.9042798114035193,0.16005628984751,5.019201079613057,4120.550528,24.233856000000003,0.4358710269203385,0.3749678019243786,0.8436451484424253,0.14060085248000004,5.198659264102263,4580.524263211382,25.463541666666664,0.44856704216396376,0.3724571643201194,0.8250224531466052,0.13872433925338443,5.2125439417497965,5386.608285639959,29.779981789802292,0.41495855228733597,0.35494752707880567,0.7946486891271388,0.12598774697935947,5.3273751980644235,3008.2549542682927,18.2010924796748,0.4727366352464606,0.39264656510728496,0.8851453515985053,0.15417132509054937,5.086833449531003,5447.964164932362,30.01151144640999,0.41285284361867414,0.3547478961994184,0.7923096457858878,0.12584606985791333,5.3358858551300195,bread_with_mold_000011.jpg,spoiled_bread
969.4323326771654,10.382750984251967,0.41881396614500427,0.06923104832857134,0.9519560146207208,0.00479293805267298,6.897143372984259,1254.966457932916,12.934713869427743,0.3771678488662909,0.06589356144441119,0.9381851428879855,0.0043419614398283925,6.989827703451907,475.52312992125985,7.359621062992126,0.45846595465760276,0.07348848502979388,0.9764011278115396,0.00540055743197424,6.7564371072490434,1241.134478268957,13.175522351044707,0.383722909067526,0.06723568279217577,0.9388663799928308,0.004520637040530082,6.998828143295105,1952.1201016865084,16.412140376984134,0.3341279350982457,0.06129187133200847,0.9036439590640953,0.0037566934913794816,7.163065993009251,1254.966457932916,12.934713869427743,0.3771678488662909,0.06589356144441119,0.9381851428879855,0.0043419614398283925,6.989827703451907,915.1791294642859,10.913752480158731,0.3926192234552345,0.06659190107994677,0.9546698907641153,0.004434481289441415,7.0095686681504255,1241.134478268957,13.175522351044707,0.383722909067526,0.06723568279217577,0.9388663799928308,0.004520637040530082,6.998828143295105,2997.8801875000004,22.3380625,0.27188861149064364,0.05561114644902585,0.8526072027758598,0.0030925996093750002,7.34200267494219,2413.0847820609724,20.003149407911316,0.2796317966239513,0.055977711235697,0.8818451150046371,0.0031335041551870785,7.303202894913206,1387.15875,14.079,0.3484856355770467,0.06127698703938535,0.9314211405551025,0.0037548691406249996,7.167744749710619,2454.2826908541197,20.48337112622827,0.30792359389572255,0.05797833291882835,0.8798294937174025,0.0033614870880464944,7.2929336185261375,4011.182585685484,27.854334677419352,0.22488272674257778,0.05158522232772883,0.8035472093657212,0.0026610351626012133,7.478855942633427,3633.4988160000003,26.74848,0.2138218482127008,0.04996916553235605,0.823103533004928,0.002496917504,7.491131927978081,1845.5801411290322,16.768523185483872,0.313696874943267,0.05662737788681454,0.9089297012666477,0.003206659926336092,7.290301564172109,3722.7282560000003,27.303488,0.2519132767658685,0.0510770323335254,0.8187712691143542,0.002608863232,7.504848294315582,4911.366869918699,32.661458333333336,0.19177037482942216,0.04847168810090189,0.7603646911918789,0.0023495045473511137,7.578092357865184,4771.252211238293,32.87382934443288,0.1690255882539414,0.0456334660612905,0.7690030171496638,0.0020824132247669516,7.641017985122647,2310.1478023373984,19.32209095528455,0.2827317866182174,0.05292922805648319,0.8862249857484057,0.0028015031826552073,7.390885675659176,4944.800988553591,33.504552549427686,0.2115471860285622,0.046058896695672966,0.7606375852880596,0.002121421964822674,7.641392527582115,bread_with_mold_000012.jpg,spoiled_bread
947.8502091535432,12.69125246062992,0.2971661612318495,0.08006008143909212,0.95523116185808,0.006409616640034061,7.5852865801016005,1959.4066588133178,19.23702647405295,0.25617699569329966,0.07280476594368376,0.907648209866028,0.005300533944114575,7.757726495401945,1374.3718626968503,14.775775098425196,0.2871962174197942,0.07400462098410251,0.9348003109297952,0.005476683927000666,7.638892810697123,1984.5918531837065,19.445718891437785,0.2557544077073364,0.0725708736760538,0.9064611758910993,0.005266531706105759,7.762513667357348,1827.975756448413,18.55450148809524,0.2571558747138107,0.07803953786861453,0.9135642999503248,0.006090169470746922,7.753197736787273,1959.4066588133178,19.23702647405295,0.25617699569329966,0.07280476594368376,0.907648209866028,0.005300533944114575,7.757726495401945,2836.210317460317,23.436011904761905,0.23190378373547355,0.06583443418421658,0.8650753739318389,0.004334172724355946,7.874032016363955,1984.5918531837065,19.445718891437785,0.2557544077073364,0.0725708736760538,0.9064611758910993,0.005266531706105759,7.762513667357348,2761.1921250000005,23.942124999999997,0.23495173046121923,0.07697319693812256,0.8692696147167086,0.005924873046874999,7.869043724337752,3838.7853363567656,29.632275132275133,0.20653205097510174,0.06474661828228442,0.8183659877155262,0.004192124578991848,7.985426413854154,4397.466875,31.736125,0.20169614333757038,0.05878659099871331,0.7902005872809962,0.003455863281250001,8.01643086709736,3926.2510078105324,30.14871504157219,0.20856903270962446,0.06466945462243133,0.8142276782340019,0.004182138361162705,7.986803069305514,3575.634639616935,28.34860131048387,0.22111533733645108,0.07591536218446017,0.8304759266470735,0.005763142215597766,7.953155340357235,5685.04992,39.043136000000004,0.17181367793204733,0.05746959460445148,0.729882718160199,0.003302754303999999,8.1619105260345,5839.083669354838,38.93510584677419,0.18154256859496595,0.05167851738114451,0.7206230402264973,0.0026706691587132553,8.146318618740487,5846.993664,39.853952,0.17389740127721492,0.057351035282721785,0.7221885001997973,0.003289141247999999,8.164377629901482,4309.518673780489,32.19499491869919,0.2064030703141808,0.07547033464504169,0.795294737049008,0.00569577141143458,8.025251712775745,7340.005332986473,47.22216441207077,0.1515814155354131,0.050129898183778984,0.6497380690061916,0.0025130066919160474,8.304001518791646,7108.536585365853,45.304623983739845,0.1658877948381437,0.045816515515030166,0.6589736094029067,0.002099153093939,8.237083876346247,7608.287721123829,48.416623309053065,0.15458004786959212,0.05008425134167429,0.6369369729834764,0.002508432232456003,8.294824741566181,bread_with_mold_000013.jpg,spoiled_bread
1014.3428272637796,16.188299704724407,0.1905422861483776,0.06556756362690788,0.9485353513510257,0.004299105399968613,8.245223381928799,1626.6709033418067,21.825593651187305,0.1513258329415536,0.05634886991562353,0.9175800989227101,0.0031751951407678627,8.446300593717362,1099.9958784448818,17.527251476377952,0.16589773464881752,0.057596285245814886,0.944002083344536,0.0033173320741172736,8.371114977068864,1584.5818091636181,21.23839047678095,0.1569334957002916,0.057819861021382105,0.9197126898232353,0.0033431363285319413,8.430311182996,1902.5631820436506,22.708023313492063,0.1615518926866436,0.06400866979772213,0.9036246511187248,0.004097109809273825,8.406949886347427,1626.6709033418067,21.825593651187305,0.1513258329415536,0.05634886991562353,0.9175800989227101,0.0031751951407678627,8.446300593717362,2047.0966641865084,24.670696924603178,0.13172865850404458,0.04855037412950758,0.8956225319683773,0.002357138828115159,8.568072574600695,1584.5818091636181,21.23839047678095,0.1569334957002916,0.057819861021382105,0.9197126898232353,0.0033431363285319413,8.430311182996,2834.741875,28.325000000000003,0.150897072906144,0.06273018549211376,0.8565115077429739,0.003935076171875,8.502208949783956,2936.0924036281185,30.24899218946838,0.12467785958356012,0.046442309975068596,0.8512436252921469,0.0021568881558203562,8.634357966586979,3031.2554999999998,30.709375,0.1160465630165525,0.04123825590395404,0.8451926391065053,0.00170059375,8.689138532721397,2808.7858402620313,29.281179138322,0.1257203935956733,0.049338870002283625,0.857693609683593,0.0024343240931022432,8.603515752367478,3572.0446068548395,32.67464717741936,0.1433617246670472,0.06147681201084445,0.8193151780954074,0.0037793984150167087,8.56522747529549,4171.0214399999995,37.422976000000006,0.10552241318005832,0.03903504230816203,0.7885014042240569,0.0015237345279999997,8.75609236892761,3692.0277847782263,34.940587197580655,0.10384668648323066,0.03424708182620086,0.8111728094604601,0.0011728626136104973,8.786597029250728,3894.4478719999997,35.543808,0.11182611337123396,0.042365945569525526,0.8025272096974542,0.0017948733439999993,8.72014330957753,4186.328760162603,36.08371443089432,0.1392954235749423,0.06020730054869144,0.7884097030442461,0.00362491903936046,8.61146383499159,5010.100546305932,42.254942767950055,0.0924770269088907,0.03195069292291006,0.7457756066689414,0.0010208467782540946,8.849217890976181,4212.219131097561,38.291285569105696,0.0884398392180189,0.028036331932804134,0.7842070309068139,0.0007860359082463728,8.853085881656053,4574.698686264308,39.40979448491156,0.10091822437936684,0.03584595456811199,0.7678748396058924,0.0012849324588991486,8.795173332908375,bread_with_mold_000015.jpg,spoiled_bread
1634.4921259842524,17.677903543307092,0.25596999926030467,0.0659797621938579,0.9196937886329901,0.004353329019158041,7.891928118063109,2123.181474362949,21.330522661045325,0.22827771358233953,0.05811520365183343,0.8959455500261145,0.0033773768954940735,8.014557902283244,1330.5322342519685,15.501353346456693,0.2714584229367888,0.05967579272732663,0.9345839579065597,0.0035612002376348498,7.837572489179497,2423.40901481803,22.79434558869118,0.22924026385954696,0.05806966168602109,0.8812320891377758,0.0033720856083289457,8.040117624029474,3461.3270709325398,28.468191964285715,0.20521651689639622,0.06437434911748198,0.829962937414348,0.0041440568242994535,8.158239035781799,2123.181474362949,21.330522661045325,0.22827771358233953,0.05811520365183343,0.8959455500261145,0.0033773768954940735,8.014557902283244,2910.691096230159,25.400421626984127,0.20980863871061364,0.04905313369209521,0.8569720168597283,0.0024062099250145665,8.156056657531682,2423.40901481803,22.79434558869118,0.22924026385954696,0.05806966168602109,0.8812320891377758,0.0033720856083289457,8.040117624029474,5383.3140625,38.48556249999999,0.17884286639340755,0.063389375218762,0.7354468709224078,0.004018212890624998,8.330587649297685,4267.397959183674,33.54862685815067,0.17394289065208432,0.04793901643899765,0.7910045711995695,0.0022981492971384868,8.311113675683423,4585.1370625,34.6799375,0.17349980806207965,0.04098863695434382,0.7748046742594192,0.0016800683593749997,8.362784749185252,4976.835474930713,36.62950365331318,0.17903290059557472,0.04763279305069615,0.7562625445817363,0.0022688829738104475,8.355236656468005,7057.623109879032,46.81212197580645,0.15988721851452986,0.0630243477831174,0.6528629944056097,0.003972068413487335,8.436367655494639,6351.556928,44.16300799999999,0.13920183449005774,0.04004978661616065,0.68896933495716,0.0016039854080000004,8.515410933384304,6120.741872479841,42.61926663306453,0.15064719887561703,0.035997032799216434,0.6995891450253999,0.0012957863703478639,8.510091355299634,7286.418815999999,48.22707200000001,0.1460577551565576,0.03980547901985354,0.6431988142042435,0.0015844761600000003,8.555099136653249,8485.365091463416,53.69626524390244,0.14731203702992365,0.06252975002917611,0.5822789148925108,0.00390996963871125,8.51400496627556,8112.375130072841,52.94211758584808,0.11976801737756476,0.035287277799785834,0.6026673735002834,0.0012451919745192581,8.6425419673777,7479.629192073171,49.45261686991871,0.13542092772924597,0.0331679271142967,0.6332324760787147,0.0011001113890592982,8.613955793787067,8869.960783038503,55.8737643080125,0.1251076989892689,0.03460050643430823,0.5655566633760487,0.0011971950455106056,8.672937394890539,bread_with_mold_000025.jpg,spoiled_bread
1392.3035802165355,17.56735974409449,0.2506043452623128,0.089099949684902,0.9254030461525875,0.007938801033852066,7.798588250237938,2454.1107942215876,24.409510819021634,0.21910705946650094,0.08019993441451302,0.8683476488170808,0.0064320294800921905,7.966455442703456,1615.6809178149606,18.052349901574804,0.24644026144771342,0.08263221780486368,0.9128810617178349,0.0068280834193504315,7.841587863296754,2348.3834707669416,23.845433690867385,0.2199039365166851,0.08070758828532279,0.8740194590506917,0.0065137148068331735,7.958923264050258,2852.0508432539677,26.8515625,0.21923291443424286,0.08606092720573928,0.8471620889218634,0.007406483191511557,8.009689357393537,2454.1107942215876,24.409510819021634,0.21910705946650094,0.08019993441451302,0.8683476488170808,0.0064320294800921905,7.966455442703456,3392.525049603175,28.91666666666667,0.20087501329428453,0.07302969939202676,0.816273804676795,0.0053333369932897935,8.111537240282262,2348.3834707669416,23.845433690867385,0.2199039365166851,0.08070758828532279,0.8740194590506917,0.0065137148068331735,7.958923264050258,4436.722250000001,35.752875,0.1959368741213745,0.08346595956586134,0.7621922677092009,0.0069665664062499985,8.166265672265249,4951.906336608719,38.3553162005543,0.1770569075173666,0.0692640225162133,0.7331653454871435,0.004797504815126504,8.257705108351844,5281.812062500001,39.1186875,0.17575448380313294,0.06518480339580691,0.7126921495855223,0.0042490585937500006,8.296488570174262,4634.133975812547,36.90721844293273,0.1774760074908417,0.06951859804793126,0.7502885849716876,0.004832835474549832,8.244341354227513,5873.44506048387,43.41771673387097,0.17936726361144556,0.08184811855331676,0.6850351251426304,0.006699114510717797,8.263548084459194,7355.259008000001,50.53708800000001,0.14996448830584969,0.06015501255922072,0.6018865881140747,0.003618625536000002,8.44910226432642,6943.453692036292,47.52110635080646,0.1561934990804971,0.05863583919077909,0.6207328517657313,0.0034381616376069047,8.430187297030198,6771.766656,47.990656,0.15019410710349257,0.060862822280929436,0.6334689063997267,0.0037042831360000004,8.426136690445423,7109.430132113822,49.6854674796748,0.1692609504739751,0.07996664362053946,0.6185943497337335,0.006394664091934363,8.34515177112542,9396.48517169615,60.53603017689907,0.13142660707689913,0.052707775745745276,0.48914598753986754,0.0027781096240637737,8.576799189062804,8374.841399898374,54.5249618902439,0.13947544840854975,0.05463133192917526,0.5408388552831008,0.0029845824283557245,8.52034154618135,8355.87643080125,55.86407388137357,0.13007892258889275,0.05310620978212428,0.5456776796356493,0.002820269517422993,8.551413110916688,bread_with_mold_000026.jpg,spoiled_bread
522.6150344488188,8.204232283464567,0.38551766911833607,0.07393832100902373,0.9762844410135927,0.00546687531363344,7.107972360333084,1150.4829809659618,12.231384462768924,0.3314615636705478,0.06482107775308643,0.9479410805997982,0.0042017721210716764,7.256187843302316,892.5947957677165,9.484190452755907,0.38741984567245713,0.06719272824090361,0.9593427694819542,0.0045148627284559255,7.129390401740734,1269.0656581313162,12.38018476036952,0.35769840001113096,0.06529140007574231,0.9425778412959688,0.004262966923850644,7.239581728090666,954.9490947420635,11.388950892857142,0.30942329631688326,0.07038204237297793,0.9566509054613145,0.004953631888591662,7.326679325332368,1150.4829809659618,12.231384462768924,0.3314615636705478,0.06482107775308643,0.9479410805997982,0.0042017721210716764,7.256187843302316,1754.4712921626985,14.545200892857144,0.30339847235075457,0.056095997883236895,0.9200119692265426,0.003146760978516118,7.38272658856139,1269.0656581313162,12.38018476036952,0.35769840001113096,0.06529140007574231,0.9425778412959688,0.004262966923850644,7.239581728090666,1426.7423125,14.384937500000001,0.26534193535260464,0.06890928989893162,0.9352110713505151,0.004748490234374999,7.465445143938474,2174.7751952632907,18.325963718820866,0.2521313487124837,0.05386272060540522,0.9014768706870375,0.0029011926710159446,7.508830704146312,2648.4370625,19.4184375,0.2558899342125667,0.04776022469063561,0.8791409175141386,0.0022810390624999994,7.562085639190662,2395.032249937012,18.60859158478206,0.2833932513513453,0.05370005549715513,0.8915137626310654,0.0028836959603975414,7.524371342153571,1895.0539314516127,17.139994959677416,0.23557094441291093,0.06769477620775952,0.9139105514253233,0.004582582725818645,7.569570133507676,3261.915264,24.292864,0.20978472688462424,0.0450962320377213,0.85204235299217,0.0020336701440000007,7.706368416651831,3531.7948588709673,24.070816532258064,0.2205893424484433,0.04288952931038171,0.8387019209773473,0.0018395117244660918,7.6919669751787225,3552.990144,24.677056,0.23378322469301102,0.04493016518999234,0.8388845124751413,0.0020187197439999996,7.726463707676947,2378.437817581301,19.828442581300813,0.21755748752522866,0.06705079195220447,0.891906218316371,0.004495808701417808,7.648945054856746,4385.788696670135,30.23640738813736,0.17884631295591813,0.040425563333341304,0.8008328245878134,0.001634226170817989,7.841934997368254,4397.177718495936,28.4984756097561,0.19805588205364666,0.039493632185908636,0.7990211270725067,0.0015597469832358388,7.796875679532038,4692.925208116545,30.406477627471386,0.2018081991698103,0.03989140206604246,0.786974471381103,0.001591323958794657,7.865403424172061,bread_with_mold_000027.jpg,spoiled_bread
316.32185039370086,5.131766732283465,0.6449716653103564,0.44606318113891674,0.970317550034982,0.19897236156777007,4.099417584187143,1029.3476346952693,9.648707297414596,0.5938618729909688,0.43536666751117103,0.9012788618107153,0.18954413517978255,4.29220516670281,805.8561761811022,7.033341535433071,0.62784476286314,0.44275874711548774,0.9225987799704204,0.19603530814727643,4.181732392914543,965.9785479570962,8.779961559923121,0.607255930177383,0.4377800262376516,0.9073563696981842,0.19165135137263892,4.234800785317506,566.1840277777777,7.625372023809524,0.6022477373260177,0.4361772856473286,0.9468315435929079,0.1902506245146713,4.285923725386375,1029.3476346952693,9.648707297414596,0.5938618729909688,0.43536666751117103,0.9012788618107153,0.18954413517978255,4.29220516670281,1611.2002728174605,12.074652777777782,0.5799674811040545,0.428651123889817,0.8414802367323517,0.18374178601200325,4.407968332219193,965.9785479570962,8.779961559923121,0.607255930177383,0.4377800262376516,0.9073563696981842,0.19165135137263892,4.234800785317506,823.677375,9.939250000000001,0.5742131493460885,0.42620943951081725,0.922590424324744,0.181654486328125,4.419778759796749,1938.3548122952877,15.442617787855879,0.5401197684435818,0.41437447716800835,0.8094411119247298,0.17170620732826028,4.545250602890567,2422.9959375000003,16.7859375,0.5459739371905028,0.41502410745115154,0.7555530167685173,0.17224500976562498,4.560458022193696,1807.0606575963718,13.876858150667674,0.5584543182862183,0.42023006602875257,0.8223485878788259,0.17659330839452975,4.468369502372285,1063.0982232862902,12.013545866935484,0.5548056547528425,0.41690946419124436,0.9000137049005236,0.17381350133223045,4.528701126907632,2787.8319999999994,20.520383999999993,0.5010654105496647,0.39331759104316694,0.7187782961254973,0.1546987274239999,4.718821579842814,3159.20060483871,20.921496975806456,0.5170593401102386,0.40155288429677505,0.6728120802044922,0.1612447188870592,4.670755309707915,2637.527104,18.652607999999994,0.5211313929226365,0.40204607449395635,0.733940256729221,0.1616410460159999,4.6450209851434145,1275.5103531504067,13.819423272357724,0.5382793620940642,0.4077408301160886,0.8799644334481543,0.16625258454375702,4.6161938842589585,3522.9529136316337,24.83220603537981,0.4671935028305164,0.3730497180748538,0.6349801224419178,0.13916609215572792,4.858099886441842,3793.0374110772364,24.433117378048777,0.4938773870165934,0.3882956135982047,0.5972760681005584,0.1507734835396063,4.768900828814574,3354.3556191467223,22.761576482830385,0.4906049465895717,0.38473806300488217,0.6524488100168724,0.1480233771247487,4.790452892147427,bread_with_mold_000031.jpg,spoiled_bread
753.4424212598424,8.632012795275589,0.6183193508219896,0.521650855613294,0.9694347084480769,0.2721196151620818,3.9465036007606127,1077.755471510943,11.644243288486576,0.5882105707737858,0.514634534322908,0.9566188436559185,0.26484870391775633,4.010636022925754,642.127091535433,8.0814468503937,0.6232979894184172,0.5219667117217022,0.9739504954693807,0.27244924814556654,3.92768376662675,1229.3622667245336,12.666997333994669,0.5807235802690146,0.51296431787651,0.950516459339775,0.26313239141451317,4.038230462589868,1435.6168154761904,12.929191468253968,0.5935161807914666,0.5132019310423825,0.9419170530786659,0.2633762220256304,4.077921969438691,1077.755471510943,11.644243288486576,0.5882105707737858,0.514634534322908,0.9566188436559185,0.26484870391775633,4.010636022925754,1228.1592261904761,11.874131944444443,0.5971621624581523,0.5133884988744156,0.9503104823120184,0.2635677507765259,4.065584799170007,1229.3622667245336,12.666997333994669,0.5807235802690146,0.51296431787651,0.950516459339775,0.26313239141451317,4.038230462589868,2205.0721249999997,17.136625000000002,0.5751684618355681,0.5040873792682179,0.9110215001076503,0.2541040859375001,4.1830932259893245,1985.1559586797684,16.917611489040063,0.5582788629249152,0.5008323826637595,0.9205172224918338,0.25083307552465844,4.171726310947445,1888.0955000000006,15.442250000000005,0.5811480576061699,0.5046356823243874,0.9238120588715449,0.25465717187500003,4.161316309734459,2356.623708742757,19.14499874023684,0.5496165586714746,0.4977987758648447,0.905644190274581,0.2478036212525379,4.213981593079935,2951.926033266129,20.974546370967744,0.5570680972674914,0.49438739210332266,0.8811931148395957,0.24441889347072449,4.271565218481327,2948.966656,21.830784,0.5368262838870518,0.48700556409141776,0.8825237800492786,0.237174419456,4.306591750884825,2538.7632308467737,18.814642137096776,0.5641803367949947,0.4953691244983654,0.8978217786565126,0.24539056950627705,4.248227041701846,3602.6021119999996,25.406976,0.5224987509184397,0.4803976507519578,0.8564852955379616,0.23078190284800001,4.364624082693428,3667.228404471546,24.439405487804883,0.5443041288932458,0.4840873902618737,0.8527786335451838,0.2343406014105516,4.353724532078511,3863.6792403746103,26.22190426638918,0.513913457902202,0.47122873647550895,0.846822675664057,0.22205652208030466,4.42680814909767,3182.682799796748,22.078125,0.5509442048539268,0.48502128156280294,0.872230780551604,0.23524564356882374,4.3313094815761675,4856.117845993756,31.28824141519251,0.4982853832257889,0.46135183414157604,0.8074769948456628,0.21284551486579628,4.494503720570314,bread_with_mold_000032.jpg,spoiled_bread
880.4560162401577,14.134534940944885,0.23540409252787584,0.0676085497713386,0.9554133272398844,0.004570916002183568,7.986357056035608,1410.186496372993,18.77252154504309,0.19616928503291065,0.05811541862185988,0.9288233689533487,0.0033774018815940178,8.16313819204328,981.6814099409451,15.330524114173231,0.20648253998107585,0.05820129401378381,0.9503159882405333,0.003387390624878907,8.095077970398329,1397.4897389794783,18.533697067394137,0.1973103798248521,0.05803380514559327,0.9294641263048814,0.003367922539676687,8.162597907243335,1648.563244047619,19.839781746031743,0.21220859257330593,0.06599096934877727,0.9165340685866082,0.004354808035591261,8.1392952126936,1410.186496372993,18.77252154504309,0.19616928503291065,0.05811541862185988,0.9288233689533487,0.0033774018815940178,8.16313819204328,1768.9921875000002,21.11631944444445,0.17350163589671308,0.04871221716298288,0.9102410517913319,0.002372880100933604,8.284974773598206,1397.4897389794783,18.533697067394137,0.1973103798248521,0.05803380514559327,0.9294641263048814,0.003367922539676687,8.162597907243335,2445.0523125,25.019562500000003,0.19898711481463033,0.06550483045165449,0.8762426326375174,0.0042908828125000015,8.243587918868581,2560.4846938775513,26.561665406903508,0.16361204682446218,0.04827330423083285,0.8704598296664989,0.0023303119013625443,8.37121583580754,2647.518,26.823,0.15271152272342006,0.040902967305257935,0.8653150709504455,0.0016730527343749996,8.429553331895555,2534.996787603931,26.340325018896447,0.15740346671063082,0.04802381342838022,0.8717483932908742,0.002306286656203872,8.378348556492984,3072.8211945564526,29.04007056451613,0.18602278139817519,0.06478859679201189,0.844502884805888,0.004197562274277894,8.315708706094293,3607.073472,32.963008,0.13917181225664008,0.04033180779484104,0.8170839512548796,0.00162665472,8.51442004304169,3310.4029107862902,30.959866431451612,0.1378567795171294,0.03719565120334737,0.8311794836178661,0.0013835164684410767,8.515694258497685,3605.5397759999996,32.689471999999995,0.13711158572672436,0.04034368827958097,0.8171548561601295,0.0016276131839999992,8.521737646652493,3552.9493775406518,31.90453506097562,0.1789598466156079,0.06481839795620374,0.8202871435002228,0.0042014247136087975,8.354683790435516,4372.757414151925,37.59703433922997,0.12019648464114882,0.03684308910251129,0.7777607034089217,0.0013574132146155862,8.599425865716565,3840.7088414634145,34.2686737804878,0.12432917290490507,0.03519348225558675,0.8036763638163642,0.0012385811932742994,8.57505496940015,4308.799167533819,36.79292403746098,0.12669158416845522,0.036790413788429954,0.7809910925245045,0.001353534546723897,8.594513820438216,bread_with_mold_000034.jpg,spoiled_bread
334.0861220472441,5.285433070866142,0.6837331789673189,0.4793974164746557,0.9700879437176381,0.2298218829225745,3.8371120468916002,1074.5206770413542,10.116188232376466,0.6376288974966624,0.47137929564934505,0.9019005938686991,0.22219844036687264,4.00000178755594,828.5225147637797,7.170767716535435,0.6717071029790791,0.47781302475724036,0.9241640913371318,0.2283052866276632,3.8875525258697423,1069.6261392522788,10.036456072912147,0.6357041985327103,0.47210131517049986,0.9023474454376401,0.22287965178571562,3.9925789010520423,578.897693452381,8.184151785714285,0.6454073251409732,0.4704842500895377,0.9481566755917326,0.22135542958231466,4.023645812893032,1074.5206770413542,10.116188232376466,0.6376288974966624,0.47137929564934505,0.9019005938686991,0.22219844036687264,4.00000178755594,1640.4097222222222,12.68142361111111,0.6184078302571919,0.4669639998662885,0.8465266156099657,0.21805537717112308,4.112495473647715,1069.6261392522788,10.036456072912147,0.6357041985327103,0.47210131517049986,0.9023474454376401,0.22287965178571562,3.9925789010520423,842.0696250000001,11.010125,0.6199214386088637,0.46119614141856713,0.9245678649565782,0.21270188085937497,4.156626447681591,1976.1800831443686,16.514298311917358,0.5833599256811431,0.454075263019352,0.815569449069088,0.2061843444860937,4.248970365287748,2473.207375,18.119875,0.5819112217311556,0.45586357351322776,0.7632908252774756,0.20781159765625,4.269658328194273,1978.7904383975815,16.503590325018898,0.5786373359765427,0.4552062374485608,0.8153258329828911,0.20721271861207552,4.246599438391346,1076.8605090725807,13.50529233870968,0.5995736212619224,0.4520328279011042,0.9035060534490515,0.2043336775002693,4.263247655450449,2836.967167999999,22.208511999999992,0.5414482320244506,0.4365091579703683,0.7291424930289984,0.19054024499199995,4.430151759748018,3176.093434979839,22.56898941532258,0.5517281438937058,0.4451404045880262,0.6894292798009818,0.19814997979679164,4.375867835968755,2852.8536320000003,22.350976000000003,0.539197048318476,0.4382889692976541,0.7276257437052271,0.192097220608,4.427279578187546,1286.4848831300815,15.6880081300813,0.5813528711456355,0.4424901873496201,0.8846815324128834,0.19579756590070188,4.354105952907904,3529.4051768990635,26.52757544224766,0.5101557427210853,0.41883312088533015,0.655777613091166,0.17542118315054556,4.568281581206483,3814.5584349593505,26.495426829268297,0.5276598535118635,0.4344248069954349,0.6184675459109604,0.18872491293302088,4.465632080805001,3589.5823361082203,27.234131113423516,0.5067603592473506,0.4211875329388854,0.64990854327851,0.17739893790314465,4.563720927059185,bread_with_mold_000041.jpg,spoiled_bread
697.244279035433,9.779589074803148,0.4106893093273972,0.1126804209320781,0.9664025314686224,0.012696877261430303,6.628316431771221,1356.8954677909358,14.441750883501768,0.35110965647134795,0.10361415387643037,0.9348114328217417,0.010735892883528591,6.823332861759081,1068.1633243110236,11.819574311023622,0.3761023669156013,0.10684306165150428,0.9484749133431797,0.011415439823067145,6.742683318843272,1488.1544423088849,15.340008680017363,0.3461546434830489,0.10427781299684816,0.928505893721925,0.010873862283405636,6.836146683108585,1379.2643229166665,14.792348710317457,0.3543942971299681,0.10788727001454775,0.9334272944974819,0.011639663031191932,6.828704328882191,1356.8954677909358,14.441750883501768,0.35110965647134795,0.10361415387643037,0.9348114328217417,0.010735892883528591,6.823332861759081,2117.9226190476193,18.626240079365083,0.3193032665233988,0.0957641604649855,0.8976088365920283,0.009170774429563492,6.99539935892256,1488.1544423088849,15.340008680017363,0.3461546434830489,0.10427781299684816,0.928505893721925,0.010873862283405636,6.836146683108585,2126.7005624999997,19.414312499999998,0.3223885238880279,0.10533387208953726,0.8971831005183915,0.011095224609374996,6.95647615737324,2553.491055681532,21.960065507684558,0.29760030503552237,0.09322912386993407,0.8768398642836635,0.00869166953755551,7.083258650487342,3252.1205625000002,25.2958125,0.2752360187559979,0.08724468330864064,0.8424050686203876,0.007611634765625,7.172705364671211,2921.408793146889,23.970395565633662,0.2909230613348571,0.0935176575024506,0.8591000649307848,0.008745552264745654,7.090343400892161,2813.666078629032,23.32673891129032,0.300296909516512,0.10357188385540596,0.8637344576078047,0.010727135125357702,7.048481376425546,3771.305536,28.665408,0.26156312673152043,0.08476066106396293,0.8173593716187791,0.007184369664000002,7.253345933879113,4270.771043346775,30.870085685483872,0.24962987962499955,0.08032366751271432,0.792548040334592,0.006451891562693078,7.30115380488271,4314.7681919999995,31.548608,0.2527965663321438,0.08490471421540739,0.791064269376212,0.007208810496000001,7.267146915435269,3434.0425558943093,26.71951219512195,0.2852172311117025,0.10199317172158434,0.8333576991374925,0.010402607077828592,7.127626269479586,4877.985757023934,34.671631113423516,0.2302240853879211,0.07706929698355552,0.7627533079290549,0.005939676537539481,7.400452044657573,5110.42536839431,35.45915904471545,0.22842174923961406,0.07465508949847612,0.7511779038360514,0.00557338238802548,7.404501205515251,5484.243951612903,37.52868106139438,0.22809023361160147,0.0771354565729539,0.7333293722799678,0.005949878660718056,7.408671194407431,green_mold_on_bread_14.jpg,spoiled_bread
996.7200418307086,15.858452263779528,0.17210488563301451,0.06200955225005219,0.952006634658075,0.003845184570251952,8.164673797964348,1309.2520305040612,18.015500031000066,0.1670295765934734,0.05423060152552988,0.93700966080208,0.0029409581418208034,8.220391381724053,994.3037647637796,15.673720472440944,0.16300968368387994,0.054626902131263054,0.9518912169993108,0.0029840984364585916,8.21126000039655,1676.6002852005704,20.24229648459297,0.16042725053792078,0.05411208006034439,0.9193394189391443,0.002928117208457121,8.270203250841147,1857.029451884921,21.50824652777778,0.16480224564224677,0.06128221102260488,0.9105228722091698,0.003755509387819075,8.26994304107703,1309.2520305040612,18.015500031000066,0.1670295765934734,0.05423060152552988,0.93700966080208,0.0029409581418208034,8.220391381724053,1937.0868675595236,21.86762152777778,0.14293134361503904,0.04492644269297407,0.9061974652624109,0.0020183852530450833,8.37296067606042,1676.6002852005704,20.24229648459297,0.16042725053792078,0.05411208006034439,0.9193394189391443,0.002928117208457121,8.270203250841147,2792.96875,26.92375,0.1566300985544655,0.06133229484231778,0.8653304470597633,0.0037616503906250003,8.352143623207663,2353.8477576215673,25.00573192239859,0.13747578356488124,0.04434518438606352,0.886596495906754,0.0019664953782339714,8.401629102250467,2975.4663125000006,28.211062499999997,0.12332502902470441,0.0373413309885976,0.8557586501379694,0.0013943749999999996,8.510834986239,3282.9525699168557,29.948160745779795,0.1294961738629003,0.04424365533524565,0.8418535402027221,0.001957501037424011,8.47987430153266,3658.2266885080644,31.8586189516129,0.1500774438454734,0.060860183071115175,0.8235207110218751,0.0037039618834496537,8.432123128120088,3380.2862719999994,30.971584,0.12209164688168994,0.03732495144002199,0.8368854314848256,0.0013931519999999997,8.525249560197857,3982.023752520161,33.78043094758065,0.11067593829299587,0.03296661529725441,0.8067986661976477,0.0010867977241571685,8.602548284343335,4824.162367999999,38.282688,0.11242071043177188,0.03687366539957752,0.7672597437367442,0.0013596672000000002,8.614209898033673,4449.986725101626,35.929306402439025,0.14843454912681303,0.060893479526596996,0.7851834700948869,0.0037080158488560873,8.464017892671537,4348.939646201874,36.26170655567118,0.10984720170319731,0.033411602518018314,0.7899230899950602,0.0011163351828220476,8.611663345042977,4970.190294715448,38.96074695121952,0.10399272055926795,0.030456295116063847,0.7587140538219406,0.0009275859121967745,8.677549490647397,6124.901599895942,45.09423777315297,0.09683669884793922,0.032544019414413206,0.7041922927001723,0.0010591131996457036,8.718869398262319,green_mold_on_bread_16.jpg,spoiled_bread
531.3222810039371,7.511380413385828,0.4341918200963846,0.11223148259278869,0.9753133230692431,0.012595905684975432,6.038087162555444,1257.187612375225,12.128774257548514,0.3788634298748971,0.10291520088943094,0.9416577550817988,0.01059153857411193,6.210163818916422,1032.7291461614172,9.908403051181102,0.4100453157376962,0.10536378103239905,0.9519385872148086,0.011101526353443332,6.128083611835545,1376.5981151962305,12.77221154442309,0.3778207449656861,0.1031635953467455,0.9361163804202389,0.01064272740486705,6.216866244114291,1023.9546750992063,11.036520337301585,0.3851765878485298,0.107909191817451,0.9523692069263338,0.011644393678695433,6.20227165106284,1257.187612375225,12.128774257548514,0.3788634298748971,0.10291520088943094,0.9416577550817988,0.01059153857411193,6.210163818916422,2054.2733134920636,16.026165674603178,0.35487776446273633,0.09551845640448131,0.904244601561396,0.009123775513894797,6.351021921792607,1376.5981151962305,12.77221154442309,0.3778207449656861,0.1031635953467455,0.9361163804202389,0.01064272740486705,6.216866244114291,1597.5283125,14.3943125,0.3576820048021206,0.10554637421235748,0.9256041304204088,0.011140037109375,6.3103075664818125,2384.213655832704,18.749811035525326,0.3277861407701099,0.09372878168002746,0.8890468949659914,0.00878508451522225,6.424265876542663,3120.180875,22.05725,0.31380280427793483,0.08781229982183589,0.8543227415886753,0.007710999999999999,6.5085847487462525,2674.036281179139,20.196397077349463,0.32333836479774036,0.09346327375790443,0.8755626992134687,0.008735383541544987,6.449434858091083,2135.1771673387093,17.323966733870968,0.33627920353035146,0.10433989909027612,0.9004539340727352,0.010886814542169004,6.390390624696682,3564.2919679999995,25.130112,0.2925616950547718,0.08628575557993336,0.8336601086957999,0.007445231615999999,6.573440986854699,4136.064705141129,27.527784778225808,0.2860225374514908,0.08125629820489946,0.8065804264847629,0.006602585997963548,6.627966451958253,3979.5773440000003,27.080191999999997,0.28650538506241824,0.08531060764055076,0.8142962194609615,0.007277899775999998,6.610670565568277,2654.3631859756097,20.092352642276424,0.317017127640702,0.10285769514766206,0.8761013998523229,0.010579705451089383,6.465956273426377,4703.212669094693,31.071409989594173,0.2628957593360123,0.07925395668436415,0.7798837778338987,0.006281189650127068,6.695970818168325,5012.679560467481,32.25184197154472,0.26559419566101383,0.07597289507990251,0.7652701858727041,0.005771880786821875,6.726427930380376,5111.603798126952,33.04851716961498,0.252938850456691,0.07812241305064518,0.7608178868097686,0.006103111420855617,6.740527393865303,green_mold_on_bread_17.jpg,spoiled_bread
1002.9000984251968,15.261687992125983,0.22904998399276455,0.06493148204390053,0.9487795821221787,0.004216097360417377,8.048069098859012,1625.444416888834,20.366854733709467,0.18532752660413446,0.05512449120695781,0.9172015292104726,0.003038709530825969,8.254088557644936,1050.1904527559054,15.706077755905511,0.2001314829167788,0.05560026623704938,0.9463606047504124,0.0030913896056307738,8.151881846519002,1569.5401450802904,20.030318060636123,0.1891858375742868,0.05522974038762713,0.9200469627000915,0.0030503242232846916,8.23889710291203,1989.8657614087301,22.38994295634921,0.1993781273815028,0.06386432809324309,0.8983790876623459,0.0040786524028013985,8.22393520709184,1625.444416888834,20.366854733709467,0.18532752660413446,0.05512449120695781,0.9172015292104726,0.003038709530825969,8.254088557644936,2063.6333705357147,23.128410218253965,0.1603632471902626,0.04562129204842703,0.8946036013004863,0.002081302288167871,8.386235129571663,1569.5401450802904,20.030318060636123,0.1891858375742868,0.05522974038762713,0.9200469627000915,0.0030503242232846916,8.23889710291203,3085.877124999999,29.420874999999995,0.18032861780140155,0.06326532978753054,0.8424296062650358,0.004002501953124998,8.35405832872402,3200.7832577475438,30.826593600403125,0.14734061548091415,0.04503829500383198,0.8369761425799429,0.002028448016852197,8.504904585840169,3211.840625,30.622625,0.13288011189153198,0.0372897491359891,0.8359433100168913,0.0013905253906249999,8.549238989052675,3097.6732804232806,30.326215671453767,0.14855216090135828,0.04516382717289579,0.8422121229594577,0.0020397712849032,8.496337566132244,4036.5848664314517,34.97133316532258,0.1704372383172976,0.0629930370950238,0.7939759552475874,0.003968122722455044,8.435401414987323,4786.067776,39.88038400000001,0.12117471163966408,0.03704074297311004,0.756243923503455,0.0013720166400000005,8.663993127466789,4179.552230342742,36.29189768145161,0.1170503537760182,0.03378473370589791,0.7865636637644148,0.001141408231578434,8.650173003245454,4628.746496,39.307648,0.12034618151593232,0.03698106412746934,0.7642141375219181,0.0013675991039999995,8.651692458768297,4871.751651422765,39.61318597560975,0.15969684976441118,0.06265337398912685,0.7514338379476042,0.003925445272221396,8.499293917435725,6128.432687304891,47.08279136316337,0.10366366754864437,0.03366145268354129,0.6880967893254476,0.0011330933967662888,8.760462986234057,5016.615599593495,40.85975609756097,0.106244488951106,0.03146219459976822,0.7439404963777072,0.0009898696890336845,8.71294282822997,5892.653355879291,45.959157127991666,0.10225417343048979,0.033313029633710745,0.7000054394332055,0.0011097579433764903,8.760515799254247,green_mold_on_bread_19.jpg,spoiled_bread
714.3585752952756,9.008550688976378,0.38077104565287223,0.09369150344308763,0.9667316409963976,0.008778097817426101,7.134657821388915,1632.6280612561227,15.838675677351356,0.28020339602672145,0.0827621422889801,0.9241387730967521,0.006849572196261387,7.53664559858494,1294.8169906496064,12.882689468503937,0.31993316785903103,0.08424361028386217,0.939650974197932,0.007096985873659248,7.403231188785801,1745.2168764337532,16.374046748093495,0.2937696736426315,0.08333530512972605,0.9189074090637376,0.006944773081064545,7.5311637961972915,1482.897693452381,14.55753968253968,0.3129441303435502,0.09115549194316308,0.930938326819851,0.00830932371140007,7.428671375418141,1632.6280612561227,15.838675677351356,0.28020339602672145,0.0827621422889801,0.9241387730967521,0.006849572196261387,7.53664559858494,2769.312562003968,22.245473710317462,0.23918669426007622,0.07281199939195049,0.8706761980878825,0.005301587255453398,7.7974196802851345,1745.2168764337532,16.374046748093495,0.2937696736426315,0.08333530512972605,0.9189074090637376,0.006944773081064545,7.5311637961972915,2291.8314375,19.5125625,0.27937952831975693,0.08982322048056393,0.8932525396589909,0.008068210937499999,7.586465854076076,3360.1695641219453,26.512849584278158,0.20902044497663574,0.07122486085222265,0.8435556562933963,0.00507298080341848,7.911420473570771,4357.9861875,31.093437500000004,0.19839855332437967,0.06425437728279684,0.7960156251679111,0.0041286249999999995,8.021235170893084,3681.498425296045,27.86237087427564,0.2214674115931365,0.07230859498585913,0.8285964379012734,0.005228532908829012,7.905376380084652,3038.776020665323,23.870652721774192,0.2573520574437349,0.08856023018779312,0.8584205676343468,0.007842914370914902,7.708537106328741,5079.567360000001,35.95008000000001,0.17002715088682785,0.06273523080375173,0.7629200246915411,0.003935709184,8.125140720880529,5837.510017641129,38.950919858870975,0.16987283391173033,0.056950940572987115,0.7261068236991846,0.0032434096321479096,8.174192333612266,5658.792192000001,38.20620800000001,0.18371511299902316,0.06348980642591376,0.7358887846158715,0.004030955520000001,8.119824185259876,3737.0888592479682,27.77813770325204,0.2387288312215331,0.0878648001535754,0.825819328103083,0.007720223106027744,7.795832601835207,6649.52640478668,44.12591050988554,0.1414698648936633,0.05580388268793149,0.6887914410170318,0.0031140733230484194,8.262081702101463,7086.018927845529,45.4969512195122,0.14897739375213215,0.050968246890783976,0.6668229908230092,0.0025977621911199107,8.28526151574187,7444.273218002082,47.27464880332987,0.1545322007705571,0.05614225435087243,0.6515977256019053,0.0031519527235980547,8.266636892411483,green_mold_on_bread_20.jpg,spoiled_bread
973.120878444882,13.57154281496063,0.2832829044460512,0.08857441060099336,0.9447212747011765,0.007845426213313364,7.7014939388828285,1653.825407650815,18.421724843449685,0.2569732774699032,0.08199444319176735,0.9057223099461569,0.0067230887143279626,7.861974253008314,1296.105191929134,14.742125984251969,0.28030837767576067,0.08287283218243255,0.9257678658578239,0.0068679063139376285,7.748700469305046,1995.2852005704008,20.35284270568541,0.24788742058122581,0.08128022355943997,0.8862565674701721,0.00660647474187254,7.900183589270675,1953.427455357143,20.93613591269841,0.23135854513502618,0.08720760598804805,0.8891414007187518,0.007605166542166634,7.917035457642239,1653.825407650815,18.421724843449685,0.2569732774699032,0.08199444319176735,0.9057223099461569,0.0067230887143279626,7.861974253008314,2673.2157738095234,23.90972222222222,0.22341721580931365,0.07342537042739493,0.8460559837436606,0.0053912850224001625,8.034629534890986,1995.2852005704008,20.35284270568541,0.24788742058122581,0.08128022355943997,0.8862565674701721,0.00660647474187254,7.900183589270675,3004.765375,27.561124999999997,0.20697050665757932,0.08650771054868461,0.8295585785465989,0.007483583984374999,8.060673860135148,3116.880259511212,27.98658352229781,0.20730248709925075,0.0729572969408379,0.8215650338355229,0.005322767176913595,8.118070047085379,4117.4752499999995,32.334500000000006,0.18564600982562413,0.06574888604094367,0.7615637897795693,0.004322916015624998,8.228977110670902,3959.0382968002023,32.34177374653565,0.19526452337838768,0.07216633032957602,0.7733499067231121,0.005207979233237483,8.180335829016391,3988.675592237903,33.42118195564516,0.19051926574898115,0.08573201778034965,0.7737717516070431,0.00734997887269019,8.155836509860533,4447.3611519999995,35.547392,0.18033690723817736,0.06490433082622453,0.7442094319533219,0.00421257216,8.284413626006094,5441.3172253024195,39.72221522177419,0.16238447374155052,0.05848662991044442,0.6831325063911988,0.0034206858782812916,8.361517262532306,5841.501248,42.57504,0.1616870277013718,0.06427851398406781,0.6640142253768421,0.00413172736,8.374377644102543,4859.0255335365855,38.3109756097561,0.17642606411997344,0.08520229856357345,0.7241886534469993,0.00725943168051631,8.230095708165127,5449.4680671175865,41.34332726326744,0.15931698788036405,0.057562743347135875,0.6850164117240604,0.0033134694216482357,8.403494637115834,6534.12881097561,45.67200203252033,0.1451844411477374,0.05249921489331801,0.6175302205234992,0.0027561675644147835,8.474651447546881,7487.080840270552,51.17449271592092,0.1375451666447805,0.05710390298236854,0.5672152486699594,0.003260855735819759,8.497885173201293,green_mold_on_bread_21.jpg,spoiled_bread
600.908280019685,9.267655019685039,0.30525596380545494,0.08076614785363181,0.9726135051657991,0.006523170639114716,7.41536322518398,1234.5814991629982,13.991257982515965,0.24710087258498525,0.07045510063625604,0.9438280586321082,0.004963921205664967,7.668425903429925,896.0522883858268,11.13484251968504,0.2877457773185415,0.07182474000350386,0.9591296787349664,0.0051587932765709285,7.535174883899778,1204.246636493273,13.839667679335356,0.24781741882429476,0.0707790819571272,0.945208556603994,0.00500967844269373,7.662311710102248,1246.7222222222222,13.967881944444445,0.24920769182975389,0.07804374977467748,0.9431970440204659,0.0060908268788924715,7.644222210933598,1234.5814991629982,13.991257982515965,0.24710087258498525,0.07045510063625604,0.9438280586321082,0.004963921205664967,7.668425903429925,1943.2141617063494,17.93402777777778,0.2197167542762979,0.061837045897496085,0.9112683225205847,0.003823820245329037,7.843217858680287,1204.246636493273,13.839667679335356,0.24781741882429476,0.0707790819571272,0.945208556603994,0.00500967844269373,7.662311710102248,1960.0695625,18.408562500000002,0.2210970797435058,0.07653388495872268,0.9107270602733564,0.005857435546874999,7.791044657454704,2536.8570168808264,22.036155202821867,0.18934291799355407,0.060764950797316364,0.884479345973951,0.003692379245400278,7.95954211333217,3072.5188125,24.3396875,0.18725622331872388,0.05403214465713906,0.8595417965356228,0.002919472656250001,8.023998726139066,2543.5503275384235,22.08799445704208,0.18908575001730177,0.060597096260301776,0.8841757804457867,0.003672008075180279,7.972022456535944,2638.8719128024195,22.38400957661291,0.19903506313827002,0.07501103018722241,0.8798595299003499,0.005626654649748392,7.901226210610135,3865.363904,29.450816000000003,0.15832718355119352,0.05285133020085681,0.8238388627886235,0.0027932631039999994,8.146245832077666,4122.961000504032,30.011277721774192,0.15968704611694193,0.04768110861931636,0.8113456232933355,0.0022734881191670453,8.162565285819117,3871.8892800000003,29.242240000000002,0.15665376862412247,0.05266288134920079,0.8235440444324316,0.002773379072,8.155056381666927,3302.5550050813013,26.032901422764226,0.18509468532293147,0.07462229389668218,0.849684711507782,0.0055684867464028094,7.982614879302595,5083.916037981269,35.92254162330906,0.1358741370570376,0.04684751275607907,0.768178202790068,0.0021946894514309908,8.272939473667641,5006.714240345531,34.8016387195122,0.1407295009404265,0.04140714588233486,0.7705824890456814,0.0017145517301209604,8.27558068803496,5043.81080905307,35.40094953173777,0.13410007730073226,0.046647324357662834,0.7700108118881301,0.002175972869729004,8.27962695088068,green_mold_on_bread_23.jpg,spoiled_bread
1032.0065821850392,13.417876476377952,0.1781639403221641,0.026729813604167294,0.952947837511577,0.0007144829353135269,7.929075428373759,1295.5103850207702,15.27701655403311,0.17161993474643558,0.025760995565251656,0.9409652111407838,0.0006636288925129156,7.983984701023095,561.7501845472443,10.152989665354333,0.19872714175395148,0.028426499716836466,0.9744020499481352,0.0008080658861513038,7.80486028278105,1148.5230950461903,14.47287494574989,0.17678384968727953,0.026350563284415082,0.9476630291037913,0.0006943521854059641,7.955479100551848,2223.2426215277774,20.495721726190474,0.15313512978690172,0.02419279315997803,0.8985823225904512,0.0005852912408814798,8.11467206328943,1295.5103850207702,15.27701655403311,0.17161993474643558,0.025760995565251656,0.9409652111407838,0.0006636288925129156,7.983984701023095,1148.8696676587304,14.547991071428573,0.17232133432782348,0.025971744517279113,0.947620321915917,0.0006745315132708177,7.968271462141993,1148.5230950461903,14.47287494574989,0.17678384968727953,0.026350563284415082,0.9476630291037913,0.0006943521854059641,7.955479100551848,3473.3351250000005,27.120874999999998,0.1365225023758322,0.022371333498475234,0.841444641576667,0.0005004765625,8.245018826499594,2717.876291257244,23.27702191987907,0.1422240997574843,0.022825538890040645,0.8759968796212514,0.0005210052256207579,8.18469749915684,1772.3185625,18.252312500000002,0.1620748771908772,0.02479080443178478,0.919125348650477,0.000614583984375,8.056349967629366,2414.8027210884356,21.868732678256492,0.15227104683348222,0.023680322480819593,0.8898168396489564,0.0005607576727956097,8.14300449473777,4657.103452620968,32.996975806451616,0.12456382653752499,0.021093699190235373,0.7872098104864522,0.0004449441455281364,8.34267803804104,4119.694784,30.337599999999995,0.12454221841675261,0.021073548918015685,0.8116900310644427,0.000444094464,8.304287252339691,2354.708039314516,21.43334173387097,0.14827628031128348,0.023617941994059907,0.8924571532796292,0.0005578071840347784,8.13019421149479,3671.997312000001,28.340992000000007,0.1353521699219779,0.021725242829482946,0.8321186055176572,0.00047198617600000014,8.266650758873478,5734.8319359756115,38.21023882113822,0.11235477446732525,0.020178387112869046,0.7377245994519688,0.0004071673064767996,8.410473357560548,5360.5954734651405,36.36628511966701,0.11190472899402491,0.01969460239529574,0.7544384753564465,0.0003878773635087886,8.408222335213202,2917.4958714430895,24.424352134146343,0.13976801079521423,0.0225021535399611,0.8666349594194439,0.0005063469139359839,8.198094154885634,4872.5104708636845,34.39041363163372,0.11667953070367634,0.020180844215028592,0.7767047892616138,0.000407266473231253,8.361743655483759,green_mold_on_bread_24.jpg,spoiled_bread
797.8832431102364,10.611589566929135,0.3039416118005954,0.07298587507870842,0.9634780639174583,0.00532693796100483,6.715672369858058,1334.1376402752805,15.365738731477464,0.23764835442024326,0.06779926885258454,0.9393899771494372,0.00459674085694504,6.877035020352308,841.3758612204724,11.514271653543307,0.2684977579256568,0.07053205046226416,0.9614873188347474,0.004974770142411378,6.782328254774617,1372.9022258044515,15.564759129518256,0.24222044803667275,0.06752465355925281,0.9376290221029963,0.004559578838297113,6.880115113628601,1545.889632936508,15.723958333333332,0.26518629008790895,0.06800953526569879,0.929255036345625,0.004625296887056328,6.9309299271329845,1334.1376402752805,15.365738731477464,0.23764835442024326,0.06779926885258454,0.9393899771494372,0.00459674085694504,6.877035020352308,1694.8532986111109,17.268849206349206,0.21271871372095377,0.06369316707688039,0.9224340819009529,0.004056819532283399,7.012643030220106,1372.9022258044515,15.564759129518256,0.24222044803667275,0.06752465355925281,0.9376290221029963,0.004559578838297113,6.880115113628601,2332.40575,20.528750000000002,0.2336684241550613,0.06372425950923244,0.8932740997865892,0.00406078125,7.0926425316207204,2535.4705845301087,22.871945074326028,0.18983312270275066,0.060199529679769374,0.8848397315952407,0.003623983373665434,7.170118688740008,2626.659125,22.6505,0.1885904339276333,0.05993165052269961,0.8797891446633495,0.0035918027343750003,7.17657055850231,2657.158100277148,23.406651549508695,0.18629548753139685,0.059932694684616414,0.8793148111190755,0.0035919278921594483,7.148719210248246,3071.4357358870975,24.86378528225807,0.21398626813172367,0.059829403308057146,0.859475413574355,0.003579557500198159,7.224513444929505,3701.325376,29.434815999999998,0.15814417344043574,0.05482615200796057,0.8318345786779314,0.0030059069439999993,7.357578017942759,3490.269909274194,27.358114919354847,0.1677666074769345,0.05669340745684946,0.8402658092668512,0.0032141424490683542,7.300200554706631,3961.979456000001,30.584512000000004,0.1569387799225449,0.05533628162426529,0.8199956876064625,0.003062104064000001,7.342142557622451,3760.2278963414637,28.67505081300813,0.19796700954036306,0.0567141876251564,0.8279697574097112,0.0032164990779814428,7.3280290358059705,4761.630007804371,35.1578433922997,0.13717469701558807,0.050302675711786725,0.7835371624551046,0.0025303591837651782,7.5116454440401625,4335.607024898374,31.771023882113823,0.15415064123256628,0.054242774616229214,0.8015546090528461,0.0029422785980670403,7.4047301886934624,5158.188410509887,36.76892559833507,0.1425566585763426,0.05140262012558643,0.765510323277627,0.0026422293557753435,7.484058921266223,green_mold_on_bread_27.jpg,spoiled_bread
333.6073449803149,5.221395177165354,0.6016893205914151,0.1968785976119735,0.984460591335339,0.03876118219765737,4.933044259102578,1063.0478020956043,9.652551305102612,0.5391517059369811,0.18568485442631757,0.9504698383775056,0.03447886516332275,5.139233046673487,770.497846948819,7.1536048228346445,0.5923913823471247,0.19163709634782014,0.9640169499219609,0.036724776696623704,5.014702911507841,865.3678467356935,8.65472130944262,0.5509377082041204,0.1856810763048041,0.9596803063536102,0.03447746209771048,5.096420110665678,647.3820064484127,7.760850694444444,0.5295665912860517,0.184687284035954,0.969866381596471,0.03410939288457715,5.128081879697804,1063.0478020956043,9.652551305102612,0.5391517059369811,0.18568485442631757,0.9504698383775056,0.03447886516332275,5.139233046673487,1544.1635664682542,11.685887896825397,0.5197833478280537,0.17647816765826996,0.9277584811385359,0.031144543660020438,5.238669981372329,865.3678467356935,8.65472130944262,0.5509377082041204,0.1856810763048041,0.9596803063536102,0.03447746209771048,5.096420110665678,987.0408125,10.0808125,0.4807135974465294,0.17705315674254443,0.9540942784301185,0.031347820312500004,5.256591553145759,2063.851347946586,15.52658100277148,0.4543319880339177,0.1708643279171193,0.9037353759337714,0.029194618554568876,5.396113513218084,2336.4513125000003,16.071312499999998,0.4673854668167065,0.1669620559438581,0.8904727199077567,0.027876328125,5.389905463454786,1647.5445956160243,13.381960191484001,0.47774223785135195,0.16977458750912444,0.9231533628490413,0.02882341056389335,5.31649792398283,1330.6379788306451,12.302293346774192,0.44089774062494325,0.17132613520353762,0.9381608575191239,0.02935264460378085,5.368451050519821,3071.207744,21.139904,0.3918506004624105,0.16070140021791968,0.8565750093227809,0.025824940031999997,5.573488950573181,3062.943170362904,20.020413306451616,0.4283594915753035,0.1596845369812882,0.8560841738716358,0.025499151350928402,5.508949308057451,2446.9628159999997,17.80608,0.42974267152339835,0.16008037021446445,0.8857268907708363,0.025625724928,5.464802933617118,1670.4960619918704,14.486153455284555,0.40581587565143423,0.16625306782763843,0.9224180023198858,0.027640082562101348,5.46170208633427,4006.988033298647,26.310874089490113,0.344125175647202,0.15263817868357957,0.8125741595805104,0.023298413591840362,5.716290971977045,3687.1625381097565,23.429814532520325,0.3992334967265273,0.15378477633089774,0.8263657304651117,0.023649757431144242,5.612747176421848,3206.4680020811657,21.899713839750262,0.3869114295164241,0.15113407640913099,0.850016806027116,0.022841509052041045,5.590366325424679,green_mold_on_bread_29.jpg,spoiled_bread
1014.3428272637796,16.188299704724407,0.1905422861483776,0.06556756362690788,0.9485353513510257,0.004299105399968613,8.245223381928799,1626.6709033418067,21.825593651187305,0.1513258329415536,0.05634886991562353,0.9175800989227101,0.0031751951407678627,8.446300593717362,1099.9958784448818,17.527251476377952,0.16589773464881752,0.057596285245814886,0.944002083344536,0.0033173320741172736,8.371114977068864,1584.5818091636181,21.23839047678095,0.1569334957002916,0.057819861021382105,0.9197126898232353,0.0033431363285319413,8.430311182996,1902.5631820436506,22.708023313492063,0.1615518926866436,0.06400866979772213,0.9036246511187248,0.004097109809273825,8.406949886347427,1626.6709033418067,21.825593651187305,0.1513258329415536,0.05634886991562353,0.9175800989227101,0.0031751951407678627,8.446300593717362,2047.0966641865084,24.670696924603178,0.13172865850404458,0.04855037412950758,0.8956225319683773,0.002357138828115159,8.568072574600695,1584.5818091636181,21.23839047678095,0.1569334957002916,0.057819861021382105,0.9197126898232353,0.0033431363285319413,8.430311182996,2834.741875,28.325000000000003,0.150897072906144,0.06273018549211376,0.8565115077429739,0.003935076171875,8.502208949783956,2936.0924036281185,30.24899218946838,0.12467785958356012,0.046442309975068596,0.8512436252921469,0.0021568881558203562,8.634357966586979,3031.2554999999998,30.709375,0.1160465630165525,0.04123825590395404,0.8451926391065053,0.00170059375,8.689138532721397,2808.7858402620313,29.281179138322,0.1257203935956733,0.049338870002283625,0.857693609683593,0.0024343240931022432,8.603515752367478,3572.0446068548395,32.67464717741936,0.1433617246670472,0.06147681201084445,0.8193151780954074,0.0037793984150167087,8.56522747529549,4171.0214399999995,37.422976000000006,0.10552241318005832,0.03903504230816203,0.7885014042240569,0.0015237345279999997,8.75609236892761,3692.0277847782263,34.940587197580655,0.10384668648323066,0.03424708182620086,0.8111728094604601,0.0011728626136104973,8.786597029250728,3894.4478719999997,35.543808,0.11182611337123396,0.042365945569525526,0.8025272096974542,0.0017948733439999993,8.72014330957753,4186.328760162603,36.08371443089432,0.1392954235749423,0.06020730054869144,0.7884097030442461,0.00362491903936046,8.61146383499159,5010.100546305932,42.254942767950055,0.0924770269088907,0.03195069292291006,0.7457756066689414,0.0010208467782540946,8.849217890976181,4212.219131097561,38.291285569105696,0.0884398392180189,0.028036331932804134,0.7842070309068139,0.0007860359082463728,8.853085881656053,4574.698686264308,39.40979448491156,0.10091822437936684,0.03584595456811199,0.7678748396058924,0.0012849324588991486,8.795173332908375,green_mold_on_bread_6.jpg,spoiled_bread
1032.0065821850392,13.417876476377952,0.1781639403221641,0.026729813604167294,0.952947837511577,0.0007144829353135269,7.929075428373759,1295.5103850207702,15.27701655403311,0.17161993474643558,0.025760995565251656,0.9409652111407838,0.0006636288925129156,7.983984701023095,561.7501845472443,10.152989665354333,0.19872714175395148,0.028426499716836466,0.9744020499481352,0.0008080658861513038,7.80486028278105,1148.5230950461903,14.47287494574989,0.17678384968727953,0.026350563284415082,0.9476630291037913,0.0006943521854059641,7.955479100551848,2223.2426215277774,20.495721726190474,0.15313512978690172,0.02419279315997803,0.8985823225904512,0.0005852912408814798,8.11467206328943,1295.5103850207702,15.27701655403311,0.17161993474643558,0.025760995565251656,0.9409652111407838,0.0006636288925129156,7.983984701023095,1148.8696676587304,14.547991071428573,0.17232133432782348,0.025971744517279113,0.947620321915917,0.0006745315132708177,7.968271462141993,1148.5230950461903,14.47287494574989,0.17678384968727953,0.026350563284415082,0.9476630291037913,0.0006943521854059641,7.955479100551848,3473.3351250000005,27.120874999999998,0.1365225023758322,0.022371333498475234,0.841444641576667,0.0005004765625,8.245018826499594,2717.876291257244,23.27702191987907,0.1422240997574843,0.022825538890040645,0.8759968796212514,0.0005210052256207579,8.18469749915684,1772.3185625,18.252312500000002,0.1620748771908772,0.02479080443178478,0.919125348650477,0.000614583984375,8.056349967629366,2414.8027210884356,21.868732678256492,0.15227104683348222,0.023680322480819593,0.8898168396489564,0.0005607576727956097,8.14300449473777,4657.103452620968,32.996975806451616,0.12456382653752499,0.021093699190235373,0.7872098104864522,0.0004449441455281364,8.34267803804104,4119.694784,30.337599999999995,0.12454221841675261,0.021073548918015685,0.8116900310644427,0.000444094464,8.304287252339691,2354.708039314516,21.43334173387097,0.14827628031128348,0.023617941994059907,0.8924571532796292,0.0005578071840347784,8.13019421149479,3671.997312000001,28.340992000000007,0.1353521699219779,0.021725242829482946,0.8321186055176572,0.00047198617600000014,8.266650758873478,5734.8319359756115,38.21023882113822,0.11235477446732525,0.020178387112869046,0.7377245994519688,0.0004071673064767996,8.410473357560548,5360.5954734651405,36.36628511966701,0.11190472899402491,0.01969460239529574,0.7544384753564465,0.0003878773635087886,8.408222335213202,2917.4958714430895,24.424352134146343,0.13976801079521423,0.0225021535399611,0.8666349594194439,0.0005063469139359839,8.198094154885634,4872.5104708636845,34.39041363163372,0.11667953070367634,0.020180844215028592,0.7767047892616138,0.000407266473231253,8.361743655483759,moldy_bread_000002.jpg,spoiled_bread
869.6867002952758,10.33175442913386,0.33051973722395656,0.047809056311090725,0.9565404987627544,0.0022857058653570437,7.430706063328806,1500.2770165540333,15.303366606733215,0.26345876537366997,0.042489879636829576,0.9253319210504642,0.0018053898715522645,7.66922020854669,909.0944881889764,10.855807086614174,0.32214507469063164,0.04526825570855137,0.954659213177009,0.0020492149748947935,7.466198016526927,1412.5862731725465,14.877673755347512,0.274635640768536,0.043214464476055814,0.9296960355666701,0.00186748993995229,7.645595965830516,1813.9574032738099,16.50936259920635,0.26976106806274236,0.04348943040055079,0.9093535165142433,0.001891330556564351,7.695392006749053,1500.2770165540333,15.303366606733215,0.26345876537366997,0.042489879636829576,0.9253319210504642,0.0018053898715522645,7.66922020854669,1906.0658482142856,17.538194444444443,0.24979546692623422,0.0386035083048841,0.9050649916705001,0.0014902308534452556,7.7796683414910355,1412.5862731725465,14.877673755347512,0.274635640768536,0.043214464476055814,0.9296960355666701,0.00186748993995229,7.645595965830516,2768.781125,21.807625,0.24448294355748854,0.040864104052334246,0.8617135216125468,0.001669875,7.830943823889177,3055.998299319728,24.39965986394558,0.19945982985224756,0.03564311705986741,0.8481276190488831,0.001270431793743411,7.961146106427407,2885.8438125,23.298187500000004,0.21268983984302872,0.034016310426029456,0.8565276632217282,0.0011571093750000002,7.968217400889135,2765.7563618039812,23.140463592844547,0.21289929349701447,0.03697600714703374,0.8625361731226635,0.00136722510453749,7.9283810796327465,3665.992439516129,26.606476814516128,0.22244383706774196,0.0383383807287618,0.8170786811267206,0.0014698314369034943,7.945791513461842,4534.318656,32.262592,0.16700793850506296,0.031283498525580544,0.7752403420330722,0.00097865728,8.132180621060709,3786.363344254032,28.361202116935484,0.18284101198373948,0.03059168555545067,0.8120314973537339,0.0009358512251235691,8.10156936578588,4014.993856,29.879104,0.17961637220797091,0.03296217468553918,0.8009163125578769,0.00108650496,8.089477560536668,4498.668572154473,30.935848577235774,0.20388330009324013,0.036332327940808144,0.7757927039868174,0.0013200380535984284,8.033373702135991,5943.4792533818945,39.728733090530696,0.13721136222308572,0.027953444867208056,0.7061809782821499,0.0007813950799440404,8.270268319648231,4616.504382621952,32.83784298780488,0.15850316100857484,0.0279350621127426,0.7711050230946285,0.0007803676952427871,8.208978595211466,5082.522112382936,35.45044224765869,0.1600249976351758,0.0298000611222452,0.7485810419024322,0.0008880436428895498,8.207214412035174,moldy_bread_000006.jpg,spoiled_bread
750.5068897637796,11.835752952755906,0.4496989350718007,0.31880533894969343,0.9683441680545146,0.1016368441428289,5.615377294354371,1701.3833467666936,18.39456878913758,0.40181523304902345,0.308103217458031,0.9283909831400913,0.09492759260799075,5.780262468322244,1224.3993602362202,14.632135826771652,0.42875904855510416,0.31431853858505454,0.9481391155942974,0.09879614369824441,5.687215119614957,1686.456692913386,18.436480872961745,0.40393639375797,0.3097507393916897,0.929019226627648,0.09594552055369845,5.782481669042154,1406.6881820436506,17.054129464285715,0.41559275122199485,0.3035988326832251,0.9405444923523495,0.09217225120661689,5.791976837971856,1701.3833467666936,18.39456878913758,0.40181523304902345,0.308103217458031,0.9283909831400913,0.09492759260799075,5.780262468322244,2461.306857638889,22.289124503968257,0.38756893216165444,0.29771327227652644,0.8955105710231359,0.08863319248959717,5.8832984171140135,1686.456692913386,18.436480872961745,0.40393639375797,0.3097507393916897,0.929019226627648,0.09594552055369845,5.782481669042154,2089.6509375,21.5439375,0.3941804524769806,0.2915414448453255,0.9114808835064074,0.08499641406249998,5.914688064543281,3311.4150289745526,27.785147392290252,0.35507053907221126,0.28361815592766104,0.8600282685298231,0.08043925837180704,6.021967472646496,3724.7316875,29.261312500000003,0.35875951790484323,0.2847173900335208,0.8415399170819247,0.08106399218750002,6.015266457063543,3276.7166162761405,27.54037540942303,0.36126039783518615,0.28867800704540936,0.8614949517640801,0.0833349917517094,6.016467782920086,2688.952809979839,25.059160786290327,0.37949908616900024,0.2808100319701773,0.885802167059493,0.07885427405509197,6.005408223795082,4913.475456,36.041216,0.3249988097806793,0.2627049856854643,0.7914032659896683,0.069013909504,6.191222006194369,4873.409841229839,35.03736139112903,0.3396339498460518,0.2725388691681724,0.792242533770663,0.07427743520746617,6.121406273677941,4851.918976000001,35.446912000000005,0.3349068852191447,0.27003844230035107,0.7940213608893724,0.07292076032000003,6.179968120744334,3274.215447154472,28.149009146341463,0.3692883038816812,0.2714018358023814,0.8605929544747443,0.0736589564769028,6.084680601682396,6419.290582726328,43.22827783558793,0.2990336345841779,0.24400390431378696,0.7261918792854662,0.05953790532037171,6.3282625284550145,5953.161458333334,40.303607723577244,0.32156621327043744,0.26208168211225286,0.7456438018212209,0.06868680809878797,6.1924430325273265,6335.005528095733,42.68398803329865,0.3064303715153525,0.2509397686686323,0.7297992377719773,0.06297076749946671,6.320417707375462,moldy_bread_000007.jpg,spoiled_bread
945.3596210629923,9.31569881889764,0.509741289462487,0.42408052105523436,0.964148691829636,0.17984428833847907,4.807264059339584,1432.0576601153202,12.308636617273235,0.48459399666408504,0.4166651528586282,0.9460619307553558,0.173609849606704,4.857315051633429,682.5046751968505,7.220472440944883,0.533738880741344,0.42708645026162834,0.9741170609649237,0.18240283599707832,4.695320331067776,1438.6351292702589,12.359972719945443,0.483205037126827,0.41666183852334776,0.9458141921365736,0.1736070876816563,4.858765062113536,1837.5125248015875,13.398065476190476,0.4926478393690429,0.41146090748038283,0.9302077323886613,0.16930007838458014,4.930499586490657,1432.0576601153202,12.308636617273235,0.48459399666408504,0.4166651528586282,0.9460619307553558,0.173609849606704,4.857315051633429,1319.2728174603174,10.5703125,0.5052564124097472,0.4175436604027896,0.9498914754126656,0.1743427083425601,4.844184633291765,1438.6351292702589,12.359972719945443,0.483205037126827,0.41666183852334776,0.9458141921365736,0.1736070876816563,4.858765062113536,2751.5387499999997,17.419249999999998,0.4783794517370096,0.39853043278948597,0.8953113613904661,0.158826505859375,5.0340914553990235,2744.6082136558325,18.144368858654573,0.4624144156388753,0.3959500432430559,0.8962783411594459,0.15677643674417782,5.036017158710068,1937.3870000000002,13.430625,0.4927822607257792,0.40825498982712993,0.9262876426909091,0.16667213671874997,4.941027791903105,2772.5249433106583,18.291257243638196,0.4615451806507189,0.3958197864628259,0.8952233383015534,0.15667330335547708,5.041734918190411,3665.236643145161,21.52608366935484,0.4614242538799529,0.3855894335767703,0.8602812760599379,0.14867921128605455,5.129491717261744,4077.453056,24.069888000000002,0.4339504394584081,0.37516047484776427,0.8452804878931314,0.14074538188799995,5.1921900967520855,2511.420299899194,15.975113407258068,0.4814076632250173,0.4000703561219076,0.9042798114035193,0.16005628984751,5.019201079613057,4120.550528,24.233856000000003,0.4358710269203385,0.3749678019243786,0.8436451484424253,0.14060085248000004,5.198659264102263,4580.524263211382,25.463541666666664,0.44856704216396376,0.3724571643201194,0.8250224531466052,0.13872433925338443,5.2125439417497965,5386.608285639959,29.779981789802292,0.41495855228733597,0.35494752707880567,0.7946486891271388,0.12598774697935947,5.3273751980644235,3008.2549542682927,18.2010924796748,0.4727366352464606,0.39264656510728496,0.8851453515985053,0.15417132509054937,5.086833449531003,5447.964164932362,30.01151144640999,0.41285284361867414,0.3547478961994184,0.7923096457858878,0.12584606985791333,5.3358858551300195,moldy_bread_000008.jpg,spoiled_bread
769.2420644685042,12.625799704724411,0.28951274143155625,0.06324403808755902,0.954520044881949,0.003999808353620616,7.646920985876859,1225.7612995225993,17.23727447454895,0.23403910260732094,0.0535480466269473,0.9276828349943741,0.002867393297561722,7.899701307823589,862.8500861220474,14.201956200787405,0.24259463799768358,0.05424567697647584,0.9490033470043675,0.002942593470636161,7.823463908646514,1182.0388120776242,16.781325562651126,0.23547337717287548,0.05373873042222935,0.9302632973062557,0.002887851147393038,7.8922747160468685,1421.580853174603,18.39893353174603,0.2514424356995807,0.061427660237851664,0.9161061991010743,0.0037733574422969427,7.859135822748669,1225.7612995225993,17.23727447454895,0.23403910260732094,0.0535480466269473,0.9276828349943741,0.002867393297561722,7.899701307823589,1576.180927579365,20.346850198412696,0.20867044973080745,0.04603246595365724,0.9070358682707913,0.0021189879217746125,8.046966351168717,1182.0388120776242,16.781325562651126,0.23547337717287548,0.05373873042222935,0.9302632973062557,0.002887851147393038,7.8922747160468685,2124.839875,23.772624999999998,0.225325654823702,0.06066008971617995,0.8748365735205668,0.003679646484375,7.999321162691129,2224.664965986395,25.247228521038046,0.19470724334453138,0.04518808839855472,0.869227759641005,0.002041963333115596,8.152732490956211,2388.546375,26.472749999999998,0.18113481248379446,0.03988002025607559,0.859448799151066,0.0015904160156249994,8.201494153792796,2129.64241622575,24.460254472159235,0.19628945952286758,0.045405441036294694,0.874823607211315,0.002061654075700434,8.122450944512556,2682.8205015120966,27.770350302419352,0.20953642370110076,0.0599709698393587,0.842250820949547,0.003596517223473271,8.084671168284626,3119.895488,31.715775999999998,0.17183690270395063,0.03920518496321628,0.8172902840184422,0.001537046528,8.303366233318025,3026.9022177419356,30.972026209677416,0.16178338814070356,0.03587411643670264,0.822264295351508,0.0012869522301140982,8.314030106676999,3051.2439679999998,30.868415999999996,0.16900957050014478,0.039098055194600155,0.8213474705179612,0.0015286579200000001,8.283256618349233,3144.784425813008,30.960238821138216,0.19821199979849002,0.05937659535917098,0.8154025456180408,0.0035255800764467248,8.158083654430854,3810.4159079084293,36.476521852237255,0.1470149221491156,0.034852058331856305,0.7775847543597858,0.0012146659699671146,8.422279644997303,3568.8565802845533,34.66183943089431,0.1491611140057435,0.0324447187141664,0.7909258296892112,0.0010526597724413791,8.40063827889378,3802.372983870968,35.78011186264308,0.15064264802677813,0.03506002976882613,0.7781395591945837,0.0012292056873909741,8.402794641970114,moldy_bread_000009.jpg,spoiled_bread
527.2915846456692,11.463828740157481,0.24887883881863096,0.09212987080198393,0.9543050375909464,0.00848791309399025,7.678163704093244,943.5356810713619,14.862731725463448,0.2165075174174489,0.08370081036211417,0.9169430531700754,0.007005825655274599,7.813301962532806,657.6929749015749,11.900775098425196,0.24479561473676148,0.0840298363059509,0.9423370650103958,0.007061013389604904,7.701498875298235,971.8107756215513,15.622419244838492,0.21022881039115468,0.08281181357245135,0.9144531916703136,0.006857796467158438,7.859845912618752,910.8269469246032,15.56963045634921,0.20746186430225166,0.09044231523175808,0.9209058849379008,0.0081798123844807,7.861965141918205,943.5356810713619,14.862731725463448,0.2165075174174489,0.08370081036211417,0.9169430531700754,0.007005825655274599,7.813301962532806,1223.9893973214284,17.12704613095238,0.19798089427312326,0.07467896007834372,0.8910694164304931,0.0055769470783828545,7.944064096148702,971.8107756215513,15.622419244838492,0.21022881039115468,0.08281181357245135,0.9144531916703136,0.006857796467158438,7.859845912618752,1270.3616874999998,18.571187499999997,0.1951218501268716,0.08961642436308759,0.8895201179520409,0.008031103515624999,7.9561796028070155,1662.2111363063746,20.762912572436385,0.1762874509952836,0.07406022716853992,0.8511009305230716,0.005484917248255739,8.040738588685548,1800.0163750000002,21.795125,0.16846890395635955,0.06653147751252786,0.8372883793427013,0.004426437500000001,8.099697372155022,1709.102103804485,21.96201814058957,0.1677260528414941,0.07344885163103301,0.8468968137880497,0.005394733805917502,8.086699045046633,1570.4196698588707,21.131741431451616,0.1797295220089092,0.08884553769578338,0.8632966957491842,0.007893529568452866,8.019551894857024,2308.957696,25.250432,0.15565866393599556,0.06569437114395722,0.7894738462344698,0.0043157504,8.173010893525142,2322.150642641129,25.482925907258064,0.14881518344516825,0.059057669063155224,0.7866883924716244,0.0034878082751731614,8.195389666494997,2401.672896,26.986815999999997,0.1460145070680764,0.06525163305236124,0.7810141002862621,0.004257775616000003,8.224557450749142,1819.633574695122,22.984565548780488,0.17675995233730588,0.08807885930549951,0.8414202216284598,0.007757885456557977,8.06367461196724,2868.601131633715,28.826677939646203,0.1405397608228338,0.05845444738480109,0.7337780309561045,0.0034169224190624794,8.252720558267614,2735.516768292683,28.426829268292686,0.13850464909708063,0.05316470333013895,0.7449119472716712,0.002826485680181688,8.27562605354412,2955.6718912591055,30.58682362122789,0.12827159674500704,0.05797153313115764,0.7256909425572009,0.003360698653576908,8.30633384301015,moldy_bread_000010.jpg,spoiled_bread
686.0166092519686,8.078125,0.6026786954398337,0.5139859987543044,0.9737385324460293,0.26418160691545983,4.101343094017573,1262.7482174964352,12.086924173848352,0.5679048400933977,0.5061730316221194,0.952031170509224,0.256211137941527,4.192579171459152,785.8790600393702,8.760580708661417,0.5946937343550825,0.5118290843122207,0.969915688398459,0.2619690115478863,4.132375843658293,1180.1319362638728,11.833963667927335,0.5668991134596475,0.506417136181466,0.9551695683724687,0.25645831581823747,4.189149901801864,1419.158978174603,12.248759920634921,0.5766178025761174,0.5052005789729332,0.9457720304791454,0.255227624994587,4.237758518809487,1262.7482174964352,12.086924173848352,0.5679048400933977,0.5061730316221194,0.952031170509224,0.256211137941527,4.192579171459152,1621.440600198412,13.289930555555554,0.571629174597985,0.5008121199096925,0.9380425781750452,0.2508127794484402,4.269604716228176,1180.1319362638728,11.833963667927335,0.5668991134596475,0.506417136181466,0.9551695683724687,0.25645831581823747,4.189149901801864,2187.5123750000002,16.1865,0.5590603536473654,0.49630238427860185,0.9165585722107406,0.246316056640625,4.333096293914949,2525.5199042579998,18.41509196271101,0.5394325679931999,0.48898458166153425,0.9043997414229191,0.23910592110270568,4.370126809494222,2510.852625,17.666,0.5531041556774393,0.4897630485755331,0.9042249404424925,0.23986784375,4.373835311432796,2322.0527840765935,17.864071554547742,0.5385613160775369,0.4896163193715838,0.9121017236042833,0.23972414019497673,4.369490763576631,2925.0758568548385,19.686617943548384,0.5463566510629032,0.4872714380841876,0.8886116381483701,0.23743345437263227,4.414347374654872,3868.081024,24.650495999999997,0.5158402785341782,0.47139664541869625,0.8540477060866546,0.22221479731200003,4.513617833814795,3389.9262852822576,21.749495967741936,0.5357770739465714,0.4784875668517712,0.8709098997106418,0.22895035163172822,4.46127297839316,3536.379392,23.664384,0.5143970358699314,0.4723002489095258,0.8665636316282391,0.22306752512000003,4.508311534175841,3630.628175813008,22.941438008130085,0.5355172600731267,0.4781014611261832,0.8619647008742573,0.22858100713099122,4.487723634747989,5173.339750260146,30.59300208116545,0.4920967236970928,0.4532638001348648,0.8053543462722101,0.20544807251269864,4.639910012147309,4263.986026422765,25.738821138211385,0.5227715545860543,0.46703677996275933,0.837884641961869,0.21812335383798287,4.541279462389787,4719.377601456816,28.992325702393344,0.4943930459003635,0.4545724244068676,0.8224345620490789,0.2066360890311374,4.628525922617928,moldy_bread_000014.jpg,spoiled_bread
638.0314960629921,9.284694881889765,0.5348801855522529,0.3671445503443649,0.9743165043129959,0.1347951208475659,4.9726402811571315,1453.3636307272618,14.951949903899807,0.47320232192258327,0.3535105088228913,0.9416237360779535,0.12496967984821951,5.120508717146746,1143.0394931102362,11.958292322834646,0.5041084255044933,0.36405361668581837,0.9537891915905174,0.13253503582202478,5.026194393678906,1510.9296298592599,15.130510261020524,0.4758776739045149,0.3579996979057694,0.9393115219236854,0.12816378370062215,5.113322975372675,1172.0289558531745,13.258246527777779,0.49966939352391226,0.3542281876700216,0.9527958221380232,0.12547760893998805,5.126271972470895,1453.3636307272618,14.951949903899807,0.47320232192258327,0.3535105088228913,0.9416237360779535,0.12496967984821951,5.120508717146746,2390.3794642857147,19.178199404761905,0.4595773256351204,0.347161322895153,0.9031856647030638,0.12052098411431268,5.231850999242312,1510.9296298592599,15.130510261020524,0.4758776739045149,0.3579996979057694,0.9393115219236854,0.12816378370062215,5.113322975372675,1736.554125,16.83325,0.4812947224698637,0.34507599083843116,0.9300396443268529,0.11907743945312502,5.2280133313102,2874.1206853111607,23.14638447971781,0.42294339304299644,0.33030891379343846,0.8842946133823039,0.10910397853140115,5.357695644845224,3675.217375,26.085625,0.428556435649136,0.33065058974694117,0.8508674038020381,0.10932981249999998,5.378539720070686,3026.2363315696653,23.614260519022427,0.43144711870146324,0.3367917742672341,0.8781707927122487,0.11342869921407159,5.351716814115242,2313.4974798387098,20.004410282258064,0.4672626324638862,0.33763175465868156,0.9068097044907086,0.11399520175390014,5.305504666553224,4362.151424,30.498816,0.3945084511951186,0.3135618491079551,0.824025430182036,0.098321033216,5.515459820833159,4927.234375,32.38659274193549,0.40471807094428247,0.31646139881328766,0.7997233087763729,0.10014781693886272,5.490730595668455,4573.482303999999,31.391807999999997,0.39887953760264205,0.3176159061004345,0.8155009643135465,0.10087986380800001,5.519613798982598,2881.175304878049,22.744918699186993,0.4539377077864232,0.33124094754261046,0.883957171903342,0.10972056532892643,5.3673556060364636,5881.82069458897,37.54363943808533,0.3712125326392015,0.2973875288303168,0.7623771157663142,0.08843934230380253,5.647675619454114,6188.0390625,38.1202362804878,0.38722856708906117,0.3039957851532026,0.7481332237917205,0.0924134373909121,5.582913734485727,6076.643600416233,38.407648283038505,0.37262504627608634,0.29996280181860985,0.7544964979376306,0.08997768247487062,5.6516260139309855,moldy_bread_000015.jpg,spoiled_bread
535.7256397637796,7.814837598425196,0.5549069026382218,0.35574859185840557,0.9769901579946811,0.12655706060923844,4.902444767549697,1282.6341372682746,13.156178312356625,0.4884105609272616,0.3415785239312995,0.9449554129498742,0.11667588801108535,5.065848907931118,942.3298474409448,9.445620078740157,0.5496980850451496,0.3532122724792108,0.9592906998515683,0.12475890942992823,4.905202589116856,1345.470146940294,13.309442618885239,0.49573344036241224,0.3460394053465606,0.9422587887888796,0.11974327005260124,5.0610638679110025,1044.8590649801588,11.947110615079367,0.5137915353357143,0.34167936641954444,0.9551553631207641,0.11674478943686131,5.087908235557384,1282.6341372682746,13.156178312356625,0.4884105609272616,0.3415785239312995,0.9449554129498742,0.11667588801108535,5.065848907931118,2002.557291666667,15.953993055555557,0.48726162426007136,0.337274542115186,0.9132617999933557,0.11375411675900834,5.157111313705753,1345.470146940294,13.309442618885239,0.49573344036241224,0.3460394053465606,0.9422587887888796,0.11974327005260124,5.0610638679110025,1572.30175,15.532250000000001,0.4892345608397792,0.3301675178507874,0.9325779597842434,0.10901058984375002,5.20255665228666,2575.433988410179,20.96422272612749,0.4347688328492791,0.3168399465715251,0.8892809454719535,0.10038755174344688,5.331086286689617,3129.0718749999996,22.204,0.4537714942011919,0.3211630962221531,0.8641004243864514,0.10314573437499999,5.328768571476452,2749.6987906273616,21.68921642731166,0.4405972317875273,0.3236971655092091,0.8817892239889604,0.10477985495869631,5.331417242001416,2085.7689012096776,18.662928427419356,0.4703518805381235,0.32018899931754424,0.9106481789303277,0.10252099528397035,5.2952702464838755,3879.72288,28.0064,0.3980636047301883,0.2971086421092459,0.8329365899340833,0.08827354521599999,5.506229586965836,4251.55582157258,27.9789566532258,0.4269150533692345,0.30755185218709913,0.8148766754096222,0.09458814178371526,5.453092699749222,4230.731264,29.586688000000002,0.4035882835153008,0.3022968984028781,0.817823117307353,0.09138341478400001,5.531603449712172,2583.1648246951227,21.500063516260163,0.454377616018559,0.3112110503646367,0.889437543589354,0.09685231786906043,5.375467591050109,5190.742976066596,34.59534339229968,0.36865361698799726,0.2783247763179231,0.7761897601853659,0.0774646811124219,5.647061110182838,5366.953442581302,33.41660315040651,0.40428777987524467,0.2955569075012687,0.7657877333848929,0.0873538855717135,5.551258154070274,5734.766194068678,37.04884235171696,0.37318907560503944,0.28197880923882274,0.7527232604795072,0.07951204885974439,5.683767372984176,moldy_bread_000016.jpg,spoiled_bread
769.8203740157479,15.385580708661417,0.18904630860182753,0.0726542913759331,0.9466559454896396,0.0052786460553389866,8.098362775866814,1151.190030380061,19.270258540517084,0.15755726559924485,0.06364284793778617,0.9206732570377227,0.004050412093632173,8.271001442259823,884.0286048228345,17.297059547244096,0.16023902175580718,0.06394675185196755,0.9388076902285011,0.004089187072417115,8.231421222680806,1170.8666377332756,19.480438960877926,0.15429094235986457,0.06332340710511011,0.9193186061957008,0.0040098538873995105,8.27872589980295,1334.2034970238096,20.211309523809522,0.16792826112321416,0.07191757393299149,0.9079660946030188,0.005172137440407297,8.23108867054106,1151.190030380061,19.270258540517084,0.15755726559924485,0.06364284793778617,0.9206732570377227,0.004050412093632173,8.271001442259823,1557.3712177579368,22.94934275793651,0.13481048665797413,0.055634924145309246,0.8928157583166065,0.0030952447846543138,8.393727272140875,1170.8666377332756,19.480438960877926,0.15429094235986457,0.06332340710511011,0.9193186061957008,0.0040098538873995105,8.27872589980295,1932.5443750000002,24.381625,0.1574269533020956,0.07147276032692457,0.8673157852778628,0.005108355468750002,8.312271030399792,2016.1416603678513,25.75277147896196,0.12875426429691222,0.05519195167650436,0.8624847964103409,0.003046151529861593,8.434668309765135,2276.2434375000003,27.8249375,0.11740135194484212,0.04744279038352403,0.8442197157671772,0.002250818359375,8.505979903944777,2052.891093474427,25.87559838750315,0.12784642245528646,0.055054172641043383,0.8599749486118681,0.00303096192518981,8.436819267181846,2411.274634576613,27.423198084677423,0.1491067400708352,0.0708799703167715,0.8352238490252226,0.005023970192106409,8.358828107687245,2867.498496,31.006207999999997,0.10993914178184744,0.046955221562676064,0.806402473879798,0.0022047928319999994,8.544768435790559,2877.123046875,31.572265624999996,0.1042682997464991,0.042342366003556106,0.8041777801702368,0.001792875958779104,8.576554558454822,2920.23456,31.191232000000003,0.10944128473345131,0.04707390342854521,0.802838330079107,0.002215952384,8.544601140190974,2851.8749364837404,30.03791920731708,0.14786919953472027,0.07104625185569374,0.8060902018657925,0.005047569902742666,8.387660768125873,3582.6079604578567,35.151144640998965,0.09912215868476881,0.041939642243597273,0.7605378983101676,0.001758933591520929,8.606621537767602,3401.23824949187,34.516323678861795,0.09322788436616918,0.037941144403121345,0.7696990850825915,0.001439530438618506,8.627581338436668,3636.7529916753383,35.04045265348596,0.0991927472828411,0.04197510227243463,0.7569358870573962,0.0017619092107813471,8.609723825535958,moldy_bread_000018.jpg,spoiled_bread
1173.119402066929,17.57523375984252,0.2504530514425356,0.05442845459446967,0.929445458782571,0.0029624566695422468,8.276694807043011,2495.124000248001,28.028334056668115,0.15315693820690673,0.04204680470295062,0.8495422986456936,0.0017679337857280705,8.663019713138631,2066.114050196851,24.341535433070874,0.1647389807141746,0.04248086665325162,0.8752876240449075,0.0018046240316113454,8.592087471161319,2714.8140616281235,29.43418686837374,0.15481062083509683,0.04219105021603223,0.8362954235732525,0.001780084718331753,8.666010719387272,2263.963913690476,26.28261408730159,0.20228839151612837,0.052436847964810754,0.863729482821581,0.002749623024484678,8.519496099962334,2495.124000248001,28.028334056668115,0.15315693820690673,0.04204680470295062,0.8495422986456936,0.0017679337857280705,8.663019713138631,4049.291480654763,37.54780505952382,0.11823119498223106,0.03326447887369766,0.7546698000097889,0.0011065255547386783,8.872749916451477,2714.8140616281235,29.43418686837374,0.15481062083509683,0.04219105021603223,0.8362954235732525,0.001780084718331753,8.666010719387272,3362.6671875,33.8716875,0.17805292903423864,0.05161086746630985,0.7975220628647699,0.0026636816406250007,8.655986423564725,4687.390778533636,42.175610985134796,0.11013846677123368,0.03280791295428366,0.7160251707754131,0.0010763591524158538,8.927969969742383,6158.326875,49.618125,0.09521238826183695,0.027563421186420245,0.6258629997411185,0.0007597421875000004,9.036660814070924,5133.551335348954,44.35103300579492,0.11687356775536853,0.03317679632614678,0.6889920759544975,0.0011006998144666262,8.916747417716106,4172.100617439517,39.04895413306452,0.16328991354484168,0.051166431478573624,0.7485826144678629,0.0026180037102515696,8.736417329778437,6717.130688,53.669056,0.08640375347108177,0.027025207788285373,0.5917472648907081,0.0007303618560000004,9.074566955800677,7963.664251512097,59.48065776209677,0.08348434843962099,0.025398167166557902,0.5147539298002762,0.0006450668954204198,9.147417390641674,7334.574976,56.276736,0.08907003164861954,0.027433501271255923,0.5541620305054709,0.0007525969920000003,9.06065777840417,4817.202362804877,42.88948170731706,0.15053516526939725,0.050722416704374496,0.7096479486240709,0.0025727635563322086,8.791456471819675,8357.729708636838,62.17117585848076,0.07474051561232753,0.0251723715086551,0.49008142356341033,0.0006336482873697509,9.162283589178546,9500.453760162603,67.36051829268293,0.06985872066894042,0.02014467031795259,0.41902800706786414,0.0004058077422190001,9.223247332889066,8908.688475546307,64.01027575442248,0.08147791143035468,0.025506468208850174,0.4563632781340625,0.0006505799204890847,9.145017815511508,moldy_bread_000023.jpg,spoiled_bread
691.2900467519686,12.082492618110237,0.25964333767944336,0.07212432235063893,0.9684332715043926,0.005201917874538873,7.483884284597078,1272.8465496930994,15.88467976935954,0.22442048632448755,0.06435968257114383,0.9419523876989455,0.004142168740658395,7.6143594975280395,859.1849778543309,12.111528051181104,0.25804287167055434,0.06631644438035947,0.9606899531506483,0.00439787079525331,7.483683008747725,1245.8771777543557,16.036394072788145,0.228992620341546,0.06494917678897393,0.9431824808344785,0.0042183955655653894,7.633336896778033,1381.728174603175,17.12264384920635,0.22402873637394838,0.06939631933297194,0.9368399321773994,0.004815849136963816,7.655323312285627,1272.8465496930994,15.88467976935954,0.22442048632448755,0.06435968257114383,0.9419523876989455,0.004142168740658395,7.6143594975280395,1759.9612475198412,18.55685763888889,0.19866660448981666,0.05542475034671075,0.9193801266095969,0.0030719029509952136,7.7502033213034185,1245.8771777543557,16.036394072788145,0.228992620341546,0.06494917678897393,0.9431824808344785,0.0042183955655653894,7.633336896778033,2105.302375,21.371000000000002,0.20378196846352528,0.06774896216917274,0.9036788519099664,0.004589921875,7.760439095622029,2498.7029478458053,23.208994708994712,0.18069322817359318,0.05341787622243073,0.8857866035378462,0.0028534695001149303,7.8485135291858,2696.59825,24.018,0.17086110348288416,0.04720326723331765,0.8763245060637227,0.0022281484374999994,7.906386320560374,2456.1114260519025,23.376354245401863,0.18641834393092144,0.0546992952276398,0.8877364300242742,0.0029920128984004977,7.866535113848096,2781.631867439516,25.137789818548384,0.192204736477891,0.06696358012105577,0.8726371085223601,0.004484121062629056,7.835422218210331,3628.399487999999,29.272319999999993,0.15453890914309343,0.045829765000488486,0.833785283760138,0.002100367359999999,7.992800711497284,3529.002331149193,28.452809979838708,0.15070166533287782,0.04192737283192776,0.8380018329991025,0.0017579045925874741,8.013121021146532,3628.467264,29.649472000000003,0.1587168961620605,0.046756982622919545,0.83379887583479,0.0021862154240000005,8.01082228649002,3403.674987296748,28.354738313008134,0.18104748148632996,0.06633792195779076,0.844047402629659,0.004400719889677936,7.895206614595522,4595.028616024974,34.08636836628512,0.13776452187606836,0.04116219733356396,0.7891286569148613,0.0016943264893272596,8.097205666536123,4234.745617378048,32.115282012195124,0.13525944624457295,0.03847489267499642,0.8054726981840492,0.0014803173663524936,8.086207647969507,4655.955254942768,34.9020551508845,0.13802399603710885,0.04140389333952492,0.7863624522523767,0.0017142823836707559,8.118439293857492,moldy_bread_000028.jpg,spoiled_bread
570.4825295275591,7.653666338582677,0.558934747558427,0.1854699548109174,0.965563061935238,0.034399104137563745,5.517758459996982,1464.8730237460477,13.800421600843205,0.4792566234568554,0.17481745540548466,0.9111222027302133,0.030561142714448618,5.7966925979218935,993.201033464567,9.837721456692913,0.5181670093707518,0.17910531095369384,0.9393989604475189,0.03207871241181936,5.662706549272988,1204.1158162316324,12.075268150536301,0.49165746336857236,0.17667185279961672,0.9269431048439158,0.03121294357164944,5.726343557962826,1121.0545634920636,11.791666666666664,0.5016530865273069,0.17814571491524803,0.9325168107588047,0.031735895742664826,5.7440152787712595,1464.8730237460477,13.800421600843205,0.4792566234568554,0.17481745540548466,0.9111222027302133,0.030561142714448618,5.7966925979218935,2100.763330853175,16.841207837301585,0.4383226779077719,0.1660702414541734,0.8707501444785375,0.027579325096647452,5.972861264298302,1204.1158162316324,12.075268150536301,0.49165746336857236,0.17667185279961672,0.9269431048439158,0.03121294357164944,5.726343557962826,1712.1857500000003,15.679750000000004,0.46474820590810717,0.17279287863291706,0.8972414394244557,0.02985737890625001,5.897068070964817,2974.3977072310404,22.782690854119426,0.4047164512052014,0.1601902055086743,0.8185769258215592,0.025660901940911304,6.1288766964430454,3260.8608749999994,23.63825,0.38716006553810745,0.15574431921823026,0.7976873494595541,0.024256292968750006,6.181585185422907,2377.1620685311163,19.397392290249435,0.4116747064595858,0.1637224662922538,0.8550056205417064,0.026805045968818178,6.038996200301666,2271.820627520161,19.177482358870968,0.4370318216569751,0.16866355949405912,0.8640746407413207,0.02844739630120602,6.012657026546314,4474.82464,31.176128,0.3531680220011132,0.1484625024172771,0.7256960539046001,0.022041114624000005,6.335601702142139,4403.580708165322,30.048702116935484,0.3473433206271972,0.14701040166235252,0.7246326007694883,0.02161205819692622,6.325861092749471,3541.306944,26.120639999999995,0.3620040611866199,0.1525624087906323,0.7829173890611546,0.023275288575999996,6.242342971115782,2795.694296239838,22.229103150406505,0.4176915486948918,0.16525653562736822,0.8332425742418015,0.02730972256755962,6.106248953327199,5924.113423517169,38.983870967741936,0.31701296035364424,0.13974188457905556,0.6353056825940967,0.01952779430570609,6.491197147628392,5504.662792174798,36.00082571138212,0.31743134702650333,0.13857881223454585,0.652784654385575,0.019204087200337516,6.443153195642737,4668.942052549428,32.37363423517169,0.3243572216889666,0.14361122577474433,0.7125724613913839,0.020624184168524594,6.403022982293134,moldy_bread_000034.jpg,spoiled_bread
575.9194143700788,8.680733267716535,0.3425435110520396,0.03433973034422152,0.9728199272925164,0.001179217080113848,7.453524806123386,975.9029698059394,11.905821811643621,0.3070308885785503,0.03194014481318645,0.9540383547224406,0.0010201728506873215,7.579649460397041,624.017655019685,8.73111466535433,0.41320558810105146,0.03902598520412647,0.9704568693238433,0.0015230275211526984,7.309966822483653,946.7983135966272,11.54206708413417,0.3210156448407274,0.03298584317944668,0.9554090635574972,0.001088065850259049,7.5355757535993195,1149.507998511905,12.96806795634921,0.25880032568609024,0.028929718723762186,0.9459045568756334,0.0008369286254359964,7.717739744920031,975.9029698059394,11.905821811643621,0.3070308885785503,0.03194014481318645,0.9540383547224406,0.0010201728506873215,7.579649460397041,1271.7801959325398,13.087115575396826,0.3205944202656648,0.03221056917237594,0.9397320432364508,0.0010375207664084151,7.578036851627861,946.7983135966272,11.54206708413417,0.3210156448407274,0.03298584317944668,0.9554090635574972,0.001088065850259049,7.5355757535993195,1725.4883125000001,16.5865625,0.21591003695793348,0.026396614366240228,0.9190118080765897,0.00069678125,7.8592635524033145,1916.389455782313,17.952947845804992,0.22393647831063562,0.026345884294414777,0.9099194090434309,0.0006941056192546912,7.868463359020992,1976.3203749999998,17.11825,0.263780799264243,0.028763957209935496,0.9062539014880046,0.0008273652343750001,7.746317667433648,1846.8633156966494,17.188082640463595,0.23183859994277636,0.027394345861992235,0.9131873962382018,0.000750450185206451,7.821446094979047,2276.298450100807,19.820501512096772,0.19015933354783804,0.024621561472456484,0.8934260820259331,0.0006062212893419535,7.9782921127992275,2873.047552,23.220992000000003,0.18188086846171675,0.0236724312228381,0.8651818811428081,0.000560384,8.030069758676845,2661.638734879032,20.738911290322577,0.22984269679529293,0.026923112892903042,0.8736270225084578,0.000724854007844002,7.8558094163735905,2756.4918399999997,22.165696,0.1878051132502102,0.024585664766282,0.8706520030616609,0.0006044549120000001,7.982754587114587,2808.026359247968,22.739773882113823,0.17655539277997098,0.023335030312121058,0.8688072188610352,0.0005445236396676086,8.058058665859553,3831.712148803331,28.213189386056193,0.15577651524992003,0.021926245704962478,0.8204912512150775,0.00048076025071438545,8.158405921085887,3369.224784044716,24.28004319105691,0.20535463806918416,0.025528401047879765,0.8398886656069741,0.0006516992600613887,7.953131688900459,3672.9638397502604,26.904656607700314,0.15706454574625095,0.022858659609778294,0.8279283086705159,0.0005225183191557095,8.10101149385933,moldy_bread_000046.jpg,spoiled_bread
797.8832431102364,10.611589566929135,0.3039416118005954,0.07298587507870842,0.9634780639174583,0.00532693796100483,6.715672369858058,1334.1376402752805,15.365738731477464,0.23764835442024326,0.06779926885258454,0.9393899771494372,0.00459674085694504,6.877035020352308,841.3758612204724,11.514271653543307,0.2684977579256568,0.07053205046226416,0.9614873188347474,0.004974770142411378,6.782328254774617,1372.9022258044515,15.564759129518256,0.24222044803667275,0.06752465355925281,0.9376290221029963,0.004559578838297113,6.880115113628601,1545.889632936508,15.723958333333332,0.26518629008790895,0.06800953526569879,0.929255036345625,0.004625296887056328,6.9309299271329845,1334.1376402752805,15.365738731477464,0.23764835442024326,0.06779926885258454,0.9393899771494372,0.00459674085694504,6.877035020352308,1694.8532986111109,17.268849206349206,0.21271871372095377,0.06369316707688039,0.9224340819009529,0.004056819532283399,7.012643030220106,1372.9022258044515,15.564759129518256,0.24222044803667275,0.06752465355925281,0.9376290221029963,0.004559578838297113,6.880115113628601,2332.40575,20.528750000000002,0.2336684241550613,0.06372425950923244,0.8932740997865892,0.00406078125,7.0926425316207204,2535.4705845301087,22.871945074326028,0.18983312270275066,0.060199529679769374,0.8848397315952407,0.003623983373665434,7.170118688740008,2626.659125,22.6505,0.1885904339276333,0.05993165052269961,0.8797891446633495,0.0035918027343750003,7.17657055850231,2657.158100277148,23.406651549508695,0.18629548753139685,0.059932694684616414,0.8793148111190755,0.0035919278921594483,7.148719210248246,3071.4357358870975,24.86378528225807,0.21398626813172367,0.059829403308057146,0.859475413574355,0.003579557500198159,7.224513444929505,3701.325376,29.434815999999998,0.15814417344043574,0.05482615200796057,0.8318345786779314,0.0030059069439999993,7.357578017942759,3490.269909274194,27.358114919354847,0.1677666074769345,0.05669340745684946,0.8402658092668512,0.0032141424490683542,7.300200554706631,3961.979456000001,30.584512000000004,0.1569387799225449,0.05533628162426529,0.8199956876064625,0.003062104064000001,7.342142557622451,3760.2278963414637,28.67505081300813,0.19796700954036306,0.0567141876251564,0.8279697574097112,0.0032164990779814428,7.3280290358059705,4761.630007804371,35.1578433922997,0.13717469701558807,0.050302675711786725,0.7835371624551046,0.0025303591837651782,7.5116454440401625,4335.607024898374,31.771023882113823,0.15415064123256628,0.054242774616229214,0.8015546090528461,0.0029422785980670403,7.4047301886934624,5158.188410509887,36.76892559833507,0.1425566585763426,0.05140262012558643,0.765510323277627,0.0026422293557753435,7.484058921266223,moldy_bread_1.jpg,spoiled_bread
769.2420644685042,12.625799704724411,0.28951274143155625,0.06324403808755902,0.954520044881949,0.003999808353620616,7.646920985876859,1225.7612995225993,17.23727447454895,0.23403910260732094,0.0535480466269473,0.9276828349943741,0.002867393297561722,7.899701307823589,862.8500861220474,14.201956200787405,0.24259463799768358,0.05424567697647584,0.9490033470043675,0.002942593470636161,7.823463908646514,1182.0388120776242,16.781325562651126,0.23547337717287548,0.05373873042222935,0.9302632973062557,0.002887851147393038,7.8922747160468685,1421.580853174603,18.39893353174603,0.2514424356995807,0.061427660237851664,0.9161061991010743,0.0037733574422969427,7.859135822748669,1225.7612995225993,17.23727447454895,0.23403910260732094,0.0535480466269473,0.9276828349943741,0.002867393297561722,7.899701307823589,1576.180927579365,20.346850198412696,0.20867044973080745,0.04603246595365724,0.9070358682707913,0.0021189879217746125,8.046966351168717,1182.0388120776242,16.781325562651126,0.23547337717287548,0.05373873042222935,0.9302632973062557,0.002887851147393038,7.8922747160468685,2124.839875,23.772624999999998,0.225325654823702,0.06066008971617995,0.8748365735205668,0.003679646484375,7.999321162691129,2224.664965986395,25.247228521038046,0.19470724334453138,0.04518808839855472,0.869227759641005,0.002041963333115596,8.152732490956211,2388.546375,26.472749999999998,0.18113481248379446,0.03988002025607559,0.859448799151066,0.0015904160156249994,8.201494153792796,2129.64241622575,24.460254472159235,0.19628945952286758,0.045405441036294694,0.874823607211315,0.002061654075700434,8.122450944512556,2682.8205015120966,27.770350302419352,0.20953642370110076,0.0599709698393587,0.842250820949547,0.003596517223473271,8.084671168284626,3119.895488,31.715775999999998,0.17183690270395063,0.03920518496321628,0.8172902840184422,0.001537046528,8.303366233318025,3026.9022177419356,30.972026209677416,0.16178338814070356,0.03587411643670264,0.822264295351508,0.0012869522301140982,8.314030106676999,3051.2439679999998,30.868415999999996,0.16900957050014478,0.039098055194600155,0.8213474705179612,0.0015286579200000001,8.283256618349233,3144.784425813008,30.960238821138216,0.19821199979849002,0.05937659535917098,0.8154025456180408,0.0035255800764467248,8.158083654430854,3810.4159079084293,36.476521852237255,0.1470149221491156,0.034852058331856305,0.7775847543597858,0.0012146659699671146,8.422279644997303,3568.8565802845533,34.66183943089431,0.1491611140057435,0.0324447187141664,0.7909258296892112,0.0010526597724413791,8.40063827889378,3802.372983870968,35.78011186264308,0.15064264802677813,0.03506002976882613,0.7781395591945837,0.0012292056873909741,8.402794641970114,moldy_bread_10.jpg,spoiled_bread
527.2915846456692,11.463828740157481,0.24887883881863096,0.09212987080198393,0.9543050375909464,0.00848791309399025,7.678163704093244,943.5356810713619,14.862731725463448,0.2165075174174489,0.08370081036211417,0.9169430531700754,0.007005825655274599,7.813301962532806,657.6929749015749,11.900775098425196,0.24479561473676148,0.0840298363059509,0.9423370650103958,0.007061013389604904,7.701498875298235,971.8107756215513,15.622419244838492,0.21022881039115468,0.08281181357245135,0.9144531916703136,0.006857796467158438,7.859845912618752,910.8269469246032,15.56963045634921,0.20746186430225166,0.09044231523175808,0.9209058849379008,0.0081798123844807,7.861965141918205,943.5356810713619,14.862731725463448,0.2165075174174489,0.08370081036211417,0.9169430531700754,0.007005825655274599,7.813301962532806,1223.9893973214284,17.12704613095238,0.19798089427312326,0.07467896007834372,0.8910694164304931,0.0055769470783828545,7.944064096148702,971.8107756215513,15.622419244838492,0.21022881039115468,0.08281181357245135,0.9144531916703136,0.006857796467158438,7.859845912618752,1270.3616874999998,18.571187499999997,0.1951218501268716,0.08961642436308759,0.8895201179520409,0.008031103515624999,7.9561796028070155,1662.2111363063746,20.762912572436385,0.1762874509952836,0.07406022716853992,0.8511009305230716,0.005484917248255739,8.040738588685548,1800.0163750000002,21.795125,0.16846890395635955,0.06653147751252786,0.8372883793427013,0.004426437500000001,8.099697372155022,1709.102103804485,21.96201814058957,0.1677260528414941,0.07344885163103301,0.8468968137880497,0.005394733805917502,8.086699045046633,1570.4196698588707,21.131741431451616,0.1797295220089092,0.08884553769578338,0.8632966957491842,0.007893529568452866,8.019551894857024,2308.957696,25.250432,0.15565866393599556,0.06569437114395722,0.7894738462344698,0.0043157504,8.173010893525142,2322.150642641129,25.482925907258064,0.14881518344516825,0.059057669063155224,0.7866883924716244,0.0034878082751731614,8.195389666494997,2401.672896,26.986815999999997,0.1460145070680764,0.06525163305236124,0.7810141002862621,0.004257775616000003,8.224557450749142,1819.633574695122,22.984565548780488,0.17675995233730588,0.08807885930549951,0.8414202216284598,0.007757885456557977,8.06367461196724,2868.601131633715,28.826677939646203,0.1405397608228338,0.05845444738480109,0.7337780309561045,0.0034169224190624794,8.252720558267614,2735.516768292683,28.426829268292686,0.13850464909708063,0.05316470333013895,0.7449119472716712,0.002826485680181688,8.27562605354412,2955.6718912591055,30.58682362122789,0.12827159674500704,0.05797153313115764,0.7256909425572009,0.003360698653576908,8.30633384301015,moldy_bread_11.jpg,spoiled_bread
992.7571358267716,10.650467519685039,0.562926912219822,0.3735116013605658,0.9569069212947099,0.13951091635093424,4.973271445721046,2293.140120280241,18.22772645545291,0.5183195562923053,0.36277839211303736,0.9005339062745086,0.1316081617841207,5.171839681694659,1518.1125738188975,12.56791338582677,0.5569105951754717,0.37062490803390036,0.933732722982504,0.1373628224551371,5.024579251271199,1970.5807551615105,16.146382292764585,0.5316391500587843,0.3647637862424761,0.9145250792338886,0.13305261975394678,5.100245427677923,2129.9066220238096,17.6843998015873,0.5278962048975196,0.36325190037526983,0.9075220931878427,0.13195194312624497,5.1773538940408095,2293.140120280241,18.22772645545291,0.5183195562923053,0.36277839211303736,0.9005339062745086,0.1316081617841207,5.171839681694659,3224.3845486111113,22.032490079365076,0.5112351010278718,0.35716408695047974,0.8588394388416607,0.12756618500716985,5.26686300015524,1970.5807551615105,16.146382292764585,0.5316391500587843,0.3647637862424761,0.9145250792338886,0.13305261975394678,5.100245427677923,3336.8650000000002,24.352,0.5030316838303457,0.3527635733347123,0.8550684581457638,0.12444213867187497,5.333558841921864,4730.539997480473,31.127047115142354,0.46938494288543076,0.34149769038133404,0.7941779204604618,0.11662067253578548,5.459824643077573,5023.473875,31.161625,0.4794417559236759,0.34393396497819895,0.7794189306913559,0.11829057226562499,5.437302891710379,3982.1279289493577,26.81979087931469,0.48593671594174487,0.3459671164802865,0.8267407416985454,0.11969324568568414,5.371646196475401,4476.749117943549,30.33026713709678,0.48401784265952214,0.3423260041618541,0.8054776780560992,0.11718709312542175,5.4535272049525885,7111.441343999998,42.746431999999984,0.43060931424129606,0.3200534739320915,0.6895995388416777,0.10243422617599997,5.673619397687374,6676.2712953629025,39.22542842741936,0.45126791710053954,0.3310843131775965,0.7059604942667868,0.10961682243228081,5.579057082736376,5956.7344,36.647616,0.45135957539563487,0.3269530185699468,0.7400002312727165,0.10689827635199997,5.574209523234142,5547.285632621952,35.728467987804876,0.46912668370216104,0.3318492766244552,0.7588377464355599,0.11012394239617417,5.558042399113002,9149.349180541107,52.33383194588971,0.3928877042972052,0.2985831374529297,0.599344290402554,0.08915188997123512,5.845185550257254,8055.598069105689,45.79712906504064,0.42963985392994736,0.3193347806487378,0.6442915656952316,0.10197470213197748,5.687861157024013,7689.867520811655,44.92553329864724,0.4173267815197998,0.3078242894053504,0.6632559029647908,0.09475579314790893,5.740919724184918,moldy_bread_12.jpg,spoiled_bread
537.892778051181,7.392162893700787,0.6759423624146094,0.5405412319558554,0.9789409460923769,0.2921848234443538,3.4076683473573066,1135.4179428358855,11.55521111042222,0.6353546412643668,0.5292638869410301,0.9555688188516445,0.2801202620199275,3.497943451354932,788.505782480315,8.427042322834646,0.66882175235588,0.5396618014984712,0.9689379500135569,0.2912348599965754,3.4253467742960613,1127.9852439704878,11.093682187364376,0.643350818031597,0.5350608833314675,0.9558596752642927,0.28629014887145027,3.483616768138501,1051.3630952380954,10.4296875,0.6529848982973896,0.5278710941686823,0.95893615387363,0.2786478920588419,3.5041955899589596,1135.4179428358855,11.55521111042222,0.6353546412643668,0.5292638869410301,0.9555688188516445,0.2801202620199275,3.497943451354932,1745.0365823412699,13.336061507936508,0.6356215130052771,0.5265218229816644,0.9311104052712008,0.27722523007593514,3.5637118798996035,1127.9852439704878,11.093682187364376,0.643350818031597,0.5350608833314675,0.9558596752642927,0.28629014887145027,3.483616768138501,1610.3080624999998,13.200062500000001,0.6387903137507766,0.5181100212702173,0.9372685354450734,0.2684379941406251,3.567612368319608,2410.981418493323,17.807949105568156,0.5987440534993349,0.5092175342250889,0.9056926546356866,0.2593024971622796,3.660684521584859,2761.7453125,18.176562500000003,0.6079753963299447,0.5131763087167265,0.8907325402367444,0.26334992382812494,3.6621679235192497,2396.5064877802974,17.097316704459562,0.6105670117559207,0.5180362094536943,0.9062588524003841,0.26836151430515187,3.6432975973507427,2187.483933971774,15.889049899193546,0.6263142095314944,0.5093982435842074,0.9150159049223241,0.2594865705666755,3.6246856476013836,3711.6856960000005,23.460672000000002,0.5713018100649617,0.495437906018504,0.8549092692356157,0.24545871872,3.765991578603406,3763.5241305443546,22.64484627016129,0.5903892057094582,0.502885287725304,0.8507869804900093,0.25289361261056187,3.7291556405864634,3739.238336000001,23.050688,0.5805213460038989,0.5023531045629162,0.8538329254433462,0.2523586416640001,3.7597623002656633,2768.042555894309,18.429751016260163,0.6170914030583728,0.5021003714208417,0.892746500179643,0.2521047829809472,3.672593379385796,5029.984716441207,29.076027575442247,0.5514304514179804,0.48281156972822026,0.8035756294106762,0.2331070118634281,3.849872935386924,4756.388910060976,26.983549288617883,0.5754956829921127,0.4938322136860294,0.8110719260342095,0.24387025527404424,3.7811327691850964,5106.820694588971,28.979383454734652,0.5591704912385741,0.4876675700851321,0.8005674928888162,0.23781965891273724,3.8515346768311005,moldy_bread_13.jpg,spoiled_bread
539.8882874015749,7.235236220472441,0.6894271134917097,0.5225414290968017,0.976684684920266,0.27304954512252777,3.7140968267670647,1353.6080352160704,12.433628867257735,0.6466388047213114,0.5156402560297548,0.9414894093738664,0.2658848736384311,3.8439276974214165,1069.8305856299212,9.520792322834644,0.6736838179554266,0.5208713405251898,0.9534600018004218,0.27130695338050825,3.7776537736356754,1474.302436604873,13.408146816293632,0.6377823796269132,0.5144052994188433,0.9362723151140797,0.26461281207018983,3.8722997701412916,1011.2224702380952,11.416046626984127,0.657164516973862,0.5144504668208161,0.9563968729465403,0.26465928281215556,3.8684730193616894,1353.6080352160704,12.433628867257735,0.6466388047213114,0.5156402560297548,0.9414894093738664,0.2658848736384311,3.8439276974214165,2158.132564484127,16.276537698412703,0.6330984844902853,0.5103211379477235,0.9057717928697939,0.2604276638362594,3.9522662504807604,1474.302436604873,13.408146816293632,0.6377823796269132,0.5144052994188433,0.9362723151140797,0.26461281207018983,3.8722997701412916,1539.6266249999999,15.417000000000002,0.6336436064032211,0.5059148910173775,0.9337125193821806,0.255949876953125,3.980866044433908,2565.3476316452507,20.092403628117914,0.6033257218658481,0.5010084935495913,0.8888930774810364,0.2510095106088309,4.049904102874391,3318.9369375000006,22.8725625,0.6044534780165581,0.49999313667164474,0.8545464528363392,0.24999313671875,4.080219313740972,2873.794847568657,21.97197026958932,0.5962028288842116,0.497590431601747,0.8755340221631367,0.24759623762161287,4.0837475758017785,2008.2193800403224,18.59639616935484,0.6183113240311557,0.497316353247135,0.9136654189202017,0.24732355520702917,4.067803101603458,3785.865408,27.045312,0.571358487492904,0.4854938380165087,0.8357086869493431,0.23570426675199999,4.196292700381286,4355.989226310483,28.527406754032253,0.5832928202580248,0.48980084738975577,0.8083618199311653,0.23990487010372283,4.178095954503541,4278.890176000001,29.749568,0.5627127840156532,0.48070096870299733,0.8143133974258293,0.231073421312,4.237851824098255,2472.2544461382113,21.37004573170732,0.6064744336490806,0.48867328538685567,0.8938696143756548,0.23880157985078326,4.145216697897023,4899.637877211238,32.84768470343393,0.5461832803612301,0.4702046006297276,0.786948393124443,0.2210923664533616,4.324644795511453,5285.757685467479,33.30544969512195,0.5646450401487102,0.4797176233154543,0.7667358606310802,0.2301289981194281,4.254027738662648,5578.538891779397,36.37747138397502,0.5365137640167028,0.46334014520225214,0.7574276498189159,0.21468409015604412,4.368121903129844,moldy_bread_14.jpg,spoiled_bread
804.3143454724411,8.860974409448822,0.5915010709386318,0.3962437147441177,0.962463915083001,0.1570090814742177,4.754578426742877,2044.455700911402,15.990079980159962,0.540469790733101,0.3872191970941351,0.9044642036472021,0.14993870659822664,4.939896867676314,1612.173720472441,12.647022637795274,0.5688225421954216,0.39329798720830206,0.9242001283402437,0.15468330674210173,4.866966083346044,2088.8237336474676,16.399156798313598,0.537564154803366,0.3857189189056488,0.9023909206026454,0.14877908440174248,4.963516003585699,1681.087549603175,14.324404761904763,0.558619910316909,0.3869698730134131,0.9215943737314933,0.14974568262001708,4.930695049717501,2044.455700911402,15.990079980159962,0.540469790733101,0.3872191970941351,0.9044642036472021,0.14993870659822664,4.939896867676314,3400.8483382936506,22.300223214285715,0.5236768031095488,0.3799013367680239,0.8393895403692344,0.1443250256781315,5.107689385917784,2088.8237336474676,16.399156798313598,0.537564154803366,0.3857189189056488,0.9023909206026454,0.14877908440174248,4.963516003585699,2644.81675,19.522125,0.5416723725883321,0.37787212360383904,0.8767162541882578,0.14278734179687502,5.068179413350724,4169.807445200304,27.079050138573955,0.4968688162764426,0.3678446692085722,0.8044296927354395,0.1353097006651639,5.219046625015462,5321.5955,31.7975,0.49430103766288574,0.36679459297745926,0.7475331867343409,0.1345382734375,5.273679269762212,4298.406966490301,27.7648652053414,0.49112773790463504,0.36543413141335446,0.798398179716365,0.1335421044018328,5.238873046497815,3544.076234879032,24.17880544354839,0.5221966023659567,0.36852610915149053,0.8348847286555167,0.1358114931263363,5.17866696170613,6286.100736,37.356672,0.46062614371161126,0.34858516392984945,0.7040626254907676,0.12151161651200003,5.4182366106000766,7124.172820060485,40.451675907258064,0.46664007666081136,0.35367623420101313,0.660452802738488,0.1250868786386099,5.410221491945127,6450.665856,38.217856,0.4544951369961737,0.34504831225786337,0.6963152202877789,0.11905833779199998,5.445591999344303,4346.591399898374,28.279408028455286,0.5082574905301978,0.35995524004379603,0.7975917356474528,0.12956777483498683,5.27615711826625,8177.830905306973,46.289802289281994,0.4275878367835642,0.3289605919305871,0.6135418533485912,0.10821507104332223,5.589851392957275,8637.201219512193,47.63058943089431,0.44268361949136414,0.3406039656001188,0.5866693264634455,0.11601106138252693,5.522130875194529,8347.205905306972,47.281347554630585,0.4183241617139357,0.32444661882995757,0.605537732286782,0.10526560847019178,5.623608806955048,moldy_bread_15.jpg,spoiled_bread
841.2861712598426,10.699680118110237,0.48053326378536265,0.29407491876698877,0.9640352479502828,0.08648005784781103,5.676302937635807,1947.7374914749826,17.174034348068695,0.4398218383025133,0.2838404409615751,0.9169374511331553,0.08056539592526141,5.838428409938864,1416.923720472441,13.081815944881889,0.4675112981867049,0.2908410115614536,0.9392266126687864,0.08458849400608959,5.744470156856451,1903.209994419989,17.1501023002046,0.4360768741681732,0.28256520292501736,0.9188363555883178,0.07984309390405624,5.849985495758572,1719.6030505952385,16.40042162698413,0.45613919359855226,0.28304692661088493,0.9262359044590706,0.08011556266386767,5.8540213100039775,1947.7374914749826,17.174034348068695,0.4398218383025133,0.2838404409615751,0.9169374511331553,0.08056539592526141,5.838428409938864,2985.186879960318,21.99243551587302,0.42768389341259194,0.2762781609157615,0.871633846878749,0.0763296221989954,5.988483786077471,1903.209994419989,17.1501023002046,0.4360768741681732,0.28256520292501736,0.9188363555883178,0.07984309390405624,5.849985495758572,2716.6736250000004,22.039125,0.43343064275987986,0.27168669484582786,0.8830443207232354,0.07381366015624999,6.005373200484274,3960.7484882842027,28.24685059208869,0.39130281071269374,0.2623627676799856,0.8300788199981477,0.06883422186470212,6.137625006318784,4676.451625,30.762625,0.3947820083521165,0.2622025919375131,0.7983824637828455,0.06875019921875002,6.16766059360831,3875.5045981355497,27.85153691106072,0.38982020287942504,0.2597977797406861,0.8337358919997786,0.06749488635819002,6.143169455222279,3674.881300403227,27.13067036290323,0.41547894335364377,0.26084536787236096,0.8411885282348491,0.06804030594046731,6.126871767252906,6103.509632,38.953344,0.35214590326569917,0.24102367711077685,0.7364940837707437,0.05809241292800001,6.369318181995547,6351.620967741936,39.034274193548384,0.3662791386245213,0.2480596171062196,0.7254429933118455,0.06153357363888427,6.322546094709187,5921.080064,38.135679999999994,0.3483712573882348,0.23703815483588292,0.7443700884568204,0.05618708684800001,6.368053079787472,4618.429242886179,31.950711382113823,0.3992580836278735,0.25045860778751755,0.7996410234691591,0.06272951421486156,6.239098102369663,8191.296891259106,48.91525754422477,0.3153748446807252,0.2197699878571951,0.6440068762123375,0.04829884756275168,6.559968768615841,7886.185912093496,46.384209857723576,0.33578708264425916,0.2340588062280303,0.6582878978952543,0.05478352477289064,6.4394507354402,7885.827068158169,47.517104578563995,0.3117826159688726,0.21450812788902476,0.6572825708907477,0.046013736930454206,6.5595479361786815,moldy_bread_16.jpg,spoiled_bread
207.78125000000003,4.128567913385827,0.720048491594554,0.5194289337111584,0.9787147094394624,0.26980641717631093,3.383218173598532,820.6200012400025,7.719759439518879,0.6738633108794811,0.5109741244477837,0.9136343866493137,0.2610945558551791,3.514383831843767,672.7747293307086,6.0414616141732305,0.6972337487878876,0.5150862098492115,0.9292739179825537,0.265313803576826,3.473323887617436,830.8533697067394,7.942339884679768,0.6687160492575362,0.5097614112638836,0.9125573825025247,0.25985669641374626,3.5307603350108865,299.4544270833333,5.231584821428571,0.6941567074387349,0.5128748795552105,0.9693036213321649,0.26304064207877165,3.4865362946505845,820.6200012400025,7.719759439518879,0.6738633108794811,0.5109741244477837,0.9136343866493137,0.2610945558551791,3.514383831843767,1297.0865575396824,9.645213293650793,0.6564062250629988,0.5034287259340849,0.8596678838378167,0.25344048209561604,3.6328258739315484,830.8533697067394,7.942339884679768,0.6687160492575362,0.5097614112638836,0.9125573825025247,0.25985669641374626,3.5307603350108865,403.765375,6.387625,0.670535918187372,0.5058603458002268,0.9585830767582769,0.255894689453125,3.5765773959821265,1478.380070546737,11.778155706727135,0.6222720929676195,0.49488584161122345,0.8397516634591481,0.24491199622724896,3.711066209982982,1936.0808750000003,13.257375000000001,0.625560830757688,0.49196084265226325,0.7841182468143079,0.24202547070312494,3.763388579033792,1505.747543461829,12.071428571428573,0.6226750539294277,0.4938206788573301,0.8367851786577476,0.24385886286711433,3.723863012997464,478.78099798387086,7.240045362903224,0.6542073169505425,0.49951564220724304,0.9508512846587938,0.24951587680971446,3.649480813036365,2130.920192,15.606656000000001,0.5869657013555493,0.4786682111024295,0.7617657394236085,0.22912325632000002,3.862198666257109,2513.0235005040327,16.533203125,0.5998834708758201,0.4805524258821954,0.7107555904569414,0.23093063402126288,3.865097374230522,2158.084352,15.886976,0.5915919769502368,0.47749581872096003,0.7587288196947165,0.22800225689599993,3.8754663217877816,546.3229801829269,7.994347052845531,0.6427908460734776,0.4933541987731823,0.9438776646989447,0.2433983654471287,3.7144060859595402,2714.7950052029137,19.10171696149844,0.554614026614858,0.4623639953173389,0.6864605894716422,0.21378046416581217,3.9899758501711395,2991.643229166667,19.30913363821138,0.5754884982894375,0.46941464430789237,0.6450169914886233,0.22035010829070512,3.950613090400118,2727.0604838709683,19.268340270551512,0.5642599643932867,0.4609908190469133,0.685044014391734,0.21251253524554398,3.999249507655785,moldy_bread_17.jpg,spoiled_bread
840.3217273622048,8.039124015748031,0.6898577313675234,0.590329663639856,0.9574785430006469,0.3484891117731454,3.4313722607149537,1391.6335792671587,11.939115878231757,0.660233082826424,0.5839673720835801,0.930113755723446,0.3410178916582025,3.5118601758073353,697.6630167322835,6.700541338582677,0.7159230313951831,0.5899313505876433,0.9646972736749982,0.3480189984061609,3.340827870034785,1236.238824477649,11.029574059148118,0.6644501688330775,0.5846556366233772,0.937917502308976,0.3418222134354864,3.4861844341806947,1743.1166914682542,13.608878968253972,0.6541140360075537,0.5818171658217959,0.9121771534728214,0.3385112144449071,3.605819943254767,1391.6335792671587,11.939115878231757,0.660233082826424,0.5839673720835801,0.930113755723446,0.3410178916582025,3.5118601758073353,1482.3198164682544,11.183035714285719,0.6837908570811951,0.5804176863091913,0.9253167923965937,0.33688469058051485,3.5073315431742955,1236.238824477649,11.029574059148118,0.6644501688330775,0.5846556366233772,0.937917502308976,0.3418222134354864,3.4861844341806947,2676.998125,18.794249999999998,0.6334884303487315,0.5732106448412965,0.8657079920785669,0.3285704433593749,3.716703138362088,2809.167296548249,19.561098513479465,0.621978976056532,0.5684268544189607,0.8601426740800521,0.3231090888246343,3.7199883687932966,2336.157375,15.535625,0.6632564966805475,0.5708513139655982,0.8828063188467065,0.32587122265624996,3.6268341777234894,2477.7180650037794,17.834467120181408,0.6260641664306967,0.5700692846202803,0.8766442200217945,0.32497898926747815,3.6912827432225934,3423.1135332661297,22.764994959677423,0.618335135674449,0.5646098836929948,0.8290191528140146,0.3187843207638172,3.792738411589638,4209.246336,26.532224,0.5951527175239877,0.5526107415532203,0.7922243335514333,0.30537863168,3.864335832966427,3152.2283266129034,19.485131048387096,0.6478945423373471,0.5612729428082546,0.8425495781632222,0.3150273163286382,3.7249066939437525,3697.5096320000002,24.003584,0.5992177374983705,0.5551722321586339,0.8174845407791324,0.30821620736000005,3.8393214480310696,3920.9369918699185,25.35759654471545,0.6053916405667359,0.5559398759280679,0.8049959736110536,0.3090691456469156,3.8551883472212527,5298.993496357961,31.835197710718003,0.5733309036998746,0.5362957172796275,0.740634691752474,0.2876130963724702,3.98347412319394,3929.1328760162605,23.189786585365855,0.6310773182523625,0.551548189528821,0.8045883592036639,0.3042054053725202,3.815142774326465,4723.2606659729445,29.100286160249745,0.5771387886888695,0.5402578730473041,0.76881459480834,0.291878569389597,3.94888043527434,moldy_bread_27.jpg,spoiled_bread
823.3973917322835,15.846456692913385,0.1141939087670859,0.01919044865432936,0.9584731092614505,0.00036827331955445155,8.419621565332404,1163.5875131750265,18.766383532767065,0.0989067502729199,0.01834486130049498,0.9415431465099099,0.00033653393613439843,8.494528905097372,646.8486712598426,14.044291338582676,0.12104077558149338,0.02059096667285662,0.9674158820818185,0.00042398790852269205,8.364024151758443,1148.1803583607168,18.516027032054062,0.1020365559090948,0.018472655763443407,0.9423171315302838,0.00034123901095467886,8.487837760746771,1540.216455853175,20.813182043650798,0.09321826442215514,0.017370409216452037,0.922536295737568,0.00030173111634700187,8.541048939570887,1163.5875131750265,18.766383532767065,0.0989067502729199,0.01834486130049498,0.9415431465099099,0.00033653393613439843,8.494528905097372,1192.0135788690477,18.42937748015873,0.10858626029391862,0.01952435945471588,0.9401727870587353,0.00038120061211695337,8.473265890434892,1148.1803583607168,18.516027032054062,0.1020365559090948,0.018472655763443407,0.9423171315302838,0.00034123901095467886,8.487837760746771,2350.5783749999996,25.624249999999993,0.08202060346485561,0.01641532487113794,0.8821227264596557,0.0002694628906249999,8.62338830050463,2188.4427437641725,25.17668178382464,0.0842185157542266,0.016616283303256017,0.8907444554268148,0.0002761008708140647,8.6209555117975,1751.638125,22.12,0.09977493239234908,0.01904979084530851,0.9123881515739293,0.00036289453125,8.536252509635013,2180.675233056186,25.162887377173092,0.08231507991810251,0.01667812961653346,0.891127834514005,0.0002781600075058905,8.616509629350066,3078.569241431452,29.661479334677427,0.07435249469787114,0.015692051961892373,0.8460063502671911,0.00024624049477473025,8.688059276651382,3269.297216,31.123903999999996,0.07300982789590034,0.015585346964376507,0.8377655843576242,0.00024290304000000002,8.703721398912153,2224.714150705646,24.92029989919355,0.09401533673063825,0.01842832940975833,0.8891054433005766,0.0003396033248345638,8.578227585843791,3281.4911360000006,31.109312000000006,0.07249104541474811,0.01571209775937001,0.8371607558122203,0.0002468700160000001,8.698144572787484,3712.7836636178863,32.90104166666667,0.0712641246262445,0.015212641557550206,0.8147752439698863,0.00023142446315850356,8.7243181040252,4240.407583246618,36.03531477627472,0.06366473395278971,0.014950386387833456,0.7907330884020797,0.0002235140531455159,8.76268590072523,2645.7190675813013,27.17447916666667,0.09303902277803884,0.018306682023382925,0.8685192589074769,0.00033513460670525153,8.609551110950719,4290.918574401665,36.12057752341312,0.06615370243760801,0.015062356335577702,0.7882409822645029,0.00022687457837991773,8.75950472972194,moldy_bread_3.jpg,spoiled_bread
869.6867002952758,10.33175442913386,0.33051973722395656,0.047809056311090725,0.9565404987627544,0.0022857058653570437,7.430706063328806,1500.2770165540333,15.303366606733215,0.26345876537366997,0.042489879636829576,0.9253319210504642,0.0018053898715522645,7.66922020854669,909.0944881889764,10.855807086614174,0.32214507469063164,0.04526825570855137,0.954659213177009,0.0020492149748947935,7.466198016526927,1412.5862731725465,14.877673755347512,0.274635640768536,0.043214464476055814,0.9296960355666701,0.00186748993995229,7.645595965830516,1813.9574032738099,16.50936259920635,0.26976106806274236,0.04348943040055079,0.9093535165142433,0.001891330556564351,7.695392006749053,1500.2770165540333,15.303366606733215,0.26345876537366997,0.042489879636829576,0.9253319210504642,0.0018053898715522645,7.66922020854669,1906.0658482142856,17.538194444444443,0.24979546692623422,0.0386035083048841,0.9050649916705001,0.0014902308534452556,7.7796683414910355,1412.5862731725465,14.877673755347512,0.274635640768536,0.043214464476055814,0.9296960355666701,0.00186748993995229,7.645595965830516,2768.781125,21.807625,0.24448294355748854,0.040864104052334246,0.8617135216125468,0.001669875,7.830943823889177,3055.998299319728,24.39965986394558,0.19945982985224756,0.03564311705986741,0.8481276190488831,0.001270431793743411,7.961146106427407,2885.8438125,23.298187500000004,0.21268983984302872,0.034016310426029456,0.8565276632217282,0.0011571093750000002,7.968217400889135,2765.7563618039812,23.140463592844547,0.21289929349701447,0.03697600714703374,0.8625361731226635,0.00136722510453749,7.9283810796327465,3665.992439516129,26.606476814516128,0.22244383706774196,0.0383383807287618,0.8170786811267206,0.0014698314369034943,7.945791513461842,4534.318656,32.262592,0.16700793850506296,0.031283498525580544,0.7752403420330722,0.00097865728,8.132180621060709,3786.363344254032,28.361202116935484,0.18284101198373948,0.03059168555545067,0.8120314973537339,0.0009358512251235691,8.10156936578588,4014.993856,29.879104,0.17961637220797091,0.03296217468553918,0.8009163125578769,0.00108650496,8.089477560536668,4498.668572154473,30.935848577235774,0.20388330009324013,0.036332327940808144,0.7757927039868174,0.0013200380535984284,8.033373702135991,5943.4792533818945,39.728733090530696,0.13721136222308572,0.027953444867208056,0.7061809782821499,0.0007813950799440404,8.270268319648231,4616.504382621952,32.83784298780488,0.15850316100857484,0.0279350621127426,0.7711050230946285,0.0007803676952427871,8.208978595211466,5082.522112382936,35.45044224765869,0.1600249976351758,0.0298000611222452,0.7485810419024322,0.0008880436428895498,8.207214412035174,moldy_bread_4.jpg,spoiled_bread
553.9651820866142,11.543922244094489,0.224388495933737,0.05806086245452642,0.9651294316087293,0.0033710637489634356,7.814674917398242,1441.8791617583236,18.438526877053757,0.1681250202608639,0.049169342872235386,0.9086402970930302,0.002417624278487445,8.075312995679118,1163.8053641732283,15.516978346456693,0.1868055360861121,0.049678108677036016,0.9259671266344984,0.002467914481727401,8.00863139882005,1440.8089776179554,17.629239258478517,0.19362895728122992,0.04967494662696096,0.9087080778752178,0.0024676003223914203,8.005766250002381,943.2644469246035,15.25576636904762,0.19015156356956747,0.05669928119754825,0.9408427904152629,0.003214808488318649,7.968678293446327,1441.8791617583236,18.438526877053757,0.1681250202608639,0.049169342872235386,0.9086402970930302,0.002417624278487445,8.075312995679118,2361.890004960318,23.10863095238096,0.15084868923857908,0.042299682461605204,0.8485556401573716,0.001789263136352631,8.218226773200763,1440.8089776179554,17.629239258478517,0.19362895728122992,0.04967494662696096,0.9087080778752178,0.0024676003223914203,8.005766250002381,1366.324125,18.4235,0.17539776827516762,0.05604474704979048,0.9146404192870861,0.0031410136718749994,8.053613389235329,2769.289304610734,26.394242882338126,0.14092196706286209,0.04135452019103709,0.8238162190326663,0.0017101963402308942,8.261651818598578,3615.9373749999995,29.805624999999992,0.13373719114769236,0.035852889527902755,0.7662633064708189,0.0012854296874999988,8.348739457157155,2847.1594860166288,26.291509196271104,0.15150001885301576,0.041694330851816216,0.8188628166667591,0.0017384172251807134,8.239011880185116,1766.4777595766127,21.071005544354836,0.165428194657812,0.055332840723541256,0.8900659685496809,0.003061723262536786,8.115337678140836,4131.69952,33.495616,0.12398429197265384,0.03515196722802296,0.7361123501033452,0.0012356608,8.38675271608072,4844.093371975807,36.08883568548387,0.1179357185157173,0.031069613018434025,0.6846307068388637,0.000965320853115245,8.446060389538726,4300.013631999999,34.069568000000004,0.12976581175311494,0.035272623265076276,0.7253722566315537,0.001244157952,8.372658302977468,2156.8817327235774,23.374872967479675,0.1605123177421899,0.05473482163983019,0.8662976238533295,0.0029959006999440234,8.15298564750021,5491.211888657648,40.12682101977107,0.11086464849478889,0.03046374938014195,0.6483194205039566,0.0009280400262960992,8.472962275616522,5999.740282012195,41.54084095528455,0.10436112469410116,0.02674449413099743,0.6064031028160484,0.0007152679663229559,8.509061287630585,5743.681776795005,41.28752601456816,0.1110015279180689,0.030628874393344455,0.6321791353443585,0.0009381279466032715,8.472062881366323,moldy_bread_5.jpg,spoiled_bread
735.4800688976377,10.41646161417323,0.35636935785958085,0.03607684910113913,0.9641999685826216,0.0013015390410663634,7.440913162904975,1104.995783991568,13.39171678343357,0.3158272642679259,0.033443765726027176,0.9464124782105449,0.00111848546593739,7.562248904574702,657.5522268700788,9.623585137795274,0.3492811276358967,0.03546768326858207,0.9679449447043695,0.0012579565564404568,7.416363690294979,1113.2804885609771,13.486328972657947,0.312356568852975,0.03312698594174243,0.9460107684327198,0.0010973971975844008,7.58500778117444,1549.408854166667,15.909226190476193,0.3131076177545402,0.033101903083029745,0.9245979182732598,0.001095735987718294,7.64958786087661,1104.995783991568,13.39171678343357,0.3158272642679259,0.033443765726027176,0.9464124782105449,0.00111848546593739,7.562248904574702,1376.8511904761908,14.82279265873016,0.2781210909673595,0.030429075192492813,0.9327217836371958,0.0009259286170703816,7.686082543597798,1113.2804885609771,13.486328972657947,0.312356568852975,0.03312698594174243,0.9460107684327198,0.0010973971975844008,7.58500778117444,2422.9466250000005,20.76075,0.2836099692867027,0.030873639899192323,0.882116248103426,0.0009531816406250001,7.779146236586826,2280.076782564878,20.795477450239353,0.24374720559802793,0.028426123833586288,0.8891910922033076,0.0008080445162023824,7.848232943471347,2143.0890624999997,19.6454375,0.21891900644583792,0.02705427126628991,0.8950312990194857,0.0007319335937499999,7.866725306340882,2229.008566389519,20.378936759889143,0.23943203258752033,0.028066649712988754,0.8916735542330668,0.0007877368261116117,7.858209993328374,3269.118132560485,25.06331905241936,0.26566180626083874,0.029691281070830355,0.8409890360091115,0.000881572171627049,7.8755916243509265,3479.830976,27.328319999999998,0.19221672402806633,0.02516514669140635,0.8305230378655512,0.000633284608,8.027055800520968,2881.001701108871,23.887285786290324,0.176004191164148,0.025273885155438013,0.8585522371729761,0.0006387692708502699,7.982325131448021,3303.5934719999996,26.260096,0.18363373071750644,0.0250958763146458,0.8391087161192173,0.0006298030079999999,8.027456453572688,4033.038363821139,28.786204268292686,0.24933235777730572,0.028634247370822086,0.8038805157423983,0.0008199201224934317,7.948079394992213,4568.592546826223,32.83877471383975,0.1506327529042567,0.023062129258392,0.7770211921592767,0.0005318618059307802,8.16000935151384,3570.002985264228,27.703950711382113,0.147321179351283,0.024189231848585162,0.8243065862340468,0.0005851189374246068,8.06599968592823,4201.651860041624,30.999804890738815,0.14614212259767478,0.023064467568062682,0.7949375806318326,0.0005319696641982153,8.147655792948854,moldy_bread_7.jpg,spoiled_bread
750.5068897637796,11.835752952755906,0.4496989350718007,0.31880533894969343,0.9683441680545146,0.1016368441428289,5.615377294354371,1701.3833467666936,18.39456878913758,0.40181523304902345,0.308103217458031,0.9283909831400913,0.09492759260799075,5.780262468322244,1224.3993602362202,14.632135826771652,0.42875904855510416,0.31431853858505454,0.9481391155942974,0.09879614369824441,5.687215119614957,1686.456692913386,18.436480872961745,0.40393639375797,0.3097507393916897,0.929019226627648,0.09594552055369845,5.782481669042154,1406.6881820436506,17.054129464285715,0.41559275122199485,0.3035988326832251,0.9405444923523495,0.09217225120661689,5.791976837971856,1701.3833467666936,18.39456878913758,0.40181523304902345,0.308103217458031,0.9283909831400913,0.09492759260799075,5.780262468322244,2461.306857638889,22.289124503968257,0.38756893216165444,0.29771327227652644,0.8955105710231359,0.08863319248959717,5.8832984171140135,1686.456692913386,18.436480872961745,0.40393639375797,0.3097507393916897,0.929019226627648,0.09594552055369845,5.782481669042154,2089.6509375,21.5439375,0.3941804524769806,0.2915414448453255,0.9114808835064074,0.08499641406249998,5.914688064543281,3311.4150289745526,27.785147392290252,0.35507053907221126,0.28361815592766104,0.8600282685298231,0.08043925837180704,6.021967472646496,3724.7316875,29.261312500000003,0.35875951790484323,0.2847173900335208,0.8415399170819247,0.08106399218750002,6.015266457063543,3276.7166162761405,27.54037540942303,0.36126039783518615,0.28867800704540936,0.8614949517640801,0.0833349917517094,6.016467782920086,2688.952809979839,25.059160786290327,0.37949908616900024,0.2808100319701773,0.885802167059493,0.07885427405509197,6.005408223795082,4913.475456,36.041216,0.3249988097806793,0.2627049856854643,0.7914032659896683,0.069013909504,6.191222006194369,4873.409841229839,35.03736139112903,0.3396339498460518,0.2725388691681724,0.792242533770663,0.07427743520746617,6.121406273677941,4851.918976000001,35.446912000000005,0.3349068852191447,0.27003844230035107,0.7940213608893724,0.07292076032000003,6.179968120744334,3274.215447154472,28.149009146341463,0.3692883038816812,0.2714018358023814,0.8605929544747443,0.0736589564769028,6.084680601682396,6419.290582726328,43.22827783558793,0.2990336345841779,0.24400390431378696,0.7261918792854662,0.05953790532037171,6.3282625284550145,5953.161458333334,40.303607723577244,0.32156621327043744,0.26208168211225286,0.7456438018212209,0.06868680809878797,6.1924430325273265,6335.005528095733,42.68398803329865,0.3064303715153525,0.2509397686686323,0.7297992377719773,0.06297076749946671,6.320417707375462,moldy_bread_8.jpg,spoiled_bread
659.4002214566929,13.901697834645669,0.2380084945954408,0.09239294696084008,0.9378519155643401,0.008536456648108608,7.721711049753366,1487.547833095666,19.863785727571454,0.1960479308672758,0.08317417733736493,0.8571298173980869,0.006917943775747429,7.91930632546678,1029.9002214566929,15.235236220472439,0.22620506129169832,0.08418243006567049,0.9010924560995652,0.007086681531761501,7.772189997292687,1303.8859817719633,18.572447144894287,0.1997270406507777,0.08343241527034816,0.8747694533491651,0.006960967917843824,7.8806373128213,1103.5407366071431,18.109561011904766,0.20880655312312163,0.09086933812053713,0.8960144105168992,0.008257236610464501,7.890794788043435,1487.547833095666,19.863785727571454,0.1960479308672758,0.08317417733736493,0.8571298173980869,0.006917943775747429,7.91930632546678,1946.5894097222222,22.128348214285715,0.1809373240806123,0.07489394107759062,0.8095297371019741,0.005609102410133617,8.004236343704852,1303.8859817719633,18.572447144894287,0.1997270406507777,0.08343241527034816,0.8747694533491651,0.006960967917843824,7.8806373128213,1534.5793125,21.3866875,0.19156222272373108,0.08991680182257374,0.8553864039086846,0.00808503125,7.977058168812894,2668.7368354749306,27.599143361048124,0.1550499672920454,0.07378742142904605,0.7389037387416851,0.005444583561147645,8.120789614989,2863.802125,28.106,0.15446320732650262,0.06684454622012928,0.714275179375554,0.004468193359375,8.15100991152558,2256.442932728647,25.622448979591837,0.15853805144393548,0.07399207981410308,0.7792406815327331,0.0054748278752166,8.088277533082447,1922.7146547379036,23.994644657258068,0.18153922091314617,0.08924158104847808,0.8188471840844682,0.007964059788032081,8.036213949099283,3722.266432,33.845952,0.13224678863007094,0.06598901241873528,0.6286886020040681,0.00435454976,8.241088772430778,3722.266948084678,33.29945816532259,0.13187712031586873,0.058903564517924126,0.6210975768270955,0.00346962991291725,8.241737422702796,3137.5192319999996,31.202943999999995,0.13672152891295808,0.06602483314632455,0.6870196056796112,0.004359278591999997,8.20633111793828,2237.1945503048782,25.971227134146343,0.1733038350287826,0.08863142787433581,0.7892483504783927,0.00785553000704359,8.074167993761545,4513.728928199792,38.31685744016649,0.11622942784562637,0.05821082981850814,0.5408298582018317,0.003388500708159317,8.321621478029847,4415.21868648374,37.3379700203252,0.1197489692036213,0.05374475935282584,0.5419632912152664,0.0028884991578931605,8.309193780950718,3965.4306711758586,36.14386056191468,0.1188614544468315,0.058196368213490196,0.5966065923216287,0.0033868172732401318,8.290725298671777,moldy_bread_9.jpg,spoiled_bread
1191.2536294291338,17.269869586614174,0.2021606195938257,0.058251450779429934,0.9411540158907873,0.003393231517908348,8.156327369519094,1548.8394816789635,20.38923677847356,0.17792480699789415,0.049100536203192095,0.9235518290910687,0.0024108626554409777,8.286073991903962,1041.3844734251968,15.982037401574802,0.20556172391204103,0.05080111484423048,0.9484485693970176,0.0025807532694166945,8.14473608819188,1797.2643685287371,22.07173414346829,0.17422462577815293,0.04957383907114972,0.9112893980241544,0.0024575655202522507,8.29828044328196,2337.499751984127,25.43799603174604,0.16646519700271895,0.0562296857947617,0.8845260968661778,0.003161777564577626,8.353165213062365,1548.8394816789635,20.38923677847356,0.17792480699789415,0.049100536203192095,0.9235518290910687,0.0024108626554409777,8.286073991903962,2137.9149925595243,24.240637400793652,0.15260770926297296,0.03869688472376074,0.8941090841377123,0.0014974488873240274,8.417363751528228,1797.2643685287371,22.07173414346829,0.17422462577815293,0.04957383907114972,0.9112893980241544,0.0024575655202522507,8.29828044328196,3568.47775,32.691250000000004,0.149609561818467,0.05516114532100472,0.8237134659032642,0.0030427519531250006,8.47444650061053,2895.322940287226,29.442239858906525,0.13306937598316637,0.03735142017167715,0.8570049372122082,0.0013951285888411703,8.514320894654402,3326.9388125,31.8145625,0.12347627158008068,0.030031428849623523,0.8351101334177385,0.0009018867187500001,8.574115515720454,3565.7489292013106,33.34656084656085,0.13045190269611234,0.0373060361998382,0.823888374775197,0.0013917403369436382,8.549101382073516,4589.227192540324,38.36239919354839,0.13651969075761808,0.054253112036684495,0.7732633216803747,0.00294340016566504,8.542096408692931,4108.295488000001,36.353472000000004,0.10823689053113178,0.02853930006149415,0.7969616393369462,0.000814491648,8.644806785493689,4408.073462701613,37.91948084677419,0.10771874526183452,0.02761525022407246,0.7814260915674349,0.0007626020449381341,8.67021570760679,5231.004288,42.635008,0.10465562770192816,0.028783888826911488,0.7414580485432183,0.0008285122560000001,8.690574187168043,5406.9599847560985,42.75698678861789,0.13114893009805628,0.05368747349145159,0.7328331874121581,0.002882344809895317,8.595359815039558,5041.801703954216,41.58396201873049,0.0971812249888625,0.026557883264944505,0.7506860583369852,0.0007053211635144193,8.721185678860904,5392.630017784553,43.119855182926834,0.10280549927381816,0.028359032151810525,0.7326672391405141,0.000804234704587423,8.735478259947417,6653.640998959418,49.90530697190427,0.09232882028810657,0.026163077662374114,0.6709112343694078,0.0006845066327674194,8.772208399824336,moldy_sandwich_15.jpg,spoiled_bread
495.32492618110234,7.606176181102362,0.5046638632918902,0.30098840193950777,0.9727769690417126,0.09059401810209868,5.3118702525659,1468.3910347820697,13.551057102114207,0.45103321878930686,0.2896308070659647,0.9189643965214732,0.08388600440168208,5.485098386258028,978.4671505905511,9.882135826771654,0.4884713307911315,0.29812294341073375,0.9456961302815718,0.08887728938787956,5.373548659772901,969.6672453344906,10.83780767561535,0.46337501770048656,0.29091848261311204,0.9464872989975021,0.08463356352591556,5.42520075920042,957.7429315476193,10.766121031746033,0.4766357262028794,0.2900430518385674,0.9473846405675104,0.08412497191982987,5.458797987937141,1468.3910347820697,13.551057102114207,0.45103321878930686,0.2896308070659647,0.9189643965214732,0.08388600440168208,5.485098386258028,2121.0088045634925,15.977802579365083,0.4439157759332272,0.2833379693457889,0.8814360495643596,0.08028040487299523,5.58253547144848,969.6672453344906,10.83780767561535,0.46337501770048656,0.29091848261311204,0.9464872989975021,0.08463356352591556,5.42520075920042,1468.022625,13.76225,0.45344090081980454,0.2794334320884851,0.9193821242396611,0.07808304296875,5.584001332701572,3046.3442302847066,21.605379188712522,0.4060025510772644,0.2666644575490192,0.8307676956623524,0.07110993291991266,5.737889432575853,3310.403875,21.86775,0.4141183543666377,0.26897472435853526,0.8135759940641931,0.07234740234375002,5.729921287230561,1897.4857016880828,16.014172335600907,0.41875082740457564,0.2693150320200592,0.8945897595708018,0.0725305864719655,5.645363392783619,1967.7372101814517,16.433782762096776,0.4362466238709043,0.27141976222491765,0.8919879580735238,0.07366868732623084,5.683346784490973,4615.003328000001,29.175487999999998,0.3676727741258179,0.24385472711432107,0.7418870464999807,0.05946512793599999,5.933093765637199,4448.933404737905,27.27778477822581,0.3882894422158589,0.2565381146270076,0.7475626987745926,0.06581180425637968,5.847962694619127,2872.83808,21.102016,0.38394041342245244,0.24799770424743856,0.8393247698745486,0.061502861312,5.826569483164681,2465.069105691057,18.96481199186992,0.4243028782760052,0.26440189572754064,0.8648627781008695,0.06990836246431728,5.763272324538981,6006.502926638917,35.571865244536944,0.33842057348985666,0.22568231537591932,0.6617893269252413,0.0509325074734359,6.090405989728327,5497.0706935975595,32.23964684959349,0.3651214694615587,0.24520631776933205,0.6860392576152229,0.06012613827399465,5.948744186679313,3785.887291883455,25.56132934443288,0.35707497062655513,0.23127767234077382,0.7868264604526596,0.05348936172336634,5.97345814278229,moldy_sandwich_16.jpg,spoiled_bread
431.82904773622056,9.785125492125985,0.3564804366702462,0.1864510357102652,0.97639848906068,0.03476398871743058,6.759257656768602,785.0587141174282,13.15717031434063,0.3136877453893159,0.1790029104513098,0.9569081576128079,0.03204204195003964,6.941110004207075,557.0193159448818,10.835752952755906,0.3333757444350662,0.18622137326894253,0.9694275679393941,0.03467839986217082,6.857507865166205,709.8350176700353,13.018724037448077,0.31597189181975927,0.1849861730978834,0.9610372255305187,0.034219884237400085,6.942076965460076,708.5174231150795,12.842447916666668,0.3195990535965407,0.17851710224796105,0.9612450092464542,0.031868355795008976,6.926914875668523,785.0587141174282,13.15717031434063,0.3136877453893159,0.1790029104513098,0.9569081576128079,0.03204204195003964,6.941110004207075,1049.0213293650793,15.631448412698411,0.27981981162147124,0.17194162681286387,0.9422237247678263,0.029563923031054144,7.123832340783617,709.8350176700353,13.018724037448077,0.31597189181975927,0.1849861730978834,0.9610372255305187,0.034219884237400085,6.942076965460076,991.2610625,15.2353125,0.3046109380580836,0.17607120807360868,0.945736001780276,0.0310010703125,7.0065939803984225,1393.2334971025448,18.150100781053162,0.267957079328374,0.16793008598699613,0.9231887071883987,0.028200513779599912,7.173258347974086,1592.8725625,19.694312500000002,0.25037120947614655,0.16392700357171175,0.911956050418296,0.026872062499999995,7.280199806634695,1223.2343159486018,17.757873519778283,0.27215895726246514,0.1753049955404132,0.9325611210909243,0.030731841461424297,7.170708098314624,1253.3656123991934,17.24540070564516,0.2946608391726073,0.1726030794592659,0.9313349355337269,0.02979182303882166,7.0622682606855305,2001.867072,22.114368,0.24472055467512166,0.15929374365617754,0.8891295006373503,0.025374496768000004,7.3145584622307425,2130.1097530241937,22.959803427419356,0.23850933971247112,0.15760011917461406,0.8817902236467887,0.024837797563852557,7.370259529902938,1732.4302079999998,21.417216,0.24952042134442357,0.16601927521827098,0.9040518281184676,0.027562399744000005,7.3073465368271595,1478.0985772357724,18.758130081300813,0.2865517583498502,0.1708954643451305,0.9189481729419652,0.02920525973373777,7.1046446990689125,2591.210718002081,25.514438085327782,0.22950040768092095,0.15250202297083776,0.8557704759546381,0.023256867010197926,7.39773667006544,2621.0732977642274,25.85099085365854,0.22620219228921318,0.1517156176358506,0.8538236550377577,0.023017628634627616,7.440052120954667,2250.83220603538,24.548126951092613,0.23371085844673395,0.15791891509289274,0.8747235276354628,0.024938383744116263,7.398550443335154,moldy_sandwich_17.jpg,spoiled_bread
625.2493848425197,8.303764763779528,0.3168474406565691,0.033779820259466874,0.9690752313639031,0.0011410762567618884,7.4696205851081166,1220.0,13.11265422530845,0.24816687065668736,0.029094941348266398,0.93999103120641,0.0008465156120590618,7.71728407415329,752.7897391732284,8.92507381889764,0.30915078346481334,0.033702743083889916,0.9630121673544715,0.0011358748913786894,7.410419406949884,1048.6237212474423,11.657387314774628,0.27857239558101493,0.0311284464102664,0.9484197828699568,0.0009689801759168273,7.594298389900083,1360.0740327380952,13.573536706349206,0.24254885200331544,0.028248166869281784,0.93254185205254,0.000797958931474789,7.7935836333081445,1220.0,13.11265422530845,0.24816687065668736,0.029094941348266398,0.93999103120641,0.0008465156120590618,7.71728407415329,1603.2978050595243,15.203062996031749,0.21882002719792476,0.0272757915918126,0.9213166654691576,0.0007439688069599948,7.823669668018376,1048.6237212474423,11.657387314774628,0.27857239558101493,0.0311284464102664,0.9484197828699568,0.0009689801759168273,7.594298389900083,2128.64375,18.3225,0.2012741316500647,0.02523762072779445,0.8941134647392803,0.0006369375,7.9803320515733285,2504.5847190728146,21.260707986898463,0.17427085182515534,0.02359442578828887,0.8766224437124676,0.0005566969282790709,8.062564836902393,2522.0784375,21.0105625,0.17271549829796923,0.024014969290007432,0.8763674725219017,0.00057671875,8.042149590254954,2119.3723230032747,18.785651297556058,0.19958800043474464,0.025493518427319665,0.8955917046013001,0.0006499194818040873,7.953615330641179,2846.422883064516,22.501638104838708,0.17531017601931764,0.02318467062531055,0.8579851506393266,0.0005375289520041379,8.106979338405061,3803.3527679999997,28.506815999999997,0.1386465072133509,0.020641513122830895,0.8123550244908083,0.000426072064,8.259588411493748,3434.270791330645,26.275201612903224,0.1466143499470175,0.02194132949564407,0.8318598558722843,0.0004814219400364204,8.190496238096966,3189.4573440000004,25.027904,0.16107728390271434,0.022569008130620183,0.8426227165580742,0.0005093601279999999,8.147060461972938,3523.5574822154476,26.386877540650406,0.15370390721968397,0.021500371339942672,0.8236375715017162,0.0004622659677554283,8.21221473485398,5069.736342351718,35.28394901144641,0.1147787090533663,0.018763993512368602,0.749524093064713,0.000352087452532211,8.393572959254486,4343.073424796748,31.26753048780488,0.12703150475954272,0.020408447497306654,0.7876829035224576,0.0004165047292503222,8.310300961538038,4194.404006243496,30.647112382934445,0.13570218466014328,0.02051762492754646,0.7927306112266612,0.00042097293266747595,8.283166552029469,moldy_sandwich_24.jpg,spoiled_bread
810.5474286417323,9.839136318897637,0.30660461803056893,0.03534956308798379,0.9598052472547791,0.0012495916105113459,7.484459931935913,1101.1534503069006,12.42941285882572,0.27451116307084766,0.032459922005173274,0.9453349226607185,0.001053646536581932,7.630086680673424,455.5581938976377,6.984990157480315,0.361336546226205,0.03911876818018371,0.9773243631779444,0.001530278023934954,7.266384060664277,978.4698989397979,11.58193316386633,0.29228492894162017,0.03397236245068962,0.9514260877390248,0.0011541214104810256,7.567986229223042,1715.3260788690475,16.290984623015873,0.23557242231140116,0.029336003228352545,0.9149510741042449,0.0008606010854139109,7.83910517028893,1101.1534503069006,12.42941285882572,0.27451116307084766,0.032459922005173274,0.9453349226607185,0.001053646536581932,7.630086680673424,977.8067956349206,11.582093253968253,0.27342605833558165,0.03206258712275691,0.9511657868095985,0.0010280094930043774,7.645084514665267,978.4698989397979,11.58193316386633,0.29228492894162017,0.03397236245068962,0.9514260877390248,0.0011541214104810256,7.567986229223042,2696.8370625000002,22.2705625,0.19373152954129408,0.026075311599288702,0.8663269450945961,0.000679921875,8.03606831496678,2267.2901864449486,20.163580246913583,0.199762515818593,0.026288294792246706,0.8870792620597652,0.0006910744430840653,7.979663491959343,1520.652875,15.352625,0.2300929666236347,0.028560243346302215,0.9237994207036448,0.0008156875,7.832157277393587,1962.5398715041574,18.386180398085163,0.21966638111324788,0.028260421809143458,0.9022608791090643,0.0007986514408307112,7.902652491012518,3674.2071572580653,27.71799395161291,0.1669347367202919,0.023674472491001367,0.8179667953803552,0.0005604806477271805,8.175374707104229,3448.1589120000003,26.939456000000007,0.15661525310095947,0.02331401501243405,0.8277363713926544,0.0005435432960000003,8.162351908273596,2029.2014868951617,18.58870967741936,0.19717754396027892,0.02637623760142583,0.8979685851194477,0.0006957059100068698,7.952537465589368,2960.763264,24.314624000000002,0.18122309386338878,0.02517088349661172,0.8520922002205448,0.0006335733760000001,8.093786436392651,4654.314151422765,32.84324186991871,0.14754383919952246,0.02216694730181212,0.769554854425708,0.0004913735526813157,8.285283948965235,4585.202198231009,33.111797606659735,0.13025769907899568,0.021179667243063895,0.7702520653910988,0.0004485783045269138,8.303886173507049,2514.0274390243903,21.456935975609756,0.17041979517662606,0.02488411114628138,0.8731685626919494,0.0006192189875404852,8.042593325050651,3958.627796566077,29.76125130072841,0.15612930277042858,0.023130987168431084,0.8016534910912362,0.0005350425673861234,8.220946810816704,moldy_sandwich_27.jpg,spoiled_bread
695.783403051181,9.495878444881889,0.5287963975863442,0.3219731284308295,0.968163470983163,0.10366669543153541,5.132121850948709,1701.6414532829067,15.385020770041542,0.4906690646627382,0.31462150927484356,0.9221330405303052,0.09898669409838047,5.299107745609193,1217.2587352362207,11.296875,0.5303383241462267,0.31792272375161584,0.9439486463657676,0.10107485827764624,5.164520901262735,1539.0613801227603,14.44683489366979,0.4934939303484702,0.3150699929444325,0.9295726509442722,0.09926910045400475,5.276371245030267,1349.2220362103174,14.208643353174603,0.49419234913740445,0.3126671169063024,0.9383538918120125,0.09776072599449936,5.309268942250604,1701.6414532829067,15.385020770041542,0.4906690646627382,0.31462150927484356,0.9221330405303052,0.09898669409838047,5.299107745609193,2475.2769097222226,18.921626984126988,0.4721726349469401,0.30182790758946804,0.8856381835973911,0.09110008579983647,5.422859964646362,1539.0613801227603,14.44683489366979,0.4934939303484702,0.3150699929444325,0.9295726509442722,0.09926910045400475,5.276371245030267,2035.013875,18.358000000000004,0.4727149267439088,0.30629285733285555,0.9071777228912393,0.093815314453125,5.423949714189696,3373.826152683296,24.981355505165027,0.4377141920650011,0.29651682007945357,0.8453425969485662,0.08792222459003103,5.56784897193587,3802.7325000000005,26.11775,0.43658890275611234,0.2883461495375393,0.8236985218851403,0.08314350195312498,5.596624030538578,3006.3829680020153,23.075963718820862,0.4432750613908446,0.2980581277882077,0.8621862537234135,0.08883864754061156,5.532695018982062,2658.37556703629,22.127709173387096,0.4553238972909063,0.30010921066338025,0.8789711140739441,0.09006553832499715,5.507333636256805,5042.028544,33.692416,0.400625454486427,0.28107811275871347,0.768516081503553,0.07900490547200005,5.751652624800487,5071.81168094758,32.79479586693549,0.406446374696749,0.2754688392152538,0.7641617041767035,0.07588308137859935,5.734810368157648,4453.736192,30.649216000000003,0.4092264099398444,0.2834628493189187,0.7955249987040495,0.08035118694400001,5.705008863356049,3194.074504573171,25.16431656504065,0.44203254381311907,0.29674625789219133,0.8548721513509481,0.08805834157301894,5.566649555490665,6546.686329344433,41.361927679500525,0.3698321753707024,0.26746766953061335,0.6992009587616234,0.07153895424413739,5.894826795405243,6275.262195121952,38.9536331300813,0.3815342641747973,0.2636805574207968,0.7072242698973598,0.06952743636174212,5.844041399866095,5797.080840270552,37.28908688865765,0.3817838421632642,0.2701855095890177,0.733642790739049,0.07300020959187717,5.83636038076662,moldy_sandwich_5.jpg,spoiled_bread
1089.2974901574803,16.943774606299215,0.20515042192156044,0.08948542382040389,0.9374368559424906,0.00800764107631731,8.066290369709789,1832.1710583421163,22.727075454150906,0.17969893604121506,0.08123154410836124,0.8945378682136377,0.006598563758228637,8.22803405781116,1229.1811638779527,17.0267593503937,0.2073438001516304,0.08183176168823107,0.9291803386811905,0.006696437220999442,8.083506696211327,1847.1541943083885,22.858701717403434,0.1755835994022329,0.08147566488902881,0.8936754103699426,0.0066382839691093215,8.233119638170006,2050.9793526785716,24.574342757936513,0.1725319411711458,0.08785441575342964,0.8819862015126069,0.0077183983673764665,8.249838925872762,1832.1710583421163,22.727075454150906,0.17969893604121506,0.08123154410836124,0.8945378682136377,0.006598563758228637,8.22803405781116,2529.0187872023807,26.69897073412698,0.15926338839546203,0.07260357568430577,0.8536027322994103,0.005271279202146715,8.349913157005874,1847.1541943083885,22.858701717403434,0.1755835994022329,0.08147566488902881,0.8936754103699426,0.0066382839691093215,8.233119638170006,3100.05725,31.23925,0.16182618816689687,0.08683759311568348,0.8212585419592199,0.007540767578124999,8.357031404937068,3571.6005291005295,34.09939531368103,0.14244237830957546,0.07200071367446081,0.7930365393397163,0.005184102769631689,8.45901723616991,3939.472,35.461375000000004,0.1337710302123066,0.06471085025422708,0.7708118633436629,0.004187494140625001,8.506446335654761,3551.9579868984633,34.116087175610986,0.1409363441053348,0.07207015222161792,0.7941789834510037,0.005194106841247177,8.466304202196852,4002.6085559475805,36.73910030241935,0.15102761940566875,0.08618959672625806,0.7687057224947282,0.007428646583834993,8.42117792272413,5311.4144,43.757568000000006,0.12266423073620139,0.06418083252809986,0.689974255332072,0.004119179264000001,8.601778545361599,5256.495400705646,42.97775957661291,0.11638910146217181,0.05770570923068957,0.6926370699224208,0.0033299488778168918,8.628386045509245,5175.328896,43.156608,0.12157378855370253,0.06389363962085741,0.6979276636629256,0.004082397184,8.597919832234343,4731.559070121952,40.92848069105692,0.1441070608138527,0.08552889552370571,0.7260119184956081,0.007315191969504966,8.474363670259304,6876.948491155047,52.072710718002085,0.10598833359031937,0.05699738230381644,0.595519429271296,0.003248701589487408,8.711716373335205,6365.342606707318,49.0755843495935,0.1063967886096383,0.05141026265150355,0.6261137188772509,0.002643015105896581,8.714520719796102,6456.014047866805,50.117195629552555,0.10599942789366681,0.05709555088057874,0.6203063970661373,0.003259901930356755,8.695433464356457,moldy_sandwich_6.jpg,spoiled_bread
749.041031003937,8.815391240157481,0.3361638295123534,0.035463361900315245,0.9661745508373655,0.0012576500372727308,7.392489119781796,1221.226982453965,12.427676855353711,0.2940758245523478,0.0324644809871633,0.9450652928893555,0.0010539425257658874,7.545898797702204,625.4904035433073,8.002706692913387,0.34960133051621356,0.036775974622527775,0.971849970063828,0.0013524723094368069,7.295382532757809,1028.3892987785975,11.262880525761052,0.2943557699808154,0.03263015339993646,0.95373800639203,0.0010647269109033848,7.524109979847542,1668.1024925595239,15.078187003968253,0.26516577697944954,0.030221926096055295,0.924634877465561,0.0009133648169554281,7.720331105745725,1221.226982453965,12.427676855353711,0.2940758245523478,0.0324644809871633,0.9450652928893555,0.0010539425257658874,7.545898797702204,1352.7451636904761,13.398809523809522,0.26072783379618814,0.030139190794453926,0.9391247848379801,0.0009083708217444964,7.658931862202142,1028.3892987785975,11.262880525761052,0.2943557699808154,0.03263015339993646,0.95373800639203,0.0010647269109033848,7.524109979847542,2652.009125,20.787625000000002,0.22649450835001322,0.027334766381386908,0.8801393676460529,0.000747189453125,7.9040148774224654,2608.502771478962,20.857520786092216,0.21443073925413925,0.026232771958900277,0.8826086482512626,0.0006881583246476647,7.904911581666477,2127.536625,18.28425,0.21022469876093652,0.02665494941141326,0.904264926407895,0.000710486328125,7.866255537179297,2152.636684303351,18.35374149659864,0.2139586935889886,0.026725171121659987,0.9031130080635418,0.0007142347714820089,7.869889175314048,3610.349987399194,26.019846270161295,0.2002802077350867,0.025321390325042964,0.836739466345294,0.0006411728079931795,8.04002384364985,4033.615552,28.740927999999997,0.15734328000058692,0.022956560021048452,0.8184137174948158,0.0005270036480000001,8.111230866968747,2883.9884702620966,22.804120463709676,0.17317749274185057,0.024353564644069462,0.870235939289169,0.0005930961108728701,8.011336339624773,3271.2953599999996,24.633088,0.1674234293206518,0.02323358672267371,0.8527037037090222,0.0005397995520000001,8.081580385472568,4534.958396849594,30.902375508130078,0.18150823248040115,0.023815421536218375,0.7948047866562458,0.000567174302947774,8.142226925572169,5445.989919354839,36.046631113423516,0.12398568150948258,0.020796406029291732,0.7547052273019589,0.00043249050373516144,8.252455115887638,3629.0825711382113,26.978785569105693,0.14795908547926293,0.022699133195217266,0.8367212042337886,0.0005152506478142145,8.121914199154318,4315.4972034339235,30.15758324661811,0.13907407063073635,0.0211643841139378,0.8055689213739722,0.0004479311549223028,8.20863487036443,moldy_sandwich_7.jpg,spoiled_bread
1077.8656496062995,14.495693897637796,0.17779248737449105,0.023016345455721874,0.9401839761768868,0.0005297521581371289,8.179930403853614,1649.2571145142292,19.051398102796206,0.16014652528273018,0.021945110078318113,0.9081166805973987,0.00048158785634949913,8.305305178217017,1267.3356914370079,16.573511318897637,0.16644835277915992,0.022149300131600352,0.9297488116290465,0.0004905914963197113,8.265053221757086,1790.5356810713624,20.1244962489925,0.14580131911972574,0.020408779632096533,0.9002366227642885,0.0004165182860714783,8.374516639042982,2160.904947916667,21.704427083333336,0.1354830142634966,0.019467764988911028,0.8794253422936064,0.00037899387366347,8.416473358219974,1649.2571145142292,19.051398102796206,0.16014652528273018,0.021945110078318113,0.9081166805973987,0.00048158785634949913,8.305305178217017,2622.272507440476,25.564918154761905,0.11976381551696429,0.01844542502954544,0.8539493450127215,0.0003402337045205815,8.521651934582085,1790.5356810713624,20.1244962489925,0.14580131911972574,0.020408779632096533,0.9002366227642885,0.0004165182860714783,8.374516639042982,3235.703125,28.011875000000003,0.10916805447627069,0.017496874720932306,0.8185774397028186,0.000306140625,8.560433890667626,3210.3116654069036,28.68543713781809,0.11958581832644047,0.018744930889333558,0.8192303037502138,0.00035137243404589143,8.536114940405671,3968.0796875,33.3455625,0.09456123658746195,0.016511241435761274,0.7778974149067884,0.00027262109375,8.663556592993613,3550.582640463593,30.763542454018648,0.10609149709143066,0.01709458462899634,0.7999995519806896,0.00029222482363791796,8.612336125634105,4207.7478578629025,33.34904233870968,0.09413438842305663,0.016373170989003795,0.7630463020361776,0.00026808072823515547,8.655259786270218,4638.444415999999,36.42048,0.0974161586620628,0.017079368606596677,0.736046839625971,0.0002917048320000001,8.662072718488426,5057.969254032259,39.2234122983871,0.0822938730737829,0.015478745709502166,0.7155455795623681,0.00023959156873943168,8.747236423726706,5064.127936,38.929216,0.08460188332236851,0.015690967592854176,0.7116160421939688,0.000246206464,8.726010835878219,5067.618965955285,37.93273628048781,0.08632316359562596,0.01555428788745386,0.7133154949304495,0.00024193587168579387,8.7186480890316,5719.933272632675,42.15660770031218,0.08471713387197571,0.01591838631774707,0.6712223296264443,0.00025339502296103716,8.747681539552643,5943.557545731708,43.962906504065046,0.07241075317479237,0.014928010304870806,0.6640939137564021,0.00022284549166232896,8.792508711435612,6131.044940166493,44.739919354838705,0.07061175131704805,0.01486740251686466,0.6471314123881353,0.00022103965759847366,8.793862921729035,rotten_baguette_14.jpg,spoiled_bread
3382.6862081692916,33.96130659448819,0.07650614715647648,0.01441458503571746,0.820148653429106,0.00020778026175192975,8.99324022621131,3923.7959575919153,37.623101246202495,0.07100115261323207,0.014092929590467106,0.7917849302397593,0.00019861066444186334,9.035779133926582,989.1227854330709,16.329970472440944,0.14967804001151025,0.021139097151742916,0.9474815231918737,0.00044686142839082553,8.52202282608032,3481.9370078740153,34.91784983569967,0.07723322306816811,0.014394714475472949,0.8152283378935898,0.00020720780483039043,8.996224564508132,7615.224392361111,57.67193700396825,0.04247675704754564,0.01171062761787675,0.5944795035235805,0.00013713879920457765,9.2678383838483,3923.7959575919153,37.623101246202495,0.07100115261323207,0.014092929590467106,0.7917849302397593,0.00019861066444186334,9.035779133926582,1929.2088293650797,24.210565476190478,0.11861342951644721,0.018590595114019278,0.8975632258395768,0.00034561022669339744,8.727333545968087,3481.9370078740153,34.91784983569967,0.07723322306816811,0.014394714475472949,0.8152283378935898,0.00020720780483039043,8.996224564508132,12228.358375,80.08149999999998,0.030977669488752593,0.010377258790258626,0.34792380180958327,0.00010768749999999993,9.409933994498239,8491.744583018393,62.143298059964735,0.04150618431295344,0.01151538269857731,0.5486574882557834,0.00013260403869469364,9.28337749992845,2955.953625,31.223625000000002,0.1025682933979899,0.017014010770538497,0.8429687886249794,0.0002894765625,8.859617472605063,7507.761778785589,57.828798185941054,0.044456375240092466,0.011799314637754469,0.6009371987336731,0.0001392238259207269,9.254715442530886,16191.14440524194,97.90335181451614,0.02327996706527328,0.009922785052070277,0.13535699603806706,9.846166318958932e-05,9.454736450193403,12917.783360000003,83.15590400000002,0.03025638849582251,0.01029694168187817,0.31210615643218587,0.00010602700800000006,9.410235637512969,3831.243510584677,36.78345514112904,0.09153167099672999,0.01585024184144408,0.79640964515508,0.0002512301664322646,8.951602235618939,11956.722240000001,79.49356800000001,0.029243353964369542,0.010463168162655134,0.3631964937724936,0.00010947788800000003,9.3908922953769,19445.226244918704,111.92276422764229,0.01922116946305394,0.009807556406184711,-0.039471951158730194,9.618816266049476e-05,9.464975026420802,16435.729903746098,98.83097034339231,0.024496743016989092,0.009911068231104013,0.12323259831673998,9.822927348159923e-05,9.449593364540021,4608.582317073171,41.35645325203252,0.0823394490747778,0.015048193753063276,0.7550041311976015,0.00022644813522973263,9.0167709533292,16104.150039021853,98.22938345473466,0.022376432847952724,0.009954609710534591,0.1407944295607376,9.909425448906956e-05,9.440799793784514,rotten_baguette_17.jpg,spoiled_bread
169.9436515748031,3.3056102362204722,0.7284684471412614,0.4700951316739966,0.9844953321127229,0.2209894328235922,3.5766420510494457,769.2718705437411,7.053258106516213,0.6530222425896666,0.4586402756439609,0.928362889153323,0.21035090244276844,3.7597170982056856,618.107283464567,5.002829724409449,0.7044459540949318,0.46660801300666993,0.942413862291674,0.21772303780203264,3.656376995807313,739.0769421538844,6.326864653729308,0.7032921863600484,0.4635032984956758,0.9311747395730486,0.21483530771637152,3.664795994419814,232.49330357142856,4.391989087301587,0.6836082941438542,0.46136844881759553,0.9787550787566494,0.21286084556435425,3.7341894902305484,769.2718705437411,7.053258106516213,0.6530222425896666,0.4586402756439609,0.928362889153323,0.21035090244276844,3.7597170982056856,1199.8860367063494,8.477802579365079,0.6422394722672496,0.45376678672705684,0.8856657568652064,0.20590429673659827,3.860505126501741,739.0769421538844,6.326864653729308,0.7032921863600484,0.4635032984956758,0.9311747395730486,0.21483530771637152,3.664795994419814,302.50412499999993,5.440625000000001,0.6538038371014481,0.4532410433305605,0.9723168566090289,0.205427443359375,3.8517567437153932,1392.8496472663142,11.212711010330061,0.5854279582461237,0.4385380603502679,0.8671195928774704,0.19231563037577518,4.0052781886180275,1795.0248749999996,11.967625,0.597348132400229,0.44074661663831866,0.8248807983119818,0.19425758007812502,4.0183638158883,1322.7929579239103,9.607394809775762,0.6529797292133814,0.4495468537285485,0.8738031293379527,0.202092373697237,3.8817856938548303,372.8802923387097,6.48765120967742,0.6256162579033259,0.4448506588096058,0.9658275896722588,0.1978921086433403,3.9525246327903925,2031.751552,15.376384,0.5412973877990155,0.4179157831333964,0.8012402681934896,0.17465360179199999,4.204535064421202,2395.2498739919356,15.405745967741941,0.5625465817957362,0.4278937416152256,0.7605234324341258,0.18309305411347743,4.141909254318006,1912.8229119999996,12.867712,0.6129368968036559,0.4358222328243478,0.8128746752484489,0.189941018624,4.050483854772309,442.04261941056916,7.472243394308944,0.6032892815956101,0.4370292902875268,0.9594302569641722,0.19099460056921935,4.039213168658392,2666.1876300728413,19.447905827263266,0.5015951570913224,0.3973618150252616,0.7322945028535954,0.1578964120401702,4.374085903220051,2958.2790269308944,18.692517784552848,0.5331903550752601,0.41518065067600873,0.6966021869148019,0.172374972695754,4.247645099009124,2499.091246097815,16.061329344432885,0.5808277140177357,0.42190840262588974,0.7490722494903463,0.1780067002063299,4.190141325196796,rotten_baguette_25.jpg,spoiled_bread
797.8832431102364,10.611589566929135,0.3039416118005954,0.07298587507870842,0.9634780639174583,0.00532693796100483,6.715672369858058,1334.1376402752805,15.365738731477464,0.23764835442024326,0.06779926885258454,0.9393899771494372,0.00459674085694504,6.877035020352308,841.3758612204724,11.514271653543307,0.2684977579256568,0.07053205046226416,0.9614873188347474,0.004974770142411378,6.782328254774617,1372.9022258044515,15.564759129518256,0.24222044803667275,0.06752465355925281,0.9376290221029963,0.004559578838297113,6.880115113628601,1545.889632936508,15.723958333333332,0.26518629008790895,0.06800953526569879,0.929255036345625,0.004625296887056328,6.9309299271329845,1334.1376402752805,15.365738731477464,0.23764835442024326,0.06779926885258454,0.9393899771494372,0.00459674085694504,6.877035020352308,1694.8532986111109,17.268849206349206,0.21271871372095377,0.06369316707688039,0.9224340819009529,0.004056819532283399,7.012643030220106,1372.9022258044515,15.564759129518256,0.24222044803667275,0.06752465355925281,0.9376290221029963,0.004559578838297113,6.880115113628601,2332.40575,20.528750000000002,0.2336684241550613,0.06372425950923244,0.8932740997865892,0.00406078125,7.0926425316207204,2535.4705845301087,22.871945074326028,0.18983312270275066,0.060199529679769374,0.8848397315952407,0.003623983373665434,7.170118688740008,2626.659125,22.6505,0.1885904339276333,0.05993165052269961,0.8797891446633495,0.0035918027343750003,7.17657055850231,2657.158100277148,23.406651549508695,0.18629548753139685,0.059932694684616414,0.8793148111190755,0.0035919278921594483,7.148719210248246,3071.4357358870975,24.86378528225807,0.21398626813172367,0.059829403308057146,0.859475413574355,0.003579557500198159,7.224513444929505,3701.325376,29.434815999999998,0.15814417344043574,0.05482615200796057,0.8318345786779314,0.0030059069439999993,7.357578017942759,3490.269909274194,27.358114919354847,0.1677666074769345,0.05669340745684946,0.8402658092668512,0.0032141424490683542,7.300200554706631,3961.979456000001,30.584512000000004,0.1569387799225449,0.05533628162426529,0.8199956876064625,0.003062104064000001,7.342142557622451,3760.2278963414637,28.67505081300813,0.19796700954036306,0.0567141876251564,0.8279697574097112,0.0032164990779814428,7.3280290358059705,4761.630007804371,35.1578433922997,0.13717469701558807,0.050302675711786725,0.7835371624551046,0.0025303591837651782,7.5116454440401625,4335.607024898374,31.771023882113823,0.15415064123256628,0.054242774616229214,0.8015546090528461,0.0029422785980670403,7.4047301886934624,5158.188410509887,36.76892559833507,0.1425566585763426,0.05140262012558643,0.765510323277627,0.0026422293557753435,7.484058921266223,rotten_bread_000001.jpg,spoiled_bread
565.1889148622048,7.923535925196852,0.6344899355330267,0.47705312874174244,0.9781947897467885,0.22757968764228548,3.7520764434531904,1428.594581189162,12.301816603633206,0.60545618521748,0.47161660246644105,0.9449509359955672,0.22242221972198908,3.8632674614649725,1103.9245201771655,9.867310531496063,0.6287912087082164,0.47645843316553277,0.9571851551420559,0.22701263853455445,3.8051386733740973,1373.1237522475046,11.88449376898754,0.610948522649651,0.47358289951829313,0.9470883554594437,0.22428076271615371,3.849962740389809,1002.7220982142858,10.766865079365079,0.6088567102658239,0.46382753408612903,0.9613662703687191,0.21513598137641918,3.8583796467649796,1428.594581189162,12.301816603633206,0.60545618521748,0.47161660246644105,0.9449509359955672,0.22242221972198908,3.8632674614649725,2195.9188368055557,15.405939980158728,0.5929018769568253,0.46005122728447784,0.9146882782251011,0.21164713172595429,3.9500563247651126,1373.1237522475046,11.88449376898754,0.610948522649651,0.47358289951829313,0.9470883554594437,0.22428076271615371,3.849962740389809,1470.5235625,13.369812500000002,0.5896601503917904,0.4515693446713085,0.9434191397383666,0.20391487304687503,3.931925497288483,2810.919564121945,19.284265558075084,0.5609576078479035,0.4469259419192489,0.8916595998533879,0.19974279756040783,4.0404850442649565,3310.3737499999997,20.662125,0.563866151510574,0.4460443547521367,0.8711638891001078,0.19895556640625,4.053340949570554,2670.516880826405,18.0175107079869,0.5765891491444556,0.45526078884737503,0.8970709517855483,0.20726238586193418,4.009777310504285,1926.7377772177422,15.78389616935484,0.5733913245047416,0.44113898648769956,0.9259633794274378,0.19460360539939475,3.986332485501449,4234.6096,25.921728,0.527235792101667,0.426936195401608,0.8367511983439146,0.18227451494400002,4.167307684953363,4439.368195564515,25.923765120967744,0.5396829272182863,0.4324688837672168,0.8269389584104546,0.18702933542686248,4.133175609512032,3998.028544,24.043392,0.5464259121516681,0.4390627749194869,0.8458714483093367,0.19277612032000002,4.138692778197635,2370.467162093496,17.8359375,0.5650886513200688,0.4342791552700967,0.9090332144693688,0.18859838470210877,4.03907625137216,5648.012617065557,32.14464099895942,0.5004540113368666,0.41154199689351106,0.7822489567234222,0.16936681520709868,4.265964746774751,5564.565231199187,31.057736280487802,0.5156019665159014,0.42058083873830016,0.7827274808124168,0.17688824191381203,4.202667703025957,5335.428524973985,29.93268730489074,0.522420878797075,0.4247915122503113,0.7942999283607636,0.1804478288799064,4.2405462706940975,rotten_bread_000008.jpg,spoiled_bread
473.5019685039371,9.923105314960631,0.38735346135495397,0.0955000536382835,0.9497285617437285,0.009120260244915024,6.622011029181193,954.9347758695516,13.70531341062682,0.31594219835627174,0.08627324495034022,0.895955316829158,0.007443072794261404,6.8451296189388176,730.0019685039372,11.098302165354333,0.33483614371310105,0.08752176696501267,0.9206982015564164,0.007660059692677983,6.760426882454456,911.725835451671,13.159402318804638,0.32147125119386444,0.08663714839462287,0.9006636929861721,0.007505995481951905,6.807892915356821,637.9984499007937,12.03627232142857,0.3373391070178562,0.0923120297712247,0.9322996594210846,0.008521510840483474,6.791896128064054,954.9347758695516,13.70531341062682,0.31594219835627174,0.08627324495034022,0.895955316829158,0.007443072794261404,6.8451296189388176,1241.1016865079366,15.538690476190478,0.24505061902345016,0.07611821143444046,0.8621629985845364,0.005793982111978183,7.0520537673804045,911.725835451671,13.159402318804638,0.32147125119386444,0.08663714839462287,0.9006636929861721,0.007505995481951905,6.807892915356821,808.5049999999999,14.17775,0.30514019844349355,0.09064413591071405,0.9142529123791308,0.008216359375000001,6.926657097940754,1550.2200806248425,18.993197278911566,0.23081980095754273,0.07514067519607195,0.8273913202125869,0.0056461210689215825,7.164453678621733,1787.7984375,19.933687499999998,0.1902468163722636,0.0674546867580378,0.7967566863161039,0.004550134765625001,7.2554109086490985,1474.8142479213911,18.121252204585538,0.23506449701984822,0.07536954927421179,0.8357898307678218,0.005680568957797839,7.110710147021806,932.2182459677422,15.719002016129036,0.28330091685836345,0.08983102458175557,0.9011854722791646,0.008069612977407974,7.025877840760855,2110.405568,23.399104000000005,0.17735734140687795,0.06663154616245973,0.7595845030193018,0.004439762944000001,7.351435839586459,2321.629284274194,23.894027217741936,0.150704675691318,0.06025847409153888,0.7296481551452951,0.003631083699840662,7.397012810254686,2032.3699200000005,22.635904000000004,0.18134280998287344,0.0666822262375815,0.7684803797028874,0.004446519296000001,7.31631239864287,1019.9545223577236,16.89596036585366,0.26423365858668685,0.08865523053296216,0.8919537723018716,0.007859749900852666,7.101132659611726,2672.568938605619,27.434703433922998,0.14686820115771648,0.059272357457741086,0.6883186164987648,0.0035132123585982352,7.481211264453253,2839.213224085366,27.529280995934958,0.1258626774893099,0.0544531458890671,0.6611816710639319,0.002965145097216025,7.504258658482602,2549.3748699271587,26.291493236212276,0.1477240962189382,0.05956773403008049,0.7026968983431859,0.003548314937478409,7.445483276386807,rotten_bread_000009.jpg,spoiled_bread
371.8177903543307,9.664985236220472,0.25683034825007417,0.0924457466141169,0.9646879141673772,0.008546216067041508,7.352794329914412,1031.799863599727,13.966891933783867,0.22782668515968463,0.08392217785364946,0.9001230242161905,0.0070429319356995704,7.49713946275432,803.1702140748032,11.227669783464567,0.2575960338021238,0.08498614879950406,0.9221197617726394,0.0072226454877714445,7.3921235081618555,981.3534007068013,13.563705127410255,0.2328756969194526,0.08385283551057751,0.9050059869790439,0.007031298023163968,7.489770815218254,555.8932911706349,11.842199900793652,0.22564690919922234,0.09095389345316328,0.9471612083567605,0.008272610734289379,7.490136133724058,1031.799863599727,13.966891933783867,0.22782668515968463,0.08392217785364946,0.9001230242161905,0.0070429319356995704,7.49713946275432,1509.3532986111113,15.792410714285719,0.2182655336418775,0.07639114102904934,0.8507893647064029,0.005835606427720106,7.5735741369664655,981.3534007068013,13.563705127410255,0.2328756969194526,0.08385283551057751,0.9050059869790439,0.007031298023163968,7.489770815218254,757.458375,13.673,0.2095973671055499,0.0900722474773723,0.9279429362073418,0.008113009765625,7.57406258511104,1851.645502645503,19.226631393298064,0.19354409650263746,0.07532255277060694,0.8171223792789419,0.005673486955880867,7.686330132988557,2258.8557499999997,20.314749999999997,0.19262350604031098,0.06864235891561418,0.772146621412842,0.004711773437499999,7.722719523620656,1718.209813555052,18.488851095993958,0.18952477512142818,0.07493888896809094,0.8303009975516398,0.005615837079771861,7.682031727253463,976.7133316532257,15.517389112903224,0.19491391752095982,0.08932893131587037,0.9070155823730414,0.007979657970035485,7.648578179673917,2704.7297280000003,24.233472000000003,0.16826506457186158,0.06763330020041902,0.7272432654586943,0.004574263296,7.8209817979694405,3007.2490549395166,24.56546118951613,0.17049075964817823,0.06095655587054233,0.6902522651687794,0.003715701703598548,7.825246812381956,2483.4584320000004,23.034624,0.16395555528438677,0.0670808238470578,0.7495585097183732,0.004499836927999998,7.819578549058306,1176.4683689024391,17.071900406504067,0.18174543762751186,0.08889548207715925,0.8878983843733513,0.007902406733730542,7.702419909252219,3548.313475546306,28.93314255983351,0.15113663240247632,0.060254111260823744,0.6344437805766083,0.003630557923831727,7.937283503123863,3628.299987296748,28.120617378048784,0.156217021153713,0.05546313522171781,0.6188109667645413,0.0030761593686225545,7.909270893007432,3255.542403746098,27.50195109261186,0.14511582270593487,0.059776678947026034,0.6646112792663305,0.0035732513459358255,7.93107443145003,rotten_bread_000010.jpg,spoiled_bread
765.9581692913387,9.333169291338583,0.7027090780551237,0.5221302430184941,0.9645464734843101,0.2726199906745517,3.3170293708813996,1529.0327980655961,13.281170562341126,0.6728473608532858,0.520458019975789,0.9290034653784212,0.2708765505571188,3.4107570417590143,1194.0747416338586,10.68657726377953,0.6995567000268967,0.5222047230268055,0.9442410061432385,0.27269777275150264,3.355522216935669,1536.96930993862,13.176390352780704,0.6773420593671238,0.5202493006802189,0.928634097496254,0.2706593348582568,3.407376280268125,1349.4689980158732,13.53621031746032,0.668729587687273,0.5093816415785711,0.9376781584574861,0.2594696567772799,3.4504943372372434,1529.0327980655961,13.281170562341126,0.6728473608532858,0.520458019975789,0.9290034653784212,0.2708765505571188,3.4107570417590143,2287.2829861111113,16.726314484126984,0.6617121473589558,0.5104637342606851,0.892672375822733,0.26057322399536337,3.5038478514070373,1536.96930993862,13.176390352780704,0.6773420593671238,0.5202493006802189,0.928634097496254,0.2706593348582568,3.407376280268125,1976.5616875000005,17.588312500000004,0.6442343878273947,0.4988635228728645,0.9089251309879433,0.24886481445312503,3.5435172154552537,2886.3715041572186,21.015243134290756,0.6247491891631953,0.5018372586003511,0.8656554244878876,0.2518406341195157,3.596919388755585,3439.638375,22.644625,0.6321692762788792,0.4993812421387091,0.8377800867716771,0.24938162500000002,3.6177145617635715,2893.7003653313186,20.69469639707735,0.6300867867496625,0.502102897914027,0.8653113510008824,0.25210732009366377,3.5916894581897183,2556.7631048387093,20.811365927419352,0.6290422089242427,0.4916568755913546,0.8824629210809902,0.24172648331625277,3.6122112450660424,4283.056064,28.350528,0.5876823811953777,0.4857501089902091,0.80015405507553,0.235953168384,3.7327105569676613,4544.401083669354,28.237651209677416,0.6058827220897527,0.48865393718023736,0.7847073011730502,0.23878267032174735,3.7120024491218087,4214.952447999999,27.497215999999995,0.5982934838686685,0.4866794334179326,0.8033273490617134,0.23685687091199992,3.7275782113708646,3131.7694359756106,23.95807926829269,0.6147066387012661,0.4841817307528714,0.8563658490012384,0.23443194839484605,3.6670125437130006,5624.876430801249,35.04461498439126,0.559157261075632,0.4724796394223805,0.7370875692894693,0.22323700966870272,3.835023781309868,5620.161902947155,33.490790142276424,0.5850010790288815,0.4778332220214082,0.7324102775792833,0.22832458806736042,3.7802154157418304,5443.827848595214,33.61296826222685,0.5677552963677923,0.47134364183656224,0.7455441741484914,0.22216482869975346,3.8377918998371174,rotten_bread_000011.jpg,spoiled_bread
826.8425196850393,11.657357283464565,0.4705365801917309,0.33802980507872377,0.9662029349844798,0.11426414912155997,5.424982102243461,1727.5683551367104,17.300638601277203,0.43138941330764713,0.32661490256072456,0.9295808663570019,0.10667729457475159,5.549668025686956,1299.8821358267717,13.955831692913387,0.4570103962888448,0.3355107020492042,0.9466955236437793,0.11256743118954989,5.474070492618108,1815.5580631161265,17.440882881765766,0.43655259094335813,0.32931084109103737,0.9259942302699333,0.10844563006008645,5.539000321973914,1575.2212301587304,16.058035714285715,0.44966057085186284,0.32586434303560075,0.9354289787189658,0.10618757006202369,5.556886363875771,1727.5683551367104,17.300638601277203,0.43138941330764713,0.32661490256072456,0.9295808663570019,0.10667729457475159,5.549668025686956,2704.5762648809523,21.435019841269842,0.42224262791138256,0.3191159716549997,0.8888584017790403,0.10183500336531458,5.654520291512336,1815.5580631161265,17.440882881765766,0.43655259094335813,0.32931084109103737,0.9259942302699333,0.10844563006008645,5.539000321973914,2379.1318125000007,20.247937500000006,0.4350038568500052,0.31528920565589463,0.9022090959861366,0.09940728320312503,5.650876294427325,3448.701373141849,25.91439909297052,0.3924734801638304,0.304875787460875,0.8587249059504292,0.09294924577988863,5.761898414758946,4187.0195,28.606125000000006,0.3941710419653457,0.30488946831700336,0.8275636740306843,0.092957587890625,5.7835631607625455,3636.112055933485,26.362370874275637,0.3998314359802217,0.3076622495846445,0.8510476793736433,0.09465605981948409,5.759947032891631,3122.2110635080644,23.812247983870968,0.4213708562070829,0.3055538342677538,0.8712916476230768,0.09336314563572594,5.734485409243196,5177.5664,33.935296,0.3626696924427393,0.28502233478799516,0.7868448030790882,0.08123773132799998,5.921722103758202,5594.893208165323,35.09746723790323,0.3742949155260523,0.29140196220160447,0.7691034422187375,0.08491510357494533,5.88079474675291,5467.142400000001,34.71436800000001,0.36720483513124114,0.286576142482238,0.774923947206243,0.08212588543999999,5.928866664109815,3841.3709984756106,27.1635543699187,0.4108270677984087,0.2961883008553621,0.8411534345408908,0.08772750956358649,5.804114213350006,6863.8899583766915,41.488163371488035,0.3337363943462497,0.2669429718911696,0.7159624143354416,0.07125855024208978,6.048305845014005,6911.788300304878,41.03677591463415,0.35296941684906236,0.27764932775405216,0.7141635413975792,0.07708914920227708,5.957753914719021,7235.034729448491,42.642559833506766,0.3360429689351754,0.26567579128738883,0.7006005532988034,0.07058362607618018,6.062687903308679,rotten_bread_000019.jpg,spoiled_bread
835.0874753937007,6.9669045275590555,0.6487472690937882,0.5466713961782033,0.9688111280227619,0.29884961539942606,3.6937020424449214,1279.293446586893,9.99776799553599,0.6154392967806498,0.5411972108136851,0.9525882456745947,0.2928944209925123,3.773823084450837,762.8218503937007,6.736835629921259,0.6479108530966878,0.5477040315358143,0.9715101067440242,0.2999797061605843,3.7001204430155945,1373.723355446711,10.41688883377767,0.6125272160884985,0.5404518589140747,0.9490885891635908,0.29208821180367883,3.7861332717056504,1619.9547371031745,10.868675595238095,0.6222041071387379,0.5369568316287882,0.9396247214698468,0.28832263903282673,3.844393942019389,1279.293446586893,9.99776799553599,0.6154392967806498,0.5411972108136851,0.9525882456745947,0.2928944209925123,3.773823084450837,1498.6282242063494,10.338789682539684,0.6207919386483127,0.5386191933166133,0.9441465280620095,0.2901106354090393,3.8358461238413177,1373.723355446711,10.41688883377767,0.6125272160884985,0.5404518589140747,0.9490885891635908,0.29208821180367883,3.7861332717056504,2415.681125,14.5855,0.6022059247549778,0.5269359858684213,0.910151245893505,0.2776615332031251,3.950010069078523,2419.36860670194,15.363441672965482,0.5827894900068391,0.524998945737581,0.9107020756367405,0.2756238930255715,3.950475409600516,2244.196625,13.799,0.600949847774368,0.5293709563009668,0.9165294340219463,0.280233609375,3.9289806986533007,2610.5539178634417,16.136936255983876,0.5829090668093805,0.5235554436548006,0.9036455025258167,0.27411030258057506,3.9615053777635265,3202.438508064516,18.165070564516128,0.5853642808939494,0.5168875784525697,0.8811228207524593,0.26717276875856144,4.04032931538313,3557.9820799999998,20.515328,0.5573796202070568,0.5086289664735976,0.8691734812539554,0.258703425536,4.0894116742750715,2982.6449092741937,17.12613407258064,0.5825665852616407,0.5200572194726971,0.8892817418293394,0.27045951152567305,4.004635887402297,3843.742848,21.688192,0.5549950900372581,0.5062109625047644,0.8586660965535703,0.25624953856,4.105487841246147,3975.7836636178863,21.635162601626018,0.5717666922183324,0.5066900664492565,0.8526954228007959,0.256734823438352,4.118629093076483,4691.496357960457,25.46930280957336,0.537291509106835,0.49168314722930556,0.8280926087954417,0.24175231726931495,4.208622974283475,3708.9485518292677,20.30640243902439,0.5720548666109523,0.5107272434369577,0.8625817839938389,0.26084231718871354,4.070646876171008,5073.673257023933,27.027445369406866,0.5325175496363932,0.48852495609071006,0.814088754015682,0.2386566327234302,4.222805698596166,rotten_bread_000022.jpg,spoiled_bread
724.8574680118111,9.40385088582677,0.415206857026458,0.08872143814899225,0.9658709460517796,0.007871493587225456,6.637869618676497,1629.7446214892432,14.783247566495135,0.37089850727698803,0.07905143456315154,0.9233896725007311,0.00624912930649223,6.841729641250354,1170.683009350394,11.254121555118111,0.40714728533633054,0.08102304770767152,0.9445987687012969,0.006564734259839616,6.734394836418328,1485.3457746915497,14.095232190464381,0.36562184237097856,0.07861570494304261,0.9301775355685452,0.006180429063691534,6.827143929316211,1389.4636036706352,13.4601314484127,0.35127486483626147,0.08454247324118327,0.9347550876990209,0.00714742978173619,6.834872203236724,1629.7446214892432,14.783247566495135,0.37089850727698803,0.07905143456315154,0.9233896725007311,0.00624912930649223,6.841729641250354,2411.9468005952385,18.21267361111111,0.3231097093635416,0.06846243339390044,0.8857620303789562,0.004687104786214254,7.014459882015437,1485.3457746915497,14.095232190464381,0.36562184237097856,0.07861570494304261,0.9301775355685452,0.006180429063691534,6.827143929316211,2113.013,17.59325,0.305976154804148,0.0823907064882017,0.9010589513268611,0.0067882285156250005,6.964778930615355,3183.388762912573,23.206601158982114,0.2875564182527153,0.0667398847113095,0.8506554215998551,0.004454212211278883,7.132298391489597,3685.167125,25.058,0.26708652929022175,0.058680360987514384,0.8253080693731711,0.003443384765625,7.235776450405134,2921.06676744772,22.121567145376666,0.27565829945975995,0.06643444388810786,0.8629618679420294,0.004413535334722152,7.12689049935273,2793.206212197581,21.314075100806456,0.26835713015384716,0.080693396632776,0.869558842264565,0.006511424260134506,7.078126629687562,4726.070784,31.151359999999997,0.23449331855464745,0.05725307076480702,0.7787644481433061,0.0032779141120000002,7.3508374755502945,4923.036416330645,31.389742943548388,0.2246716425907902,0.05199319725574785,0.7664772213567287,0.002703292560875106,7.393134628579004,4404.4544000000005,29.844991999999998,0.22055797527853654,0.05661271207070016,0.7938186429027728,0.0032049991679999994,7.3555382139345955,3415.6654598577234,24.61172510162602,0.24483907831343682,0.07975936611698671,0.8409077019228723,0.006361556483383527,7.153370212146921,6206.018925598335,38.58955515088449,0.197080536373127,0.05059170978000708,0.7101590333261666,0.0025595210984644635,7.5135758291778085,6126.03499745935,37.424606199187,0.19626765087921938,0.047557988012338445,0.7092970362557035,0.0022617622237817276,7.522339776325449,5788.141909469303,36.882414151925076,0.18287386185077847,0.0499466370911605,0.7296514456882724,0.0024946665567160894,7.519765928623009,rotten_bread_000023.jpg,spoiled_bread
455.4390994094488,8.505536417322833,0.3169267285040054,0.07595572137333698,0.9744038607333966,0.005769271609343999,7.353988301306818,1056.5694091388184,13.051026102052205,0.2606876807300277,0.06768771076411455,0.9403935571271651,0.004581626188486428,7.586671364370196,803.8097317913384,10.582123523622048,0.2872400098210974,0.06946560811302045,0.9546704436411361,0.004825470710511732,7.470044549536525,1029.5880091760184,13.106268212536428,0.2496362535534819,0.06774232114468723,0.9419158094261528,0.004589022074069939,7.606195921713857,867.8669394841272,12.566344246031747,0.24526564738599888,0.07351966112444851,0.9511197012758841,0.005405140571853744,7.624693935787815,1056.5694091388184,13.051026102052205,0.2606876807300277,0.06768771076411455,0.9403935571271651,0.004581626188486428,7.586671364370196,1569.5531374007933,16.53664434523809,0.21831569250514257,0.058444948369756874,0.9110617486852444,0.0034158119899435468,7.7831548599056655,1029.5880091760184,13.106268212536428,0.2496362535534819,0.06774232114468723,0.9419158094261528,0.004589022074069939,7.606195921713857,1308.4339375,16.036562500000002,0.2140347032298358,0.0726323549416856,0.926160808290248,0.005275458984375001,7.773349721640619,2001.858528596624,19.818720080624843,0.19510741335481926,0.05745742367732382,0.8862571738001055,0.003301355535635492,7.880689095035324,2376.9949375000006,21.703937500000002,0.18051376645508904,0.04972123461736445,0.8646466500136823,0.0024722011718750006,7.9569364844944435,1942.5844041320233,19.770597127739986,0.1858863506260619,0.05703528164430065,0.8896245440454075,0.0032530233522446985,7.902956520431204,1681.257119455645,18.682648689516128,0.19797806530040063,0.07186189211038452,0.904966344798534,0.005164131537684544,7.8598141183848105,2928.6424959999995,25.38336,0.1592433880710828,0.04807228690212272,0.8324117084344644,0.002310944768,8.040541893885138,3126.232358870968,26.01171875,0.15986053122584615,0.04308748066854704,0.8211187435022078,0.0018565309903624148,8.059754721589334,2870.8762879999995,25.441664000000003,0.15101944395954014,0.047852766189636305,0.8357123634634007,0.0022898872319999995,8.065695268125094,2004.0715828252037,20.775851117886184,0.18640020689818432,0.0710031110430684,0.8865588822721411,0.005041441777794302,7.912092106235712,3721.4204604578567,29.817832986472425,0.13979030681816462,0.041768827719338826,0.7856020128015644,0.0017446349690478074,8.151581530470313,3837.910378556911,29.930195630081304,0.14529041737169887,0.03987779254561812,0.7794800283634796,0.0015902383383113563,8.143267657991606,3671.864529136317,30.010080645161292,0.13192186158481628,0.04157506268286767,0.7884392712881423,0.0017284858370843759,8.17041471295102,rotten_bread_000024.jpg,spoiled_bread
361.08009350393695,8.514640748031496,0.2818693339864887,0.031080553942438898,0.9828042202064373,0.0009660008333688541,7.689627226584047,1546.733585467171,16.138756277512556,0.21155451985951795,0.026086142335434843,0.9265208904909749,0.0006804868219445659,7.996763675715032,1444.556102362205,14.886195866141733,0.21528787155326085,0.02624629062893483,0.9310809381750905,0.0006888677717785123,7.963112261413205,1637.8709777419551,16.571703143406282,0.20224265206656958,0.02544140167241355,0.922192145714695,0.000647264919057087,8.010143706246229,635.6584201388889,11.285776289682538,0.2358112982719578,0.028019071175417295,0.9697483879773736,0.0007850683495331003,7.8698227145087145,1546.733585467171,16.138756277512556,0.21155451985951795,0.026086142335434843,0.9265208904909749,0.0006804868219445659,7.996763675715032,2870.2837301587297,22.690104166666668,0.16777694525424042,0.022632467633061586,0.863105612116386,0.0005122285911615803,8.173930530903526,1637.8709777419551,16.571703143406282,0.20224265206656958,0.02544140167241355,0.922192145714695,0.000647264919057087,8.010143706246229,896.5271250000001,13.348375,0.2109040803855448,0.02618556078738815,0.9573581726514083,0.00068568359375,7.967441623546603,2998.18644494835,24.138825900730666,0.16230706455375327,0.022269632368719164,0.8577109454439349,0.0004959365258379044,8.21123989238067,4327.0134375,29.9705625,0.1416097251412749,0.020577122460392755,0.7936151396143826,0.00042341796874999997,8.317437144897678,3188.9375787351973,24.89550264550264,0.15523594670224589,0.021705339125937695,0.848659218834379,0.0004711217465719617,8.233222781840983,1090.9303175403224,14.729964717741932,0.19553471892259194,0.02523101076437896,0.9481398076511246,0.000636603904192207,8.021252625558429,4372.372416,30.912064,0.13273317484959368,0.02038091028389066,0.7926058316713621,0.000415381504,8.33887461504755,5677.875,36.43019153225808,0.11784336534686829,0.018927862592545627,0.7290840070789849,0.000358263982322288,8.416380477884658,4724.884223999999,32.463488,0.1258902966743961,0.0196416927987381,0.7758835426145926,0.00038579609600000004,8.372536456790362,1222.228150406504,15.697662601626016,0.18416954744896794,0.02416002746413674,0.941920176204915,0.0005837069270678416,8.07570859032583,5605.964555150884,36.73250520291364,0.1113448712721059,0.01884513749061624,0.7341539812578138,0.00035513920704022977,8.431102024362604,6981.71055640244,42.70217225609756,0.099387307131721,0.017803654176721532,0.6667152976366905,0.0003169701020442941,8.498828780576579,6144.260926118626,39.227237252861606,0.1046376660929002,0.018285067954621613,0.7086123233622903,0.00033434371010513026,8.461785220393207,rotten_bread_000025.jpg,spoiled_bread
1078.9700418307089,17.528481791338585,0.18269248094604365,0.06597720990230085,0.9370436835372336,0.004352992226492266,8.064447003078108,1686.477338954678,22.027218054436112,0.1558981355651488,0.05831952937615685,0.9011541156153359,0.0034011675066564218,8.19413298104167,1130.6513287401574,17.14185531496063,0.17561870197215418,0.059149143129756776,0.9335809439786914,0.003498621132984453,8.090864923891772,1681.1595263190525,21.832475664951325,0.16192027273331575,0.05855505529639852,0.9014662955607557,0.003428694500764288,8.177501343354598,2069.978174603175,24.878348214285722,0.1553527221077503,0.06465187099787204,0.8792530392153032,0.004179864423525487,8.2220036818318,1686.477338954678,22.027218054436112,0.1558981355651488,0.05831952937615685,0.9011541156153359,0.0034011675066564218,8.19413298104167,2206.1646205357147,25.032552083333336,0.13583220157241266,0.04913936730177843,0.8696320624097439,0.002414677418819091,8.304483784536462,1681.1595263190525,21.832475664951325,0.16192027273331575,0.05855505529639852,0.9014662955607557,0.003428694500764288,8.177501343354598,3112.71225,31.06075,0.14654811983981283,0.06448235890051636,0.8184906049729307,0.004157974609375001,8.308026715119379,3145.1692491811546,31.30001259763165,0.12106098392295273,0.04845206189173954,0.8146066617739691,0.0023476023015609588,8.393640709421783,3377.30375,32.085125000000005,0.11758441959515617,0.041154672046439626,0.7992143964019641,0.0016937070312499994,8.446298614775987,3193.479276895944,31.645187704711514,0.12867505645715882,0.04869475555238942,0.8117593804411415,0.00237117921830696,8.387769774649474,4030.410282258065,36.099672379032256,0.13802610700968496,0.06430229003682865,0.7651097745925257,0.004134784503980434,8.374672032194411,4581.767168000001,38.84403200000001,0.10760541534261842,0.04090030650251903,0.7283643573717344,0.0016728350720000005,8.511123676400615,4443.615297379033,37.935861895161295,0.10133398643870266,0.036477539181536144,0.7342843730258524,0.0013306108647405048,8.534425748016973,4605.158592,39.438784,0.10907044053325438,0.040869074078085,0.7269858394353655,0.0016702812159999996,8.510543409983153,4783.9035823170725,40.051321138211385,0.13071938138174252,0.06382320713405279,0.7213759396814371,0.004073401768876207,8.421907766737665,5865.497333506764,45.2188475546306,0.09316892661885445,0.03660175550435259,0.6504561465377625,0.0013396885060004049,8.598683012785639,5432.493775406505,42.92644817073172,0.09498045874370324,0.03306706160084604,0.673466573538883,0.0010934305629141466,8.605931225039775,5723.808207596254,45.05404526534859,0.0972683101621918,0.03647314125020797,0.6588383524224035,0.0013302900326576225,8.593163294298177,rotten_bread_000026.jpg,spoiled_bread
823.7589812992128,9.257997047244096,0.6511303802606561,0.500738895575688,0.9675863040916345,0.2507394415423597,3.5349567089383127,1789.3002666005334,13.907867815735631,0.6231574083857633,0.49452062432583466,0.9296278177239756,0.2445506478836133,3.636497520840537,1252.5865526574803,10.59701033464567,0.6504775327162817,0.5009704534124764,0.9504204546439602,0.2509713951923021,3.5599907903249264,1465.2090024180047,12.090768181536363,0.6353510856945206,0.4983887188954691,0.942374146522356,0.24839131512226692,3.5890523411552326,1594.6091889880954,13.572978670634921,0.6219366167671784,0.48426406551502377,0.9373682396085038,0.23451168514913925,3.653420088278456,1789.3002666005334,13.907867815735631,0.6231574083857633,0.49452062432583466,0.9296278177239756,0.2445506478836133,3.636497520840537,2542.09765625,17.012586805555557,0.61098741965326,0.48332982937100993,0.8991641468263392,0.23360772395980958,3.7146635474916088,1465.2090024180047,12.090768181536363,0.6353510856945206,0.4983887188954691,0.942374146522356,0.24839131512226692,3.5890523411552326,2404.8799375,17.7199375,0.5991353356740119,0.4694286067091299,0.9057173865804083,0.22036321679687496,3.743429295913811,3605.88744016125,22.696208112874775,0.57605940007807,0.46727614576350623,0.8581572397074365,0.2183469963995975,3.8266553959411347,3884.9071250000006,23.191,0.5813630035208543,0.46805104138731496,0.845569379633354,0.21907177734375,3.820983190433535,2838.7603300579494,18.700365331317713,0.596862194381232,0.4802349866255401,0.888333286130961,0.2306256423792327,3.7580073877893283,3236.7491179435483,21.721648185483872,0.579293548215859,0.4556661737656919,0.8733328863047629,0.2076316619142657,3.8114754391184036,5436.132992,31.01504,0.5387707817114294,0.4449855336794669,0.7861486853092898,0.198012125184,3.9560844213351762,5236.67634828629,29.294543850806452,0.555797367802776,0.4535266610309017,0.7913917936739869,0.2056864322658384,3.9100197240911627,4268.2526720000005,25.05856,0.5693645413048812,0.46462200956906896,0.8320917743030565,0.21587361177600004,3.8801169236744126,4041.443279979675,25.252731199186993,0.5674718273350722,0.4458352917892818,0.8421158969056547,0.19876910740483403,3.870390011025211,7182.114724245577,38.606789802289285,0.5109469489692763,0.4269024767840862,0.7174640410561658,0.18224572468438727,4.062921737847832,6562.5187372967475,35.197217987804876,0.5318948057856349,0.4399438113759423,0.7380443283870702,0.1935505571679907,3.981974968867736,5720.558402705516,31.35158688865765,0.5449420877361704,0.4499110979590123,0.7749599503686031,0.20241999606668395,3.9827844052020005,rotten_bread_000029.jpg,spoiled_bread
1018.3121924212601,15.448265255905515,0.2112157191901451,0.06457720946304144,0.939076717717473,0.004170215982033528,8.034288470178645,1657.6430032860067,20.673073346146694,0.1784119355113288,0.05688995362851292,0.9005524108201374,0.003236466823854351,8.212495856525301,1038.486405019685,15.410494586614172,0.19663871644923184,0.057646771479616964,0.9374020032055567,0.00332315026202318,8.098286579046437,1613.7856655713313,20.513051026102055,0.1820433460857982,0.05700821216045996,0.9031836554390288,0.003249936253732015,8.199222056655486,1936.2725074404766,22.567770337301596,0.183775130350269,0.06354275450995926,0.8842836654815707,0.004037681650712948,8.227646038140778,1657.6430032860067,20.673073346146694,0.1784119355113288,0.05688995362851292,0.9005524108201374,0.003236466823854351,8.212495856525301,2021.5573536706352,22.76903521825397,0.15809109857319942,0.047588055733285735,0.8774542764443084,0.002264623048474309,8.317159436013556,1613.7856655713313,20.513051026102055,0.1820433460857982,0.05700821216045996,0.9031836554390288,0.003249936253732015,8.199222056655486,2968.6817499999997,29.155,0.172846599948223,0.06284512523358514,0.8227904665443792,0.003949509765625,8.347666386662915,3151.780171327791,30.643235071806505,0.1392210007344113,0.04650748908136765,0.8100731878407834,0.0021629465406535313,8.452051509854314,3092.494375,29.563875,0.13499521680346466,0.0398905974588624,0.8114448798884095,0.0015912597656249992,8.47773545811815,2986.047808012094,29.862370874275637,0.15020573306417795,0.0469614844664035,0.8200593512034253,0.002205381023288257,8.438196117870405,3878.528099798387,34.56968245967742,0.16155718105455083,0.06244357575962914,0.7687628917243964,0.0038992001536485438,8.427555250571313,4703.158719999999,39.459264,0.12028582592436762,0.039290579430698136,0.715325953546522,0.0015437496319999997,8.605185639589594,4030.0187752016127,35.07787298387096,0.12109314409369307,0.03555864638508526,0.7529742085413845,0.0012644173327395372,8.5779265924352,4300.817024,37.652224,0.12335328965246828,0.039438361020711805,0.7396806469787726,0.0015553843200000002,8.588888218871663,4652.251333841464,38.9301956300813,0.15224588432007616,0.06258382527041478,0.7230175682981105,0.003916735185477808,8.484589420733215,6030.285704994797,46.52803069719043,0.10337796519899878,0.03539726301914524,0.6336199008225099,0.001252966229246547,8.698121851046318,4843.76949949187,39.54414380081302,0.1128856666885045,0.03285031255956838,0.7016614001729674,0.0010791430352613358,8.654806861227478,5380.492455775235,43.66441207075963,0.11053756570815557,0.03509644494705405,0.6730482174163693,0.0012317604479215958,8.678729984832984,rotten_bread_000031.jpg,spoiled_bread
995.222563976378,11.284202755905511,0.3559841833495828,0.07982974965299523,0.9527609493679994,0.0063727889296598915,7.014831496518331,2011.6436232872466,17.025358050716104,0.3166492123447514,0.07153551630693598,0.9048110386219042,0.005117330093299905,7.185841786055794,1449.4129552165355,12.949618602362206,0.3803969569733033,0.07637936330453196,0.9310166660089746,0.005833807138805683,6.998876956500029,1991.3525327050652,17.14012028024056,0.3187269427215923,0.0713642838780274,0.9057707173197244,0.005092861013423682,7.19150272220981,1924.338355654762,16.590463789682538,0.2866565326589167,0.07466862470149724,0.9082652267969081,0.005575403514813043,7.251371889758623,2011.6436232872466,17.025358050716104,0.3166492123447514,0.07153551630693598,0.9048110386219042,0.005117330093299905,7.185841786055794,2955.605778769841,21.27021329365079,0.30600728573025376,0.06280512298951442,0.8589665197257843,0.003944483473728033,7.303743946400132,1991.3525327050652,17.14012028024056,0.3187269427215923,0.0713642838780274,0.9057707173197244,0.005092861013423682,7.19150272220981,2884.3624375,21.8584375,0.247897019808978,0.07195734413525835,0.8618754715931415,0.005177859374999999,7.400961600570174,3923.7916351725876,27.27273872511968,0.23497508460258498,0.058005715910261144,0.8130389100824734,0.0033646630782619225,7.513520239398767,4528.215125000001,29.39025,0.2552090635750955,0.052842225362393656,0.7833581111411354,0.0027923007812499993,7.514574638339309,3965.7901864449486,27.56758629377677,0.2380582280447633,0.0577163006336352,0.8110326371499995,0.0033311713588321584,7.51624890043283,3718.2452116935483,26.216985887096776,0.22215823756235742,0.07055192826321834,0.8210921907361356,0.004977574581658307,7.500462296918828,5827.690752,36.92390399999999,0.1903835600482946,0.048195229639457056,0.7202838443794575,0.00232278016,7.716392205633332,6050.186554939515,36.942477318548384,0.2178352090701529,0.0460848333263699,0.7097984314738902,0.002123811862719294,7.667176703942838,5925.784576,37.438336,0.18676510277414782,0.04758723862549706,0.7155484565572005,0.0022645452799999995,7.726776955170521,4493.358358739838,30.088922764227643,0.20515574165723902,0.06992515725992503,0.7826843866847912,0.004889527617825245,7.576045792963965,7641.545720603539,45.85841571279917,0.15844522641520647,0.04203229937622001,0.6304107113851202,0.0017667141908521847,7.866325559607253,7502.931465955285,43.8208206300813,0.19408287754899076,0.04282437530189075,0.6392927597173821,0.001833927119997191,7.7796793906993145,7756.32401144641,46.29357440166494,0.15497807630345606,0.04172888474701034,0.6247824487595334,0.0017412998222292727,7.877528349754928,rotten_bread_000034.jpg,spoiled_bread
1593.6768577755906,20.53746309055118,0.1634984596439687,0.06397960153333844,0.9194387987066348,0.004093389412364762,8.311846419830452,2207.0285820571644,24.46425692851386,0.1555889181348591,0.057148612195244426,0.8885052440019124,0.00326596387584244,8.396658321069996,1321.7340059055118,18.552780511811022,0.16525362380797426,0.05814917424006438,0.9330117800972623,0.0033813264648013676,8.283707793266743,2188.406162812326,24.402690805381614,0.15069721179555895,0.05731595418782869,0.8894458026868666,0.0032851186044612775,8.409441630679805,3143.6943824404757,29.66437251984127,0.1491064328439216,0.06305635908518485,0.8410909723863434,0.003976104421079774,8.465662196828593,2207.0285820571644,24.46425692851386,0.1555889181348591,0.057148612195244426,0.8885052440019124,0.00326596387584244,8.396658321069996,2675.701450892858,27.360801091269845,0.13660720854134184,0.04842023629501467,0.8644247579157935,0.0023445192828650562,8.503977997997005,2188.406162812326,24.402690805381614,0.15069721179555895,0.05731595418782869,0.8894458026868666,0.0032851186044612775,8.409441630679805,4841.669625,38.56162500000001,0.13450414731191013,0.06303853917941786,0.7552530905651952,0.003973857421875001,8.574349613940655,4334.786785084405,36.703388762912574,0.12244880354800136,0.04768548876792179,0.7810789199240906,0.0022739058390355946,8.621630550435482,4159.6569375,35.7041875,0.12020275678889589,0.04083706668732463,0.7892542360804304,0.0016676660156249993,8.64955361441001,4272.070105820107,35.99237843285462,0.12448508715517156,0.04748210558603358,0.7842371686384496,0.002254550350883241,8.620257119636229,6354.779233870968,46.06350806451613,0.12724487820223357,0.06281132322613382,0.6787542560816244,0.003945262325417858,8.648063451297471,6359.003392000001,47.135104000000005,0.10519522556051332,0.04041578463917285,0.6788728115933035,0.001633435648,8.773986519410233,5463.946257560483,42.50548135080645,0.10475615831440166,0.03587159903735019,0.7232645407022514,0.001286771617496423,8.750883519692202,6360.639168000001,46.56505600000001,0.1034638372095137,0.040099690173366676,0.6787605178448596,0.0016079851519999998,8.769221242318167,7716.5460492886195,52.56612042682927,0.12302247119063957,0.062435369126136814,0.6099168518105872,0.0038981753179169578,8.709403087724098,8015.565946930281,55.2598855359001,0.09429427423931647,0.03582839812838048,0.5953425895150074,0.0012836741124457377,8.866970870303588,6663.440104166667,48.604484247967484,0.09434002270202052,0.032876030985721935,0.6626237300965402,0.001080833413374149,8.834922391240454,8132.551638917796,55.15517689906348,0.09122692248607948,0.035520187430486565,0.5893536414291438,0.001261683715096896,8.86260624499037,spoiled_toast_2.jpg,spoiled_bread
1352.1147268700788,15.727915846456693,0.22167898150675674,0.06357601221322273,0.9334230615134751,0.004041909328935845,8.031721451109867,2406.9005518011036,24.401450802901604,0.16772742112758546,0.05553844310081359,0.881786350281362,0.003084518662062309,8.309896117011126,1504.066437007874,19.284448818897637,0.1801666070893727,0.056334555583836536,0.9258080305069848,0.003173582152828368,8.210916922258674,2101.253828507657,23.16690433380867,0.16856146562760188,0.055559843282467915,0.8967954957649847,0.0030868961855723947,8.285211486026661,2874.597718253969,25.04600694444445,0.18802141180056303,0.062268162343173464,0.8587878638764557,0.003877324041595806,8.25425086259402,2406.9005518011036,24.401450802901604,0.16772742112758546,0.05553844310081359,0.881786350281362,0.003084518662062309,8.309896117011126,2936.506820436508,27.88578869047619,0.1499506271987604,0.04660327312359581,0.8551519818115604,0.0021718650658324673,8.42245340639801,2101.253828507657,23.16690433380867,0.16856146562760188,0.055559843282467915,0.8967954957649847,0.0030868961855723947,8.285211486026661,4479.1211875,33.537687500000004,0.16659364841672175,0.06151205102965598,0.7804091006800418,0.003783732421875001,8.381383316490023,4795.8007684555305,36.97688334593097,0.13497247159824877,0.04545602747499316,0.7650259249396121,0.002066250433807333,8.53488310688795,4626.413312500001,36.7326875,0.13165775155441858,0.039157484517650006,0.771838963924822,0.0015333085937499996,8.578400509576788,4039.3288611740995,33.81575963718821,0.1412107865985961,0.04572289536809706,0.8020771739428841,0.0020905831608419518,8.496495994052871,6000.54019657258,41.194556451612904,0.15244439872834314,0.061238136807407084,0.706403285669891,0.0037501093996427067,8.474553277467196,7198.591359999999,48.459903999999995,0.11658509718185414,0.038469537039065076,0.648094649267402,0.0014799052799999999,8.672680901168103,6072.897555443547,44.103578629032256,0.11432314819980632,0.034109076177119405,0.7006312182937114,0.0011634290776565343,8.69609979665681,6021.523648000001,43.82560000000001,0.11928425383169114,0.038369881521839504,0.7056178349253259,0.0014722478080000006,8.64960000483979,7372.266641260163,47.59756097560975,0.14584764250473076,0.06177512247172025,0.6398726678652761,0.003816165756396036,8.534624766853419,9244.12311394381,57.96832726326743,0.09890115489824713,0.03380667951986676,0.5492098517350513,0.0011428915801589784,8.767347405129158,7386.873793191058,50.27026168699187,0.10697835135378576,0.03172505264210839,0.6360982164078963,0.0010064789651445486,8.773382569558711,7779.926638917795,52.35132674297607,0.10309577953816679,0.03351026410942581,0.6205831786857364,0.0011229378006834712,8.754478193217555,spoiled_toast_3.jpg,spoiled_bread
1273.6488681102362,15.04232283464567,0.21385097885617085,0.059458113007144306,0.9396663421990681,0.0035352672023703426,7.842741526427945,2072.090768181536,19.80742761485523,0.19049934201871355,0.052068883881487504,0.9019864708213282,0.002711168668663829,7.9826125768525795,1137.6039000984251,13.202202263779528,0.26092690459295953,0.05431290155901372,0.9461187222350447,0.002949891275759115,7.723278215891748,1535.750635501271,16.725029450058898,0.2106328876601567,0.05308452644468555,0.9273540933545252,0.0028179669478565197,7.881106766892477,2846.6266741071427,24.445498511904763,0.18602506732465757,0.05838818580078387,0.8653362629046388,0.0034091802411068592,8.046794729850726,2072.090768181536,19.80742761485523,0.19049934201871355,0.052068883881487504,0.9019864708213282,0.002711168668663829,7.9826125768525795,2524.0115947420636,22.088107638888886,0.1925560910551023,0.04391608053700796,0.8806290709841309,0.0019286221297329697,8.046270681711906,1535.750635501271,16.725029450058898,0.2106328876601567,0.05308452644468555,0.9273540933545252,0.0028179669478565197,7.881106766892477,4594.8084375,33.6286875,0.16897743504582163,0.05803686193920205,0.7829343720047462,0.0033682773437499996,8.187096423255154,4559.678823381204,33.12755102040816,0.15799658849999645,0.0424724251397227,0.7848827726319199,0.0018039068972493487,8.259097690241937,4052.1870625,30.628687499999998,0.1586495683651739,0.03671299156974272,0.8085992943102265,0.00134784375,8.243293017007002,3206.2245527840764,26.618858654572946,0.16761069459896444,0.04304108107368886,0.8487166446407401,0.0018525346599918577,8.143647069584908,6326.399949596774,42.297757056451616,0.15264952068510912,0.057871801586744466,0.7015557898315186,0.0033491454188955194,8.29071665095399,6970.210175999999,44.820864,0.13305247273074342,0.035851883744093566,0.6719149359014531,0.0012853575680000003,8.430046618029557,5546.75642641129,38.268775201612904,0.1405249374216669,0.03292354060363822,0.7383556143208106,0.0010839595258794142,8.375856584407114,4896.452671999999,35.42329599999999,0.14407419953886802,0.0361516733775907,0.7694642222112341,0.001306943488,8.32396360689365,7951.204522357724,50.02248475609757,0.14433699785945595,0.05775364178364066,0.6253045497806025,0.0033354831392730846,8.372023848085615,8911.217806971905,53.974700832466176,0.11540929513687562,0.03217985388265669,0.5815052336686508,0.0010355429959091349,8.544834586949056,6997.777756605691,45.3843368902439,0.12787498752009435,0.030002542694286427,0.6702849647458144,0.0009001525681224798,8.469214331158167,6406.612382934443,42.939646201873046,0.12992519296002228,0.032577209744396235,0.699009931688121,0.001061274594730385,8.4311257094256,spoiled_toast_4.jpg,spoiled_bread
891.4834522637796,14.118417814960631,0.19785154041119893,0.05243503996706115,0.9548350164893824,0.0027494334163473003,8.065648926189745,1763.4313348626695,20.74263748527497,0.15740073672167632,0.04189765897575052,0.910846170580439,0.001755413827648288,8.302610925154024,1344.7432332677163,17.465551181102363,0.17531551269207035,0.042691707534767184,0.9318028955508275,0.001822581892234097,8.22640716861516,1702.7802715605428,19.763097526195054,0.17792587462455323,0.04264258823704363,0.9139142982743014,0.0018183903315540518,8.24453556645776,1755.8204365079368,20.365947420634924,0.16889228824168356,0.05120679469216005,0.9110710341592176,0.002622135822645031,8.245904547607719,1763.4313348626695,20.74263748527497,0.15740073672167632,0.04189765897575052,0.910846170580439,0.001755413827648288,8.302610925154024,2711.3087177579364,26.04619295634921,0.1350841786875486,0.03333882512232154,0.8626439750223226,0.0011114772605367378,8.453598209217038,1702.7802715605428,19.763097526195054,0.17792587462455323,0.04264258823704363,0.9139142982743014,0.0018183903315540518,8.24453556645776,2676.6601875,25.968937500000003,0.15586498733557116,0.05058086424849817,0.8644501320329716,0.0025584238281250006,8.363693030839226,3498.187830687831,31.080750818846056,0.12069200706049281,0.03257791142861966,0.8233662537324845,0.0010613203130509876,8.547498054371033,4172.455937499999,34.20493749999999,0.11147999930443692,0.027965275622189027,0.788883890471556,0.0007820566406249998,8.6141735301503,3350.2355757117666,29.62459057697153,0.13487840237208315,0.033091301167120155,0.830845376055895,0.0010950342129330479,8.490305178380204,3476.8589339717746,30.387663810483872,0.14726751295975876,0.05038761020074403,0.8239699450866216,0.002538911261742124,8.430338127547618,5151.840704,39.853376,0.09636059959589062,0.02740511835405934,0.7402139467540119,0.0007510405120000001,8.694362910631218,5419.074974798386,40.723538306451616,0.10033870641461323,0.02692572980219607,0.7261040876634111,0.0007249949253808696,8.71009971024921,4938.6165120000005,37.77376000000001,0.11328246490439031,0.0278837357611924,0.7509567747841093,0.00077750272,8.629229275301523,4200.7911585365855,34.26067073170732,0.14048037941784336,0.050154544122723785,0.78745734235523,0.0025154782961582466,8.482785503685788,6490.91441207076,46.64607180020812,0.08640723714381413,0.0263860380016793,0.6731150191016386,0.0006962230014260642,8.77622232745087,6512.557164634148,46.17822662601626,0.08522445598174755,0.022163398078463036,0.6710462029199687,0.0004912162143844189,8.79214668029711,6263.075767429761,44.17878511966702,0.10272111944149215,0.026816504374696803,0.6845423362218195,0.0007191249068781327,8.723545629589662,spoiled_toast_5.jpg,spoiled_bread
