Contrast_d1_a0,Dissimilarity_d1_a0,Homogeneity_d1_a0,Energy_d1_a0,Correlation_d1_a0,ASM_d1_a0,Entropy_d1_a0,Contrast_d1_a45,Dissimilarity_d1_a45,Homogeneity_d1_a45,Energy_d1_a45,Correlation_d1_a45,ASM_d1_a45,Entropy_d1_a45,Contrast_d1_a90,Dissimilarity_d1_a90,Homogeneity_d1_a90,Energy_d1_a90,Correlation_d1_a90,ASM_d1_a90,Entropy_d1_a90,Contrast_d1_a135,Dissimilarity_d1_a135,Homogeneity_d1_a135,Energy_d1_a135,Correlation_d1_a135,ASM_d1_a135,Entropy_d1_a135,Contrast_d2_a0,Dissimilarity_d2_a0,Homogeneity_d2_a0,Energy_d2_a0,Correlation_d2_a0,ASM_d2_a0,Entropy_d2_a0,Contrast_d2_a45,Dissimilarity_d2_a45,Homogeneity_d2_a45,Energy_d2_a45,Correlation_d2_a45,ASM_d2_a45,Entropy_d2_a45,Contrast_d2_a90,Dissimilarity_d2_a90,Homogeneity_d2_a90,Energy_d2_a90,Correlation_d2_a90,ASM_d2_a90,Entropy_d2_a90,Contrast_d2_a135,Dissimilarity_d2_a135,Homogeneity_d2_a135,Energy_d2_a135,Correlation_d2_a135,ASM_d2_a135,Entropy_d2_a135,Contrast_d3_a0,Dissimilarity_d3_a0,Homogeneity_d3_a0,Energy_d3_a0,Correlation_d3_a0,ASM_d3_a0,Entropy_d3_a0,Contrast_d3_a45,Dissimilarity_d3_a45,Homogeneity_d3_a45,Energy_d3_a45,Correlation_d3_a45,ASM_d3_a45,Entropy_d3_a45,Contrast_d3_a90,Dissimilarity_d3_a90,Homogeneity_d3_a90,Energy_d3_a90,Correlation_d3_a90,ASM_d3_a90,Entropy_d3_a90,Contrast_d3_a135,Dissimilarity_d3_a135,Homogeneity_d3_a135,Energy_d3_a135,Correlation_d3_a135,ASM_d3_a135,Entropy_d3_a135,Contrast_d4_a0,Dissimilarity_d4_a0,Homogeneity_d4_a0,Energy_d4_a0,Correlation_d4_a0,ASM_d4_a0,Entropy_d4_a0,Contrast_d4_a45,Dissimilarity_d4_a45,Homogeneity_d4_a45,Energy_d4_a45,Correlation_d4_a45,ASM_d4_a45,Entropy_d4_a45,Contrast_d4_a90,Dissimilarity_d4_a90,Homogeneity_d4_a90,Energy_d4_a90,Correlation_d4_a90,ASM_d4_a90,Entropy_d4_a90,Contrast_d4_a135,Dissimilarity_d4_a135,Homogeneity_d4_a135,Energy_d4_a135,Correlation_d4_a135,ASM_d4_a135,Entropy_d4_a135,Contrast_d5_a0,Dissimilarity_d5_a0,Homogeneity_d5_a0,Energy_d5_a0,Correlation_d5_a0,ASM_d5_a0,Entropy_d5_a0,Contrast_d5_a45,Dissimilarity_d5_a45,Homogeneity_d5_a45,Energy_d5_a45,Correlation_d5_a45,ASM_d5_a45,Entropy_d5_a45,Contrast_d5_a90,Dissimilarity_d5_a90,Homogeneity_d5_a90,Energy_d5_a90,Correlation_d5_a90,ASM_d5_a90,Entropy_d5_a90,Contrast_d5_a135,Dissimilarity_d5_a135,Homogeneity_d5_a135,Energy_d5_a135,Correlation_d5_a135,ASM_d5_a135,Entropy_d5_a135,Filename,Label
262.50036764705885,6.33575367647059,0.38562174870599875,0.062387001819715626,0.9818796709989243,0.0038921379960532012,7.831961009813448,539.161291810842,10.094932718185316,0.3032429105186105,0.056904651951698575,0.9627779612372613,0.0032381394137439524,8.228180127215666,329.5444240196079,6.875122549019609,0.3531206220210784,0.05853805684122575,0.9771913379093857,0.0034267040987465765,7.951179525014332,535.2407227989236,10.033464052287583,0.30336286467670837,0.05701407488010614,0.9630486107904729,0.00325060473443435,8.222779249494069,606.0281434547245,11.715520423228348,0.28597184583402946,0.059229920966251064,0.9582726858844859,0.003508183537668347,8.327509196661055,539.161291810842,10.094932718185316,0.3032429105186105,0.056904651951698575,0.9627779612372613,0.0032381394137439524,8.228180127215666,782.3562376968506,12.655234990157483,0.2552259592138053,0.05186150047065378,0.9458439979878636,0.002689615231067622,8.458592082200749,535.2407227989236,10.033464052287583,0.30336286467670837,0.05701407488010614,0.9630486107904729,0.00325060473443435,8.222779249494069,913.1206768774703,14.804872776679842,0.2566189296507918,0.058211484651251755,0.9371149889889491,0.0033885769453029183,8.508356745457597,1133.5576756153514,16.483523467046936,0.23569366127914992,0.0508227155171122,0.921934162884982,0.0025829484125333172,8.604315393211195,1203.7822844614623,16.313812376482215,0.21915725602172437,0.04665905845554569,0.9165654257651475,0.0021770677359580293,8.663363752230634,1115.8318246636495,16.221805443610886,0.23098062233487138,0.05083156176904612,0.9231548053229401,0.0025838476718803515,8.593689235416463,1217.9583333333335,17.417813740079367,0.23566285546003424,0.05744651764544697,0.9161010034036604,0.0033001023895886496,8.630732005341724,1719.2101110781296,21.07478635816838,0.20285460620041335,0.04576119692534588,0.8814305086000098,0.0020940871440402855,8.80294881762646,1631.32707093254,19.481646825396826,0.19463637291903124,0.04193734747255322,0.8867868270234402,0.0017587411130336656,8.808362283771515,1669.1889109343997,20.56387383024262,0.19596628241760577,0.04575141805610185,0.8848799317817515,0.0020931922541442024,8.793140150622154,1544.5020854083666,19.971022161354583,0.22188453477317843,0.057161130731130425,0.8935839090149217,0.0032673948664613834,8.729299524962059,2315.6062610229283,25.229150919627116,0.18073179933606925,0.04110686483196769,0.8400645279609837,0.0016897743363136618,8.946739118294705,2078.048929282869,22.622758964143433,0.17630498189125768,0.03825625862568886,0.8555909581136268,0.0014635413240355936,8.9291248764125,2215.5226284958435,24.484741118669696,0.16958113958573537,0.041107624895703604,0.8469760442645196,0.0016898368245658706,8.938715334759895,crispy_toast_1.jpg,fresh_bread
264.80683210784315,5.369362745098039,0.4397404373290832,0.06389755196156081,0.9835221240825787,0.004082897146680363,7.303437344960734,505.36229142637455,8.521507112648981,0.3616035835188023,0.05650611831529757,0.9686101859994551,0.003192941407062407,7.613456625989764,287.9075980392157,5.552512254901961,0.45006063739287305,0.06565045012557154,0.9820476703374431,0.004309981601690155,7.294464928753304,484.9548942714341,8.275001922337562,0.35990599738286894,0.05562631158709184,0.9698777617625228,0.003094286540784228,7.616104614454691,612.6575879675197,9.966458538385826,0.30508185315847897,0.05064601753178799,0.9620246643670853,0.0025650190918301763,7.806245445885374,505.36229142637455,8.521507112648981,0.3616035835188023,0.05650611831529757,0.9686101859994551,0.003192941407062407,7.613456625989764,676.3785525344488,10.312822957677163,0.3236531746231682,0.05286930179672663,0.9578992120400697,0.0027951630724733613,7.768292199403106,484.9548942714341,8.275001922337562,0.35990599738286894,0.05562631158709184,0.9698777617625228,0.003094286540784228,7.616104614454691,954.8455564476286,13.1776957756917,0.2647067266980621,0.04792663837186632,0.9409225566417787,0.0022969626656276494,8.023535580553581,1076.2577500155003,14.393623287246575,0.2723157488710975,0.0498316426556511,0.9335268244195948,0.002483192609760506,7.9762373024317395,1078.6222208498025,13.828279397233205,0.28889434384614066,0.05093724663987122,0.9328777587044941,0.0025946030952510714,7.966216517112355,984.5952941905884,13.590117180234362,0.2685488371688717,0.047983597452080314,0.939188204470387,0.0023024256244432886,7.988092338088712,1317.3839130704366,16.127960689484127,0.23067736097418887,0.04476476504286967,0.9186416838538382,0.0020038841893433267,8.176108962709716,1710.460169663641,19.229186520645534,0.22947892877077983,0.04566230243687838,0.8945750359415139,0.0020850458638369497,8.20029974855155,1518.9936910962301,17.06806485615079,0.2618421672162655,0.0481878874305375,0.9054870121680152,0.002322072495018154,8.104194751509251,1526.2524488743773,18.01257635644988,0.22442349602572545,0.044428433728577854,0.9059288381356647,0.0019738857235746345,8.213586047974989,1703.6459785856578,19.03268177290837,0.21030263032250945,0.0428254631623817,0.8949805971167499,0.001834020295072512,8.297215439913401,2365.1067491811536,23.477686444948354,0.2069998226902349,0.04333143379303617,0.8545132576666242,0.0018776131545602765,8.348105079531408,1998.1571837649403,20.203685258964143,0.24499762552861454,0.04678689362778484,0.875687219553227,0.0021890134153376537,8.217749608687747,2080.8159013605446,21.915737591332835,0.20008741497192847,0.04201082618153743,0.8720014620678121,0.001764909516455351,8.369558413037748,crispy_toast_10.jpg,fresh_bread
223.12751225490194,5.121200980392157,0.40474405794770074,0.0656052202920763,0.9828108499253382,0.00430404492957186,7.491853874887961,494.39781622452904,8.899746251441753,0.2939783827727509,0.05837322927424406,0.9617956877806638,0.003407433895903463,7.964549477616399,312.29966299019605,6.2458639705882355,0.3610543364273682,0.060424921615556376,0.9758091095703164,0.0036511711522461323,7.676902710537443,478.85536332179936,8.619361783929259,0.2982373362937589,0.05832926815566966,0.9629967276174818,0.0034023035235760187,7.936408290140144,511.962690698819,9.433747539370081,0.27510573637425195,0.06176442454514468,0.9606548082450164,0.00381484413939287,8.007785298014014,494.39781622452904,8.899746251441753,0.2939783827727509,0.05837322927424406,0.9617956877806638,0.003407433895903463,7.964549477616399,738.1760426919293,11.476885457677167,0.23445083616608997,0.05264426125884534,0.9426406521044907,0.002771418243489564,8.21437986582847,478.85536332179936,8.619361783929259,0.2982373362937589,0.05832926815566966,0.9629967276174818,0.0034023035235760187,7.936408290140144,759.9755897974308,11.792598196640316,0.2493566384178616,0.06059315138564391,0.9416569787256401,0.0036715299948435606,8.170621122494202,1043.8739382478764,14.49319548639097,0.21225561310460297,0.05179829060877304,0.9192782869110181,0.002683062909990906,8.329359358810066,1128.690881299407,14.789942564229248,0.20560220565881265,0.04784377272667357,0.9119303510934877,0.0022890265887215936,8.40911745410144,994.8633362266723,13.928467356934712,0.2184096485321514,0.051866713403088065,0.923068334610997,0.002690155959238075,8.306239481594162,1002.8725198412698,13.79727802579365,0.23406904396353373,0.05975139947028761,0.9230924906177714,0.003570229738657887,8.273653258191578,1557.4134731053443,18.42645565467356,0.18625961535262456,0.04677486668318386,0.8792029721918023,0.0021878881532296237,8.522769891416946,1518.1105530753969,17.72330729166667,0.18420147333096537,0.04318919249878769,0.8810423326103969,0.001865306348697339,8.548877946520374,1497.9904232217345,17.94827289912356,0.18900066772581434,0.04663890937848053,0.8838124554828074,0.002175187868014119,8.514600239896202,1252.8683858316735,15.759259835657375,0.2187264873380736,0.05895729481108394,0.9040172279789946,0.0034759626114410653,8.364211550761851,2064.6088277903755,22.019006676744773,0.1670625945935901,0.04192478870367657,0.8393750053095677,0.001757687907847927,8.668692530997514,1922.8647752739043,20.60132905876494,0.16956159464298715,0.04029907669534073,0.8486458081384176,0.0016240155824969545,8.65819418550506,1991.1018518518517,21.593379944570422,0.16695682185587946,0.041741414423804794,0.8450937935559126,0.0017423456780998187,8.6627200558532,crispy_toast_11.jpg,fresh_bread
227.11816789215686,4.230055147058824,0.42608562638611536,0.035734197999458504,0.9879598081902413,0.0012769329066645043,7.284112252083025,467.243014225298,7.184605920799693,0.319652659892414,0.02922200560151605,0.9752186958151216,0.0008539256113750354,7.688361172816704,284.7712162990196,4.901608455882354,0.39068951825940834,0.033401772748981366,0.9849035596911138,0.0011156784227745941,7.398349633127159,433.7461899269512,6.628589004229143,0.3407309247744017,0.03054232375489161,0.9769953285691535,0.0009328335403486164,7.592720793246803,528.375338336614,7.965828001968504,0.29207878114062197,0.0278634870244665,0.9719772780618914,0.0007763739091626132,7.792382996402544,467.243014225298,7.184605920799693,0.319652659892414,0.02922200560151605,0.9752186958151216,0.0008539256113750354,7.688361172816704,663.9233975147638,9.383412278543307,0.25693234405770643,0.025519370813746625,0.9647868051764897,0.0006512382867295032,7.943987622046501,433.7461899269512,6.628589004229143,0.3407309247744017,0.03054232375489161,0.9769953285691535,0.0009328335403486164,7.592720793246803,878.2661190711462,11.247406126482213,0.23837114895216474,0.02458046139893342,0.9533882991733313,0.0006041990825844558,8.062676069338854,1001.1613863227728,12.538688077376154,0.21101555633167188,0.022878901602228642,0.9468476563888705,0.0005234441385244603,8.181475162338446,1114.467916254941,13.542212203557316,0.2038397054750764,0.022168673901523904,0.9408521173688349,0.000491450102552107,8.236841573879326,867.0421600843201,11.01001302002604,0.23252602934587385,0.024197243802736888,0.953968509599315,0.0005855066076490887,8.059269821134215,1264.4787171378966,14.370520213293648,0.20280644518490915,0.02240590253037439,0.9328453707507083,0.0005020244682006374,8.246477413120864,1675.195472511678,17.956084300645223,0.16347568178739608,0.01993686061789742,0.9109288395262557,0.0003974784112974692,8.456349769223419,1622.9650607638891,17.568979414682545,0.168811011901837,0.020003887619473106,0.9138000400791106,0.0004001555198925094,8.436590233068518,1452.8466934337357,15.899826586886219,0.1798031609160104,0.021076371487832906,0.9227523307391884,0.00044421343509313583,8.333490119784075,1659.7822615786854,17.348434387450197,0.17878827137561926,0.020835065792599302,0.9117917054074401,0.0004340999665819416,8.386129645557293,2368.7910052910056,22.780265810027714,0.13505919641668196,0.01811115275814155,0.8738413117898166,0.00032801385422873836,8.63953286308055,2155.9692480079684,21.451662101593623,0.14654200243911475,0.018495863969409346,0.8853955607037505,0.0003420969839748948,8.585473841612307,2010.3214285714284,19.911281179138324,0.1509714037280952,0.01912950663472478,0.892934483276857,0.00036593802408797945,8.5150189126649,crispy_toast_15.jpg,fresh_bread
209.76879595588235,3.9307138480392156,0.6859813880870138,0.4851111879211016,0.9871222659876535,0.23533286464622233,4.230194942055229,424.02389850057676,6.600476739715495,0.6237581520215048,0.4792230265237143,0.9739121972564935,0.22965470915054856,4.396495822733847,253.0954350490196,4.315287990196078,0.6682942352552366,0.4856961367858824,0.9843825352045962,0.2359007372887306,4.245644067747598,425.0891195693964,6.52567474048443,0.6266146300810465,0.480261741010971,0.973846660202521,0.23065133987888903,4.392864624656321,475.6201556348426,7.305287278543308,0.6272999826454526,0.4778369033706616,0.970887384544522,0.228328106222863,4.456402769713328,424.02389850057676,6.600476739715495,0.6237581520215048,0.4792230265237143,0.9739121972564935,0.22965470915054856,4.396495822733847,597.999630905512,7.982468011811026,0.6084928528089518,0.476944075453994,0.9630170240164546,0.22747565111066512,4.487011528929779,425.0891195693964,6.52567474048443,0.6266146300810465,0.480261741010971,0.973846660202521,0.23065133987888903,4.392864624656321,716.5444818428854,9.249675765810277,0.6106877115015273,0.46942481552126336,0.9561883528125681,0.22035965742717215,4.555584923963569,893.979214458429,10.995954491908984,0.5729649810062033,0.4656458108616112,0.9450393013567924,0.21682602117296743,4.5991982566929615,951.075376729249,10.496973814229248,0.5869181672456749,0.46854599920354606,0.9409823954081085,0.21953535336964938,4.607872802316104,899.9459513919028,10.713698927397855,0.5816147382467418,0.47074956389833356,0.9446724740019945,0.22160515191047123,4.580319588174356,956.235630580357,10.934105282738095,0.5980789241309741,0.46197053123954973,0.941598227914005,0.21341677173375181,4.623873744311859,1381.381087034636,14.050492899436017,0.550309725553427,0.4526089474143308,0.9148879650597641,0.20485485927950842,4.73115882403162,1309.0082465277778,12.753224206349207,0.5701956415133486,0.4611454721627613,0.9184928656362834,0.21265514649621609,4.696584967014665,1403.149932040807,13.850396038057152,0.5597798602191256,0.46074690216304665,0.913546705421737,0.2122877078528441,4.711625615659704,1208.280518550797,12.479068102589643,0.5892871539387216,0.45497350469277487,0.9262962101216575,0.2070008899724264,4.681281674949176,1851.9237055933481,16.752881708238853,0.532303671020033,0.4414144077170081,0.8856468827121049,0.19484667934015704,4.8345975175601765,1670.9522690488047,14.859483939243027,0.5574179569100467,0.454639004858696,0.8955862902232938,0.2066966247389054,4.771851188686316,1884.9459404132024,16.453436004031243,0.5467543014558744,0.45365672918978556,0.8836078162645736,0.20580442793917442,4.807530212731455,crispy_toast_16.jpg,fresh_bread
369.7566482843137,6.341176470588235,0.3692476163390169,0.0286657488178633,0.9778156899199685,0.0008217251552888312,7.860468151633043,754.3011149557864,10.606874279123414,0.27609736007660146,0.023599321201982767,0.9547435952393465,0.0005569279611943533,8.270250583019514,518.8703431372548,7.8984375,0.3152591967732986,0.02584540283492991,0.9688314172051061,0.000667984847699803,8.066462966869928,784.5478354479047,10.686828143021916,0.2744288207529915,0.0235994414616247,0.9529291535142348,0.0005569336373006509,8.266969512016324,858.5440914124017,11.688345841535435,0.25436557772492996,0.022213387934022825,0.9485540407144417,0.0004934346035073908,8.359789438907447,754.3011149557864,10.606874279123414,0.27609736007660146,0.023599321201982767,0.9547435952393465,0.0005569279611943533,8.270250583019514,1217.1900375246064,14.65712659940945,0.20962022565331195,0.019999351176379982,0.9268859038807401,0.0003999740474761713,8.56602641789582,784.5478354479047,10.686828143021916,0.2744288207529915,0.0235994414616247,0.9529291535142348,0.0005569336373006509,8.266969512016324,1330.7929224308305,15.327167737154152,0.20735167332836993,0.019591697872123344,0.9201864508572538,0.0003838346255125623,8.586249767196394,1475.1061907123815,16.859647219294438,0.189826984166587,0.018719443332237018,0.91161131324133,0.000350417558668833,8.659616721199153,1912.415529273715,19.715152544466402,0.16593328593098539,0.01743163224773311,0.8850863257049887,0.0003038618028202089,8.80444110933443,1573.212427924856,17.226408952817906,0.1938059992028893,0.01900069895042807,0.9057348813578668,0.00036102656060479834,8.651218469732555,1810.8335658482142,18.55268787202381,0.178559201200365,0.017968675516990388,0.8913021008253758,0.00032287329983488977,8.732488871697864,2297.403021450108,22.57726257245075,0.14601755446839007,0.016233753797422663,0.8621770168187188,0.00026353476235533473,8.888735576027702,2618.357437375992,24.29072110615079,0.14130033606095133,0.01584558159711891,0.8426203193477199,0.0002510824561509535,8.95790272807001,2455.9831742411225,23.14582324360637,0.1557848865569915,0.01659555371114012,0.8526709227868635,0.0002754124029793367,8.883252662729936,2310.462680527889,21.820187998007974,0.15716334095989293,0.016709631637696374,0.8611969538449286,0.0002792117894675036,8.860457248737196,3053.282281431091,27.463687326782566,0.11876848924706086,0.014741857503105063,0.8166243546958148,0.00021732236264185507,9.039872095066846,3322.9852465139447,28.70670443227092,0.1217420527924313,0.014642355294634412,0.8001947202966905,0.0002143985685743084,9.083476803620258,3305.069743638196,28.43510644998741,0.13257649361213927,0.015195660636300639,0.8015203860842183,0.00023090810217361673,9.039917608857408,crispy_toast_2.jpg,fresh_bread
313.5501072303922,6.626302083333335,0.34718383448806955,0.0278583739234481,0.9800630491306253,0.0007760889976586531,8.062236471594295,702.3515109573242,11.465297962322186,0.27293150902888164,0.023554524446190356,0.9554423210859887,0.000554815621886179,8.480142968997962,452.75655637254914,8.234313725490198,0.31853189689480643,0.025947272514492636,0.9712293533960572,0.0006732609509413449,8.228940287377185,668.1956785851596,11.197416378316035,0.25933949378981425,0.022753820321992097,0.9576092357863435,0.0005177363392455006,8.497886650808919,717.1974963090554,12.293553149606302,0.23778030241220122,0.021757663314733833,0.9544731875631138,0.0004733959129173144,8.598232608581185,702.3515109573242,11.465297962322186,0.27293150902888164,0.023554524446190356,0.9554423210859887,0.000554815621886179,8.480142968997962,1059.9589074803152,15.382874015748035,0.22038632070210085,0.020221226194681804,0.9327979855585194,0.0004088979888164856,8.754468367153677,668.1956785851596,11.197416378316035,0.25933949378981425,0.022753820321992097,0.9576092357863435,0.0005177363392455006,8.497886650808919,1109.6119071146245,15.990489130434783,0.19414515947148617,0.01920947930589299,0.9295236101088524,0.00036900409520353096,8.815554681897567,1467.1106702213401,19.059520119040236,0.19772275452491736,0.019336364774784197,0.9072919706458774,0.0003738950027035151,8.877361049940612,1698.773916131423,20.526787919960476,0.17938439250345425,0.017827288506717408,0.8922577748382574,0.00031781221550173863,8.983424555770734,1331.8795027590054,18.234236468472936,0.17822113969336467,0.01819706610024083,0.9158376517846509,0.000331133214656534,8.905974937270837,1507.3583364335318,19.24452814980159,0.1657981543053901,0.017575500297451658,0.9042073390852764,0.00030889821070572326,8.961097850179264,2316.7415519692545,25.260478995141305,0.15856411396168396,0.016941527103409376,0.853465253643013,0.00028701534059555453,9.098102853883688,2356.1924758184527,25.22217571924603,0.15137597542607203,0.016146428152112428,0.8505124650875342,0.00026070714207132876,9.140093199749954,2058.173413113781,23.8247746410661,0.13876683335395734,0.015894407484117794,0.8698206349395613,0.00025263218927117976,9.117540271190897,1929.2893581922315,22.419898530876498,0.14422898559977645,0.016273430924973638,0.8773229552253142,0.00026482455406988837,9.07784432263222,3148.236410304863,30.70214474678761,0.13797633227263195,0.015592781862274262,0.8006913690216075,0.00024313484620446923,9.238371642865918,3030.1390687250996,29.700292579681275,0.13226881369168514,0.014994129190082984,0.8076740149743893,0.0002248239101688986,9.257457578828031,2773.4100844041327,28.843663391282444,0.11685711509730512,0.014644061013373212,0.8244232156189114,0.00021444852296339725,9.259223008845758,crispy_toast_27.jpg,fresh_bread
258.45438112745103,4.8048713235294125,0.6128612138024371,0.39447562051660595,0.980783238250703,0.1556110151819613,5.081141225531152,662.8754632833526,8.60959630911188,0.5483772003277155,0.3877651215835111,0.9505270206694558,0.15036178951667517,5.305022972891074,412.479381127451,5.5713541666666675,0.6041598213152041,0.39391731497372634,0.9691280584303689,0.15517085103610992,5.083561823216925,568.5748404459823,7.9304421376393694,0.5538261482460652,0.3886425965342092,0.9575650436811726,0.15104306784085209,5.2781060702991205,593.5897976131889,9.012164739173228,0.5411138060995058,0.38674348112814716,0.955989172397398,0.14957052019511752,5.373175590032346,662.8754632833526,8.60959630911188,0.5483772003277155,0.3877651215835111,0.9505270206694558,0.15036178951667517,5.305022972891074,972.2447096456694,10.473302165354331,0.5321468569532375,0.38512244617257213,0.9269505309758042,0.14831929854594572,5.400273931900985,568.5748404459823,7.9304421376393694,0.5538261482460652,0.3886425965342092,0.9575650436811726,0.15104306784085209,5.2781060702991205,919.5387382658103,11.721204916007904,0.5233130296416534,0.37849953323190166,0.9318721139095646,0.14326189665676745,5.507628991632998,1477.3547492094986,14.879983259966522,0.49143255756918997,0.3740866178265146,0.8896290019810909,0.13994079763688078,5.570187637181708,1535.364871541502,14.203866106719367,0.5058902206770478,0.3762542630351019,0.8840456214160733,0.14156727045208764,5.5647810027916425,1148.009997519995,12.810512121024242,0.5038861769521318,0.37923229695773536,0.9142338634442638,0.14381713505583996,5.509109027447045,1252.173316592262,14.129293774801585,0.5100764067498922,0.3718408675304222,0.9072969803223644,0.13826563076577703,5.5966535380759765,2285.602930837851,19.795559999375087,0.4646094110352154,0.3600735929929107,0.8285082337351993,0.1296529923708243,5.747362773002706,2111.325365823413,17.678137400793652,0.48560474822018984,0.36847111854957976,0.8397128827837097,0.13577096520517845,5.682269112761524,1765.369963598869,16.978706119451953,0.476159549588427,0.36876146027888285,0.8675419911815493,0.1359850145870141,5.675079363305317,1597.4450790587648,16.402281499003983,0.4995436717752807,0.36533374240218436,0.8818341616670384,0.1334687433375856,5.673769719887585,3084.647345049131,24.299933862433864,0.4436396455984894,0.34789409183132775,0.7675495658955233,0.12103029913114428,5.881314864225995,2699.9501213894423,21.013648530876495,0.47097455129958804,0.3607354958414106,0.793924835262878,0.1301300979599484,5.774896453661568,2335.4093442932726,20.411328420256993,0.4593189338779775,0.36010998533130095,0.82401005522919,0.1296792015353098,5.797640381576042,crispy_toast_29.jpg,fresh_bread
391.39701286764705,9.078140318627451,0.25949926659616535,0.05626438231912608,0.9724622737593671,0.003165680717752788,8.274799815393896,629.5919108035371,12.773179546328338,0.1968286299559481,0.05131294528458098,0.9556714481613013,0.002633018353778402,8.578508169194766,304.5385569852942,7.732123161764707,0.27851760261418157,0.05301988633345252,0.9786112109787379,0.002811108346812225,8.155554321434428,601.8683275663208,12.211672433679354,0.2067209892439162,0.05141837292357016,0.9576234740469516,0.0026438490741073333,8.536725273616403,946.5386165108268,16.717042937992126,0.17058307782198495,0.05396315160673125,0.9332339786313422,0.0029120217313310616,8.752037154928459,629.5919108035371,12.773179546328338,0.1968286299559481,0.05131294528458098,0.9556714481613013,0.002633018353778402,8.578508169194766,728.3221579724409,14.288170521653544,0.17938183836843347,0.04693661022862739,0.948811073212148,0.0022030453797540895,8.679677814175763,601.8683275663208,12.211672433679354,0.2067209892439162,0.05141837292357016,0.9576234740469516,0.0026438490741073333,8.536725273616403,1426.662549407115,20.654397233201585,0.15185508126567432,0.05330006727628288,0.8990288320231679,0.0028408971716562805,8.882245907331104,1322.6854113708227,20.37221774443549,0.14024100216413332,0.046044629863842716,0.9065609406335876,0.0021201079392982763,8.9164876485314,1127.144870923913,18.132642663043477,0.15203349412521358,0.04209995537328638,0.9207007167175562,0.0017724062424327048,8.861261552475984,1235.8234391468784,19.119551739103482,0.15141656513122403,0.046210926900902116,0.912698072840419,0.002135449765040519,8.862182365820907,1882.9660063244048,23.716998387896826,0.14101405533011915,0.05294821916785944,0.8662704210246512,0.0028035139130476775,8.963095751021942,1983.1016419565997,24.977721882860223,0.12140868061292906,0.041289425149640326,0.8592786157059363,0.001704816629187751,9.055735061988383,1528.1714409722222,21.343874007936513,0.13133477362701781,0.037831366000069235,0.8923804507798558,0.0014312122534311943,8.985571995860205,1854.3706822478089,23.620881438547705,0.1295571284839252,0.04137918297083207,0.8684186670341212,0.0017122367833335987,9.012863329563451,2362.6368743774906,26.5870735806773,0.13450293449466968,0.05279245645967185,0.831610046496184,0.002787043459046348,9.021437129286515,2638.9610103300583,29.01014109347443,0.10672828596671967,0.03715965194249584,0.8118650517924535,0.0013808397324874349,9.156919458518757,1946.3325759462155,24.24112923306773,0.1198115027029993,0.03412419562069717,0.8627887543796472,0.001164460726759608,9.072902895230254,2442.9575144872765,27.307067271352988,0.11801805065587549,0.037291669496342085,0.825858419773977,0.0013906686138244106,9.110817061846586,crispy_toast_3.jpg,fresh_bread
389.68210784313726,7.641145833333333,0.3808353680582648,0.0742066411311344,0.9767132829215333,0.005506625587964967,7.828532878736002,684.9111572472125,11.135932333717799,0.331347089701217,0.06923271912421194,0.9591369705058105,0.004793169397332022,8.105767320772099,326.5918964460784,6.873360906862745,0.4108533643307778,0.07224220367479814,0.9804967605292857,0.005218935991791018,7.728623360883042,549.916739715494,10.026174548250674,0.3662909902541892,0.06997987469774217,0.9671907279346634,0.004897182862711694,7.980351932457674,939.0825233759842,13.959307332677163,0.29689883135859435,0.0706529522743092,0.9439389799961205,0.0049918396650758135,8.267072881520262,684.9111572472125,11.135932333717799,0.331347089701217,0.06923271912421194,0.9591369705058105,0.004793169397332022,8.105767320772099,781.7246862696851,12.535340797244094,0.32069501209379225,0.0646749854920581,0.9533930312100034,0.004182853748397927,8.185487547873294,549.916739715494,10.026174548250674,0.3662909902541892,0.06997987469774217,0.9671907279346634,0.004897182862711694,7.980351932457674,1432.2236443922927,17.970772603754945,0.26241822807207077,0.06898995341818935,0.9144799637094131,0.004759613672643937,8.455707666915169,1493.4788579577162,18.31886663773328,0.2645373120776997,0.06202952446321211,0.9111317580529487,0.0038476619051322296,8.470153770789178,1193.5016211709485,16.137428977272727,0.2807383268565567,0.05835288345301649,0.9288520844689636,0.003405059007281325,8.399883431186547,986.0414935829871,14.769220038440075,0.30007724589205004,0.06309314702160514,0.9413248777924784,0.003980745201089881,8.277277337143861,1913.6055927579364,21.391679067460316,0.23362847252720295,0.06786132593521624,0.8857138918915113,0.004605159557685651,8.58184174448512,2257.155212548236,23.75934634192067,0.22473650992420297,0.05540966669573814,0.8656752205283836,0.003070231163332792,8.687183217642904,1597.819304935516,19.197250124007937,0.2501237167739361,0.05227189994326129,0.9047620404957939,0.00273235152367832,8.554296065941212,1459.1686012904436,18.53475292536987,0.2555571344561655,0.05655911714941507,0.9131617429765707,0.0031989337327212575,8.485099008750408,2411.642928286853,24.73082669322709,0.21321656287708948,0.06701678692003751,0.8559272550794056,0.004491249729085711,8.685735934438169,3020.295335726884,28.791147014361307,0.195107000093254,0.0494247045313976,0.8202439015936062,0.0024428014180159544,8.842909627419893,2022.7003081424307,22.229846240039848,0.22489488116897227,0.0469147154625106,0.8794470037192311,0.002200990526928331,8.682324619769666,1857.9620811287482,21.27891156462585,0.2251462569257175,0.05065835474561982,0.8894214146245933,0.0025662689055330618,8.60624543855897,crispy_toast_6.jpg,fresh_bread
155.87348345588236,3.931112132352941,0.41670770682239033,0.04118279017688593,0.991374558769894,0.0016960222067534123,7.405073988498287,534.2644982698962,8.274125336409075,0.2979436247901106,0.03393043924173845,0.9703319121898231,0.0011512747071373045,7.983095813030469,418.64348958333335,6.679610906862745,0.333634884858753,0.036623367194025834,0.9767278021641045,0.001341271024628448,7.843357766842198,519.1886197616302,8.132564398308343,0.3005254588461325,0.03393297981118209,0.9711689722698827,0.0011514471188660913,7.984082364786918,348.0818467027559,7.210722194881889,0.29111125322213705,0.032927713779716816,0.9807593056088589,0.0010842343347589529,7.896550806305997,534.2644982698962,8.274125336409075,0.2979436247901106,0.03393043924173845,0.9703319121898231,0.0011512747071373045,7.983095813030469,1034.0604392224411,12.468257874015748,0.22481314147130227,0.029105393003520937,0.9423087813617445,0.0008471239018894056,8.338029635401146,519.1886197616302,8.132564398308343,0.3005254588461325,0.03393297981118209,0.9711689722698827,0.0011514471188660913,7.984082364786918,548.4778903162055,9.432497529644268,0.25699794831679085,0.031342729609088474,0.9696645634646673,0.0009823666993484313,8.096140602331062,1204.478082956166,14.111321222642445,0.21954237603007098,0.02938770928758099,0.9329437716422746,0.0008636374571713741,8.382601366453116,1722.725651556324,17.285279767786562,0.19699984091936673,0.027580193030084917,0.903525835962221,0.0007606670475767445,8.550040889940117,1138.462660425321,13.601013702027405,0.22500546158100398,0.029057967686738982,0.936618096895996,0.0008443654860835668,8.376152242792985,762.8496558779761,11.371822296626984,0.2389258048703411,0.030183892600474015,0.9577845891304385,0.00091106737251695,8.216495005132487,1967.3065506413163,19.1174522332797,0.1942309005401024,0.027427035465144856,0.8899988844270988,0.0007522422744063136,8.581520728741186,2461.155366443453,21.752991691468257,0.1792440051512721,0.02640186195345168,0.8616400846456103,0.0006970583146091193,8.687893401330246,1858.8838600821764,18.482666500023438,0.1981727438085364,0.02691436276228465,0.8960583896905915,0.0007243829228998546,8.56525905857367,986.6857102838644,13.234483939243027,0.22545184099245558,0.02941051996108912,0.9453688770352057,0.0008649786843816217,8.316581637028541,2773.6404006046864,23.76410934744268,0.17835967226732363,0.026264157255871667,0.8442268382650028,0.0006898059563611564,8.71963802397028,3225.6096395667328,26.15729270418327,0.1666477258912708,0.025048313415627268,0.8179448659645034,0.000627418004967493,8.80304017914406,2581.1469828672216,22.761936255983876,0.18353097934400275,0.02547545430332951,0.8550307769632419,0.0006489987719610301,8.686369945779838,crispy_toast_7.jpg,fresh_bread
359.74459252450987,8.810523897058825,0.285897585209663,0.04241655745513957,0.9742937821062347,0.0017991643463451563,8.535063358569797,830.6061361014995,15.062914263744714,0.197322286480222,0.036440128574325395,0.9408047547714885,0.0013278829705133664,9.00342147260902,526.3208180147058,10.943305759803922,0.23998867331110021,0.037566150289888425,0.9624449947886808,0.0014112156476024842,8.750332705004448,727.7131872356787,13.922245290272976,0.20345598666548192,0.03646904400987271,0.9481376165355667,0.0013299911709940327,8.953358049421649,876.941114050197,16.050704355314963,0.1986518235734942,0.04014659944439381,0.9374144580341245,0.0016117494469486014,9.028199685423916,830.6061361014995,15.062914263744714,0.197322286480222,0.036440128574325395,0.9408047547714885,0.0013278829705133664,9.00342147260902,1306.355176550197,19.949572465551185,0.15357956047395507,0.03127075883270045,0.9070352408609739,0.0009778603579729136,9.244900087302756,727.7131872356787,13.922245290272976,0.20345598666548192,0.03646904400987271,0.9481376165355667,0.0013299911709940327,8.953358049421649,1327.488312129447,20.269284214426882,0.1678804334579224,0.03912148799240428,0.9051684754859816,0.0015304908227398324,9.209205951959559,1799.2860995721994,24.18689937379875,0.1365328844269484,0.03069200273674496,0.8722710914821021,0.0009419990319923602,9.365937403100553,1980.82403347332,25.303653038537547,0.12699650133967888,0.027058107409726955,0.8591079285669373,0.0007321411765963207,9.428630141966368,1461.1496372992744,21.43291586583173,0.1466340419778132,0.030876489711860935,0.8962744248492331,0.0009533576169266541,9.29129760818874,1749.6976221478178,23.5903552827381,0.15205698578777144,0.03861673583997693,0.8748860477181541,0.0014912522869345588,9.32556578853039,2632.659938446156,30.159258854223626,0.11163957178152759,0.02640803228521579,0.8130230894676383,0.0006973841691769995,9.549836380697583,2600.937887524802,29.61373077876985,0.10774765279794574,0.023665819496069412,0.8150897917458887,0.0005600710124205391,9.557871529532617,2118.0722085956663,26.516021184520923,0.1175459171310094,0.02664286878377329,0.8495683609983553,0.0007098424570293612,9.478868501384557,2181.5492094123506,26.723232071713145,0.1401403543684201,0.038299958498478434,0.8438530265594746,0.0014668868209851702,9.41525003792407,3385.8649533887638,35.25913328294281,0.09403075683878354,0.02309867958009434,0.7594106935970089,0.0005335489983438672,9.67631672332097,3200.968718874502,33.55437624501992,0.09559031968380843,0.021398915700402,0.7725112969826893,0.0004579135931529113,9.65464240975966,2722.0513510959936,30.73704018644495,0.10045943539062205,0.023207578527485322,0.8065750166705103,0.0005385917011093978,9.593172234189995,crispy_toast_8.jpg,fresh_bread
134.13481924019607,3.91358762254902,0.45276748930496563,0.04445760356858897,0.992253326804272,0.001976478515061815,7.277923457170363,405.1574317570166,7.584744329104192,0.32713153307333587,0.03442851941363605,0.9766872744482583,0.0011853229490151143,7.789558176535529,308.4125,6.053890931372549,0.3697371781261767,0.03841995594796789,0.9822200930703103,0.0014760930150437932,7.6300356416376065,408.85760861207234,7.7218300653594785,0.31163966528901366,0.033389937248592155,0.9764743480617744,0.001114887909464922,7.844927638882714,317.33218503937013,7.0340182086614185,0.31254999259993677,0.03347597020666467,0.9817081143078992,0.0011206405812775007,7.742637020065944,405.1574317570166,7.584744329104192,0.32713153307333587,0.03442851941363605,0.9766872744482583,0.0011853229490151143,7.789558176535529,750.0943959153544,11.140348179133857,0.23186223991237775,0.02763769346456715,0.9569174432729023,0.0007638421000413778,8.140018621330121,408.85760861207234,7.7218300653594785,0.31163966528901366,0.033389937248592155,0.9764743480617744,0.001114887909464922,7.844927638882714,440.2255434782608,8.44639328063241,0.28507299844856815,0.03182646647972862,0.9746256212607656,0.0010129239685852894,7.8923876868527385,875.5436325872652,12.46253642507285,0.23476977690902984,0.027943993929180264,0.9499041015593083,0.0007808667967140635,8.149576622304242,1151.039541131423,14.436558176877469,0.19786199484296269,0.02484260358359217,0.933950891597093,0.0006171549528115065,8.354118161949003,898.8535557071116,12.940851881703765,0.21183418806727905,0.026630665916225826,0.9485702390391441,0.0007091923671416319,8.23131296604635,545.2728019593255,9.505223834325399,0.2646004462116059,0.03065978285559305,0.9685729520510727,0.0009400222847521175,7.987630103962051,1270.680591791779,15.475511256229591,0.20076613523849912,0.02526215222910477,0.9273682584068661,0.0006381763352464631,8.340020300160694,1552.2313058035716,17.368954613095237,0.1737195929973131,0.022842483015834227,0.9110133513497785,0.0005217790303286751,8.495567164764427,1323.5462356856067,16.274008342576824,0.1823640148840773,0.024040166575018472,0.9243459272111456,0.0005779296089546353,8.426290120870632,664.1665681025896,10.477885333665338,0.2537130082553559,0.029765782592941745,0.9617251230152934,0.0008860018133702738,8.059525317824232,1652.229119425548,18.1261967750063,0.17806574590107385,0.023322423513654215,0.9056544121149286,0.000543935438550251,8.472918301729973,1960.61938184761,20.182317604581677,0.15746170696766046,0.021384505493461506,0.8877161958995177,0.00045729707519988534,8.601713120766433,1759.94921579743,19.344372008062486,0.1606811236415312,0.022242533115586216,0.8995018142267356,0.0004947302793979494,8.550728287700778,crispy_toast_9.jpg,fresh_bread
263.18008578431375,7.880024509803921,0.3656485609580469,0.1437417952239088,0.9750938207700549,0.020661703694192134,7.506021184482504,573.4944559784699,12.15444828911957,0.2956173769333329,0.13962996457196017,0.9453802567820307,0.01949652700636685,7.825334178035456,373.42023590686273,8.359267769607841,0.3494391097864569,0.1409378878102905,0.9644028506714081,0.019863488220426037,7.530160544838081,587.8507189542485,12.354801999231068,0.2940001697897617,0.1397664976666451,0.944012963011128,0.01953467387000031,7.829870408953887,628.7738373523622,14.251783956692911,0.2897258683543717,0.14189668067083325,0.9405536970628687,0.020134667985400423,7.9197821859862,573.4944559784699,12.15444828911957,0.2956173769333329,0.13962996457196017,0.9453802567820307,0.01949652700636685,7.825334178035456,905.3359528789372,15.340320497047244,0.26679373011960095,0.13679737880263915,0.9131358962877407,0.01871352284727275,7.9823611860575765,587.8507189542485,12.354801999231068,0.2940001697897617,0.1397664976666451,0.944012963011128,0.01953467387000031,7.829870408953887,817.1969645503953,16.48065402667984,0.27531679469117265,0.14036819241628198,0.9227198954951581,0.019703229442214365,8.014361308132106,1205.0217775435551,19.038331576663158,0.24707694120577015,0.13459550785122984,0.8845979230408797,0.01811595073373047,8.125291297104837,1316.1260807806323,18.818058300395258,0.2509010896811617,0.13247590409860316,0.872627745662931,0.0175498651667423,8.129989905122546,1256.427196354393,19.577050654101313,0.24662449312036816,0.13533592022739915,0.8796749480305712,0.01831581130379695,8.128351237902722,928.9461030505954,17.69728112599207,0.2674066770321547,0.13895988077278026,0.9121224220796046,0.01930984846438531,8.069325535141024,1627.6442531519006,22.374525457357556,0.23121081739073457,0.12937048408898813,0.8427300587771834,0.016736722153419134,8.247682694864515,1688.893012152778,21.517330109126988,0.23877710985957878,0.12849298126985917,0.8350962815154396,0.01651044623561638,8.23111185040777,1709.3997562842726,23.130387914199567,0.23223789314933557,0.13060422786341366,0.8348288193845826,0.017057464335798477,8.257041621659518,1047.211482196215,18.92397597111554,0.2605385719831147,0.13766857161123544,0.9008915328905209,0.01895263560947786,8.121603101687883,2030.1839096749811,25.361410304862687,0.22113871751988087,0.12461378935284191,0.802014405170384,0.015528596496874457,8.348899501215117,2080.7469497011957,24.293700199203194,0.2293957800677608,0.12485100958796634,0.7949901424534388,0.015587774595134465,8.317098943524169,2128.7288517258758,26.222836356764937,0.22085158775199626,0.1265259895444033,0.7923953399578935,0.016008826030190458,8.356027257399615,freshly_baked_bread_loaf_10.jpg,fresh_bread
194.91832107843135,5.146752450980392,0.40307898423417543,0.060998231123122595,0.9870643721248379,0.0037207842001498823,7.6103232396748055,560.1468358323722,9.363198769703962,0.30082036001634405,0.054235504036404515,0.9628263833125593,0.0029414898980828505,8.045258411850899,369.25070465686275,6.694454656862744,0.3624078142608335,0.056245854181089405,0.9754362552770103,0.0031635961125603728,7.774972956961947,468.01447135717035,8.545374855824683,0.3108639641282332,0.054486360408731255,0.9689406678384282,0.0029687634705901564,7.997964114642972,464.3686792568898,9.378675565944881,0.2900905390558491,0.05732304595712912,0.9692564560327048,0.0032859315978031375,8.100219896999189,560.1468358323722,9.363198769703962,0.30082036001634405,0.054235504036404515,0.9628263833125593,0.0029414898980828505,8.045258411850899,899.110912893701,12.200879675196855,0.2521054387710925,0.048560686717097686,0.9401870210340334,0.0023581402944361078,8.270932108879476,468.01447135717035,8.545374855824683,0.3108639641282332,0.054486360408731255,0.9689406678384282,0.0029687634705901564,7.997964114642972,699.2528100296443,11.605082756916996,0.25990953159498253,0.056426516305495084,0.953771226491385,0.0031839517423743026,8.253524231158035,1266.2237274474546,15.552359104718207,0.22100533216126622,0.047443395922080266,0.9161683035615491,0.0022508758166192625,8.415973996661402,1380.5949851778655,15.833590662055336,0.21395144769845348,0.04288180318608516,0.9081434383884861,0.001838849044490143,8.481760228386506,949.0525296050591,13.39015128030256,0.23738668492523385,0.047840438279984264,0.937167005689888,0.0022887075348209836,8.335026048637122,928.8695436507937,13.37593005952381,0.23737940729508095,0.05576147681713721,0.9386780227517438,0.0031093422968281304,8.345135622194391,1882.1953162836476,19.669827680482435,0.1873115723611855,0.04187326977216581,0.8755504668351304,0.0017533707214125746,8.60408015216903,1849.0139198908728,18.97901165674603,0.18492926019359712,0.038014175438319676,0.8769589734516807,0.001445077534255347,8.624628213123643,1410.1552125482353,16.86358168382571,0.20347032036883106,0.04238397075193371,0.9067615445602615,0.001796400976700772,8.5226109011393,1153.3982196215138,14.95511703187251,0.22483581646425665,0.05537868491957148,0.9239695625833901,0.0030667987434211735,8.413151847636662,2477.270518392542,23.413658982111365,0.16472701890982228,0.03722296388776548,0.8364218881343198,0.0013855490405898928,8.744016409544646,2327.7089921563747,22.020184885458168,0.16683497840481137,0.03434384721004778,0.845068852260239,0.0011794998411871066,8.739230923367359,1891.6390463592843,20.03539934492315,0.18119394888006354,0.03775547226782149,0.8750922781108289,0.0014254756861662378,8.648877290636806,freshly_baked_bread_loaf_14.jpg,fresh_bread
276.66161151960785,6.556525735294118,0.40201067508439103,0.15926647782549397,0.9828510450713119,0.025365810958938563,6.8685692782307015,646.009104190696,10.338208381391775,0.33051842662366904,0.15608580688304882,0.9600034153132226,0.024362779110332407,7.128177024813638,418.2890931372549,6.894485294117647,0.3999655799129902,0.15793526000347252,0.974066444040147,0.02494354635236447,6.828670943536576,630.7803460207613,10.210288350634372,0.33549131157789724,0.15854409428496263,0.9609462786751586,0.025136229832639124,7.115643715215856,654.7885703740158,11.958753690944881,0.3086015936128621,0.15145061487134442,0.9594679067932635,0.022937288744908295,7.276495099910612,646.009104190696,10.338208381391775,0.33051842662366904,0.15608580688304882,0.9600034153132226,0.024362779110332407,7.128177024813638,1004.9336245078741,12.626015009842519,0.3014625932311744,0.14828996487022597,0.9377673352530728,0.021989913681212853,7.265255926686265,630.7803460207613,10.210288350634372,0.33549131157789724,0.15854409428496263,0.9609462786751586,0.025136229832639124,7.115643715215856,932.2782855731225,14.135251976284584,0.2926135264112873,0.14801615146119332,0.942020786601687,0.02190878109338292,7.3744580721501585,1401.20163990328,16.590566681133364,0.26786033949042876,0.14245801703200242,0.9134666002694618,0.020294286616690294,7.429262535447412,1512.0071949110675,16.000555830039524,0.27571926981923733,0.1412671084202011,0.9061752709118408,0.019956395921404853,7.415681742063638,1345.5959451918905,16.250914501829005,0.27623014976586624,0.14754503770989907,0.9169006054420606,0.021769538152815536,7.405211967053532,1184.0023871527778,15.669053819444445,0.2782001646872314,0.13876748347389548,0.9260135157897303,0.01925641446967785,7.442394996451574,2047.6624693402491,20.369338686747177,0.24054165356761636,0.12948126995082182,0.8726817857465611,0.016765399268077595,7.575058425181881,1998.239939856151,18.84875682043651,0.252307677039388,0.12900298166875093,0.8757477885511956,0.016641769279428086,7.529152304723198,1953.3615897764375,19.82374353606524,0.2501096315952133,0.13498975249668618,0.8785452781640937,0.018222233279116595,7.550424627820249,1450.3121731822712,17.197942604581677,0.27127002323135496,0.1326469322623317,0.9089378795605695,0.017595208638607616,7.495781527904123,2683.346167170572,23.810200932224742,0.22245539108298687,0.11915146880264199,0.8319835717500793,0.014197072517826967,7.684057302037495,2481.172295194223,21.514831299800797,0.2390704720777393,0.12273427986780983,0.8453907073532505,0.015063703454669869,7.611658173281543,2558.7536060720586,23.089395943562614,0.2369451269441597,0.1270112752276673,0.8397854893557948,0.016131864034958254,7.65549761138616,freshly_baked_bread_loaf_15.jpg,fresh_bread
183.68495710784313,3.827297794117647,0.6894253836622657,0.5078022786989245,0.9908223048625249,0.2578631542518202,4.112796163506721,478.5880507497118,6.959507881584008,0.6409905318197292,0.5033272241842219,0.976049405039975,0.253338294604994,4.280999530305751,345.5139399509804,5.06421568627451,0.6673493658986815,0.505424534952184,0.9826607682506131,0.2554539605316315,4.16427022600827,506.83804690503655,7.25850057670127,0.6378558942229527,0.5032321121275741,0.9746356542902886,0.2532425586763793,4.2964850060605855,415.5401082677165,7.0980868602362195,0.6467444764270197,0.5048537616956468,0.9792955411319283,0.25487732069824487,4.311052479528266,478.5880507497118,6.959507881584008,0.6409905318197292,0.5033272241842219,0.976049405039975,0.253338294604994,4.280999530305751,827.7022637795276,9.581908218503937,0.6249861406528766,0.5004182428942752,0.9583942175298306,0.2504184178213938,4.394199741411089,506.83804690503655,7.25850057670127,0.6378558942229527,0.5032321121275741,0.9746356542902886,0.2532425586763793,4.2964850060605855,630.370275444664,8.88951333992095,0.6374516431224089,0.5011436770017066,0.9686067785055724,0.2511449849987908,4.3962756687986095,1021.1337962675925,11.57979415958832,0.6044176898739866,0.49622703593463635,0.9489586011340174,0.24624127119247485,4.453626123900868,1380.6715970849802,12.958621541501975,0.6086152441393663,0.4941107090726901,0.9303933078248869,0.2441453928203166,4.5102258768614725,1125.0559551119104,12.506634013268027,0.5999156882767485,0.4959369290218681,0.943764049372069,0.24595343756764143,4.479527633760991,846.6757192460317,10.365389384920634,0.6312282896113722,0.49803759289244,0.9578547108195344,0.24804144393409577,4.449988340189565,1634.5777937477546,15.10453217516287,0.587810891166827,0.4880801587622927,0.9181000012318261,0.23822224137742484,4.573820740139942,1951.1826946924602,16.031436011904766,0.5970887722748982,0.4880418039330499,0.9013365892020775,0.23818480238622555,4.595373383928187,1802.5034292052685,16.406099142308115,0.583359043122062,0.4876388190760614,0.9096861408516589,0.23779161786989575,4.600514634325151,1081.324670069721,11.890095866533866,0.6252803070151967,0.49482633080412314,0.9462021672325028,0.2448530976570715,4.500749432099677,2230.8151927437643,18.256897203325778,0.5741578583043189,0.48072841727113197,0.8879559139502732,0.23109981117200756,4.6733575125348645,2544.3661447958175,19.115771289840644,0.5856478408728647,0.4819782390407194,0.8709518185601705,0.23230302290879287,4.6750230581475645,2479.3892353237593,20.05243764172336,0.5701586291093598,0.4798676562206251,0.8754711274439081,0.23027296748667603,4.70127334585789,freshly_baked_bread_loaf_17.jpg,fresh_bread
286.0456954656863,6.695205269607844,0.5247901037238094,0.34531297925891735,0.9847435651599628,0.11924105364466947,5.7867325874202145,680.6918262206843,10.777485582468282,0.4670722144568871,0.33863715205805156,0.9637138287984715,0.11467512075398792,5.9975688896121735,440.6224571078432,7.139981617647059,0.5219138263915529,0.34505421909362743,0.9764430970618284,0.11906241411431305,5.758130680179168,663.9026835832373,10.57356401384083,0.4710951129269871,0.33921890379435043,0.9646088207472533,0.11506946469144078,5.990673168456098,673.3362296998032,12.229069266732287,0.4658372619417832,0.33820625536507365,0.9641912574919341,0.11438347116806542,6.085008189792112,680.6918262206843,10.777485582468282,0.4670722144568871,0.33863715205805156,0.9637138287984715,0.11467512075398792,5.9975688896121735,1058.3837044783463,13.094149852362204,0.4586281755532002,0.3361586465727316,0.9434445503021538,0.11300263566561068,6.088431744201002,663.9026835832373,10.57356401384083,0.4710951129269871,0.33921890379435043,0.9646088207472533,0.11506946469144078,5.990673168456098,993.2899271245059,14.987092391304348,0.45051314122462777,0.3305736532734572,0.9471470941630566,0.1092789402385599,6.200204636535767,1474.9152303304609,17.682605865211734,0.41699887644854783,0.3252057985752217,0.921646361486793,0.10575881142694768,6.259654747519042,1635.962388833992,17.032639575098813,0.43636120153831104,0.32763226472907186,0.9124588051158733,0.10734290089150064,6.240365795549303,1415.0501736003475,17.047848595697193,0.4258733636615707,0.3292383541993428,0.9248266425755935,0.1083978938758919,6.232446729734222,1277.4496527777778,17.007068452380953,0.4391609986512169,0.32387789751032225,0.9319893232033716,0.1048968924957068,6.272562275587523,2181.581918167758,21.999234482650877,0.3943423495684574,0.3118588224200548,0.8838842421818252,0.09725592512122326,6.41208790435275,2184.485119047619,20.352275545634924,0.41757260030200377,0.31973833861666245,0.8829417824961064,0.10223260518134349,6.350048142299469,2095.2288115733727,21.17353809620522,0.4019207040720188,0.3177984287806944,0.8884804282469267,0.10099584133547809,6.380723540168554,1576.294182644422,18.933749377490038,0.42971264486467636,0.31719251042767876,0.9160388665608993,0.1006110886714131,6.340688252044076,2856.3732363315694,25.76256613756614,0.37625084449009377,0.2998428639431106,0.8476744084552643,0.08990574305760675,6.530568957451915,2737.1838894422317,23.426855079681282,0.40465044372441594,0.31232228611786006,0.8531090351809247,0.09754521040588644,6.43240779735415,2742.5069601914847,24.77790375409423,0.3876030239508429,0.3080152362752209,0.8537467058880432,0.09487338577768017,6.49838321966076,freshly_baked_bread_loaf_19.jpg,fresh_bread
199.85890012254902,5.828109681372549,0.33813487196197456,0.05341260195699743,0.9887441295239584,0.0028529060478166457,7.962669554435059,602.8230680507497,11.739607843137257,0.20744683888635418,0.04643096215309513,0.9660403050297912,0.0021558342464621525,8.590009077397607,437.1147365196079,9.191176470588236,0.24581252517095897,0.04729439731478371,0.9753357997560707,0.0022367600173686204,8.396863080202415,561.5553863898501,11.105528642829682,0.2205138162574255,0.04657900187928004,0.9683650935793205,0.0021696034160699736,8.524588423131092,473.4303026574803,10.582062007874015,0.23765549652239348,0.05049186779432288,0.973380769653571,0.00254942871335938,8.449695938242478,602.8230680507497,11.739607843137257,0.20744683888635418,0.04643096215309513,0.9660403050297912,0.0021558342464621525,8.590009077397607,1072.6402405265749,16.80556409940945,0.15984553557734404,0.04173428694013836,0.9394593390221895,0.0017417507064018032,8.882474257942206,561.5553863898501,11.105528642829682,0.2205138162574255,0.04657900187928004,0.9683650935793205,0.0021696034160699736,8.524588423131092,708.3131021492095,13.284600419960476,0.20597999088780697,0.04947522320247165,0.9601816511568537,0.002447797710934389,8.628140602675378,1343.5697966395935,19.49012648025296,0.14336681255286396,0.0411755632226354,0.924414887050494,0.0016954270067012448,8.976684634534145,1661.6371665019763,21.836277173913047,0.13265459457897733,0.037876601045972444,0.9060522548979176,0.0014346369067957606,9.088758302869866,1196.0382230764462,18.005177010354025,0.15890951837496603,0.04138315973474945,0.9327145424075287,0.0017125659096317884,8.898480970031011,926.7550068204364,15.370458209325395,0.18726285974518048,0.04879903721297399,0.9479134128911569,0.0023813460329132202,8.7377494426545,2015.2116889812369,24.68391944882751,0.12031534200414289,0.037288587337021874,0.8864557010661824,0.0013904387455907078,9.155451214994676,2236.297185019841,26.088820684523807,0.1145802083539447,0.034375925251941455,0.8733455903439467,0.001181704236927066,9.229870994535382,1788.8840006874034,22.85416113359059,0.1324673779133816,0.03752742491809593,0.8992077629386236,0.0014083076209833274,9.089384866772878,1144.155767554781,17.23370580179283,0.1747241911806483,0.04822493522889759,0.9357089368942014,0.0023256443778313677,8.818127852762395,2671.7305209120696,29.265731292517017,0.10427230342320905,0.03371667695227936,0.8492462985144852,0.0011368143047043662,9.281313801844192,2827.02234810757,30.151923555776897,0.1025055331252385,0.031173864469308313,0.8396185372162863,0.0009718098259508033,9.336506394845472,2359.8488914084155,27.031903502141603,0.11508178231893554,0.03406096304360296,0.8668442571146628,0.0011601492034576865,9.21923990602697,freshly_baked_bread_loaf_2.jpg,fresh_bread
229.57026654411766,4.710186887254902,0.6252979738031728,0.43779761664381467,0.9879408631455897,0.19166675313900453,4.705459502184139,553.5163706266821,8.318554402153019,0.5629874261439083,0.4314073092389722,0.9709205202111919,0.18611226646481016,4.906160357531796,327.84653799019605,5.459160539215686,0.6062244783610646,0.43738183550777066,0.9827230121971173,0.19130287003214655,4.728640897314417,463.7244444444445,7.597970011534025,0.5699801983326093,0.4326451550549025,0.9756378197188078,0.1871818301924806,4.872538198568879,522.6748738927167,8.743894562007876,0.567348842775413,0.4299973663234508,0.972628988718669,0.18489773504510393,4.96486846713966,553.5163706266821,8.318554402153019,0.5629874261439083,0.4314073092389722,0.9709205202111919,0.18611226646481016,4.906160357531796,767.9860974409451,10.142255167322837,0.5480008594527263,0.4290792272948425,0.9595221137596015,0.1841089832959391,5.004091971796111,463.7244444444445,7.597970011534025,0.5699801983326093,0.4326451550549025,0.9756378197188078,0.1871818301924806,4.872538198568879,783.1912827322134,10.819741230237153,0.5527525951781447,0.42169210821136216,0.959007458108995,0.17782423412774317,5.066871239863798,1228.5196695393392,14.076895653791311,0.5137076775562794,0.4163006639263597,0.9356505160616143,0.17330624278552792,5.139941903270553,1218.0220016057312,13.198045331027666,0.5287279409542013,0.42054644306914823,0.9356961611423672,0.17685931077811232,5.127568701569613,899.4069223138447,11.766058032116064,0.5300518719291718,0.42451070928219625,0.9528893409389125,0.18020934229527336,5.0578066248510485,1041.162326388889,12.51150173611111,0.5428264975921108,0.4146829881634521,0.9455335037410211,0.17196198067216975,5.130384275130982,1912.5203174553578,18.067662359980627,0.49061946636821485,0.4018490968255142,0.8997147759153566,0.16148269661948145,5.2834901643914645,1674.230515252976,15.883603050595237,0.5142172051364445,0.41305163906234016,0.9114633214100928,0.17061165653208574,5.2157440119726965,1382.9244325016793,14.841131715852459,0.5094961264784295,0.41540310900190375,0.9274847348810332,0.17255974296844753,5.174085009257141,1321.1445312500002,14.250233441235064,0.5332732480431931,0.40746259371037663,0.9309284799240045,0.16602576527318744,5.189909285479609,2604.231465734442,21.84109662383472,0.47126871063184006,0.38898417705992344,0.8632977441085806,0.15130869000298586,5.39393891399458,2145.5477465139443,18.589050049800797,0.5012280400239248,0.40594726390082025,0.8863399551659017,0.1647931810685622,5.295514719366691,1835.9980631141345,17.414572310405646,0.49677430760034474,0.4083271166036769,0.9036241288408903,0.16673103415387272,5.267429815601108,freshly_baked_bread_loaf_24.jpg,fresh_bread
303.8954197303921,6.2663143382352935,0.3354609378048145,0.06064348307627689,0.9797119923473284,0.0036776320396226816,7.753879787514981,628.7997693194925,10.0801076509035,0.2557694728388134,0.05544085838798022,0.9580482492898422,0.0030736887787960764,8.122559018077954,367.405024509804,6.6394607843137265,0.33179110629774455,0.05768753375121581,0.9754563132405083,0.003327851550297663,7.7651154942906695,573.6258669742406,9.593971549404074,0.2587368503334965,0.05548469330910454,0.9617291048186676,0.0030785511916053905,8.090724374361185,683.8477946604331,11.684777928149607,0.21737673899542906,0.05750697532631009,0.9544072225103808,0.003307052211180838,8.285636531028224,628.7997693194925,10.0801076509035,0.2557694728388134,0.05544085838798022,0.9580482492898422,0.0030736887787960764,8.122559018077954,831.3297705462599,12.432532603346456,0.2103802495633703,0.050509151707812866,0.9445013038800518,0.0025511744062428556,8.324077592352207,573.6258669742406,9.593971549404074,0.2587368503334965,0.05548469330910454,0.9617291048186676,0.0030785511916053905,8.090724374361185,1073.404026679842,15.131484683794467,0.18864684922383618,0.05690947764869127,0.9284713866867385,0.0032386886462468906,8.460948444836552,1300.800778101556,16.618683737367473,0.17911067177792506,0.049381614905405914,0.9133849142301743,0.002438543890665807,8.521201282311218,1309.954174901186,16.478013833992097,0.17337423680035646,0.04518396449955639,0.9125275328026474,0.0020415906478971724,8.542252748791023,1095.6455297910593,15.196865893731786,0.18249946605429598,0.04961432812521372,0.9270441067991586,0.002461581555316373,8.476294227942766,1464.2552238343253,18.173161582341265,0.17069208606841632,0.05633751811728961,0.9024793222470651,0.003173915947615935,8.571898527335783,2023.7687825149587,21.820962677123532,0.14872278147577878,0.044358596405336424,0.8652746649132599,0.0019676850750515256,8.714688419649606,1793.867156498016,20.14195808531746,0.15044961145052627,0.04049001108122239,0.8801883928423025,0.0016394409973575122,8.689347507212881,1708.2200159352592,19.99392272961615,0.15212905276803623,0.044410591058141165,0.8862786682396693,0.001972300598133448,8.670697754016592,1865.4683142430279,21.084972609561753,0.16010336285143173,0.05611531302872179,0.8758303949458425,0.003148928356311433,8.658939429800853,2726.2187736205597,26.48612685815067,0.13145765165358053,0.039742773261174355,0.8185593675474833,0.0015794880264891151,8.848864481046755,2289.684356324701,23.614168326693232,0.13397971514455445,0.036738401468265965,0.847020661596139,0.0013497101424434865,8.799938797521664,2255.2485197782817,23.923280423280424,0.13317674409257044,0.039791840452800036,0.8499004703569774,0.0015833905666210932,8.796579949335298,freshly_baked_bread_loaf_27.jpg,fresh_bread
104.45382965686277,2.536917892156863,0.7058357217315154,0.45459999859107175,0.9945927538325856,0.20666115871900242,4.201849119779254,312.3032833525567,5.101345636293733,0.6294421000154786,0.4486144505658178,0.9838301448083215,0.20125492525647054,4.431823991355368,222.16620710784315,3.522977941176471,0.6828976651172984,0.45352459596218986,0.9884787539400862,0.20568455914266753,4.253836450312617,293.0898116109189,4.693994617454825,0.6482670630629087,0.4496767119843747,0.9848249440062569,0.20220914530107825,4.374707621085678,229.15754183070865,4.729792076771654,0.6361248733023201,0.44832721004166093,0.9881560741816291,0.20099728726373955,4.461347930983894,312.3032833525567,5.101345636293733,0.6294421000154786,0.4486144505658178,0.9838301448083215,0.20125492525647054,4.431823991355368,521.0364173228347,6.599686269685041,0.608823117298628,0.4459980194763959,0.9729745530620071,0.1989142333768676,4.533084627602313,293.0898116109189,4.693994617454825,0.6482670630629087,0.4496767119843747,0.9848249440062569,0.20220914530107825,4.374707621085678,326.54054471343875,5.81836709486166,0.6150071260200256,0.44248098863236784,0.9831233769419309,0.19578942530107765,4.560092213466376,684.1377952755906,8.796825593651185,0.5671324522839667,0.4376661128325896,0.9646274760822362,0.19155162632198908,4.664199275326189,821.7355484189723,8.778841403162055,0.5803541067493616,0.43917422160505615,0.9573090851528269,0.19287399692240698,4.671931562951869,608.9649079298158,7.543152086304173,0.6003771001865,0.4433448909567845,0.9685142000345863,0.1965546923374831,4.564674855657551,423.6535063244047,6.725926959325396,0.6001859799962395,0.4371661771834362,0.978105099704474,0.19111426647317953,4.6208419857179575,1055.1205143026762,11.384664656532674,0.540074056826435,0.4273251119197102,0.9453602346070701,0.1826067512771928,4.798852524209581,1134.6677672371034,10.821537078373016,0.5577439480099384,0.4330994386720397,0.9409553534067627,0.1875751237780359,4.764202873037153,948.0285116155541,9.770797856551422,0.5739469507712237,0.43631892937152245,0.9509060294456348,0.1903742081279116,4.687116689429783,520.6941452938248,7.514426668326696,0.5906566140554913,0.4326558256528469,0.9730934944021102,0.18719106347134662,4.668377358681621,1442.6855316200554,13.838088939279416,0.5199581322427036,0.41890650573785454,0.9251711773454881,0.17548266054949918,4.892342407599459,1459.3448238296812,12.841773530876495,0.540811174147711,0.4276830397480292,0.9239296462969617,0.1829127824881143,4.8501060204044,1284.7370559334845,11.710254472159235,0.5578273832540706,0.4310061142369056,0.9333636061296241,0.18576627050959654,4.773627474730638,freshly_baked_bread_loaf_28.jpg,fresh_bread
139.90199142156865,3.4030637254901963,0.5886345617462607,0.24986852371985846,0.9922170674042426,0.06243427914594147,5.709018379042211,379.1338254517494,6.251764705882353,0.4927114174320122,0.24409855436215133,0.9789172689682732,0.059584104241692144,6.012420239471712,266.844362745098,4.369178921568627,0.5526493614880177,0.24930617579018804,0.9851199105951157,0.06215356928712814,5.79726603856461,388.43347943098803,6.2750480584390615,0.49382406059514566,0.24440553188045258,0.9784001373108727,0.05973406401376693,6.008674965615679,308.7476008858267,6.335322342519685,0.4939338789273321,0.24327442763720053,0.9828718951058024,0.059182447142207516,6.071393801720534,379.1338254517494,6.251764705882353,0.4927114174320122,0.24409855436215133,0.9789172689682732,0.059584104241692144,6.012420239471712,611.5614849901576,8.106791338582678,0.45402332865034306,0.24244914873745957,0.9659114104753249,0.058781589723518796,6.180878756871293,388.43347943098803,6.2750480584390615,0.49382406059514566,0.24440553188045258,0.9784001373108727,0.05973406401376693,6.008674965615679,450.6722301136364,7.767369688735178,0.4699503323479936,0.2371354735286475,0.9749789068620489,0.056233232805655876,6.2010365118910045,798.0731601463202,10.417725835451671,0.41489241726141346,0.23421028711686628,0.9557648458143573,0.054854458591364945,6.311527914304821,924.222270256917,10.563673418972332,0.41940318360987416,0.23627598906325137,0.948395686871051,0.055826343007817684,6.339396896776466,834.6214892429786,10.550127100254201,0.41615572040319915,0.23657029341253108,0.9537390654053011,0.05596550372529105,6.30778953977646,592.496574280754,8.934291294642858,0.45125548867822707,0.23172714870219716,0.9670792642019576,0.053697471445650194,6.28610763742712,1190.3684794325798,13.298754862597448,0.3760882606368875,0.22422939202014908,0.9338585262187287,0.0502788202457257,6.474528298061937,1238.836433531746,12.796440972222221,0.3926412066836412,0.2309112440613025,0.9307095761293078,0.053320002633938414,6.445970716471146,1252.1049852364513,13.614148010436034,0.3771945430966258,0.2276437095743058,0.9304282073296393,0.05182165850875089,6.477201964211927,744.3601064492032,10.03605888944223,0.43843636072038994,0.22637879887791515,0.9586129527670582,0.05124736058140756,6.354533011445289,1586.623063114135,16.00070861678005,0.3484056009397042,0.21626509096393046,0.9116221116874084,0.04677058956963712,6.60166465785435,1565.716026518924,15.069674427290835,0.37220712625194974,0.22562042593596235,0.9122677536032806,0.05090457659952507,6.55027277254082,1679.107426303855,16.567712270093224,0.3493672955149302,0.220106939506408,0.9064706170537067,0.048447064818877554,6.616399663312721,freshly_baked_bread_loaf_30.jpg,fresh_bread
366.8102175245099,7.737454044117649,0.30494397177955007,0.055716971064760805,0.9743527017508815,0.003104380864631393,8.180473696374838,677.6790003844676,11.946097654748176,0.23665660017583212,0.050310959766434384,0.9526871070857972,0.002531192672619779,8.536020051944325,320.33016237745096,7.623575367647059,0.29689577910940224,0.05178931618521772,0.9775935030588057,0.002682133270932454,8.198659646939348,537.7146789696271,10.799031141868513,0.2411013769911085,0.05029980222970297,0.9624587998542932,0.002530070104347232,8.475091940856162,880.2073388287404,14.158156988188978,0.21229062502706175,0.052768836284331294,0.9385718264553059,0.0027845500828025593,8.655084629867408,677.6790003844676,11.946097654748176,0.23665660017583212,0.050310959766434384,0.9526871070857972,0.002531192672619779,8.536020051944325,758.9436823326772,13.915569635826772,0.20120734878348262,0.045142321420512145,0.9469921886823565,0.0020378291832328296,8.695062323534206,537.7146789696271,10.799031141868513,0.2411013769911085,0.05029980222970297,0.9624587998542932,0.002530070104347232,8.475091940856162,1368.0424129199605,18.0841001729249,0.19260299234858408,0.05203958000672635,0.904517974184129,0.002708117887276473,8.816104148925938,1496.5342550685104,19.568386136772276,0.17952138711282223,0.04433108585375313,0.8958715190550397,0.001965245172972831,8.887858599504007,1160.5050796689723,17.62625061758893,0.17460498364530433,0.04005474307305499,0.9187570499663716,0.0016043824426484464,8.884611395747314,999.3222146444294,16.330553661107324,0.1849683915850389,0.04445946468349673,0.9304669308914517,0.001976643999943093,8.799864420363402,1846.445483010913,21.40173921130953,0.18043212462154867,0.05157041913875934,0.871110983757186,0.0026595081301473153,8.92053604580213,2292.473542783046,25.094924151291224,0.15663812374419772,0.03917501427863119,0.8401059951275922,0.0015346817437309574,9.072119873733925,1550.741148933532,20.722175719246035,0.15776281020156746,0.03563331662967522,0.8911813366204854,0.0012697332540306887,9.012983516862317,1473.8893905544537,20.380321517286635,0.16202747296512046,0.039209676776988146,0.8971983419540509,0.0015373987529558836,8.979611034542934,2345.936550672311,24.708525273904385,0.17114120670627558,0.05133275387650311,0.836225209903042,0.0026350516205456446,9.012989670947071,3087.6215828924164,30.26340073066264,0.13864365077759866,0.034744259299111055,0.7841105316901568,0.0012071635542438652,9.217220289898478,1967.3792797559763,23.813698331673304,0.14346113402463073,0.03186090607681926,0.8616081086867419,0.0010151173360358986,9.12384416502158,1886.7605347694634,23.572924540186445,0.1457227652440407,0.03471258341049666,0.8680717286035656,0.001204963447030688,9.103676865489268,freshly_baked_bread_loaf_7.jpg,fresh_bread
311.59875919117644,6.91499693627451,0.32139670260185027,0.05389857272710192,0.980660484307423,0.0029050561420186946,8.076850063759771,837.4134563629374,13.310911188004614,0.20634349045996347,0.047698035622790735,0.9478433432643258,0.002275102602273014,8.635561843241524,664.9105085784313,10.866482843137256,0.24201588913387065,0.0488376750801038,0.9585778342857745,0.002385118507229792,8.459878151644318,935.2515955401769,14.082722029988465,0.2067095508902854,0.0476118867485529,0.9417488771271797,0.002266891759757027,8.66371156185484,725.0778174212601,12.693467027559059,0.21403547773911616,0.05145997080160667,0.9550090940232155,0.0026481285949022113,8.585225007325782,837.4134563629374,13.310911188004614,0.20634349045996347,0.047698035622790735,0.9478433432643258,0.002275102602273014,8.635561843241524,1621.9747477854335,20.114296259842526,0.15304924998975178,0.04318715489230955,0.8985982355816241,0.0018651303476923365,8.960288053543698,935.2515955401769,14.082722029988465,0.2067095508902854,0.0476118867485529,0.9417488771271797,0.002266891759757027,8.66371156185484,1100.5793138586957,16.23528594367589,0.18321555408769113,0.050690720880864536,0.9316827990362597,0.002569549183421716,8.764025989038235,1747.8286626573254,21.670779341558685,0.1439113160912469,0.04238197429532744,0.8907748521630418,0.001796231745169796,9.016290904051479,2553.715878211462,26.823740118577074,0.12555467340081533,0.039109137654863235,0.8397454316890013,0.0015295246481070415,9.171098751229518,2072.349572199145,23.563224626449255,0.1411586709929757,0.04235304551758566,0.870487578107738,0.001793780464614683,9.051965577642509,1468.971912202381,19.247054811507937,0.16538619715747407,0.05012156317255369,0.9087816508804926,0.00251217109486029,8.876078288900914,2681.4616850755365,28.492540111546813,0.11815006115674698,0.03827937923739496,0.8317137727445546,0.0014653108748003045,9.219231630061241,3458.0265376984134,32.70176091269842,0.10792683516657707,0.03571314532361585,0.7821744459612198,0.0012754287489057047,9.320745329133075,3143.1920354950084,30.67310846912153,0.11853261170658405,0.03821990647753621,0.802714949892515,0.0014607612511516141,9.247309179813243,1859.6680932519919,22.176808391434264,0.15341863887577978,0.04978800818389841,0.8844669218304999,0.0024788457589199355,8.9702101767403,3596.703703703704,34.53763542454019,0.10256388949110168,0.0350189713446766,0.7732996716170729,0.0012263283540392812,9.361498908272756,4336.455490537848,38.05017430278884,0.09651820322228898,0.032735525792150826,0.7257879341317941,0.001071614648888572,9.434523799962912,4136.291304484757,36.81662572436382,0.10049620583157406,0.03480067062319335,0.7392484474373847,0.0012110866758239926,9.38571292977316,freshly_baked_bread_loaf_9.jpg,fresh_bread
117.12184436274511,2.415533088235294,0.7122199684635445,0.5281027878341196,0.9930414424197257,0.27889255451816913,3.8036794567430237,276.3148327566321,4.671649365628605,0.6471902593747962,0.5233518616821569,0.9836462210237438,0.27389717112617945,4.032941147222234,153.35493259803923,3.017830882352941,0.6909693223709277,0.5255374913957142,0.9909025369931761,0.27618965486250036,3.8805101914929025,214.03017301038068,3.8973010380622846,0.6665249425555132,0.5243656183963141,0.9873325579059867,0.27495930175614897,3.9482671868644377,251.7835568405511,4.548689714566928,0.6405447217661228,0.5252924886235828,0.9850757924543869,0.27593219860435686,4.044639680213204,276.3148327566321,4.671649365628605,0.6471902593747962,0.5233518616821569,0.9836462210237438,0.27389717112617945,4.032941147222234,330.5477362204724,5.756889763779528,0.6159670267782099,0.5208821716689895,0.9804663505822306,0.27131823676260264,4.137818309054941,214.03017301038068,3.8973010380622846,0.6665249425555132,0.5243656183963141,0.9873325579059867,0.27495930175614897,3.9482671868644377,383.4832942193676,5.7568552371541495,0.6235105377545691,0.5221596238840577,0.9772798568212611,0.2726506728147406,4.139597625433494,597.1451422902846,8.390662781325563,0.5865472714977562,0.5157369767633041,0.9648761860795523,0.26598462920095284,4.237804317793066,511.33621541501975,7.47751976284585,0.5973015866773372,0.515648457365021,0.969819710207864,0.2658933315829259,4.254632726079981,351.9199268398537,5.950368900737802,0.6162411922231753,0.5212439161484704,0.979300225104717,0.27169522012179365,4.10523886484923,518.4116908482144,6.834340897817462,0.6123806100748093,0.5191651639917545,0.9693001925686602,0.26953246750258536,4.198787640155373,917.9232920370572,10.812135793404051,0.5678457816683469,0.5077520389583757,0.9460987078882257,0.25781213306638795,4.352972903570792,701.2101624503968,9.044425843253968,0.584666262644675,0.5104468432328902,0.9586630481734828,0.2605559797664228,4.329256712266034,512.5944476557983,7.373056913871484,0.5960304847168625,0.5157002445835012,0.969899986962251,0.2659467422634829,4.206177240450634,658.9623225846615,7.914327066733069,0.6025087510738082,0.5161033515518241,0.9609958050610403,0.2663626694830257,4.255816152470357,1262.6606355505164,13.153486394557824,0.5536208130353797,0.4997913273992385,0.9259785535576684,0.2497913709434928,4.439662643163255,906.4276020916334,10.570966135458168,0.5734430455836796,0.5051950382857238,0.9466293294961381,0.2552220267085139,4.394798474054571,638.6167642983119,8.436838624338623,0.5844725447195902,0.5114988534907795,0.962562120585099,0.26163107712238187,4.281940765796122,fresh_baguette_1.jpg,fresh_bread
271.92873774509815,6.8339460784313735,0.28577088990744176,0.08195448935982518,0.9800817891949648,0.006716538326229697,7.857527631258515,411.77031910803544,9.379976931949251,0.24447557406254905,0.07702307498926944,0.9697408066584232,0.005932554080802625,8.122290096101484,272.04448529411775,6.555790441176471,0.29545993917230295,0.07826505117315408,0.9800218155085824,0.0061254182351364265,7.815700046804139,547.240399846213,10.619592464436757,0.217024463615984,0.07676091375363883,0.9597863828699975,0.005892237880293578,8.200880870896803,633.880674827756,12.741464689960633,0.1922915221280449,0.08041754760272676,0.9535402466093483,0.006466981962436825,8.372195136139323,411.77031910803544,9.379976931949251,0.24447557406254905,0.07702307498926944,0.9697408066584232,0.005932554080802625,8.122290096101484,634.1484221210629,12.226270300196852,0.1935959149755962,0.073007247995723,0.9532771122440556,0.005330058259909,8.353838509626119,547.240399846213,10.619592464436757,0.217024463615984,0.07676091375363883,0.9597863828699975,0.005892237880293578,8.200880870896803,1004.129384881423,16.70232213438735,0.16802564222664632,0.07967584435821919,0.9263080873217813,0.0063482401741951685,8.562852602890427,707.8101246202493,14.285448570897143,0.17958571264666504,0.07221510437186489,0.9477778424582848,0.005215021299439339,8.492551395375358,1002.1943243577075,16.153748764822133,0.16206349064823483,0.06835322368044248,0.9258360196054418,0.004672163187508603,8.576998085956575,1234.1638508277015,18.35354020708041,0.15425548705168302,0.07203147333275119,0.9089496531217294,0.005188533150486846,8.626182823319855,1382.5442553323414,20.159675719246035,0.15386732259568933,0.07907754112403197,0.8984072895120674,0.006253257510222967,8.679536330563465,1069.2544798387728,17.86973706822478,0.15532872427789013,0.06753156980148055,0.9206521691215738,0.00456051291985224,8.657720155134868,1381.0172836061506,19.666527157738095,0.14166132180231333,0.06383415528347938,0.8973480762311624,0.004074799380755359,8.727103429878305,1948.2215782155633,24.443734474839474,0.12945540476152068,0.06733562499059922,0.8554472468760218,0.004534086392874611,8.833273678310805,1779.9817137699206,23.345570841633467,0.1431368829749959,0.0786558378365838,0.8690500913424688,0.006186740825774966,8.762551903352694,1324.8661974048878,20.16041509196271,0.14275460672770202,0.06297762159131803,0.9011039441464788,0.003966180821299247,8.754484014463266,1782.9510395916338,22.972204930278885,0.12890700813706032,0.060411118779573475,0.8668857194888107,0.0036495032721997347,8.840842770162794,2675.4905517762663,30.058610481229536,0.11313332134334238,0.06271725707482578,0.8003383791395912,0.0039334543349897845,8.977229270690842,fresh_baguette_11.jpg,fresh_bread
234.68258272058821,6.198085171568628,0.26753753193897506,0.022377169731644837,0.9853625046397115,0.0005007377251988419,8.09794932169741,313.87323337178015,7.801353325643983,0.2224150305957974,0.01998743027410313,0.9804581335119512,0.00039949736896213435,8.284671589278146,196.88327205882354,5.408425245098039,0.29595838806310326,0.02392093560740185,0.9877196998786525,0.0005722111603334656,7.960542491535459,434.3622452902729,8.938946559015761,0.20319174111710286,0.019020636403869643,0.9729565164087216,0.0003617846092082111,8.382944407007056,556.7970134104332,11.233283095472443,0.1534101525902241,0.016659882571780724,0.9653355864110539,0.00027755168730552316,8.594474269645957,313.87323337178015,7.801353325643983,0.2224150305957974,0.01998743027410313,0.9804581335119512,0.00039949736896213435,8.284671589278146,462.49058809055117,9.810746801181104,0.17739508854102637,0.01792669591487118,0.9712044056739133,0.0003213664264242591,8.460890599839427,434.3622452902729,8.938946559015761,0.20319174111710286,0.019020636403869643,0.9729565164087216,0.0003617846092082111,8.382944407007056,855.5939043972332,13.87095479249012,0.13066754362383803,0.015548713634230923,0.946785135616989,0.0002417624956793186,8.731125882553023,528.7195269390538,11.214783929567858,0.15560970163103266,0.016802920113818547,0.9672007072553703,0.00028233812435136794,8.581150088561188,717.3597609930832,12.398823493083004,0.14993509841326375,0.016385947846033762,0.9553684468517049,0.0002684992868129385,8.63524705720895,959.949283898568,14.37714675429351,0.13575349116907526,0.01570518411974996,0.9404497579596435,0.00024665280823524634,8.728267098929791,1148.941654265873,15.89471726190476,0.12176792137662187,0.015049319981228802,0.9286055730872544,0.00022648203189741246,8.805676326006108,791.8354606383477,13.46957459107313,0.13626694729783329,0.015860554033753003,0.9509618813681651,0.00025155717425759866,8.694022961511145,969.3113839285717,14.44614955357143,0.1358512019150756,0.015606065938027498,0.9397376033965293,0.00024354929406206208,8.731653991097621,1460.4080676154917,17.783686669062163,0.12006388071853583,0.01486806250545625,0.909556811245051,0.00022105928266615398,8.84837041305576,1455.3839174551797,17.993323580677295,0.11281605411478973,0.014551245219463367,0.9096382938077775,0.00021173873743695547,8.874175201509674,1009.4523179642226,15.113252708490805,0.1270806007181475,0.015288587342864805,0.9375897494000955,0.00023374090294040592,8.76530903493945,1220.9493743774901,16.26268364043825,0.12702103983619872,0.015116597283354422,0.9241471383964929,0.0002285115134271183,8.801627707553681,1964.4063366087178,21.09545855379189,0.1084810285307264,0.014167671960203292,0.8785420374037934,0.00020072292877193056,8.946301340316955,fresh_baguette_12.jpg,fresh_bread
168.9896905637255,3.891222426470588,0.5103473703814134,0.07720867324092175,0.9886137463797264,0.005961179223623427,6.921408624236664,459.3718108419839,7.002845059592465,0.40599318621975244,0.06712214106299141,0.9690154256899483,0.004505381820880118,7.325638753948579,322.5427696078432,4.872640931372549,0.48654476055680723,0.07162291798385637,0.9781775641993373,0.005129842380522215,7.025573731915143,458.79188004613616,6.8843675509419455,0.4182907511556167,0.06794582953429394,0.9690545296158004,0.0046166357511033315,7.291868511465042,379.6499138779527,7.213890255905512,0.38656447551830797,0.06948882194554612,0.9744983581381385,0.004828696375379812,7.4190955410092165,459.3718108419839,7.002845059592465,0.40599318621975244,0.06712214106299141,0.9690154256899483,0.004505381820880118,7.325638753948579,751.8698788139764,9.036032849409448,0.3613831327228807,0.06177721293140535,0.949074295487261,0.0038164240375721963,7.545321378502063,458.79188004613616,6.8843675509419455,0.4182907511556167,0.06794582953429394,0.9690545296158004,0.0046166357511033315,7.291868511465042,573.2734375,9.281527915019762,0.33882481186529845,0.06603790949788442,0.9615395016741176,0.0043610054908507735,7.620228883508011,985.509563519127,11.901311302622606,0.30209595151630625,0.058584093181256694,0.9336609718824148,0.003432095973870167,7.7376727853775025,1165.3933115118575,12.299129199604742,0.3084434109488561,0.05510649658625565,0.9208926986499577,0.0030367259660110057,7.797928483748366,983.6996558993119,11.601788703577409,0.3298838444477095,0.0603420855231204,0.9337826911382083,0.0036411672852795767,7.673444898900714,770.410373263889,11.11845858134921,0.2998730195985625,0.0636686978890857,0.9483779280711355,0.004053703090891667,7.760700441897811,1495.9916105547657,15.782671186864347,0.24855210538246938,0.05173166342077971,0.8992090690166066,0.0026761650002808373,7.98788473456783,1585.8390531994048,15.377185639880956,0.2620148179148998,0.04894107410031075,0.8921128974092439,0.0023952287340921075,7.987278321861057,1485.0035619990936,15.337952475433143,0.2734229557987086,0.05316034599267024,0.8999491918432426,0.002826022386060411,7.92035404272047,971.5632003237051,12.815534736055776,0.27650352179250426,0.062056758759701666,0.9349841528216388,0.0038510413077598093,7.8689309067255735,1992.632495590829,19.266849332325524,0.2110399511950405,0.04621558664047549,0.8656304755603891,0.0021358804485232964,8.16270120070477,2010.9233845866534,18.29215948705179,0.23222284943701899,0.044473578543061845,0.862872142323456,0.0019778991884258908,8.131864219172536,1967.1587144116907,18.613835348954396,0.24215233317118212,0.0475852841821419,0.8673484397913324,0.002264359270695204,8.090332788019271,fresh_baguette_15.jpg,fresh_bread
201.66701899509803,5.711381740196079,0.33587068946680076,0.02948760781768349,0.9867049668203699,0.0008695190148095083,8.002923890377376,478.13293348712034,10.079507881584007,0.22311503944069982,0.022646790484436786,0.9685724044076576,0.0005128771192459766,8.498001532223302,351.5443474264706,7.8808363970588236,0.2610797391095544,0.02465645512690908,0.9768492764508231,0.0006079407794252811,8.304524829331353,517.7278277585544,10.54492887351019,0.2130503178714459,0.022120048901358373,0.9659697692773865,0.0004892965633984858,8.544606562815556,447.8017193651575,10.482268085629922,0.21420895960931524,0.022522352174217334,0.9705348758889826,0.0005072563474594723,8.536864608100593,478.13293348712034,10.079507881584007,0.22311503944069982,0.022646790484436786,0.9685724044076576,0.0005128771192459766,8.498001532223302,800.3447650098426,14.573572834645674,0.15213390706415156,0.01853322073199302,0.9474521458496928,0.0003434802707007759,8.840404615680688,517.7278277585544,10.54492887351019,0.2130503178714459,0.022120048901358373,0.9659697692773865,0.0004892965633984858,8.544606562815556,662.3476562500001,12.952244935770754,0.1856658318192418,0.020794183599859364,0.9564248339354005,0.00043239807158466015,8.70377068396989,914.697857895716,15.893592287184575,0.14841037387331724,0.0183989024218046,0.9401724224623105,0.00033851961032708717,8.861889619739209,1245.0684597332015,18.596868824110672,0.12852698345841038,0.016740629924544222,0.9183167465345993,0.00028024869027054545,9.01754685912428,1067.6381207762415,17.158549817099637,0.1409363471002285,0.01777858623277592,0.9301684932588656,0.0003160781284362494,8.92619039648848,868.9904358878969,14.909985739087304,0.169700009845102,0.019774983199568313,0.9428403636905298,0.000391049960543209,8.802223505538624,1358.0413848052617,19.66578137449421,0.12678685486440955,0.016889091908144742,0.9112582689291312,0.00028524142548176016,9.014395957500353,1692.3549107142858,22.04448784722222,0.11238579207613603,0.015552737138561446,0.8890624672350613,0.00024188763250118845,9.130532368165607,1626.8679560686778,21.568076364261273,0.1191876227143795,0.0161535666187405,0.8936885653785559,0.0002609377145060874,9.087232874695156,1091.3193476095619,16.8206860059761,0.15865886981791635,0.019025373136597107,0.9282368093826862,0.00036196482298675084,8.883962708367658,1772.857142857143,22.915595867976823,0.1119124337821103,0.015815692654101682,0.8842686311684427,0.00025013613412900595,9.116726407448796,2165.973870144423,25.398421937251,0.10137820678717581,0.014729938455937999,0.8581285081327596,0.00021697108691572114,9.2181488097664,2178.0226914840014,25.494094860166292,0.10329525165695351,0.014961523239406523,0.8578087848383277,0.00022384717764330146,9.19948655380563,fresh_baguette_16.jpg,fresh_bread
347.1891237745099,7.65091911764706,0.3266186485651204,0.09511861214265403,0.9761637876188227,0.00904755037594465,7.936104714605511,685.2778931180317,11.929334871203384,0.24570565331538305,0.08941604704504319,0.9528397638215531,0.007995229469161376,8.315501775827064,454.48080575980407,8.842693014705883,0.29323623866657667,0.09057678696891407,0.9687351872910113,0.00820415433761204,8.07931123656356,757.8484736639755,12.858854286812766,0.23941731084198167,0.08939628547365236,0.9478446108122989,0.007991695856486748,8.375202334321354,826.3691252460629,13.997139517716535,0.23497559503433094,0.09240096213055214,0.9432442992646101,0.00853793780265173,8.41375950036372,685.2778931180317,11.929334871203384,0.24570565331538305,0.08941604704504319,0.9528397638215531,0.007995229469161376,8.315501775827064,1097.0647760826773,16.26787032480315,0.20530296484288352,0.08604550301669148,0.9243475615644247,0.007403828589395462,8.557140703761359,757.8484736639755,12.858854286812766,0.23941731084198167,0.08939628547365236,0.9478446108122989,0.007991695856486748,8.375202334321354,1270.401726161067,17.92877655632411,0.21212860586646776,0.09118676607167837,0.9126604641698618,0.008315026306610993,8.578586406625531,1422.1539773079544,19.014167028334054,0.18867434827754886,0.08428914506320775,0.9018486748983088,0.00710465997548648,8.655523243602403,1711.6062870553362,21.207942193675894,0.180637387924097,0.08138350146407933,0.8816478907579405,0.0066232743105538025,8.75329957616103,1621.8642507285012,20.992373984747964,0.18279793695755353,0.08421260061680225,0.8880574337513716,0.0070917621026450415,8.734348708333954,1699.4333767361113,21.21723090277778,0.19948322710817995,0.08993821466886331,0.8830518923288803,0.00808888245782254,8.68322521324816,2174.0743645424864,24.618663000515554,0.16659458363180205,0.07948487233063872,0.8493831302400401,0.006317844929417938,8.847557474974106,2305.9202008928573,25.473989335317466,0.1644579647573995,0.07677885084088575,0.840110666054727,0.005894991936446981,8.889974797950348,2420.44496867628,26.732803199550062,0.16230695569202389,0.07937839224302429,0.8322882756995852,0.006300929155087419,8.914374904503227,2144.033848979084,24.327611429282868,0.18978864532523562,0.08917198512451087,0.85232105915201,0.007951642931045987,8.769387821217467,2887.151203073823,29.384794658604193,0.1500233000106003,0.0745190601095797,0.799212703586935,0.005553090319615153,8.972185220328434,2909.08189118526,29.43896289840638,0.15116033852102284,0.07263776015755094,0.7977009264922592,0.005276244200705895,8.997694741356753,3157.810909549005,31.680839002267575,0.14529775506580941,0.07444555221967675,0.7803288857001096,0.005542140245292617,9.0464271579563,fresh_baguette_17.jpg,fresh_bread
1049.1381893382354,15.494745710784315,0.16801403232697276,0.014326254427856327,0.9304916394278456,0.000205241565931673,9.137364673409902,1357.48738177624,19.45437908496732,0.11159321865956158,0.012458788238040789,0.9103671360960595,0.00015522140436034348,9.337971978418638,426.36744791666666,8.909727328431373,0.23316273180953637,0.01848220493304063,0.9718290448520713,0.0003415918991869113,8.614956472643572,1407.0196078431375,19.982345251826224,0.10749039475357822,0.01218913124018246,0.9070966142518248,0.00014857492039039197,9.365681086323463,2539.122493233268,28.826940821850393,0.10511367151320539,0.010898529778439725,0.8318948618862634,0.00011877795133153742,9.648936057411717,1357.48738177624,19.45437908496732,0.11159321865956158,0.012458788238040789,0.9103671360960595,0.00015522140436034348,9.337971978418638,985.2568282480315,16.58169291338583,0.13137479180081305,0.013796098012188314,0.935124114614016,0.00019033232036190636,9.174909147773327,1407.0196078431375,19.982345251826224,0.10749039475357822,0.01218913124018246,0.9070966142518248,0.00014857492039039197,9.365681086323463,4061.633661684782,38.65546257411067,0.08521510276804145,0.009751294599869023,0.7308927038531597,9.508774637343478e-05,9.845621743697624,2989.0766476532954,33.332212164424334,0.062436128459774684,0.009807466250015457,0.8034515497747866,9.618639424519224e-05,9.754229230286496,1541.4372375247035,21.70638278162055,0.10457998090589721,0.012169949953829726,0.8984611366497796,0.00014810768187872018,9.402396691405112,3163.64041478083,34.59701469402939,0.05918680261093224,0.009599106752507403,0.7919731815141409,9.214285044603323e-05,9.78579351315599,5592.030660962302,47.52039930555555,0.07156383950322136,0.008964251988928619,0.6292638490740395,8.035781372101069e-05,9.969683239762192,4708.938336796389,44.214594822603075,0.04657950504109303,0.008658909518574173,0.6900107220820835,7.497671405085441e-05,9.95007787266041,2107.442072792659,26.196258060515877,0.09037949850064442,0.011206236347072908,0.8611403288062917,0.00012557973306645794,9.546708156741591,4965.221578215565,45.859082316549234,0.0437586990534564,0.00850008990627562,0.6731404695427078,7.225152841476867e-05,9.972688428506943,7125.535498630479,55.83047497509961,0.06392451523281166,0.008456353024355639,0.5274658703461219,7.150990647252875e-05,10.05547570250914,6437.438051146385,54.09482867220963,0.03758371401816721,0.007926409659338537,0.5758586659275317,6.282797008765528e-05,10.071935821910724,2668.7890313745024,30.078311752988053,0.08060978309255767,0.010571443313039218,0.8241222632449894,0.00011175541372080159,9.648680209734106,6763.421863189721,56.01209372637945,0.034094424638800275,0.007813927924444403,0.5543836633445077,6.105746960841202e-05,10.091713556474637,fresh_baguette_2.jpg,fresh_bread
432.71968443627463,7.693795955882354,0.3128251933083843,0.0694479339438608,0.9720785571289974,0.004823015529070853,7.953310834718956,770.1081430219147,11.342745098039217,0.267617112977339,0.06448480020955606,0.950213737434068,0.004158289458066362,8.237870170395848,534.7738357843137,8.306127450980393,0.3117425964055944,0.06584961866007391,0.9653945128294609,0.004336172277677155,7.989445076670192,947.7140176855057,13.073986928104574,0.23717474672097966,0.06415439332461617,0.9387318010471132,0.0041157861828495556,8.370990509270948,1003.2835875984252,14.402159202755907,0.21773527123704325,0.06741915502813993,0.9353279954873945,0.004545342464708366,8.467090494675489,770.1081430219147,11.342745098039217,0.267617112977339,0.06448480020955606,0.950213737434068,0.004158289458066362,8.237870170395848,1246.839474655512,15.596918061023624,0.2113195975308898,0.06010759111000994,0.9191612669969966,0.003612922509048146,8.5240334780719,947.7140176855057,13.073986928104574,0.23717474672097966,0.06415439332461617,0.9387318010471132,0.0041157861828495556,8.370990509270948,1613.8359683794465,19.462697628458496,0.18559324688667492,0.06640947804783652,0.8959742074181763,0.004410218774586081,8.685070554450498,1420.6189472378942,17.415493830987657,0.19986274556330758,0.05906532141586821,0.9080715711450056,0.00348871219395982,8.598713587920866,2005.5558145998027,21.484483078063246,0.17475917149929024,0.05563489365692129,0.8695716805959378,0.003095241392216941,8.77779939499333,2094.792702585405,22.799739599479203,0.1691822171790514,0.05887421379562819,0.8644457127916786,0.0034661730500533364,8.80179217032108,2243.041589161706,24.097733754960316,0.16508594702937252,0.06548734370841232,0.8554239729887722,0.004288592185983731,8.830045635798028,2240.571700854567,23.424924619975314,0.16672733174734503,0.05426258535129431,0.8545618677899145,0.0029444281690065,8.827254697886227,2787.8627542162703,26.997798859126988,0.15082615946412226,0.051395455443686844,0.8181486521935198,0.002641492840264,8.953475170474622,3319.6627661735074,31.21286069146527,0.13817889683264128,0.05412517803292886,0.784517305071252,0.0029295348970962446,9.040170729907302,2875.450012450199,28.409051294820717,0.15204364466280268,0.06487002393218382,0.8146983167181804,0.0042081200049621,8.940714923681117,2929.9414367598893,27.975009448223734,0.14786062730446858,0.049875490773750454,0.8092318782637967,0.0024875645799224667,8.969517219418115,3583.610993525897,32.214921563745015,0.13326927670840033,0.048005320601234636,0.7654663006970557,0.002304510806027322,9.090139952409597,4518.306736583523,38.803839128243894,0.11912727580479024,0.049762400314199644,0.7058165049336454,0.002476296485030657,9.198887731881934,fresh_baguette_25.jpg,fresh_bread
168.9896905637255,3.891222426470588,0.5103473703814134,0.07720867324092175,0.9886137463797264,0.005961179223623427,6.921408624236664,459.3718108419839,7.002845059592465,0.40599318621975244,0.06712214106299141,0.9690154256899483,0.004505381820880118,7.325638753948579,322.5427696078432,4.872640931372549,0.48654476055680723,0.07162291798385637,0.9781775641993373,0.005129842380522215,7.025573731915143,458.79188004613616,6.8843675509419455,0.4182907511556167,0.06794582953429394,0.9690545296158004,0.0046166357511033315,7.291868511465042,379.6499138779527,7.213890255905512,0.38656447551830797,0.06948882194554612,0.9744983581381385,0.004828696375379812,7.4190955410092165,459.3718108419839,7.002845059592465,0.40599318621975244,0.06712214106299141,0.9690154256899483,0.004505381820880118,7.325638753948579,751.8698788139764,9.036032849409448,0.3613831327228807,0.06177721293140535,0.949074295487261,0.0038164240375721963,7.545321378502063,458.79188004613616,6.8843675509419455,0.4182907511556167,0.06794582953429394,0.9690545296158004,0.0046166357511033315,7.291868511465042,573.2734375,9.281527915019762,0.33882481186529845,0.06603790949788442,0.9615395016741176,0.0043610054908507735,7.620228883508011,985.509563519127,11.901311302622606,0.30209595151630625,0.058584093181256694,0.9336609718824148,0.003432095973870167,7.7376727853775025,1165.3933115118575,12.299129199604742,0.3084434109488561,0.05510649658625565,0.9208926986499577,0.0030367259660110057,7.797928483748366,983.6996558993119,11.601788703577409,0.3298838444477095,0.0603420855231204,0.9337826911382083,0.0036411672852795767,7.673444898900714,770.410373263889,11.11845858134921,0.2998730195985625,0.0636686978890857,0.9483779280711355,0.004053703090891667,7.760700441897811,1495.9916105547657,15.782671186864347,0.24855210538246938,0.05173166342077971,0.8992090690166066,0.0026761650002808373,7.98788473456783,1585.8390531994048,15.377185639880956,0.2620148179148998,0.04894107410031075,0.8921128974092439,0.0023952287340921075,7.987278321861057,1485.0035619990936,15.337952475433143,0.2734229557987086,0.05316034599267024,0.8999491918432426,0.002826022386060411,7.92035404272047,971.5632003237051,12.815534736055776,0.27650352179250426,0.062056758759701666,0.9349841528216388,0.0038510413077598093,7.8689309067255735,1992.632495590829,19.266849332325524,0.2110399511950405,0.04621558664047549,0.8656304755603891,0.0021358804485232964,8.16270120070477,2010.9233845866534,18.29215948705179,0.23222284943701899,0.044473578543061845,0.862872142323456,0.0019778991884258908,8.131864219172536,1967.1587144116907,18.613835348954396,0.24215233317118212,0.0475852841821419,0.8673484397913324,0.002264359270695204,8.090332788019271,fresh_baguette_27.jpg,fresh_bread
201.66701899509803,5.711381740196079,0.33587068946680076,0.02948760781768349,0.9867049668203699,0.0008695190148095083,8.002923890377376,478.13293348712034,10.079507881584007,0.22311503944069982,0.022646790484436786,0.9685724044076576,0.0005128771192459766,8.498001532223302,351.5443474264706,7.8808363970588236,0.2610797391095544,0.02465645512690908,0.9768492764508231,0.0006079407794252811,8.304524829331353,517.7278277585544,10.54492887351019,0.2130503178714459,0.022120048901358373,0.9659697692773865,0.0004892965633984858,8.544606562815556,447.8017193651575,10.482268085629922,0.21420895960931524,0.022522352174217334,0.9705348758889826,0.0005072563474594723,8.536864608100593,478.13293348712034,10.079507881584007,0.22311503944069982,0.022646790484436786,0.9685724044076576,0.0005128771192459766,8.498001532223302,800.3447650098426,14.573572834645674,0.15213390706415156,0.01853322073199302,0.9474521458496928,0.0003434802707007759,8.840404615680688,517.7278277585544,10.54492887351019,0.2130503178714459,0.022120048901358373,0.9659697692773865,0.0004892965633984858,8.544606562815556,662.3476562500001,12.952244935770754,0.1856658318192418,0.020794183599859364,0.9564248339354005,0.00043239807158466015,8.70377068396989,914.697857895716,15.893592287184575,0.14841037387331724,0.0183989024218046,0.9401724224623105,0.00033851961032708717,8.861889619739209,1245.0684597332015,18.596868824110672,0.12852698345841038,0.016740629924544222,0.9183167465345993,0.00028024869027054545,9.01754685912428,1067.6381207762415,17.158549817099637,0.1409363471002285,0.01777858623277592,0.9301684932588656,0.0003160781284362494,8.92619039648848,868.9904358878969,14.909985739087304,0.169700009845102,0.019774983199568313,0.9428403636905298,0.000391049960543209,8.802223505538624,1358.0413848052617,19.66578137449421,0.12678685486440955,0.016889091908144742,0.9112582689291312,0.00028524142548176016,9.014395957500353,1692.3549107142858,22.04448784722222,0.11238579207613603,0.015552737138561446,0.8890624672350613,0.00024188763250118845,9.130532368165607,1626.8679560686778,21.568076364261273,0.1191876227143795,0.0161535666187405,0.8936885653785559,0.0002609377145060874,9.087232874695156,1091.3193476095619,16.8206860059761,0.15865886981791635,0.019025373136597107,0.9282368093826862,0.00036196482298675084,8.883962708367658,1772.857142857143,22.915595867976823,0.1119124337821103,0.015815692654101682,0.8842686311684427,0.00025013613412900595,9.116726407448796,2165.973870144423,25.398421937251,0.10137820678717581,0.014729938455937999,0.8581285081327596,0.00021697108691572114,9.2181488097664,2178.0226914840014,25.494094860166292,0.10329525165695351,0.014961523239406523,0.8578087848383277,0.00022384717764330146,9.19948655380563,fresh_baguette_29.jpg,fresh_bread
303.80442708333334,5.658992034313725,0.3872669809909066,0.02901441656033078,0.9813771225550245,0.0008418363683363971,7.829402633089087,722.1714263744714,10.898715878508266,0.25120349076095333,0.02150275069282094,0.9558500002300939,0.0004623682873576114,8.43326940916593,428.80998774509806,7.42328431372549,0.31351186785396795,0.024759562991686662,0.9737162292778655,0.0006130359595392999,8.133534531679876,603.6757247212611,9.31930795847751,0.29129617307646066,0.023506083376318626,0.9630946102092071,0.0005525359556944428,8.244205612226011,711.9671044537404,10.585553026574804,0.2719243226702009,0.022606632000790865,0.9564717949320031,0.0005110598104191815,8.350141242119097,722.1714263744714,10.898715878508266,0.25120349076095333,0.02150275069282094,0.9558500002300939,0.0004623682873576114,8.43326940916593,1020.810162401575,13.768577755905515,0.21090705676882393,0.01927467397568341,0.9376046499765006,0.00037151305686888744,8.641269752563739,603.6757247212611,9.31930795847751,0.29129617307646066,0.023506083376318626,0.9630946102092071,0.0005525359556944428,8.244205612226011,1163.6404706027668,14.597301136363635,0.21831470558762503,0.019642055922391956,0.9288940239041586,0.0003858103608583729,8.630237448740164,1636.3390941781881,19.28007006014012,0.16029208984019455,0.016753884490453525,0.9005039866447123,0.0002806926455194592,8.896563810009116,1639.1613759881425,18.821362401185773,0.16840049714331556,0.016748965316441468,0.8998778559374231,0.0002805278391713593,8.903539096163176,1196.0568386136774,15.017809535619072,0.21031851979607286,0.019023574564447903,0.9272778270260472,0.0003618963892091093,8.637944225860863,1643.537403893849,18.327768477182538,0.18519666469951773,0.0177597369727152,0.8996217601731104,0.00031540825734002726,8.819188673259816,2590.8680185598896,26.167898264306586,0.12207521268001029,0.014470059962332816,0.8426525693561675,0.0002093826353135072,9.145893016951657,2282.301075768849,23.446909102182538,0.1405146445426953,0.015151163179808382,0.8606790042054847,0.00022955774570118122,9.075512809409954,1886.4841037979036,20.314096455185997,0.16696934960017215,0.016620030286609893,0.885440737693726,0.0002762254067278301,8.89282873681764,2132.893628610558,21.87349041334662,0.16222561913701516,0.01641740571099278,0.8698045956161,0.00026953121027933837,8.965541687345521,3529.498551272361,32.24766943814563,0.09861471905640512,0.01305870194044812,0.7858877203002744,0.0001705296963694635,9.303898930998333,2930.1954525647416,27.770309387450204,0.12079660174992427,0.01401397679755146,0.8212372549007697,0.00019639154568231067,9.207689967703708,2524.4563964474683,24.612575585789877,0.1419854037446462,0.015175101831290639,0.8468796132694605,0.00023028371559004047,9.05045234563578,fresh_baguette_3.jpg,fresh_bread
347.1891237745099,7.65091911764706,0.3266186485651204,0.09511861214265403,0.9761637876188227,0.00904755037594465,7.936104714605511,685.2778931180317,11.929334871203384,0.24570565331538305,0.08941604704504319,0.9528397638215531,0.007995229469161376,8.315501775827064,454.48080575980407,8.842693014705883,0.29323623866657667,0.09057678696891407,0.9687351872910113,0.00820415433761204,8.07931123656356,757.8484736639755,12.858854286812766,0.23941731084198167,0.08939628547365236,0.9478446108122989,0.007991695856486748,8.375202334321354,826.3691252460629,13.997139517716535,0.23497559503433094,0.09240096213055214,0.9432442992646101,0.00853793780265173,8.41375950036372,685.2778931180317,11.929334871203384,0.24570565331538305,0.08941604704504319,0.9528397638215531,0.007995229469161376,8.315501775827064,1097.0647760826773,16.26787032480315,0.20530296484288352,0.08604550301669148,0.9243475615644247,0.007403828589395462,8.557140703761359,757.8484736639755,12.858854286812766,0.23941731084198167,0.08939628547365236,0.9478446108122989,0.007991695856486748,8.375202334321354,1270.401726161067,17.92877655632411,0.21212860586646776,0.09118676607167837,0.9126604641698618,0.008315026306610993,8.578586406625531,1422.1539773079544,19.014167028334054,0.18867434827754886,0.08428914506320775,0.9018486748983088,0.00710465997548648,8.655523243602403,1711.6062870553362,21.207942193675894,0.180637387924097,0.08138350146407933,0.8816478907579405,0.0066232743105538025,8.75329957616103,1621.8642507285012,20.992373984747964,0.18279793695755353,0.08421260061680225,0.8880574337513716,0.0070917621026450415,8.734348708333954,1699.4333767361113,21.21723090277778,0.19948322710817995,0.08993821466886331,0.8830518923288803,0.00808888245782254,8.68322521324816,2174.0743645424864,24.618663000515554,0.16659458363180205,0.07948487233063872,0.8493831302400401,0.006317844929417938,8.847557474974106,2305.9202008928573,25.473989335317466,0.1644579647573995,0.07677885084088575,0.840110666054727,0.005894991936446981,8.889974797950348,2420.44496867628,26.732803199550062,0.16230695569202389,0.07937839224302429,0.8322882756995852,0.006300929155087419,8.914374904503227,2144.033848979084,24.327611429282868,0.18978864532523562,0.08917198512451087,0.85232105915201,0.007951642931045987,8.769387821217467,2887.151203073823,29.384794658604193,0.1500233000106003,0.0745190601095797,0.799212703586935,0.005553090319615153,8.972185220328434,2909.08189118526,29.43896289840638,0.15116033852102284,0.07263776015755094,0.7977009264922592,0.005276244200705895,8.997694741356753,3157.810909549005,31.680839002267575,0.14529775506580941,0.07444555221967675,0.7803288857001096,0.005542140245292617,9.0464271579563,fresh_baguette_30.jpg,fresh_bread
279.69188112745104,6.576164215686276,0.26409129607571213,0.03166342137008377,0.9847716495232778,0.0010025722528594777,8.134209998200145,483.6777085736255,9.125982314494426,0.2176590561887536,0.02894649135471264,0.9736898618066767,0.0008378993617484535,8.367764794656932,234.05992647058824,5.569607843137255,0.30930157528688573,0.03455028213537758,0.9872534167588277,0.0011937219956341912,7.946363880252353,413.5158938869665,8.38715878508266,0.23559806540552114,0.030874155563474122,0.9775065495907418,0.0009532134817576,8.27799489920638,680.2259781003938,12.027189960629924,0.16671761987115274,0.025754237576294383,0.9630040624558333,0.0006632807531362136,8.637611926443341,483.6777085736255,9.125982314494426,0.2176590561887536,0.02894649135471264,0.9736898618066767,0.0008378993617484535,8.367764794656932,566.9481576033464,10.25259904035433,0.208677272454235,0.028837764429344843,0.9691547395759402,0.0008316166572823867,8.459617949943063,413.5158938869665,8.38715878508266,0.23559806540552114,0.030874155563474122,0.9775065495907418,0.0009532134817576,8.27799489920638,1099.853924777668,15.90901371047431,0.13767750259296468,0.022394026672803713,0.9401846453437218,0.0005014924306222441,8.844449978376812,1064.696896893794,15.271359042718085,0.14648323983426975,0.02323349173990846,0.9422020670961871,0.0005397951384283946,8.781688319597507,926.7644515810277,13.89161314229249,0.17183456624052157,0.025415015699562973,0.9495590714946041,0.0006459230230090324,8.704134518862192,815.9674499348998,13.256339512679027,0.16325872556546558,0.026090470632932412,0.9557058334731857,0.0006807126578479086,8.667112170703987,1531.4948691716272,19.1935298859127,0.12009311440315329,0.020118430598635353,0.91669726140434,0.00040475124975210725,8.96618399437247,1681.587386148823,20.150119514443283,0.11693429288922913,0.01975308381814529,0.9086781989948263,0.00039018432032667324,8.978681962947466,1301.9827163938492,17.098756820436506,0.14760970603430829,0.023008146069473566,0.929108611738223,0.0005293747855542319,8.856487693161284,1288.0927369588653,17.222359355715604,0.13338478064127013,0.02310929440936607,0.9300527422178206,0.000534039488098758,8.85169003661912,1966.0695810507968,22.27491596115538,0.10793611364419356,0.01828691880113549,0.8930336480903767,0.00033441139923932265,9.065290770851806,2265.6204491055682,24.266518644494838,0.10190912441199991,0.017414994133749376,0.8768836471051413,0.0003032820206785252,9.109888847727905,1677.0126680776896,20.05070343625498,0.1309757569001495,0.02091604227879588,0.9086481379624083,0.0004374808246083768,8.972155095261222,1697.322515117158,20.258865583270342,0.11872055246279828,0.02085521058864948,0.9077789998897318,0.0004349398086969174,8.966706395756926,fresh_baguette_4.jpg,fresh_bread
181.42037377450984,4.800949754901962,0.3681485880559463,0.05404607586015949,0.9882396508056858,0.0029209783158821146,7.638738880125857,362.7321645520953,8.14069973087274,0.25612561426671954,0.04724607740252025,0.9764505572158452,0.0022321918299249345,8.12106152100801,249.7825674019608,6.16109068627451,0.2988568128244373,0.04851699038507982,0.9837828575931077,0.0023538983560259276,7.90387158497731,399.48413687043444,8.426728181468665,0.2544524557338303,0.0472513995199437,0.9740647540261854,0.0022326947565933356,8.126078824062606,408.73443651574814,8.894192913385828,0.2454657175551388,0.050887311890135914,0.9735053248712048,0.0025895185114039676,8.174131127718251,362.7321645520953,8.14069973087274,0.25612561426671954,0.04724607740252025,0.9764505572158452,0.0022321918299249345,8.12106152100801,571.4916799950787,11.385503813976378,0.1882282389085979,0.04230343468862633,0.9628392102275747,0.0017895805864548736,8.43894758315473,399.48413687043444,8.426728181468665,0.2544524557338303,0.0472513995199437,0.9740647540261854,0.0022326947565933356,8.126078824062606,621.277776062253,11.543586338932807,0.2081004280583615,0.0498173529422838,0.9596924928375538,0.0024817686541760728,8.384949563368203,678.3694122388245,13.000015500030997,0.1747612175748587,0.04161193414400881,0.9558906820021319,0.0017315530632053258,8.53029081183047,871.3278779644269,14.740149456521737,0.15467208491281081,0.03828077872249196,0.9431666880141951,0.0014654180196003932,8.653307096853942,819.9112623225247,14.095495690991381,0.17280965437397866,0.04145923652174864,0.9466891303773418,0.0017188682929662963,8.558645126628743,829.7334604414684,13.851112971230162,0.1853031146219794,0.049081456504951854,0.9461186319501391,0.0024089893726474804,8.51974060548821,1001.8674248933744,16.41931603368276,0.14736159365471346,0.0377126505130025,0.9345907292287632,0.0014222440087158677,8.71780661792667,1166.3610801091268,17.64887152777778,0.13413169030920188,0.03501163889024417,0.9236861708103621,0.001225814857780858,8.794008268301107,1241.1011264040994,18.18381790060773,0.14131864534859914,0.037600508828091184,0.9189758832846641,0.001413798264131363,8.767604644472769,1050.2471364541834,15.953965388446218,0.17089505663218846,0.04866090617360129,0.931734162308425,0.002367883789636028,8.621032906571077,1273.682240488788,19.06108276643991,0.13059880453165001,0.034423646172626846,0.916499549638298,0.0011849874158182067,8.837695857505373,1477.1357227340638,20.370066608565736,0.12041868642522609,0.03206361984413773,0.9030534617429757,0.0010280757175093825,8.903968075734344,1643.36613441673,21.73162320483749,0.12118364027226727,0.034366522184205016,0.8922700218497177,0.0011810578470374553,8.908114425790107,fresh_baguette_8.jpg,fresh_bread
499.2085018382353,8.34453125,0.30147926810143577,0.057963938410577974,0.9666390921311009,0.0033598181560652767,8.166941654167328,898.7905882352943,13.148389081122648,0.22206282110398404,0.052765825198138334,0.9400288900360401,0.0027842323088404907,8.554403447513398,451.97363664215686,8.223207720588237,0.289692304448088,0.05471460768126878,0.9697938870695338,0.0029936882937151572,8.175136724523878,808.0646981930028,12.040215301806999,0.23374240754960718,0.05294540069818559,0.9460822205235747,0.002803215455091431,8.477051330125716,1192.3440883366143,15.49224901574803,0.20971215724062672,0.055186458858387716,0.9204514448062787,0.00304554524132852,8.672529247040043,898.7905882352943,13.148389081122648,0.22206282110398404,0.052765825198138334,0.9400288900360401,0.0027842323088404907,8.554403447513398,1074.8194666584648,15.305164247047248,0.1945769253875314,0.04792284920749226,0.9282800156430724,0.0022965994761640417,8.708107608200171,808.0646981930028,12.040215301806999,0.23374240754960718,0.05294540069818559,0.9460822205235747,0.002803215455091431,8.477051330125716,1914.7809875247035,20.858587574110672,0.18155062202347627,0.054182478080323095,0.8723348739778225,0.0029357409309246924,8.87757576148974,1964.2464039928082,22.198136896273795,0.15664949669291311,0.046686107523939334,0.869358163691041,0.002179592635736825,8.975466759237236,1743.762830410079,20.83589118083004,0.15890899875399458,0.04264988331980963,0.8838269543436087,0.001819012547193376,8.956508384655754,1654.3544237088477,19.45498790997582,0.17277420892114706,0.04710998116925358,0.8899667044164676,0.002219350325767427,8.86776259426369,2652.7108754960323,25.69410342261905,0.16337003929476268,0.05372477812500421,0.823250510794243,0.0028863517845809307,9.016963357407791,3086.934946648128,29.803512006124137,0.13010757698687625,0.04156198718165737,0.7951412134470965,0.0017273987784882517,9.199743424034128,2424.6043371775795,25.789233010912703,0.1352329619580738,0.037993745799492676,0.8387283524603337,0.0014435247198764673,9.12557066721456,2629.945445171773,26.26402537143214,0.14168928156200383,0.04180066709942027,0.8254599787719342,0.0017472957699565562,9.093985951853353,3394.6508497260957,30.23968189741036,0.1518977736198734,0.0535033798426437,0.7739425373737328,0.002862611654586212,9.117480781717568,4139.928996598639,36.41545414462081,0.1099179295993169,0.03695221755994961,0.7258807980420905,0.0013654663825978484,9.355446015077156,3099.464641434263,30.403044073705182,0.11844906029828084,0.03416135605216657,0.7941809111627651,0.0011669982473228974,9.25483613873249,3544.125818846057,32.03750944822374,0.12463801873877142,0.03731609159476178,0.7653102478345891,0.0013924906919086507,9.248366322574961,fresh_baguette_9.jpg,fresh_bread
548.6440257352942,12.122855392156865,0.19095133177617574,0.019426864460053848,0.9655153082935591,0.00037740306274930326,9.000219877100118,944.3581545559402,17.448565936178397,0.14183795704874205,0.016654340967302894,0.9407576122863083,0.0002773670730551835,9.302449809518613,470.7694546568629,11.329871323529414,0.1990550601025902,0.020127743808040072,0.970414343836698,0.0004051260708020954,8.946456613645658,846.954402153018,16.655470972702805,0.1459956685875195,0.016800461343418418,0.9468686775304587,0.0002822555013516966,9.270011386593112,1325.2281926673231,21.894654281496067,0.114340401626644,0.014648439518233067,0.9168568431118698,0.00021457678031933222,9.483645633355547,944.3581545559402,17.448565936178397,0.14183795704874205,0.016654340967302894,0.9407576122863083,0.0002773670730551835,9.302449809518613,1132.2094149852364,20.39722256397638,0.12174643774177002,0.015495013619849514,0.9289852003292746,0.00024009544707932195,9.425201029240299,846.954402153018,16.655470972702805,0.1459956685875195,0.016800461343418418,0.9468686775304587,0.0002822555013516966,9.270011386593112,1958.529103878459,26.966758275691703,0.09942349175911183,0.013635509285235638,0.8769975471451715,0.00018592711346774728,9.624205688823604,1974.5878386756776,27.349727199454403,0.09452100193577448,0.013804185242938413,0.8765979629031339,0.00019055553022135865,9.61859604416745,1632.0465816452568,24.666486536561266,0.10546771758420985,0.014256981490294748,0.8975802223466807,0.00020326152121460703,9.559319188652303,1637.454088908178,25.17254634509269,0.09831612947101843,0.013878414775860258,0.8976713933169165,0.00019261039669081636,9.573223636463588,2533.128611731151,30.89491877480159,0.08924190226394786,0.012779611446364235,0.8407566483087032,0.00016331846872004376,9.71871354888241,2785.0740364636226,32.73736505803872,0.0824990041997968,0.012713328952658053,0.8256692737143622,0.0001616287330584935,9.744994764407512,2067.3087952628975,27.68494233630953,0.09413810623553107,0.01346248890155149,0.8701918902631993,0.00018123860742439704,9.642230863518181,2280.1209204955558,29.905607024012255,0.08575993848292889,0.012783553694751048,0.8572869757485001,0.00016341924506658317,9.691782203658848,3160.0805527888447,34.993930527888445,0.08189002372634015,0.012149449520992861,0.8011660884160791,0.00014760912366315365,9.800817718458525,3576.154604434367,37.690980095742006,0.0744549867417578,0.011906641611284055,0.7757926835147033,0.00014176811445956096,9.837837934653782,2539.7461560009965,30.765640562749013,0.08789916567055589,0.012928565814553573,0.8404309504793664,0.0001671478140212433,9.708810355934228,2886.547052154195,33.92482363315697,0.0757879279104842,0.012081864148284712,0.819047107002232,0.00014597144129760748,9.77474064146439,fresh_bread_1.jpg,fresh_bread
310.1455575980392,6.844087009803921,0.2985813361765765,0.02266846846351507,0.9804122901954041,0.0005138594624813774,8.223781050987178,568.0257285659362,10.448396770472897,0.21674221223433976,0.018687269571740023,0.9641598787534043,0.00034921404404688054,8.579412866542413,303.7308976715687,6.439721200980394,0.34340639374829063,0.02516261637790844,0.9808077670840954,0.0006331572629817861,8.082059815181088,541.3065282583622,10.15758554402153,0.22748068695763488,0.01933629274058633,0.96584561690048,0.0003738922169496516,8.541710130080544,726.4057117372049,12.69446665846457,0.19345077645571207,0.01717295733947214,0.9541911726390969,0.00029491046378333,8.764777881663484,568.0257285659362,10.448396770472897,0.21674221223433976,0.018687269571740023,0.9641598787534043,0.00034921404404688054,8.579412866542413,715.3842734990159,11.982575664370081,0.23358658894077702,0.01939373593944874,0.9548383192932128,0.00037611699368906567,8.61913772429796,541.3065282583622,10.15758554402153,0.22748068695763488,0.01933629274058633,0.96584561690048,0.0003738922169496516,8.541710130080544,1173.1249536808302,17.045253829051386,0.15248114657147807,0.015085557845806372,0.92604573072734,0.0002275740555191702,8.998777880850426,1219.8091636183271,17.788052576105155,0.1330085436063324,0.01445728780500847,0.9232218902722215,0.00020901317067684665,9.041362666062358,1150.0628087944663,16.09350296442688,0.1850984873027062,0.016833416355125502,0.9273602672586694,0.0002833639061850067,8.869913868139143,1114.9068448136895,16.94574989149978,0.14253485781528888,0.014984850872869054,0.9298236309058161,0.00022454575568212445,8.997497615794828,1626.5979817708335,20.86140562996032,0.1301305426309693,0.013896598319766654,0.8974986645711127,0.00019311544486094138,9.147712496168214,1924.6952147354277,23.540189660828943,0.10232069217558819,0.012813551244667274,0.878834613273285,0.00016418709549971425,9.250600773534325,1594.9823443700398,19.73904079861111,0.1569636601114326,0.01529504967057885,0.8991980875914144,0.00023393854442547415,9.034504047197252,1730.7162586511272,22.23017075723726,0.10984953840862582,0.013169411382517872,0.8910434047542518,0.0001734333961619913,9.212544313815409,2091.901814616534,24.349399277888452,0.11497120387200921,0.013098320924272284,0.8682235738331763,0.00017156601103522916,9.25301937884846,2595.720143613001,28.429169816074584,0.08454015079984539,0.011797638527459084,0.8365566620434178,0.00013918427482458696,9.383567273687802,2043.708634213148,23.023842131474105,0.13780339681624726,0.014238418514716949,0.8707460750907586,0.00020273256180023438,9.154193172614455,2277.4625220458556,26.406147644242886,0.08941571386695504,0.012070026211521985,0.8565938852204444,0.00014568553274682777,9.347996021209934,fresh_bread_12.jpg,fresh_bread
440.76969975490204,7.460968137254904,0.3029152433666354,0.025156290390697614,0.9744386809225845,0.0006328389462211051,8.104497665720688,636.3736409073433,10.21459438677432,0.23814860335945925,0.021697793220782417,0.9631636337567809,0.00047079423065183137,8.371813414623224,312.8323835784314,6.182291666666667,0.33328669963943447,0.0271824220584804,0.9818699419766327,0.0007388840689653618,7.931521773428105,712.5548173779316,10.609227220299886,0.23906653609733952,0.021816403617628377,0.9587540792956504,0.0004759554668072686,8.373756239890188,1059.9161540354332,13.780604084645672,0.19494299918527896,0.019009971157202092,0.9386062948402717,0.0003613790033976554,8.614608240336857,636.3736409073433,10.21459438677432,0.23814860335945925,0.021697793220782417,0.9631636337567809,0.00047079423065183137,8.371813414623224,737.5752491387796,11.40343565452756,0.21614563914275634,0.020739607036318237,0.9573350952586543,0.00043013130002090086,8.447584801392807,712.5548173779316,10.609227220299886,0.23906653609733952,0.021816403617628377,0.9587540792956504,0.0004759554668072686,8.373756239890188,1676.526216650198,18.47230113636364,0.1579257020100609,0.01680801638954005,0.9029391498168275,0.000282509414951047,8.829462573481166,1293.6029357058712,16.538548577097153,0.1571625425127429,0.0172370171348714,0.9253508651596176,0.00029711475970785025,8.764383933536202,1149.51176506917,15.077630928853758,0.17305785254518008,0.018241691700696328,0.9334503881244538,0.00033275931610325324,8.677986194306133,1551.312558125116,17.925274350548698,0.1583970044066348,0.01717435259936656,0.9104809107387354,0.00029495838720736893,8.790275648313788,2304.3403862847217,22.6337890625,0.13582536838238823,0.015432757649252586,0.866653157598465,0.0002381700086605642,8.97419064816491,2049.2198128388195,22.05835116936681,0.12421944581659565,0.015165228008092975,0.8817068871066935,0.00022998414053744765,8.979597111228866,1568.9735863095239,18.298332093253972,0.14606778236019355,0.01671104002568585,0.9090933991979628,0.00027925885874007455,8.826605180406277,2384.936415191614,23.857816869502724,0.12401492547887402,0.015079881807580037,0.8623311449676602,0.00022740283533058338,9.007997088147764,2934.7065176792835,26.647254731075705,0.11846783269634786,0.014411071964801226,0.8302431592255872,0.00020767899517467985,9.084509287250192,2784.995055429579,26.778754094230287,0.10505100101748313,0.013939158981761873,0.839181809750815,0.00019430015311883272,9.118597684581088,1996.7850473107571,21.354301543824704,0.12853253709258058,0.015609825151186358,0.8842110730609704,0.0002436666412506102,8.942274769401319,3236.198743386243,29.36043398841018,0.10416173794823272,0.013771238508303685,0.8131327524910095,0.0001896470100525863,9.15309770066309,fresh_bread_15.jpg,fresh_bread
376.33592218137255,5.845021446078431,0.3623449705714541,0.028093456475803358,0.9762444835962765,0.0007892422967578575,7.715403963765517,598.5979392541332,8.435755478662053,0.2941448656851729,0.024306669815880887,0.9622540766413233,0.0005908141975382549,7.996240329855478,265.34244791666663,4.692417279411765,0.4013638003256941,0.0305348088040718,0.9832635658566445,0.0009323745487012207,7.518839306736882,566.2326643598617,8.014655901576317,0.3078094309170855,0.025188393702478645,0.9642944938883039,0.0006344551773110658,7.932331542173351,850.5364942175197,10.946558193897637,0.2433643484706326,0.02142778259571362,0.946325300922192,0.0004591498669691675,8.245986105655474,598.5979392541332,8.435755478662053,0.2941448656851729,0.024306669815880887,0.9622540766413233,0.0005908141975382549,7.996240329855478,591.0632689468504,8.783833661417322,0.2740367039550369,0.023355378017653906,0.9627582247905802,0.0005454736823475113,8.052605729131725,566.2326643598617,8.014655901576317,0.3078094309170855,0.025188393702478645,0.9642944938883039,0.0006344551773110658,7.932331542173351,1361.6143157114623,15.156188241106719,0.1949019005586234,0.018758603027610524,0.9139988780935924,0.00035188518754747866,8.506639304894454,1246.544872589745,14.62779775559551,0.19872205002468785,0.019149405386915796,0.9215005754645735,0.00036669972667243973,8.451981149561924,965.9962018280632,12.229187252964426,0.2177283184649497,0.02023071901532864,0.9391138103249322,0.00040928199187717984,8.331342498866551,1121.6671523343048,13.351664703329408,0.21394340743563905,0.020159070025692942,0.9293610538624281,0.0004063881043007917,8.360594105269914,1897.5685763888887,19.127418154761905,0.1644373962449309,0.017082480071078383,0.8800419246916267,0.00029181112537879014,8.681628672470177,1986.0669280882375,20.269680826133822,0.1569670281465406,0.01661556899426137,0.8747825504838124,0.00027607713300305974,8.7149204865836,1360.3977399553573,15.484948536706352,0.18274179619102748,0.018275567748859366,0.9142283899085171,0.0003339963765431486,8.520761794648784,1779.0553515911824,18.42084706838101,0.16803085956946462,0.017531562645877276,0.8878219101627567,0.0003073556888063194,8.621609995569074,2442.85515749502,22.919587275896415,0.1442114702537296,0.015868594244105867,0.8454424641164316,0.0002518122832840699,8.813454239443136,2729.7717466616277,25.501369992441425,0.12974479536276015,0.014963632106498977,0.8276924648280322,0.00022391028581864703,8.894087683627344,1760.3746731822716,18.576490911354583,0.1586566728794424,0.016876985109710595,0.8889681489983805,0.0002848326263933932,8.665409369754652,2410.232142857143,22.85648148148148,0.14002040955963296,0.015966302284466494,0.847832330715884,0.00025492280863896003,8.791967623864126,fresh_bread_16.jpg,fresh_bread
424.2430300245098,8.941743259803921,0.24906021156676245,0.05475469333494362,0.9746019473644092,0.0029980764422037195,8.372978053377789,956.8859515570936,14.74646674356017,0.17754991710781623,0.04957823524948512,0.9428133851799826,0.0024580014104532886,8.755938302528707,573.0525735294118,10.196507352941179,0.22842266879032025,0.050727907152334724,0.9657288084914843,0.0025733205640558927,8.460449041554062,821.3253364090735,13.677570165321033,0.19010456240411758,0.04975854298891298,0.9509152496577787,0.002475912600379501,8.700244860889109,1020.3853500246063,16.29984313484252,0.16762603990593933,0.052962723584331434,0.9389598204616516,0.002805050089470297,8.839646084983913,956.8859515570936,14.74646674356017,0.17754991710781623,0.04957823524948512,0.9428133851799826,0.0024580014104532886,8.755938302528707,1380.7115526574803,18.786694143700785,0.1482046408013118,0.04475938097097585,0.9175712031643388,0.002003402184904955,8.955440442611824,821.3253364090735,13.677570165321033,0.19010456240411758,0.04975854298891298,0.9509152496577787,0.002475912600379501,8.700244860889109,1584.3080070405135,20.71694355237154,0.15084806888082336,0.052497833824318434,0.9051707194081948,0.0027560225562457525,8.999105409235934,2112.9410068820134,24.30755161510323,0.12903454276496834,0.04410739516471643,0.874039804270948,0.0019454623082164502,9.12047749582822,2196.415112401186,24.806138833992097,0.12400358392000574,0.03952046386161575,0.8689405050087678,0.0015618670638372764,9.166834338683525,1627.2158844317692,21.08993117986236,0.14135824178315826,0.04434418819439861,0.9029981401328167,0.0019664070266202406,9.030684647413644,2139.879526289683,24.35401165674604,0.14134649603661364,0.05223463576347047,0.8718424633422328,0.002728457173342428,9.091867672816075,3272.04040056867,31.632457935602808,0.11036196380759022,0.039061358316631684,0.80492481687355,0.0015257897135402911,9.309584660897858,3025.5270337301586,30.077969990079367,0.10810652540393509,0.0347239227916496,0.8195629413529593,0.0012057508140404423,9.30761676501003,2498.444890562265,26.979440391194984,0.12043684211487156,0.039260649567742036,0.8510537324596955,0.001541398604481043,9.21069731907416,2730.579354457171,28.002536728087648,0.13638132959428728,0.051960739876872594,0.836353022381578,0.002699918488552018,9.175592071347783,4439.694318468128,38.4819853867473,0.0966418201200424,0.034423970326665373,0.7352886383143488,0.0011850097330511383,9.453049767689432,3877.6067915836657,35.175672310756966,0.09702978420935574,0.03106726803817081,0.7688761131860343,0.0009651751433555494,9.419634011886064,3307.2254976064505,31.788454270597132,0.10734604353077293,0.03467216161092813,0.8028299585954343,0.0012021587907743183,9.331077572734682,fresh_bread_17.jpg,fresh_bread
757.8819546568627,13.974509803921567,0.14863553773485008,0.014873144832352716,0.9523008717295113,0.00022121043720414027,9.174718971855718,1211.6055978469822,19.25225682429835,0.11427952682506798,0.013027674711322728,0.9238352046118601,0.0001697203083840377,9.430225863540599,591.3981770833335,11.997380514705885,0.17203212440460577,0.016543443897410238,0.9627878790293926,0.00027368553598676004,9.022335830603646,1167.8584390618994,18.847474048442912,0.11625137957068998,0.013350147065845752,0.9265849506721723,0.00017822642667970993,9.413024567859681,1867.177626722441,25.6255843996063,0.08455591411250898,0.011263404746076308,0.88260087745346,0.00012686428647393428,9.670364013827092,1211.6055978469822,19.25225682429835,0.11427952682506798,0.013027674711322728,0.9238352046118601,0.0001697203083840377,9.430225863540599,1428.2081077755906,21.91123277559055,0.10160066517241159,0.01263357912362699,0.9102486263673134,0.0001596073214729437,9.53330359919752,1167.8584390618994,18.847474048442912,0.11625137957068998,0.013350147065845752,0.9265849506721723,0.00017822642667970993,9.413024567859681,2922.6628273221345,33.01213562252964,0.06787512023556344,0.009889236195843552,0.816205032780835,9.779699253718227e-05,9.841167281256581,2560.185380370761,30.621117242234487,0.07408036423172557,0.010433996428631286,0.8394306676136336,0.00010886828147269044,9.778274146962199,2193.80068861166,27.881191329051383,0.0821734478423077,0.01114431485830808,0.8620757812607693,0.00012419575366110625,9.710700332162563,2412.177692355385,29.615692231384465,0.07887641153986548,0.010934269430671337,0.8487108059420153,0.0001195582479825137,9.75030302618812,3951.5193142361113,39.15621899801587,0.05747432359984566,0.009041637120509755,0.7514470210133626,8.175120181897993e-05,9.958165876357455,3885.9039978753,38.908762830227005,0.05898360001402588,0.009178047761247492,0.756148548758953,8.42365607077401e-05,9.938995593297072,2937.6879340277783,32.80397445436508,0.07002684987621827,0.010175347569064802,0.8152210794248198,0.00010353769815127298,9.825053333718724,3647.0647565186155,37.453858051211554,0.06356670482146108,0.009652294450672453,0.7711245299879462,9.316678816248221e-05,9.907599963548488,5007.514971364542,45.06922310756972,0.05192362783690642,0.008449060723053134,0.6849032104166752,7.138662710183916e-05,10.043799755395998,5182.74395313681,46.28013983371126,0.048957604276919274,0.008357228504419877,0.6745658847831405,6.98432682750881e-05,10.051643722050173,3734.7247727838644,37.76536043326693,0.06215151307696741,0.009485466792548239,0.7649656905454761,8.997408027253535e-05,9.916253449192784,4823.606182287731,44.19625535399345,0.05498463963136793,0.008837302574767439,0.6970796650382124,7.809791679799118e-05,10.015927280307984,fresh_bread_2.jpg,fresh_bread
205.6279105392157,5.377726715686276,0.30708281744239113,0.044512719669019284,0.9873057847385545,0.001981382212332696,7.780646451028008,422.44039984621304,8.57527104959631,0.22540629210664423,0.04010322073215877,0.9739469854679011,0.0016082683130922493,8.154691438309857,267.34738051470595,6.2093596813725505,0.2878662522743689,0.0429608305501215,0.9835147521745707,0.0018456329615562533,7.885048411010959,440.13970011534025,8.61933102652826,0.22914933610314944,0.04054266486088212,0.9728546466980996,0.0016437076740218061,8.144000445203012,507.82532603346453,9.77915846456693,0.19445888209465514,0.03903200874179089,0.9686441613856702,0.0015234977064192406,8.285788731065175,422.44039984621304,8.57527104959631,0.22540629210664423,0.04010322073215877,0.9739469854679011,0.0016082683130922493,8.154691438309857,660.9290723425197,11.357191190944881,0.17796726523072512,0.036243751656112225,0.9592850616429702,0.0013136095341099378,8.3896666985247,440.13970011534025,8.61933102652826,0.22914933610314944,0.04054266486088212,0.9728546466980996,0.0016437076740218061,8.144000445203012,790.879863512846,12.560847949604744,0.16473399988744133,0.03678963879254807,0.9511020943310229,0.0013534775224861577,8.47307682621167,936.6788238576476,14.046577593155185,0.15517878251931805,0.03449973174238025,0.9422793307756988,0.0011902314902961998,8.528538806180125,1037.1594151432807,14.577337574110674,0.1507466894817972,0.032699704688917544,0.9361084018517289,0.0010692706867424162,8.570623698093655,985.735631471263,14.13010726021452,0.15988357279339233,0.035212959373007426,0.9392489926210728,0.0012399525078050715,8.514567010538013,1071.447265625,14.829427083333332,0.14931221620942792,0.03531743460039073,0.9336699018542173,0.0012473211867528766,8.582502685851823,1430.7318814541704,17.739177303191738,0.13282709930467457,0.030988352626852674,0.9117241900699693,0.000960277998526167,8.683349021415498,1416.7931237599205,17.275111607142858,0.13388729333598426,0.02988238898976167,0.9127206922061136,0.0008929571717354295,8.67480788134664,1493.7420362761486,17.775344092237027,0.13810114043183547,0.0318490506842353,0.9078112952542906,0.001014362029486989,8.668342108484826,1339.4835190488052,16.748521538844628,0.13989169571943288,0.03427162919301397,0.9169766465472655,0.0011745445675434474,8.654431306634669,1919.6934996220712,20.834183673469393,0.12029832194374585,0.027967560182161906,0.8814137444740011,0.000782184422542848,8.777543760155833,1793.5305496762953,19.675407744023907,0.12505257884268473,0.027613220230361092,0.8895163433770752,0.0007624899314904231,8.747725296628648,1999.3484189972287,20.971623834719075,0.12405956192291903,0.028920363103280056,0.8764339350652539,0.0008363874020255623,8.763942161925499,fresh_bread_21.jpg,fresh_bread
393.8080269607843,8.13875612745098,0.2644715052628132,0.02251407553101997,0.9766738628813592,0.000506883597016472,8.380463067792912,744.4000153787006,12.537254901960786,0.1974613004656371,0.018992716908930958,0.9559788755497077,0.000360723295582792,8.7201191907705,399.9806678921568,8.223314950980392,0.2771093556517818,0.022789394428979516,0.9762994336371981,0.0005193564984396026,8.373197826429617,696.2603152633603,12.172472126105346,0.19525319228433252,0.018918311427222043,0.9588257686277729,0.00035790250725736014,8.714333395578574,945.5064745324805,14.869355930118115,0.1621814032063043,0.017406545075947556,0.9441095018055101,0.00030298781148099417,8.867363062302136,744.4000153787006,12.537254901960786,0.1974613004656371,0.018992716908930958,0.9559788755497077,0.000360723295582792,8.7201191907705,963.7137672244094,15.083599901574804,0.17440636709037133,0.01747132868560106,0.9429890760637031,0.00030524732604030643,8.86560249549417,696.2603152633603,12.172472126105346,0.19525319228433252,0.018918311427222043,0.9588257686277729,0.00035790250725736014,8.714333395578574,1492.9582664278657,19.190479866600796,0.14092143010695937,0.016169345616255614,0.9117773397103289,0.00026144773765792464,9.032655918049448,1620.2999255998513,20.561256122512248,0.13711288437785124,0.01593575818850614,0.9045348005120911,0.0002539483890425404,9.060784318876443,1524.1917768033595,19.76128643774703,0.1469446747585867,0.015934071241985193,0.9098205568979726,0.0002538946263446595,9.04819270144074,1469.166981833964,19.6994078988158,0.1319998544913957,0.015775715756086474,0.9134401897044834,0.000248873207616835,9.060572110254304,2043.5368613591272,22.822265625000004,0.12951786216312983,0.015495445591278604,0.8792794250890987,0.00024010883407227555,9.130547539552872,2470.4354856348323,26.285288006374103,0.11611707056177645,0.014746196540425098,0.8544801565462609,0.00021745031240884516,9.218617099214153,2076.356104290675,23.67226252480159,0.1292884246508958,0.015029560786996993,0.8771226913619634,0.00022588769745003767,9.162096668248267,2275.5994469527727,25.30942523707604,0.11278259410881775,0.014573856398080107,0.8659590710146151,0.00021239729031186048,9.222629812847524,2603.5065519173304,26.345975473107565,0.1213573752680548,0.014987246461158522,0.8462244584286929,0.00022461755648750864,9.21312846064894,3298.831427941548,31.29924099269338,0.10486305222307624,0.013978591224637033,0.8057096810497123,0.0001954010126254995,9.325677829971543,2618.217722858566,27.073425049800797,0.11823680550981586,0.014444905675523713,0.8449902875074775,0.00020865529997477717,9.243540651687695,3060.576751070799,30.12465356512976,0.10100163638724187,0.01381073723497527,0.8197432169107437,0.0001907364629735324,9.325480229735618,fresh_bread_22.jpg,fresh_bread
331.3680759803922,6.9142769607843135,0.2790885596071385,0.023659125423690745,0.9759305106054881,0.0005597542158139298,8.126524458500985,618.3608765859285,11.308542868127645,0.1667898081032178,0.017877936111164998,0.9551506653228435,0.00031962059959489745,8.581857279010496,356.29935661764705,7.9056066176470585,0.22938263994333946,0.021337272680718333,0.9741356993453815,0.00045527920545132886,8.304293702629266,659.729350249904,11.765059592464437,0.16338457908808926,0.01768538856254021,0.952150238070816,0.00031277296860802805,8.611854096467363,761.8836275836616,12.756474532480318,0.1533449865148898,0.017017994259068803,0.9447058117433795,0.0002896121286016987,8.67475308432002,618.3608765859285,11.308542868127645,0.1667898081032178,0.017877936111164998,0.9551506653228435,0.00031962059959489745,8.581857279010496,817.6125891978345,14.558578371062993,0.11490299172336135,0.015313371400935654,0.94073610009048,0.000234499343662994,8.82673242250571,659.729350249904,11.765059592464437,0.16338457908808926,0.01768538856254021,0.952150238070816,0.00031277296860802805,8.611854096467363,1139.806370429842,15.95703125,0.13233806676564508,0.015644870585881918,0.9167158759062176,0.0002447619756489932,8.834871161097418,1271.1360282720566,18.33551367102734,0.10140312414808075,0.014384784541739842,0.908014276771696,0.0002069220263122775,8.93541571468979,1223.4088284337945,17.96543045948617,0.10022552505282323,0.01434560935974036,0.9108840868284777,0.0002057965079022702,8.959377330748584,1424.3833157666318,19.63286626573253,0.09695713092245697,0.014192312031909304,0.896924389013338,0.00020142172081107757,8.979474599311953,1507.3633897569443,18.591657366071427,0.1222075384301044,0.014952653382765765,0.8890863919181274,0.00022358184318513647,8.922763679266344,1868.1024699651612,22.5112874751988,0.09074335944226686,0.013548798815866559,0.8631763391878052,0.00018356994935282705,9.058567546955015,1622.7722284226188,20.709108382936506,0.0964187158528085,0.013991154563014694,0.88119038984263,0.0001957524060061669,9.031917644265576,2108.341139527254,24.3462325610461,0.08619681639763532,0.013354792030164295,0.8455798389514438,0.00017835047016893978,9.107853516110898,1883.6691826444228,21.183998381474105,0.11266013083574253,0.014348960077143714,0.8603818395307888,0.00020589265529546413,9.000379113452874,2430.4346182917616,26.058075081884603,0.08697480946627809,0.013002893243638423,0.8197139388096767,0.00016907523270545774,9.138791364914374,2044.6029320219125,23.511485308764946,0.09007217524449401,0.013586868150350791,0.8494989869269555,0.00018460298613501674,9.099370248746894,2791.8010204081634,28.650825144872766,0.08117353554355784,0.012783953563442847,0.7929036420126623,0.00016342946871226305,9.198098574258994,fresh_bread_23.jpg,fresh_bread
497.9462775735294,10.588219975490198,0.24719555136985016,0.057530256164236536,0.966071649832966,0.0033097303743226756,8.660978760666904,1001.0126259131102,16.680107650903494,0.18543582973295053,0.052732958549715374,0.9318948613740297,0.0027807649174059995,9.049464799509831,615.600137867647,11.649617034313724,0.23915001718602424,0.053977459179753856,0.9580701718077062,0.0029135660995019937,8.737581072857118,979.3300269127258,16.47263360246059,0.18819840670164228,0.05279729284536179,0.9333700368261231,0.002787554131798891,9.035305171864627,1196.5416307824803,19.36784879429134,0.1654506751836626,0.05594034377952961,0.918572960686206,0.0031293220621719576,9.156204168185468,1001.0126259131102,16.680107650903494,0.18543582973295053,0.052732958549715374,0.9318948613740297,0.0027807649174059995,9.049464799509831,1481.6458077017714,21.472456323818896,0.1568892787825969,0.048406036691016535,0.8992314808462555,0.002343144388132039,9.255699634335887,979.3300269127258,16.47263360246059,0.18819840670164228,0.05279729284536179,0.9333700368261231,0.002787554131798891,9.035305171864627,1753.29752346838,23.883028656126484,0.14704296330554775,0.05546640610025673,0.8806987402279467,0.003076522205678597,9.303376752258192,2060.4711079422163,26.447206894413792,0.1327269585634374,0.047499396738398036,0.860193249493043,0.0022561926905117382,9.402875753543471,2262.1438673418975,27.516242588932812,0.13007156919482984,0.04319877039541109,0.8460771418753079,0.0018661337636754457,9.460744142936296,2025.1226982453968,26.27010354020708,0.13461461797830326,0.04762099928633607,0.8625914843193819,0.0022677595730292207,9.40111897421756,2246.5044177827385,27.365869915674608,0.13532668589808652,0.055065480371940284,0.8471653333016715,0.003032207128592541,9.40225083594389,2948.0957521598525,32.58665187707979,0.1109889522039829,0.042481814336959293,0.7998943214729444,0.00180470454935988,9.577419671784613,3015.7752976190473,32.61104910714286,0.11239367156444366,0.03846008553030269,0.7946998209825319,0.0014791781789981983,9.598402811911587,2994.1716946054466,32.84285022418723,0.11460528357189644,0.04265855647893226,0.7967659432135323,0.0018197524408662534,9.582645832216294,2761.5210097111562,30.734094870517936,0.1282689128352843,0.055027334307673606,0.8121598944883145,0.0030280075210084726,9.47351570860997,3808.2138447971784,38.001291257243636,0.09747766319745202,0.03789719980102737,0.7414303696934209,0.001436197752758989,9.701885587018598,3828.3244833167337,37.653542081673315,0.10079251303856553,0.034665290674364996,0.7392410017463465,0.001201682377538217,9.709731159516942,3943.199955908289,38.68512219702696,0.09980207808386951,0.03805508241945703,0.7322623553263977,0.0014481892979516674,9.706123478983717,fresh_bread_24.jpg,fresh_bread
394.6107230392157,9.210600490196079,0.22425946023803867,0.018837645728999135,0.9676927220457215,0.00035485689661127933,8.723267312198267,666.7467589388698,13.738654363706267,0.1592079106612709,0.01622828944907644,0.9453555243556431,0.00026335737844300564,9.072989622688553,378.0584252450982,9.359436274509806,0.2264181613332911,0.019625287243685556,0.9690338035309435,0.00038515189939716707,8.733824721094777,685.8225451749328,13.785082660515187,0.1595452511620205,0.01620234229006412,0.943792924698957,0.0002625158956844002,9.069095464730102,919.7054318405512,16.90022145669291,0.12482321284961952,0.014678041304172709,0.9246586941694915,0.00021544489652700006,9.221976896278782,666.7467589388698,13.738654363706267,0.1592079106612709,0.01622828944907644,0.9453555243556431,0.00026335737844300564,9.072989622688553,885.4115557332677,17.183486097440944,0.1291965794774097,0.015276615038174924,0.9274025531027577,0.00023337496702459224,9.231814376140287,685.8225451749328,13.785082660515187,0.1595452511620205,0.01620234229006412,0.943792924698957,0.0002625158956844002,9.069095464730102,1311.6901247529645,20.300333498023715,0.11145894438964571,0.01376225521422477,0.8923671053014611,0.00018939966858145683,9.354212031351592,1291.223091946184,20.873008246016493,0.10924190736379438,0.013944119414760018,0.8939973706880241,0.00019443846625308726,9.379780173068813,1270.2912703804348,20.7126204298419,0.11232036933707729,0.014256011663438253,0.8956533449679948,0.0002032338685480875,9.368569595582846,1369.0141360282723,21.188356376712754,0.10765171572342458,0.013745910416355,0.8876173177543045,0.00018895005317445687,9.382351473196447,1673.126410590278,22.852632068452387,0.10469928812675136,0.013056570361412967,0.8624779174837187,0.00017047402960252756,9.4373006001057,1796.5573591213736,24.8136668281023,0.0995053860911493,0.013072944642964449,0.8519764543852335,0.00017090188163801286,9.505534962454327,1622.263129340278,23.365993923611114,0.10652580144974075,0.013679109518434611,0.8664893962386662,0.0001871180372173284,9.45867069813772,1934.5662641191084,25.384180349638335,0.0983028277273309,0.012872227466328807,0.8406231633302584,0.00016569423994490973,9.51529445734891,2062.690721489044,25.55336466633466,0.10033315970428375,0.012474103980814997,0.8301827454671769,0.00015560327012418456,9.517710705726888,2299.3462144116907,28.410178886369366,0.09140927794705264,0.012363406810603203,0.8098471992856131,0.00015285382796446966,9.598516758199489,1997.9535451942236,26.133979706175303,0.10140950812398326,0.01324133431785568,0.8352405630378178,0.00017533293451722253,9.537753633293153,2486.0006928697408,29.25018896447468,0.08992225386496755,0.012054531060776391,0.794448232342173,0.00014531171909522279,9.621815882898971,fresh_bread_25.jpg,fresh_bread
491.94984681372546,9.219852941176471,0.22503962951098844,0.01883359988732676,0.9684739313487654,0.00035470448471591455,8.554183355589451,785.5589696270665,12.90309880815071,0.17332212443266862,0.016373398441910235,0.949742950323442,0.00026808817653754856,8.823347229092006,440.9938265931372,8.488924632352942,0.23966958574920688,0.019662223653058756,0.9717478033833159,0.00038660303898290323,8.469134288587117,863.5184313725491,13.66877354863514,0.1689356971037769,0.016134536346686854,0.9447551612755956,0.00026032326312255914,8.868001980579018,1165.4284418061025,17.08247723917323,0.1356093391865767,0.014369154064986626,0.9254191724812526,0.0002064725885433217,9.080846986699537,785.5589696270665,12.90309880815071,0.17332212443266862,0.016373398441910235,0.949742950323442,0.00026808817653754856,8.823347229092006,1039.097410187008,15.709430364173231,0.14493010926400499,0.014974564229782326,0.9335437973877971,0.00022423757387187636,8.997024554260488,863.5184313725491,13.66877354863514,0.1689356971037769,0.016134536346686854,0.9447551612755956,0.00026032326312255914,8.868001980579018,1862.9524302124505,22.669450963438734,0.11235696848420772,0.012911500359805796,0.8808154924727235,0.0001667068415412652,9.286370300975967,1554.4797259594518,20.44274288548577,0.1197683597697461,0.013431458827715747,0.9008570463925164,0.0001804040862406233,9.194448165906461,1658.4048449851775,20.865906002964426,0.11720446415703661,0.013333334209001079,0.8939889028253054,0.00017777780112891841,9.212959331055547,1836.6154132308266,22.623659247318496,0.11444132770262677,0.01315762747390085,0.882860572640143,0.00017312316074195047,9.260156181135441,2581.671068948413,27.701884920634924,0.09702623803893956,0.011932532400499248,0.8348841214680915,0.00014238532948896432,9.42639339256492,2428.337999343842,26.746973081910355,0.09707037833828172,0.012080937929027391,0.8452384076606287,0.00014594906124501265,9.382885746590553,2291.890361483135,25.45803881448413,0.09916387623888348,0.012312321001333356,0.8535647698112745,0.0001515932484398744,9.356224658347655,2907.037494727304,29.997547219922197,0.09286482634982791,0.011764064054615811,0.8147247026791506,0.0001383932030811038,9.460642057557104,3329.141372011952,32.53896912350598,0.08651033192784119,0.011220223981111763,0.7871596197639318,0.0001258934261863155,9.533274887262836,3282.6575648778035,32.236520534139586,0.08371142434508941,0.01116828182472183,0.7909412159104855,0.00012473051891641196,9.511628385750116,2941.4872696713155,29.767741533864548,0.08906336193719683,0.011584148712160802,0.8121302958540253,0.00013419250138545674,9.464778750927792,3932.1190948601666,36.48710317460318,0.07883375449614133,0.010884508203549026,0.7495665242420778,0.00011847251883312604,9.590354672242107,fresh_bread_27.jpg,fresh_bread
414.6760416666667,8.651623774509805,0.2913455024641004,0.02962866496434973,0.9643248668465468,0.0008778577875696851,8.295284535388575,721.011595540177,12.506835832372165,0.22492920083683837,0.024255689418666824,0.938072526862515,0.0005883384691748257,8.621309152488825,461.32738970588247,8.738817401960787,0.3124720797309381,0.03229017328396523,0.9602985863280518,0.001042655290708502,8.23341928675476,843.815101883891,13.650088427527876,0.21047865981274902,0.02364165982224889,0.9275249468788868,0.0005589280791509374,8.68599158904211,1022.8249569389766,15.775652066929137,0.1823143904179373,0.02082418525959075,0.9121804356792893,0.00043364669172575663,8.830379330462968,721.011595540177,12.506835832372165,0.22492920083683837,0.024255689418666824,0.938072526862515,0.0005883384691748257,8.621309152488825,1126.9610759104335,15.909833292322835,0.20662588908748958,0.023242219605149706,0.9031756367593136,0.0005402007721740053,8.765694637576232,843.815101883891,13.650088427527876,0.21047865981274902,0.02364165982224889,0.9275249468788868,0.0005589280791509374,8.68599158904211,1611.791795331028,20.671180212450597,0.15164656750323083,0.01859332166543839,0.8618869437328787,0.00034571161055446073,9.035718589471406,1479.4781604563204,19.7256029512059,0.15021596426258685,0.018255253223818834,0.8733895261917257,0.0003332542702657479,9.018434543629615,1777.3047955780637,21.03778100296443,0.1765366069279812,0.020905992578837466,0.8475669836683949,0.00043706052570640725,8.97711740341212,1899.313302126604,22.759114018228033,0.13599363830082656,0.017619901839752723,0.837460752661624,0.0003104609408425214,9.108604734406754,2193.1851283482147,24.93308221726191,0.13088905645593596,0.016994980475134647,0.8124423432895355,0.0002888293613502079,9.180946699060515,2282.568373197519,25.731897076973553,0.12002866974266839,0.01608863154855422,0.8053856412115136,0.00025884406510513416,9.21786814581366,2429.221307663691,25.64352368551588,0.15137967289644255,0.018957998469201254,0.7920217837961016,0.0003594057059582371,9.13035787421317,2923.567685794185,29.866081332312643,0.10922118653848878,0.01547831527537802,0.750732141802583,0.00023957824376400055,9.317843746745766,2786.977900896415,28.964952689243034,0.11729541675591948,0.01587660137746365,0.7621295845863713,0.00025206647129888074,9.291274001702238,3067.8491748551273,31.00352733686067,0.09993304195503738,0.014635007476254335,0.739402835505731,0.00021418344383002027,9.35607494534872,3108.556446090638,30.065783740039848,0.1369790938576419,0.017757123892664227,0.7343450040535253,0.00031531544893942674,9.243973006269027,3920.423563869993,36.25173217435123,0.09111699095892764,0.014024451696807536,0.6669766489261602,0.00019668524539608777,9.464215813699544,fresh_bread_3.jpg,fresh_bread
599.4282475490195,11.167463235294118,0.18679324906296194,0.016300650009905937,0.9611505444012172,0.0002657111907454465,8.843111553274172,879.9082968089197,15.137393310265283,0.1387389922677913,0.014034304980617718,0.9430722016013787,0.00019696171628899128,9.10835582203729,414.6246323529412,9.149325980392156,0.2088529761233179,0.0175794649116599,0.9731408166678477,0.0003090375865802816,8.681128502895085,915.0109650134561,15.18068435217224,0.13959675664604138,0.014107856075681687,0.9408003695418157,0.0001990316030521487,9.102614322429282,1418.624569389764,20.59971702755906,0.10421081821783826,0.012211921862129592,0.9081778048923129,0.0001491310355667587,9.3649219275872,879.9082968089197,15.137393310265283,0.1387389922677913,0.014034304980617718,0.9430722016013787,0.00019696171628899128,9.10835582203729,965.9433439960633,16.771407480314963,0.11745244750583561,0.013181704884781506,0.9375384530101061,0.0001737573436694726,9.212960203922304,915.0109650134561,15.18068435217224,0.13959675664604138,0.014107856075681687,0.9408003695418157,0.0001990316030521487,9.102614322429282,2217.741523591898,26.663398591897238,0.08502022024314662,0.011116359542219218,0.8564340249059496,0.0001235734494718883,9.539348076335134,1760.0936821873647,23.981275962551926,0.08829448594603873,0.011524035907097961,0.886479930195268,0.00013280340358808314,9.463373726164487,1466.3739037796445,21.1658998270751,0.09863472508957086,0.012072209972187784,0.9051846145294156,0.00014573825361259018,9.382558550811785,1888.6128092256185,24.273668547337095,0.08915091129771052,0.011562581595285623,0.878184318828224,0.00013369329314763783,9.462131814214839,3018.334619915674,31.95850384424603,0.07352730196236928,0.010437590444898578,0.804582758630682,0.00010894329429543808,9.65687227315863,2687.5252542611197,30.502491837085408,0.07448022057424088,0.010583362327695037,0.8266547031070708,0.00011200755815927451,9.621659738980913,1963.6233103918653,24.871233258928577,0.09048442450925104,0.011442756326940867,0.8730464829550254,0.00013093667235774523,9.488424968356128,2863.8777203205805,30.94025840116234,0.07414502274697532,0.010601813025474728,0.815257081022399,0.00011239843942712562,9.62085482899814,3854.5312033117534,37.09224041334662,0.06733385372552965,0.009888807560034628,0.7503849102506723,9.7788514959398e-05,9.751475796570906,3601.0336199294534,36.20198727639204,0.06571099955920692,0.009973148534889896,0.7677367727377618,9.946369169897646e-05,9.729745256281188,2511.055232196216,28.641792206175303,0.08330406636583432,0.010933548367431902,0.8376717884025471,0.00011954247990297283,9.574999729826283,3805.7410084404137,36.824877173091465,0.06468072417004073,0.00994499417944804,0.7544804925172154,9.890290922925539e-05,9.731105531171071,fresh_bread_5.jpg,fresh_bread
252.56064644607844,5.829059436274509,0.3475211018360338,0.037789383551947914,0.9837530158464715,0.0014280375092362314,7.882732256211769,490.34225297962325,9.234863514033066,0.27291267831200133,0.033738396227760696,0.9685257918630832,0.001138279380021377,8.230171603158702,259.40822610294117,5.791865808823529,0.34852155191793255,0.03717007580652241,0.9833412613164901,0.0013816145354626226,7.861131096750865,413.94585159554015,8.034617454825067,0.2870037083060474,0.03458574350752489,0.9734292763850817,0.0011961736539683003,8.10283433217823,590.0553487942914,10.798428272637796,0.24606309553835817,0.03275964834547523,0.9620591387820203,0.0010731945597191976,8.392954129544348,490.34225297962325,9.234863514033066,0.27291267831200133,0.033738396227760696,0.9685257918630832,0.001138279380021377,8.230171603158702,605.8896715059054,10.81010088582677,0.23628737826759727,0.031246302630322333,0.961176727672078,0.0009763314280656882,8.386418309624382,413.94585159554015,8.034617454825067,0.2870037083060474,0.03458574350752489,0.9734292763850817,0.0011961736539683003,8.10283433217823,944.4694602272729,14.382750741106722,0.20722986580351616,0.030250742610281465,0.9392131156146001,0.0009151074284734986,8.619211938426186,1066.2573315146633,15.640461280922562,0.1979089647505869,0.028913910883061566,0.931740814677148,0.000836014242553626,8.638822590056233,974.0656960227275,14.372421566205535,0.20126788049579686,0.02886612670445398,0.9375734064360689,0.0008332532709175911,8.61102690802223,780.1059427118855,12.685426870853743,0.2095476438003855,0.03025916313844705,0.9500575119991896,0.0009156169538391528,8.482710367464595,1313.5160900297622,17.561879960317462,0.17978461426553288,0.028177439706541546,0.9153786469194257,0.0007939681084157841,8.765359118528904,1685.165601712259,20.514849474292678,0.16400088792098047,0.026168719738676047,0.891999375909931,0.0006848018927613734,8.844301932564782,1372.9950706845243,17.580388144841272,0.17674582188296123,0.026827591639396076,0.9119924747102729,0.0007197196731701941,8.759687027498163,1214.5171928947493,16.622709306503772,0.17499473327256795,0.027495023759778317,0.9221563731143937,0.0007559763315507741,8.700172738236562,1693.4877676792833,20.52138321713148,0.16196707120152423,0.026659970214848006,0.8907896391690314,0.0007107540118565828,8.880098314034427,2275.700711766188,24.66455656336609,0.1407763602291036,0.024277081216324266,0.8539897102438495,0.0005893766723840046,8.97985686265656,1795.1841540089645,20.637745891434264,0.16190044922316396,0.02541365224375678,0.8849114307798066,0.0006458537203666041,8.875329668938909,1609.0816326530612,19.781210632401113,0.15453331310888208,0.026078191027154626,0.8967467838187981,0.000680072047248768,8.839796468590006,fresh_bread_7.jpg,fresh_bread
301.2927696078431,7.084375,0.30360445947340176,0.02492890476798378,0.9791350175871896,0.0006214502929312044,8.211475200408218,568.1374394463667,11.470065359477124,0.20123561966867004,0.019146080666030792,0.9606784533288713,0.00036657240487015814,8.669392572460797,372.1251991421569,8.951639093137254,0.23746379547511315,0.02107869855621817,0.9742009043948031,0.00044431153282391386,8.484782346779554,632.8292810457515,12.464006151480199,0.18833816677024937,0.018459140116731644,0.9562007812107761,0.0003407398538491316,8.750728937086953,739.0436608021655,13.05368786909449,0.19280477364308385,0.018620019005841308,0.9489076741009135,0.00034670510777789153,8.747233169719953,568.1374394463667,11.470065359477124,0.20123561966867004,0.019146080666030792,0.9606784533288713,0.00036657240487015814,8.669392572460797,892.1170183316931,16.30088890255906,0.13448242142054861,0.015448768009693935,0.9381899188364711,0.00023866443301734272,8.990536922388536,632.8292810457515,12.464006151480199,0.18833816677024937,0.018459140116731644,0.9562007812107761,0.0003407398538491316,8.750728937086953,1125.4799129199605,16.88214859189723,0.15644681303848654,0.01639218417413105,0.9222148445963747,0.0002687037019986325,8.948540771407298,1136.2230919461836,17.945982391964783,0.12352690332343025,0.014910308779275572,0.9215447804155099,0.0002223173078933422,9.04061819185215,1310.322443181818,20.32911314229249,0.1083789038707369,0.013905097455096056,0.9092340328778032,0.00019335173523571882,9.15066896415782,1349.3669787339577,20.086490172980348,0.11687497443036282,0.014406751436986677,0.9068248673807529,0.00020755448696711766,9.118862614959959,1470.8674665178573,20.042224702380956,0.13045360293969846,0.015002570123922287,0.8983726817464974,0.0002250771103232056,9.06688964078097,1637.8402568388822,22.14390163883204,0.10240429216827074,0.013546974746337414,0.8869655545200561,0.00018352052477790365,9.19087873075196,1675.8142671130954,23.440228174603178,0.0930011748964724,0.012873940197281088,0.8839484763960491,0.00016573833620316981,9.257690225903044,1896.9401646643441,24.3884609976722,0.09598423043283767,0.013038504455894535,0.8690733166032899,0.00017000259844638166,9.25583384136779,1786.9258435009963,22.460579556772913,0.11707991912764469,0.01426184787728691,0.8765533766199769,0.00020340030487487313,9.13519786157762,2141.106497228521,26.04558767951626,0.08849333083462067,0.012688831196726681,0.8523167305479512,0.00016100643713902425,9.288154161482822,2055.756816484064,26.122821215139446,0.08316628602996917,0.012325520360466143,0.8576898664368091,0.00015191845215626544,9.328877204604405,2390.105095742001,27.918965734441933,0.08192588079742022,0.012237146933778942,0.8351137540776183,0.00014974776507889535,9.345527926383038,fresh_sandwich_bread_1.jpg,fresh_bread
400.2876531862746,7.206035539215687,0.3196688801273418,0.026094550092397497,0.9753712646427484,0.0006809255445246421,8.073879300725157,642.163444828912,10.305882352941179,0.2388645949518829,0.021306785785333994,0.9606181359615015,0.00045397912050211076,8.38398625291985,340.0413756127451,6.600229779411764,0.3118350449734022,0.025247461254471745,0.9790698522125818,0.000637434299796052,8.043576252736093,679.4611764705883,10.759630911188005,0.22702036015791682,0.020811879531599346,0.9583307689483435,0.0004331343296378039,8.430725609036216,947.1414093257874,13.299351008858268,0.19795670959666062,0.019314264268089396,0.941940944761126,0.0003730408042175948,8.588322273584337,642.163444828912,10.305882352941179,0.2388645949518829,0.021306785785333994,0.9606181359615015,0.00045397912050211076,8.38398625291985,799.1000553641732,12.237081692913385,0.1862667631986559,0.018544080777325448,0.9509743253839497,0.00034388293187597124,8.569085829602091,679.4611764705883,10.759630911188005,0.22702036015791682,0.020811879531599346,0.9583307689483435,0.0004331343296378039,8.430725609036216,1483.985224184783,17.513818552371546,0.16471504026121425,0.017494548758635892,0.9091993123462057,0.0003060592362682886,8.789839258432405,1315.6250697501396,16.804808109616218,0.15917073248822639,0.01708758736455793,0.9198784219263237,0.00029198564194139986,8.752682607745069,1258.6594151432807,16.05596899703557,0.15318065971283668,0.01670739302108329,0.9228443743868974,0.0002791369815609426,8.774807867714353,1438.1303242606486,17.85749271498543,0.1433043229959114,0.016480830261093583,0.912417720069342,0.0002716177660949779,8.815050013373785,2031.062375992064,21.264074900793652,0.14574460971154796,0.01637017419120926,0.8759461391406457,0.0002679826030505338,8.920662466585657,2028.8096830133263,21.920995485009918,0.13236863606922533,0.015509773281124153,0.8767732916249316,0.00024055306723187267,8.94477977076766,1735.9374534970239,19.46830047123016,0.13300804832261495,0.015597980615110472,0.8936673340832012,0.00024329699926936205,8.907711398537861,2206.783858519896,23.191457451295914,0.11692661706316396,0.01496997579830416,0.8659629574959787,0.00022410017540181227,9.002435223873013,2585.142414716135,24.771025273904378,0.1337399703326339,0.01560238742497591,0.8423655338380743,0.00024343449335904638,9.016738958514141,2697.2888794406654,26.163879440665156,0.1168239860139392,0.014554341337590827,0.8365795845315909,0.00021182885177110512,9.0642577379621,2224.2157152639447,22.7335812998008,0.12027515550483898,0.0147753201302973,0.8638480309306682,0.00021831008495276866,9.011905883225811,2940.1019463340895,27.762629125724366,0.10222333486272005,0.013998259048963613,0.8218671190117597,0.00019595125640189167,9.12777254016398,fresh_sandwich_bread_12.jpg,fresh_bread
191.55522365196077,4.385248161764705,0.4196537544675393,0.032077864269326205,0.9872705716875041,0.0010289893760813149,7.574605704227164,520.0016916570548,8.638954248366012,0.2945148495506503,0.024932872031129347,0.9654976274720749,0.000621648107720672,8.12928030590848,385.82493872549026,6.603033088235295,0.3530196425054633,0.028311799231919375,0.9743541424275205,0.0008015579757485106,7.897401535257436,538.9472202998847,8.58486735870819,0.3113183358237503,0.025657777549138564,0.9642405279815847,0.000658321548761079,8.088375008513584,422.29956631397636,8.153220349409448,0.27950624102890487,0.024072332800754524,0.9719881310045524,0.0005794772064702821,8.12859500245602,520.0016916570548,8.638954248366012,0.2945148495506503,0.024932872031129347,0.9654976274720749,0.000621648107720672,8.12928030590848,870.599624753937,12.314714566929133,0.23125598264475997,0.02140883918652494,0.9422213384227209,0.00045833839531448593,8.433579549017868,538.9472202998847,8.58486735870819,0.3113183358237503,0.025657777549138564,0.9642405279815847,0.000658321548761079,8.088375008513584,661.4189723320159,10.503520256916996,0.247150887187225,0.02228564550967873,0.9560886827095018,0.0004966499957830637,8.309002283239941,1046.5999286998576,14.397653295306593,0.2056830625904118,0.020156263197779477,0.9307940052362393,0.0004062749460981593,8.535498911925147,1366.987076951581,16.349756052371543,0.1996235550955449,0.019564688349440106,0.9092498294664468,0.00038277703021071744,8.623318074620421,1115.9725959451919,14.337311674623347,0.2274497165773518,0.021097079610583352,0.9262062027893491,0.0004450867680952918,8.474840100740497,909.0239335317459,12.580574156746032,0.23027820917254227,0.021345960793884653,0.9395981205087415,0.0004556500422140608,8.416927248508854,1613.1517755315658,18.747019950319487,0.17376012619483952,0.018456439259389792,0.893207739917356,0.00034064015013554486,8.715043835265291,1866.2921937003973,20.029854910714292,0.17781903308230035,0.01833786688112639,0.8760620888829593,0.00033627736174991204,8.757740267895283,1726.2887250230435,18.837835304410316,0.20379675984378887,0.019598185294173554,0.8857140652499007,0.0003840888668247606,8.651759900314186,1168.2609094870522,14.57870082171315,0.21286250991152514,0.020512686167380667,0.9223059294553428,0.0004207702938014502,8.509640416130837,2167.323050516503,22.692287100025197,0.14828479927977795,0.01722857827583631,0.8563550682755129,0.00029682390940661884,8.840957331679796,2376.4922497509965,23.579961404382473,0.16077689329891615,0.017241998347748446,0.8421093238910389,0.0002972865070237601,8.866569080673962,2305.6351568405144,22.88868417737466,0.18508836391502925,0.018398250966154134,0.8471727877965771,0.00033849563861359155,8.780918447458692,fresh_sandwich_bread_13.jpg,fresh_bread
107.43478860294118,3.4850949754901963,0.4366875208723233,0.048341053349697224,0.9936948210218882,0.0023368574389582733,7.345694420126113,253.05319492502886,6.24562860438293,0.3124206720875663,0.04361933833428771,0.9851765693250566,0.0019026466767210612,7.823063658171872,169.02046568627455,4.536060049019609,0.3778482762156471,0.046202703451658445,0.9900854126028665,0.0021346898062418913,7.579783181105243,253.7210918877355,6.055424836601308,0.31675650788509896,0.044134913223680926,0.9851373977545765,0.0019478905652618452,7.784085076757335,243.55710199311022,6.320543184055118,0.30765722577163557,0.04364890475510779,0.9857258340519522,0.0019052268863204715,7.812262980005147,253.05319492502886,6.24562860438293,0.3124206720875663,0.04361933833428771,0.9851765693250566,0.0019026466767210612,7.823063658171872,405.8049643208662,8.258058562992128,0.25668006480276023,0.04245998761896557,0.9762413126750735,0.0018028505486027094,8.044414416214762,253.7210918877355,6.055424836601308,0.31675650788509896,0.044134913223680926,0.9851373977545765,0.0019478905652618452,7.784085076757335,363.076488389328,7.86138216403162,0.2744779379708008,0.04134775633684802,0.9786706033303868,0.0017096369540913559,7.98941685333264,541.1995628991257,10.261067022134043,0.2259205852050849,0.03958503085943478,0.9684022501564653,0.0015669746681424037,8.177231755183968,627.610965291502,10.533643157114625,0.22314195055884753,0.04031377544232404,0.963197167355648,0.001625200490414129,8.223325307674644,546.6391592783186,9.891220782441565,0.23097723892799626,0.04063320192707918,0.9680842683700751,0.0016510570988467913,8.128673400387006,485.99817088293656,9.111080109126984,0.2548496924525923,0.03937347185919388,0.9713810563057463,0.0015502702862467326,8.095057459623447,811.6760299332906,12.81777562530269,0.19636054439416373,0.03628474456314591,0.9524199861827445,0.0013165826880127468,8.344450575344167,853.3557942708335,12.396437872023812,0.2045825329751799,0.038513530425082286,0.9498852874778514,0.001483292025803739,8.330521597751071,812.6082269680826,12.313330937836866,0.20337180436731933,0.03786781996824299,0.9523646450181809,0.0014339717891472628,8.292528004506824,611.5100068476096,10.306352714143426,0.24031662364746154,0.03792945894999048,0.9639022914222672,0.001438643856239013,8.181859683060887,1079.0481072058453,15.02149470899471,0.17697546474627812,0.03346479324332633,0.9364939589928062,0.0011198923868185797,8.463673276365483,1061.464112300797,14.05920069721116,0.18805789162393927,0.036895452640831015,0.9375696339310327,0.0013612744255718044,8.415888028093317,1072.8040280927187,14.418886999244144,0.1834263090112122,0.035457259682413124,0.9368614183513633,0.0012572172641860794,8.41201614723459,fresh_sandwich_bread_15.jpg,fresh_bread
209.73120404411765,6.9190410539215685,0.24341614273626827,0.02076548297353758,0.9837249054580891,0.0004312052831242791,8.342228605025799,474.5456670511342,10.893994617454826,0.1644729104428117,0.01655378351824837,0.9632367886059704,0.0002740277487690314,8.72336846778317,337.0770680147059,8.078691789215686,0.23103641728304097,0.02006089633639715,0.9738211091430341,0.0004024395618196727,8.43099211886194,483.5740561322568,10.984805843906193,0.16368561069731122,0.01658395880045259,0.9625376003361099,0.00027502768949510886,8.727273955755035,488.44625061515745,12.515025221456693,0.1303591852576263,0.01517011897862263,0.9621921788469555,0.00023013250982556653,8.867763191566048,474.5456670511342,10.893994617454826,0.1644729104428117,0.01655378351824837,0.9632367886059704,0.0002740277487690314,8.72336846778317,811.8729238435042,14.781111589566933,0.12196694465061719,0.01452584359282696,0.9370513137405481,0.00021100013208327203,8.955383398233831,483.5740561322568,10.984805843906193,0.16368561069731122,0.01658395880045259,0.9625376003361099,0.00027502768949510886,8.727273955755035,679.7732831027669,14.58269515810277,0.1163947802127363,0.014326894399721006,0.9474949025713578,0.00020525990314075712,8.976905996594102,938.7833870667743,16.47912145824292,0.10575080372605859,0.013682313805497061,0.9275762856472711,0.00018720571107209549,9.046267491675213,1245.409430583004,18.29076086956522,0.10735168301533697,0.013655843946039654,0.9033620980129544,0.00018648207387858787,9.090118002440953,981.7521545043091,16.76024552049104,0.10649882301177659,0.01379028533287537,0.9242632525162453,0.00019017196956211757,9.046903686722121,838.0932849702381,15.82421875,0.11070012770881535,0.01395708326887428,0.9354059264570277,0.00019480017337429037,9.025480920261678,1361.5821056413943,19.47596431751785,0.09711682348168674,0.013090636506238663,0.8951014127728363,0.00017136476413846837,9.140831240952982,1669.7887989831352,21.013842385912703,0.10039227042842314,0.013265806606730327,0.8703203543116711,0.00017598162492716998,9.159808440155995,1448.2953803371402,20.072755393772752,0.09656455039891733,0.01314711090309468,0.8884257925372591,0.00017284652509827104,9.147856091417026,1025.589968251992,17.1972578436255,0.10647707321418298,0.01366621605655244,0.921138104373864,0.00018676546130437171,9.066754655694321,1792.319428697405,22.32670382968002,0.0896611885644193,0.012680884753631156,0.8620943392209574,0.0001608048381348751,9.210493187527984,2110.314554282869,23.765282619521916,0.0956579383593023,0.012893054254694785,0.8359549807495875,0.0001662308480145033,9.224320666649097,1920.4551996724617,23.177610859158477,0.08872269349364967,0.012637659032781074,0.8522433589447114,0.00015971042582883308,9.227918247877774,fresh_sandwich_bread_18.jpg,fresh_bread
283.95315563725495,6.73952205882353,0.33580377321982346,0.029290149050115056,0.9800266673527794,0.0008579128313779559,8.033351734488633,533.8316339869282,10.217885428681278,0.25429167066704483,0.024192900424628825,0.9625921885224497,0.0005852964309560056,8.37267387582286,279.11876531862754,6.290395220588237,0.37365824787269025,0.03237351722577363,0.9803709776928653,0.0010480446175674622,7.887787404353889,500.4424144559785,9.911880046136103,0.2625614950456902,0.024420231195978408,0.9649318961649208,0.0005963476916650371,8.354668055827922,682.5917814960632,12.361681840551185,0.2156170439975609,0.02118409636692574,0.9521588400730495,0.00044876593888319624,8.579889592738558,533.8316339869282,10.217885428681278,0.25429167066704483,0.024192900424628825,0.9625921885224497,0.0005852964309560056,8.37267387582286,676.8518085629921,11.49175688976378,0.25385672116709446,0.024229721462609315,0.9525811641370797,0.0005870794021556304,8.412230061945568,500.4424144559785,9.911880046136103,0.2625614950456902,0.024420231195978408,0.9649318961649208,0.0005963476916650371,8.354668055827922,1040.399888833992,15.871726778656125,0.1779359265608881,0.0188231821381158,0.9271992625565127,0.00035431218580468177,8.787152486530674,1187.035820571641,17.30787711575423,0.16030057016285892,0.01835778940347609,0.9174331817277567,0.00033700843178237897,8.811470300156117,1043.640702198617,14.825855360671937,0.21253116953960915,0.021609703389223675,0.9270055170733265,0.00046697928057022516,8.629596988092116,1069.5279000558003,16.42200384400769,0.17436316216744038,0.018863751058259663,0.9256065854655676,0.00035584110398799256,8.774983443908095,1388.3727988591272,18.867776537698415,0.14890469430304282,0.017087518442995567,0.9030049078806693,0.0002919832865397136,8.931244444059695,1773.4094892905682,21.951256854504834,0.12772283857036396,0.016224267797313997,0.8770497176827308,0.00026322686555896,9.010523073854573,1401.5413256448412,17.66908482142857,0.18196424567171282,0.019746009789460832,0.9021374783337436,0.00038990490260548303,8.776451520350358,1596.3583714790107,20.835429392741645,0.14050061079085652,0.016673626388297967,0.889324336858202,0.00027800981693654637,8.980246077891753,1744.885427041833,21.552570966135463,0.13285269228002242,0.015955950811614314,0.8782845888521105,0.0002545923663026555,9.034294859811611,2350.3604024943315,26.058059334845055,0.10520679461155963,0.014770043178916852,0.8375783615015608,0.00021815417550706824,9.142887503665634,1758.2244770916338,20.26690114541833,0.16192793893428906,0.018477083075881712,0.8774466826350458,0.00034140259899303446,8.888871250719877,2110.554799697657,24.61712648022172,0.1168420052690991,0.015122996374045123,0.8541494787978566,0.00022870501932938195,9.113394892706326,fresh_sandwich_bread_19.jpg,fresh_bread
138.35652573529413,3.685263480392157,0.5559387223295106,0.12592477488290596,0.9886459708542322,0.015857048929310544,6.358938536912748,333.4807227989235,6.38880430603614,0.4735670490275819,0.11889685616189373,0.9724559405435966,0.014136462405182048,6.680318715445808,207.99554227941172,4.289322916666666,0.5429270291900559,0.12172579947224706,0.9828049278248541,0.014817170257157702,6.427585975843437,319.01257977700885,6.208858131487889,0.47867963930284185,0.1191848876982727,0.9736509472930666,0.014205037455649877,6.663847455014452,316.62826033464563,6.758150836614173,0.4586205151388474,0.12190581875494157,0.9740394792174191,0.014861028646312661,6.7198645247031425,333.4807227989235,6.38880430603614,0.4735670490275819,0.11889685616189373,0.9724559405435966,0.014136462405182048,6.680318715445808,499.87453863188983,7.847010334645669,0.44092861011376366,0.1140819788765772,0.9584020722294803,0.013014697904395807,6.812015128022353,319.01257977700885,6.208858131487889,0.47867963930284185,0.1191848876982727,0.9736509472930666,0.014205037455649877,6.663847455014452,470.6223443675889,8.354434288537547,0.4362497774294467,0.11943000048754843,0.9614076720628215,0.014263525016455818,6.851926612493539,748.8382416764834,10.6750883501767,0.40484023266554664,0.11184401996436454,0.9377940777509317,0.012509084801789172,6.972706691280452,764.2401340167983,10.018388710474307,0.4121849047661193,0.1075719302427585,0.9358805729805801,0.011571720176152902,6.981308357456351,695.47736995474,10.145328290656582,0.4131976741515385,0.11224096719542057,0.942226771088027,0.012598034716963476,6.943212277567465,625.9590773809525,9.667007688492063,0.4192973767495304,0.11672708184652607,0.9486581910836678,0.013625211636405597,6.9425466499796205,1118.2916933556216,13.50127325844803,0.3729940692412306,0.10411867517321911,0.9063262622340721,0.010840698519826313,7.149679761338994,1025.4802052331347,11.907629588293652,0.38694489389356057,0.10139097894653097,0.9132437581600994,0.010280130611735886,7.101080106941044,1040.5770438532081,12.787326782171256,0.37898249644469273,0.10454737716257635,0.9128359784552079,0.01093015407157399,7.11390693975804,788.1467878486058,10.947895916334664,0.40443784851616404,0.11467150047786107,0.935337109563016,0.013149553021844092,7.020156430186848,1483.9540028974552,16.10589884101789,0.34853885820883235,0.09769585110639588,0.8746278705554059,0.009544479323403071,7.282210512888873,1289.99953311753,13.769951444223107,0.3626945215651119,0.09575017591339355,0.8899372275400226,0.00916809618744581,7.203441439197089,1381.3212868480725,15.202680146132527,0.35426427029830976,0.09824592996941062,0.8832984081519067,0.009652262755554336,7.240771472804704,fresh_sandwich_bread_2.jpg,fresh_bread
284.90012254901967,7.223008578431374,0.26188452806198803,0.021433716018477777,0.9811437177352299,0.0004594041823607509,8.351296251621559,532.6861361014994,11.407397154940409,0.17408727434272359,0.017161058743358375,0.9647468941985279,0.0002945019371929969,8.762743472689161,341.96047794117646,8.37172181372549,0.2321007184964875,0.019808318076491593,0.9773434523404968,0.00039236946501946363,8.509423489292901,567.2136409073435,11.737101114955788,0.17098801297026478,0.017004653418124634,0.9624611710891989,0.0002891582378705378,8.783336600983894,663.2072157972441,13.22265625,0.15319449417948144,0.01630339238678611,0.9561558760845393,0.00026580060331751526,8.867806700615557,532.6861361014994,11.407397154940409,0.17408727434272359,0.017161058743358375,0.9647468941985279,0.0002945019371929969,8.762743472689161,803.6615095964567,15.285033218503937,0.13504169064074106,0.015156275979008432,0.9467575357657579,0.00022971270155186798,9.004081981462637,567.2136409073435,11.737101114955788,0.17098801297026478,0.017004653418124634,0.9624611710891989,0.0002891582378705378,8.783336600983894,989.9590847332017,16.341032608695656,0.13304483132199185,0.0151451369690509,0.934554951966302,0.00022937517381131227,9.012491832249571,1037.3100936201872,17.66231632463265,0.11438579201009963,0.014267279680102428,0.9314350393393881,0.00020355526947026366,9.09009535651998,1205.1053915513835,18.88497406126482,0.1165305354718475,0.014026400181070427,0.9200528608636616,0.0001967399020395325,9.15262812783776,1155.005797011594,18.54628309256619,0.1128464785247795,0.014115316648692632,0.9236497304066892,0.0001992421640928594,9.123443553820188,1307.4152250744046,18.75835503472222,0.12440077936664712,0.014611430319075988,0.9135687045600329,0.00021349389596921303,9.091240475892452,1525.8595510006403,21.487228358512084,0.09986161840975245,0.013371818962512078,0.8990058174473949,0.00017880554236619756,9.218757821033769,1594.6296657986113,21.76226128472223,0.10490698824831059,0.013328104168731843,0.8940674412059882,0.00017763836073256712,9.242235462359833,1697.8427564873691,22.70669749566467,0.09766111357890159,0.013189176160491613,0.8876034635541543,0.00017395436779248032,9.255292173084083,1645.2283210906376,21.141169696215144,0.11865203101106872,0.014345026681345236,0.8912351706916648,0.0002057797904885067,9.152778117104662,1975.745354623331,24.548390652557323,0.09232015759492954,0.012855468772738389,0.8690520099072789,0.00016526307736685185,9.306078135386791,2017.1210470617534,24.68497883466136,0.09440662778483351,0.012734917727561808,0.8658178375717788,0.00016217812952776798,9.325587136148403,2227.004314688839,26.418556311413454,0.08808715792066307,0.012572923931146382,0.8523548021354734,0.0001580784161783934,9.351732580192293,fresh_sandwich_bread_22.jpg,fresh_bread
200.14465379901958,6.118795955882352,0.298725118719863,0.023777132678083446,0.9861912518710471,0.0005653520383911838,8.034690305889463,386.2215148019993,9.88164552095348,0.18458159186254214,0.017837383397553492,0.9733192180961359,0.00031817224647131696,8.503809532463151,230.50148590686274,7.113189338235293,0.24032191444698037,0.0208009221779338,0.9840394094443239,0.00043267836345245816,8.252312979071885,374.64333717800855,9.726889657823914,0.186942070992633,0.0179265059803018,0.9741199025200754,0.0003213596166617962,8.492660503732214,464.4993233267717,11.2283156988189,0.1661546314826019,0.0170914416835134,0.9680289100016264,0.0002921173788209394,8.57334671866385,386.2215148019993,9.88164552095348,0.18458159186254214,0.017837383397553492,0.9733192180961359,0.00031817224647131696,8.503809532463151,540.7983052411417,12.96535125492126,0.12244571641536278,0.014985403045656496,0.9625057337731442,0.00022456230444077097,8.763720548029246,374.64333717800855,9.726889657823914,0.186942070992633,0.0179265059803018,0.9741199025200754,0.0003213596166617962,8.492660503732214,663.9472887845851,13.385251976284586,0.1458803395498943,0.015974481247090992,0.9543771082146133,0.0002551840511136618,8.705800351329705,777.0990606981214,15.286735073470147,0.1151957042189176,0.01467467839541578,0.9463736093631098,0.00021534618600888266,8.823469465903194,769.2813580780632,15.253165143280633,0.10941963153100374,0.014230743651365603,0.9465738975597651,0.0002025140648708824,8.872784508543113,737.732190464381,14.974300948601899,0.11837173763450583,0.014768959534706244,0.9490969446709103,0.00021812216573779047,8.81132289847357,850.3703807043651,15.006386408730158,0.1329939076486253,0.015423339103042805,0.941666299606629,0.00023787938908744922,8.774421735572966,1065.3038010279804,17.638472714774487,0.10398537364277433,0.01404677228837101,0.9264793055013483,0.00019731181172134773,8.912720183165657,973.8806268601192,16.810438368055557,0.10400404413560943,0.013939908663578658,0.9322438108778552,0.00019432105354891531,8.922572471758357,1017.7329906731866,17.342701807558313,0.10655152484973018,0.014126914792743287,0.9297825572548727,0.00019956972156142912,8.903387359312767,1041.2795847858565,16.53129668824701,0.12607760727646633,0.014955243078083854,0.9286919982517202,0.000223659295524575,8.838686483430555,1309.5365016376925,19.414682539682545,0.09687065658416658,0.013692392724979829,0.909611695323578,0.00018748161853508052,8.965939186025008,1186.7085563994024,18.3617249750996,0.09826354091868235,0.013627752898414981,0.917288769431993,0.00018571564906025794,8.973009350504505,1290.084372637944,19.3373330813807,0.09972078724768094,0.013756925052740366,0.9109984229708018,0.00018925298690671553,8.963883681504855,fresh_sandwich_bread_23.jpg,fresh_bread
240.2642769607843,6.2241727941176475,0.3699557312812892,0.058920931489537705,0.9824312655097558,0.003471676167594796,7.749551101044771,512.8221145713187,10.321353325643985,0.2786260975032448,0.054041907821816663,0.9624802321166186,0.002920527801021729,8.170792750215458,360.5023743872549,7.680193014705882,0.3250339242261505,0.05554649223366088,0.9736986551971698,0.0030854127994641486,7.931551998624611,564.2839215686275,10.623452518262209,0.27207361258132107,0.05380256557442646,0.9587132787619589,0.0028947160623904594,8.1906370273998,570.7905388779527,11.431010088582678,0.27757838035882365,0.05519312055152052,0.9581440860573083,0.0030462805562146773,8.218847009073139,512.8221145713187,10.321353325643985,0.2786260975032448,0.054041907821816663,0.9624802321166186,0.002920527801021729,8.170792750215458,859.6867925688978,14.236158956692915,0.23151297610653965,0.05094372062528099,0.9372466827849759,0.00259526267114668,8.409465294310044,564.2839215686275,10.623452518262209,0.27207361258132107,0.05380256557442646,0.9587132787619589,0.0028947160623904594,8.1906370273998,863.4234652915021,14.28697813735178,0.24610013412859405,0.052965424571976415,0.9364532070367655,0.0028053362000897233,8.382305749148504,1034.0926901853804,16.24691549383099,0.21623164985350235,0.05030700840136743,0.9240870059267481,0.0025307950942952536,8.493086818655225,1326.9716681077075,17.936342020750992,0.2068026355408772,0.048597483852861514,0.9029631873868825,0.0023617154368291357,8.573231439190089,1218.7610825221652,17.15518631037262,0.20522590328041768,0.04955633347576197,0.9105142229521527,0.0024558301875609264,8.531721480579147,1145.120380704365,16.577349950396822,0.225907180984512,0.05093736021501963,0.9154183247068627,0.0025946146656746646,8.484577671885322,1548.6790138886718,20.187895452202035,0.1910500845853288,0.04797933868784582,0.8856892503671414,0.0023020169409230184,8.649132694656863,1796.2434740823414,21.032195560515873,0.18923074826756797,0.046810782468541624,0.8684210868351756,0.002191249355317124,8.679001230743225,1843.1175928385069,21.5290662250621,0.1804568463419837,0.04671057437894523,0.8639002517963059,0.002181877758810974,8.683896720350692,1417.3430496762946,18.55081237549801,0.21180799494356262,0.049563663868195995,0.8949503891598287,0.0024565567760395173,8.559678781769996,2053.2190728143114,23.486394557823132,0.1759783209034512,0.04651411738607519,0.8476417639463695,0.0021635631162055823,8.747734131985014,2273.977262823705,23.997058640438247,0.17916255686593044,0.04541768261354212,0.8331514622451756,0.002062765893984446,8.762824890414425,2468.043650793651,25.488441672965486,0.1636602051651267,0.04460939950421514,0.8167292732126346,0.0019899985241266702,8.794549071725648,fresh_sandwich_bread_24.jpg,fresh_bread
279.12002144607845,6.016069240196078,0.314327019770265,0.024470175626948,0.9834517493179585,0.0005987894952136799,8.016544082667695,750.4871818531335,11.158800461361015,0.2309987288038589,0.02002815525031178,0.9555515528296906,0.0004011270027305914,8.467125580800493,451.0525275735296,8.007735906862745,0.2688165647475492,0.02186607035688966,0.9732363418428308,0.00047812503285244877,8.262152640719544,542.9629065743945,9.754694348327568,0.2227568081828521,0.019811174816151918,0.9678426149327777,0.00039248264759613203,8.430379242483138,650.3877491387797,11.192990280511815,0.20307679197311718,0.018614489634153325,0.961513616971882,0.00034649922434000155,8.556013067021262,750.4871818531335,11.158800461361015,0.2309987288038589,0.02002815525031178,0.9555515528296906,0.0004011270027305914,8.467125580800493,1085.0793399360236,14.9617218257874,0.1678358253677985,0.016619184788535062,0.9356841592563319,0.00027619730303547524,8.785509640210254,542.9629065743945,9.754694348327568,0.2227568081828521,0.019811174816151918,0.9678426149327777,0.00039248264759613203,8.430379242483138,1062.1276401926875,15.08811450098814,0.1644368599170293,0.016547317730176113,0.9371479135499338,0.00027381372406340074,8.787862418836635,1754.4997674995348,19.691905883811764,0.15089415445301368,0.01593415249041651,0.8963931353717141,0.00025389721558784667,8.898144144450567,1797.1069818428855,20.39240056818182,0.13504977191239664,0.014850008240711941,0.8934992741803576,0.0002205227447492126,9.003626719884902,953.5087265174529,14.934667369334736,0.14778450180369576,0.015984226134096023,0.9436947191478589,0.00025549548510591833,8.818746306790498,1502.7673611111113,18.60841393849207,0.14146089869282788,0.015327138433929938,0.9110739338187986,0.00023492117257285224,8.933743640748185,2872.8656126482215,26.97725319876892,0.12032115109537166,0.01421502528921176,0.8303735354811497,0.00020206694397292987,9.112990920694031,2552.6548704117067,25.359359499007944,0.11654698042441985,0.01377834609009692,0.8487569269366799,0.0001898428209784891,9.144635118186605,1495.1936133981158,19.363214547954193,0.12193393659222815,0.014592730883947528,0.9117211777371751,0.000212947794651316,8.990639753482547,1965.2645200448212,21.916412475099605,0.12843706448540865,0.014502365416802184,0.8837001818752568,0.00021031860268246,9.042946565964016,4009.7158919123203,33.76146384479718,0.10275102601103978,0.013107984607827016,0.7632991265471069,0.00017181926047902995,9.255573500961363,3325.1075230328684,30.067713520916335,0.10382591121167664,0.01304091043835426,0.803016574375605,0.00017006534506117712,9.24830265953953,1970.5449577979339,22.717041446208114,0.10920199714308787,0.013804141753686999,0.8836819402041992,0.00019055432955588476,9.101954892776192,fresh_sandwich_bread_25.jpg,fresh_bread
107.43478860294118,3.4850949754901963,0.4366875208723233,0.048341053349697224,0.9936948210218882,0.0023368574389582733,7.345694420126113,253.05319492502886,6.24562860438293,0.3124206720875663,0.04361933833428771,0.9851765693250566,0.0019026466767210612,7.823063658171872,169.02046568627455,4.536060049019609,0.3778482762156471,0.046202703451658445,0.9900854126028665,0.0021346898062418913,7.579783181105243,253.7210918877355,6.055424836601308,0.31675650788509896,0.044134913223680926,0.9851373977545765,0.0019478905652618452,7.784085076757335,243.55710199311022,6.320543184055118,0.30765722577163557,0.04364890475510779,0.9857258340519522,0.0019052268863204715,7.812262980005147,253.05319492502886,6.24562860438293,0.3124206720875663,0.04361933833428771,0.9851765693250566,0.0019026466767210612,7.823063658171872,405.8049643208662,8.258058562992128,0.25668006480276023,0.04245998761896557,0.9762413126750735,0.0018028505486027094,8.044414416214762,253.7210918877355,6.055424836601308,0.31675650788509896,0.044134913223680926,0.9851373977545765,0.0019478905652618452,7.784085076757335,363.076488389328,7.86138216403162,0.2744779379708008,0.04134775633684802,0.9786706033303868,0.0017096369540913559,7.98941685333264,541.1995628991257,10.261067022134043,0.2259205852050849,0.03958503085943478,0.9684022501564653,0.0015669746681424037,8.177231755183968,627.610965291502,10.533643157114625,0.22314195055884753,0.04031377544232404,0.963197167355648,0.001625200490414129,8.223325307674644,546.6391592783186,9.891220782441565,0.23097723892799626,0.04063320192707918,0.9680842683700751,0.0016510570988467913,8.128673400387006,485.99817088293656,9.111080109126984,0.2548496924525923,0.03937347185919388,0.9713810563057463,0.0015502702862467326,8.095057459623447,811.6760299332906,12.81777562530269,0.19636054439416373,0.03628474456314591,0.9524199861827445,0.0013165826880127468,8.344450575344167,853.3557942708335,12.396437872023812,0.2045825329751799,0.038513530425082286,0.9498852874778514,0.001483292025803739,8.330521597751071,812.6082269680826,12.313330937836866,0.20337180436731933,0.03786781996824299,0.9523646450181809,0.0014339717891472628,8.292528004506824,611.5100068476096,10.306352714143426,0.24031662364746154,0.03792945894999048,0.9639022914222672,0.001438643856239013,8.181859683060887,1079.0481072058453,15.02149470899471,0.17697546474627812,0.03346479324332633,0.9364939589928062,0.0011198923868185797,8.463673276365483,1061.464112300797,14.05920069721116,0.18805789162393927,0.036895452640831015,0.9375696339310327,0.0013612744255718044,8.415888028093317,1072.8040280927187,14.418886999244144,0.1834263090112122,0.035457259682413124,0.9368614183513633,0.0012572172641860794,8.41201614723459,fresh_sandwich_bread_26.jpg,fresh_bread
209.73120404411765,6.9190410539215685,0.24341614273626827,0.02076548297353758,0.9837249054580891,0.0004312052831242791,8.342228605025799,474.5456670511342,10.893994617454826,0.1644729104428117,0.01655378351824837,0.9632367886059704,0.0002740277487690314,8.72336846778317,337.0770680147059,8.078691789215686,0.23103641728304097,0.02006089633639715,0.9738211091430341,0.0004024395618196727,8.43099211886194,483.5740561322568,10.984805843906193,0.16368561069731122,0.01658395880045259,0.9625376003361099,0.00027502768949510886,8.727273955755035,488.44625061515745,12.515025221456693,0.1303591852576263,0.01517011897862263,0.9621921788469555,0.00023013250982556653,8.867763191566048,474.5456670511342,10.893994617454826,0.1644729104428117,0.01655378351824837,0.9632367886059704,0.0002740277487690314,8.72336846778317,811.8729238435042,14.781111589566933,0.12196694465061719,0.01452584359282696,0.9370513137405481,0.00021100013208327203,8.955383398233831,483.5740561322568,10.984805843906193,0.16368561069731122,0.01658395880045259,0.9625376003361099,0.00027502768949510886,8.727273955755035,679.7732831027669,14.58269515810277,0.1163947802127363,0.014326894399721006,0.9474949025713578,0.00020525990314075712,8.976905996594102,938.7833870667743,16.47912145824292,0.10575080372605859,0.013682313805497061,0.9275762856472711,0.00018720571107209549,9.046267491675213,1245.409430583004,18.29076086956522,0.10735168301533697,0.013655843946039654,0.9033620980129544,0.00018648207387858787,9.090118002440953,981.7521545043091,16.76024552049104,0.10649882301177659,0.01379028533287537,0.9242632525162453,0.00019017196956211757,9.046903686722121,838.0932849702381,15.82421875,0.11070012770881535,0.01395708326887428,0.9354059264570277,0.00019480017337429037,9.025480920261678,1361.5821056413943,19.47596431751785,0.09711682348168674,0.013090636506238663,0.8951014127728363,0.00017136476413846837,9.140831240952982,1669.7887989831352,21.013842385912703,0.10039227042842314,0.013265806606730327,0.8703203543116711,0.00017598162492716998,9.159808440155995,1448.2953803371402,20.072755393772752,0.09656455039891733,0.01314711090309468,0.8884257925372591,0.00017284652509827104,9.147856091417026,1025.589968251992,17.1972578436255,0.10647707321418298,0.01366621605655244,0.921138104373864,0.00018676546130437171,9.066754655694321,1792.319428697405,22.32670382968002,0.0896611885644193,0.012680884753631156,0.8620943392209574,0.0001608048381348751,9.210493187527984,2110.314554282869,23.765282619521916,0.0956579383593023,0.012893054254694785,0.8359549807495875,0.0001662308480145033,9.224320666649097,1920.4551996724617,23.177610859158477,0.08872269349364967,0.012637659032781074,0.8522433589447114,0.00015971042582883308,9.227918247877774,fresh_sandwich_bread_29.jpg,fresh_bread
267.84753370098036,6.578875612745097,0.28199141613381823,0.022880973911397103,0.982373522283619,0.0005235389671340349,8.196347444000423,506.1930642060746,10.551787773933103,0.18663181588119943,0.01821509210066421,0.9666899208568023,0.0003317895802356797,8.618566570208639,326.63823529411764,7.778523284313726,0.24618154550761134,0.020965980360008612,0.978481459458244,0.0004395723324562668,8.376113750312673,541.6065667051136,10.883552479815457,0.18312939932771127,0.017994334810989845,0.964358863958536,0.000323796085290001,8.64447440927269,621.3896868848426,12.071896530511811,0.16772580603659715,0.017371307552667112,0.9591542740801084,0.00030176232608934944,8.712462650804051,506.1930642060746,10.551787773933103,0.18663181588119943,0.01821509210066421,0.9666899208568023,0.0003317895802356797,8.618566570208639,765.3331846702757,14.247800812007878,0.14503282366863784,0.015997354786287547,0.9495823047063096,0.00025591536015835714,8.873478358697678,541.6065667051136,10.883552479815457,0.18312939932771127,0.017994334810989845,0.964358863958536,0.000323796085290001,8.64447440927269,947.4137228260869,15.119997529644268,0.14568917465180048,0.01606764908667389,0.9377236525979411,0.00025816934717249235,8.868674475776295,991.813271126542,16.502433504867007,0.12319781700016,0.015076168716306654,0.9348097008606048,0.00022729086316254342,8.958630638797008,1169.177603137352,17.855870182806328,0.12423313851629171,0.01474142301735663,0.9228718062794087,0.00021730955257665186,9.032100061995576,1113.7948880897761,17.42750635501271,0.12068252093274731,0.014864129696807777,0.9267864823977108,0.00022094235164352283,8.99562792755001,1273.1275731646824,17.58705357142857,0.13427107543833888,0.015462303685047338,0.9163135116197748,0.0002390828352486285,8.955430734852689,1495.0936899498506,20.40222468715337,0.10757958076108742,0.014092413507041001,0.9015942104458877,0.00019859611845343163,9.099053449821653,1570.6460038442465,20.823304191468257,0.11044112530181649,0.01398906779534339,0.8962447062342642,0.00019569401778271356,9.131991111637838,1671.1855051633365,21.712743520442437,0.10367454222256348,0.013862304264376565,0.8899851695897095,0.00019216347951815267,9.138155975392847,1616.6271787848605,19.9601593625498,0.1286061476339829,0.015118631949117773,0.8937331877754855,0.00022857303201288467,9.021085204306997,1962.3935657596373,23.53591899722852,0.099501645612143,0.013528255929799919,0.8706594215556988,0.00018301370850216668,9.190657081935331,1996.2531592380483,23.762963769920326,0.10077337653673604,0.013356891963086322,0.867944943087206,0.00017840656291355996,9.21916342765913,2212.5669249181155,25.49332325522802,0.0925711344745015,0.013197400230552877,0.8541265897060614,0.00017417137284539714,9.237225132145852,fresh_sandwich_bread_4.jpg,fresh_bread
211.83714767156863,6.446155024509804,0.2862488587823224,0.023004809658769238,0.9854009810658407,0.0005292212674362024,8.103405545928213,405.5547097270281,10.307804690503653,0.17665544647331505,0.017381112487147087,0.9720165619409095,0.0003021030712908604,8.559542369169733,242.87092524509808,7.412500000000001,0.2323492801558781,0.020269351759265045,0.9832024030194548,0.000410846620740821,8.306774288625064,393.62978854286814,10.160292195309497,0.17932769019743391,0.017446330841399845,0.9728402732615091,0.0003043744598275794,8.549915712265012,492.3786601870078,11.802872785433072,0.15899520978337506,0.016573814128422248,0.9661486008006693,0.0002746913147634889,8.63793762845915,405.5547097270281,10.307804690503653,0.17665544647331505,0.017381112487147087,0.9720165619409095,0.0003021030712908604,8.559542369169733,570.5062438484252,13.495386318897637,0.11758835680799648,0.014677698892524047,0.9604939052989134,0.00021543484477960166,8.810934614407126,393.62978854286814,10.160292195309497,0.17932769019743391,0.017446330841399845,0.9728402732615091,0.0003043744598275794,8.549915712265012,696.6371819416997,13.978739500988144,0.13893990543577084,0.015551530541637154,0.9521850293252165,0.00024185010218747322,8.762320424454554,808.522273544547,15.836335172670342,0.11103730813284206,0.014361491805657323,0.9442743978374243,0.00020625244688396243,8.870502341976476,804.9294559041502,15.79775506422925,0.10659996427033566,0.013953598164426179,0.9441714006815458,0.0001947029017342776,8.917478262599284,767.9654349308698,15.528644057288117,0.11439066303399203,0.01444128413877783,0.9470766584698045,0.0002085506875769161,8.861177687466373,883.4593874007936,15.55673363095238,0.12883130089843936,0.015060647742679178,0.9394646320427988,0.00022682311042906744,8.825637649698546,1099.1832398568952,18.164539361652267,0.10068549612443525,0.013788117224800849,0.924242487236271,0.00019011217660484984,8.957337138268084,1010.2286241319443,17.328791542658728,0.10124344578603903,0.013656079292364735,0.9298135261726702,0.00018648850163935292,8.966359918905754,1046.747551125623,17.833960849255572,0.10345079240267664,0.0138623702900321,0.9278770393563597,0.00019216531005796466,8.945853884792303,1077.5390625,17.081704432270914,0.12119561066687044,0.014605936350804526,0.9262911601825489,0.00021333337668375305,8.885487060615905,1345.7501574703956,19.966710758377424,0.0938193445210755,0.013406715421770922,0.9072441609858692,0.00017974001840035026,9.011478602962434,1222.3321713147413,18.84536852589642,0.09606427612863605,0.01340733310588765,0.9149305955947933,0.000179756581012231,9.010145141677224,1315.6849332325523,19.802406147644245,0.09628171961406284,0.013498515331796513,0.9093609870705386,0.0001822099161627455,9.005663575459309,fresh_sandwich_bread_5.jpg,fresh_bread
211.53955269607843,5.7137561274509805,0.29675910332220073,0.02433538390320183,0.9869252862410306,0.0005922109097162148,8.094966424208765,386.87229527104967,8.426712802768167,0.22704318450286243,0.02070716467115531,0.9761382500325413,0.00042878666871834254,8.400772360202263,224.40018382352946,5.752726715686276,0.2992063539857137,0.024735656141280014,0.986149716196201,0.0006118526847396436,8.064429036294237,381.10366782006923,8.382037677816225,0.22566192151213915,0.020781660829913225,0.9764940455353823,0.00043187742684954963,8.393063879252228,504.88525775098424,10.245709276574804,0.1816038133637491,0.018781431981224977,0.9688155081486653,0.0003527421872653804,8.573262619106803,386.87229527104967,8.426712802768167,0.22704318450286243,0.02070716467115531,0.9761382500325413,0.00042878666871834254,8.400772360202263,536.574172613189,10.32091227854331,0.18669370937315188,0.019162957767011952,0.9669515260033823,0.00036721895038028374,8.538771528657325,381.10366782006923,8.382037677816225,0.22566192151213915,0.020781660829913225,0.9764940455353823,0.00043187742684954963,8.393063879252228,761.091866353755,12.706954051383399,0.16180040263408746,0.0175055927530867,0.9530214469440467,0.0003064457776369217,8.71737029197109,802.4599789199578,13.093217186434375,0.16321077325002115,0.01748405901508731,0.9506421902235993,0.0003056923196430558,8.719489360292675,799.5583930335968,12.889729496047432,0.16582673120182412,0.01788691780048559,0.950809125941549,0.0003199418284013283,8.69284053522556,776.0585901171803,12.910533821067645,0.1635451284303045,0.017625133572687933,0.9522659620315339,0.00031064533345509125,8.705643664625487,1006.3194909474206,14.552067832341269,0.15585733364323004,0.01694811088209148,0.9379238881564987,0.0002872384624716676,8.790417008383173,1194.2202659001077,16.227202424659033,0.14969503694406902,0.016451761111304426,0.9266744411263677,0.0002706604436634287,8.85211049452336,1047.4748418898812,14.913860987103178,0.1548460384356882,0.017239207947000075,0.9356282857560855,0.0002971902906399106,8.78089276211498,1132.4780109047165,15.807011514005842,0.14879061055576442,0.01659938446082491,0.930464834684541,0.00027553956447827553,8.835491058270257,1261.3947646912354,16.396258715139446,0.14951116711195322,0.016467653567675506,0.9222367437719514,0.00027118361402497587,8.859157132160638,1570.9825207860922,18.976442428823383,0.1377363152542827,0.015683988157086895,0.9037065616745391,0.000245987484511642,8.951844625905418,1306.5559947709166,16.926076942231077,0.14745854026980948,0.01669688241111768,0.9197945188633709,0.00027878588225069105,8.861461432236407,1463.6787446460066,18.34109662383472,0.13637798553239033,0.01581305449540876,0.910281825556334,0.00025005269247476715,8.9311030996081,fresh_sandwich_bread_6.jpg,fresh_bread
282.38815870098045,7.1429074754901976,0.370543572119093,0.06029321276707707,0.9745021929670808,0.0036352715057760255,7.821365963882538,726.2084429065744,13.147035755478663,0.26936550957384187,0.05434409651833192,0.9345643775820279,0.002953280826393776,8.295942378065387,511.59015012254906,9.819469975490195,0.3620045760246848,0.06815440526694562,0.9538531606155329,0.0046450229572910645,7.924497094107701,705.7370088427529,12.905297962322186,0.27327500014326966,0.05526179442951297,0.9364090640033378,0.0030538659235697504,8.270790310309614,669.5275898129921,13.103469488188976,0.2405183230118206,0.04818248821322507,0.9396135172848757,0.002321552170417573,8.38488813684576,726.2084429065744,13.147035755478663,0.26936550957384187,0.05434409651833192,0.9345643775820279,0.002953280826393776,8.295942378065387,1264.1000707431103,18.116372416338585,0.27427035710488634,0.06071795687946606,0.8862282034564569,0.0036866702876166995,8.402353427921323,705.7370088427529,12.905297962322186,0.27327500014326966,0.05526179442951297,0.9364090640033378,0.0030538659235697504,8.270790310309614,982.0199790019763,16.159677618577074,0.2063137124568198,0.04371730325644681,0.9114781853738783,0.0019112026040161345,8.551278495561395,1580.1425847851697,21.53702957405915,0.18131970218446974,0.04445288099186159,0.8580902112446684,0.0019760586284766095,8.69463188548832,1952.8559010622528,23.000169836956523,0.24889649014520687,0.05686549137719195,0.824691247873042,0.0032336841095694916,8.559113885691934,1507.2337249674501,20.852858205716412,0.19458145158100915,0.04672016736873301,0.8646391597733147,0.0021827740389624246,8.653145092043392,1278.3135385664684,18.61521887400794,0.17903330334150613,0.03886088508215156,0.8848214436890406,0.00151016838936819,8.666153843777149,2331.958693308754,26.795138183692924,0.1495230194979363,0.03875886927976811,0.7912292627872713,0.0015022499478461522,8.867170420001226,2633.245024181548,27.17381262400794,0.2268536591093088,0.053029247276085,0.7642206439396667,0.0028121010666681684,8.677680478359271,2227.6571419644115,25.8554265806371,0.16423666845176102,0.04165000761565284,0.8005704533398533,0.0017347231343839392,8.819784714295492,1584.4384182021913,20.89941795318725,0.16175214899687984,0.03573071774188791,0.8573072430433082,0.0012766841903504634,8.749689002741636,3060.607725497606,31.377976190476193,0.12363059016934765,0.03376916193126314,0.7268284253065418,0.001140356297539872,8.983709131019953,3318.8128735059763,31.24302788844622,0.2127363820666721,0.050259639492339046,0.7036273664477712,0.0025260313618998866,8.77215658639807,2947.884526958932,30.3544816074578,0.14233100188725623,0.03726889314673754,0.736895514235319,0.0013889703963829404,8.935266445664276,fresh_sandwich_bread_7.jpg,fresh_bread
380.67153799019616,8.578216911764708,0.2675489123609238,0.025344209647246346,0.9776828335299473,0.0006423289626435748,8.476023737005976,824.8599461745484,14.358292964244523,0.17398374295245694,0.019471727533244925,0.9517983876415977,0.00037914817312892856,8.917330258309857,563.5923713235294,10.951531862745098,0.22091885243672033,0.02218432393903444,0.9670167102168965,0.0004921442286320166,8.674686924082799,891.5989542483661,14.999184928873511,0.17107550874794233,0.01986002726936917,0.9478987962466483,0.00039442068314008707,8.928020547169584,937.0868909940947,15.686361958661422,0.1694273491001514,0.019670793680185403,0.9451454567971476,0.000386940124008422,8.995512321307674,824.8599461745484,14.358292964244523,0.17398374295245694,0.019471727533244925,0.9517983876415977,0.00037914817312892856,8.917330258309857,1394.639087106299,20.02906619094488,0.12532756249089091,0.016372357399848946,0.9186450168364528,0.0002680540868283885,9.173430366556332,891.5989542483661,14.999184928873511,0.17107550874794233,0.01986002726936917,0.9478987962466483,0.00039442068314008707,8.928020547169584,1471.313673418972,20.118546195652172,0.14289156445546308,0.017998966313009006,0.9138428408671178,0.00032396278833683295,9.168966742446617,1785.9658999317999,23.378479756959514,0.1113095597031151,0.015272675363783454,0.8961334400087416,0.00023325461276751806,9.286294192039366,2147.5077044219365,25.39663105237154,0.1056987555111627,0.014425482308888925,0.8747651897688397,0.00020809453984406732,9.342549714204752,1977.5511966023928,24.57119164238328,0.1092871947740334,0.015658940359541313,0.8849942563455832,0.0002452024131836718,9.287540392176147,1994.4147910466272,23.677687872023814,0.12730651259398085,0.016939733491400964,0.8831677890056174,0.0002869545707596914,9.275908529579816,2752.014544829634,29.96780140292772,0.09202569658910047,0.013462179444694087,0.839950206240521,0.000181230275401144,9.454640911438927,2875.7928912450398,29.757765997023817,0.09307730728254698,0.013260244814618965,0.8323421440025607,0.00017583409254362916,9.452779105585762,2967.084613101283,31.013935540314648,0.09053870560378585,0.013686908511218576,0.8274501447004228,0.0001873314645944675,9.46007158788028,2505.8314087400404,26.91379793326694,0.11914613002782723,0.016031757990256225,0.8531552786127553,0.0002570172642581443,9.360402515241116,3752.266014739229,35.99718127991938,0.07837525348761659,0.012206657752374563,0.7817712038472636,0.00014900249348360602,9.578916338075626,3632.7796781623506,34.06242218625498,0.0848586524395804,0.012446239799325905,0.7882511567224705,0.00015490888514232414,9.53959133936338,4020.007779037541,37.18181531872008,0.07769563034787175,0.012371226454285384,0.7662140770303286,0.00015304724398321052,9.585446900967918,fresh_sandwich_bread_8.jpg,fresh_bread
426.1002910539215,8.303048406862745,0.2582869239490936,0.02153571570650731,0.9719519571807403,0.00046378705099150573,8.380315753487592,730.5456978085354,12.259653979238756,0.18096342528602322,0.01803473459185546,0.9519830802992223,0.0003252516517986679,8.70330102812116,388.8256587009804,7.64921875,0.28549065642166466,0.0233598772273897,0.9743998883429426,0.0005456838640787197,8.261245107577567,759.7556324490581,12.606320645905422,0.17705374233575596,0.017883289684233823,0.9500626968906419,0.00031981204993022385,8.72103071359149,1018.8346918061023,15.540400467519682,0.1592974636671124,0.01604376968638966,0.9330565073236601,0.00025740254574991574,8.925272144253599,730.5456978085354,12.259653979238756,0.18096342528602322,0.01803473459185546,0.9519830802992223,0.0003252516517986679,8.70330102812116,916.9256274606299,14.399913877952756,0.18816241516111903,0.018210099888606453,0.9397207964509184,0.0003316077379530248,8.813406425123825,759.7556324490581,12.606320645905422,0.17705374233575596,0.017883289684233823,0.9500626968906419,0.00031981204993022385,8.72103071359149,1668.210412549407,20.968070652173914,0.1250293622013175,0.014045579186668206,0.8905151218371824,0.00019727829468896708,9.155204071673172,1562.026753053506,20.745272490544977,0.11277279624414269,0.013998531868013657,0.897673699108033,0.00019595889445979392,9.155313479124086,1529.2601593379445,19.8517168972332,0.14987860245952703,0.016029310762237167,0.8994985993517655,0.00025693880351237226,9.074738337282325,1668.431086862174,21.74480748961498,0.1086102149225413,0.013893618598291047,0.8906991253455525,0.00019303263775477888,9.173920100785148,2340.5610894097226,25.778537326388893,0.10432772094549993,0.012790122076995907,0.8465639494448558,0.00016358722274445808,9.303211434856905,2544.0759268227903,28.095111624927746,0.08458967091696724,0.012134785361557841,0.8335913053869725,0.00014725301577107848,9.381425098980984,2179.6957465277783,24.877976190476193,0.1245006460480893,0.014520901294439514,0.8567968855495557,0.00021085657440285513,9.250474453913764,2714.3567154618886,29.454686059772843,0.08198880604744674,0.012025611416389826,0.8224392198458018,0.0001446153299380053,9.401195032284816,2989.223356573705,30.003205926294818,0.09236031251032527,0.012005468123922362,0.8040839503555436,0.0001441312648745159,9.404868160387263,3498.856150793652,34.33993134290755,0.06818294932001903,0.011008453405831283,0.7714765217854264,0.00012118604638835839,9.51986390108025,2848.7935290089645,29.593858939243034,0.10702479147115435,0.013426815254991332,0.812892221985765,0.00018027936789166796,9.379509749070191,3740.557413706223,36.1576278659612,0.06537586944936005,0.010881033416473514,0.7556570292312923,0.00011839688821041327,9.544961252886242,fresh_sandwich_bread_9.jpg,fresh_bread
287.2957261029412,7.554181985294118,0.2504561777438673,0.023444154648468617,0.978963302147916,0.0005496283871813128,8.273523007805967,431.32859669357947,10.381084198385238,0.1821549579517946,0.019250650393229766,0.9684738771948033,0.0003705875405623573,8.580796515228064,239.67144607843142,6.967493872549021,0.2665478425811903,0.024878314053112856,0.9824477199066437,0.0006189305101253126,8.20600678315958,490.83108035371015,10.607197231833911,0.19100228189320567,0.019765519314151405,0.9641248830430482,0.0003906757537580923,8.558679576335965,700.4320250984254,13.629521407480318,0.13940018597358786,0.016778300457596675,0.9488147743673284,0.00028151136624538886,8.787699918554337,431.32859669357947,10.381084198385238,0.1821549579517946,0.019250650393229766,0.9684738771948033,0.0003705875405623573,8.580796515228064,583.3242648868111,12.52902005413386,0.15647200750991952,0.017956435259550145,0.9573588175927522,0.0003224335672304157,8.728059431838933,490.83108035371015,10.607197231833911,0.19100228189320567,0.019765519314151405,0.9641248830430482,0.0003906757537580923,8.558679576335965,1043.8352272727275,16.731595849802375,0.11821172061878725,0.015516687650631343,0.923770616037633,0.00024076759564725525,8.92404432247608,828.280163060326,15.645839791679581,0.11577020710896138,0.01534875259462092,0.939691955267508,0.00023558420621088243,8.922312475913309,863.8709239130433,15.496973814229248,0.13229077545026996,0.01638867903162249,0.9369703624271993,0.0002685888004015426,8.884740266697355,1053.6427087854174,16.612669725339448,0.12315170067089941,0.01587597059425851,0.9232836643488048,0.00025204644230976094,8.898597572275543,1361.9398251488096,19.033048115079367,0.10681908081156184,0.014843246079705637,0.9006022466649478,0.00022032195418269674,9.002835909917314,1174.6429720820508,18.689559280726147,0.10015320438218914,0.014389551492251485,0.9146906703858599,0.00020705919214815692,9.03217300207785,1116.695948040675,17.690274677579367,0.11656876112254747,0.015461075993906314,0.9186834683957328,0.00023904487088934612,8.973577300772918,1549.6988860941428,20.232904747769844,0.10594749229510067,0.014795561579712157,0.8874530429888106,0.0002189086424590545,9.022603816887145,1696.4596146663348,21.269437873505982,0.09947502233298085,0.014364847281013704,0.8762517053474317,0.00020634883740684677,9.067456850410025,1495.9283352229786,21.128007684555307,0.09148073456599493,0.013775559345989855,0.8916368542930269,0.00018976603529488842,9.10937849921358,1382.5197646912352,19.756816484063748,0.10832474119081315,0.014854234265360455,0.8995278853171645,0.00022064827561020864,9.042934670542026,2064.1215199042585,23.66296611237088,0.0949998679681401,0.01411443443630702,0.8504788362749894,0.00019921725945680949,9.11436317454254,multigrain_bread_1.jpg,fresh_bread
245.30632659313733,5.791161151960786,0.4262313779885846,0.05172499867151167,0.985958044693451,0.0026754754875678837,7.5955707923647235,378.55269511726266,8.029081122645138,0.3728083862650804,0.0480163949882757,0.9783836225420116,0.0023055741876701077,7.828252096576309,162.00191482843138,4.8075214460784315,0.4583353222827846,0.054012961224607796,0.9907220313811115,0.0029173999802509856,7.4719499331812145,355.124859669358,7.726043829296426,0.3943500715305462,0.04858908758411024,0.9797214311441597,0.0023608994322563363,7.785711289419977,575.6027005413387,10.568097933070867,0.32253729412805227,0.045427103479590954,0.9671479426582444,0.0020636217305454643,8.045011974925185,378.55269511726266,8.029081122645138,0.3728083862650804,0.0480163949882757,0.9783836225420116,0.0023055741876701077,7.828252096576309,383.04210752952764,8.68171751968504,0.3668281646955838,0.04772462664575805,0.9781165076661109,0.002277639988476999,7.904548212286708,355.124859669358,7.726043829296426,0.3943500715305462,0.04858908758411024,0.9797214311441597,0.0023608994322563363,7.785711289419977,861.4465631175889,13.26462141798419,0.2788274553642186,0.042447271658298355,0.9507616268291784,0.0018017708712333787,8.230560794431653,797.7365769731541,13.172933845867691,0.28543692901293255,0.04275350120534165,0.9546921187225494,0.0018278618653151501,8.17745735902217,577.5621448863636,10.939275568181818,0.32898326869511463,0.0447690146571765,0.9669879093849613,0.0020042646733744837,8.083205115342029,711.5873581747164,12.34732469464939,0.3175887850637686,0.043878667324989296,0.9595851385566562,0.0019253374462170833,8.110718717799532,1135.5967571924602,15.417162698412696,0.2476080994405544,0.039438889315062446,0.9349928731849227,0.0015554259904057468,8.35279840471272,1161.0149822681183,16.213282507147433,0.24104068510608778,0.03828313933959355,0.9339281878353912,0.0014655987576947351,8.359884384505353,757.7588200644842,12.672138516865079,0.30150897233570706,0.04178124846546967,0.9566669875059806,0.0017456727233333116,8.206742101725535,1025.7773125654205,15.019200424940243,0.27697984085262817,0.03974295855996656,0.9416249190399932,0.0015795027550992195,8.291591905339214,1418.5600099601593,17.532339392430277,0.22593017245997674,0.03710812757689385,0.9186656249421192,0.0013770131322630298,8.458045426291116,1505.68110670194,18.832183799445705,0.21216967211978327,0.03489585535965807,0.9141319773706457,0.0012177207212821768,8.48945120083742,930.1127832420318,14.162148281872511,0.28309238092562095,0.039814936946670945,0.9467852498603718,0.0015852292040673833,8.295772173804142,1332.28409234064,17.310956790123456,0.24872379798622418,0.03640128219346431,0.9240223756656945,0.0013250533453282214,8.417463387529121,multigrain_bread_13.jpg,fresh_bread
287.9243719362746,7.549096200980393,0.2508782346000352,0.02352685104098941,0.9789009910393217,0.0005535127199049045,8.270436854392363,431.1095578623607,10.373194925028834,0.18302904674501538,0.019305307904240256,0.9684655891673183,0.0003726949132775213,8.578810596472032,239.92902879901962,6.98359375,0.2657983826561397,0.02485981038231083,0.9824154338201803,0.0006180101722444492,8.2068789023552,490.72579777008843,10.61371780084583,0.1900548280690676,0.019796664916937635,0.9641049272549739,0.00039190794183350944,8.557572496223798,702.3119156003937,13.61515748031496,0.13936400198627216,0.016794816698440806,0.9486374957675391,0.00028206586793422613,8.785774763801665,431.1095578623607,10.373194925028834,0.18302904674501538,0.019305307904240256,0.9684655891673183,0.0003726949132775213,8.578810596472032,584.0149790846458,12.560654527559057,0.1558363535844726,0.017982485890685122,0.9572758213541053,0.0003233697988086895,8.729081855192256,490.72579777008843,10.61371780084583,0.1900548280690676,0.019796664916937635,0.9641049272549739,0.00039190794183350944,8.557572496223798,1045.0703125,16.70880681818182,0.11799101947753289,0.015545543524064337,0.9236205829232941,0.00024166392345857866,8.92348330307809,825.1918283836568,15.620404240808481,0.11502128726220637,0.01538484855379842,0.9398703199115316,0.00023669356502331335,8.91943852131284,864.2909615859685,15.518573987154152,0.13264427014617658,0.016428369862790285,0.936892004207745,0.00026989133634863614,8.884418253859415,1052.285727571455,16.61262322524645,0.12279752402197135,0.01588028291175987,0.9233231958419982,0.0002521833853575326,8.900285469228873,1362.3533141121034,18.998310391865083,0.10694003881377326,0.014858268928264941,0.900493469116854,0.0002207681555446434,9.00264893654502,1168.7204143167369,18.640300582730553,0.10153443756150245,0.014408752104445472,0.9150549534893465,0.00020761213720736182,9.031898488626647,1116.6932973710318,17.704148065476193,0.11722334493841051,0.01550258858345806,0.9186222143760283,0.00024033025278796422,8.974173210699536,1550.18511459326,20.249792997859675,0.10622254409714567,0.014822207972835625,0.8873304562491633,0.000219697849189992,9.02400782022701,1694.2819970119526,21.2241969621514,0.09976558851741496,0.014396363004254802,0.8763121311105332,0.00020725526775027637,9.063092814874501,1484.7856827916353,21.056437389770725,0.09145002739388695,0.013819644440394166,0.8923599087796236,0.0001909825724589174,9.108074465175019,1383.2797404133469,19.782884088645424,0.10890860713923414,0.014871047494032567,0.8993966855642761,0.00022114805356977227,9.043474469506936,2065.378180901991,23.67803602922651,0.09599051807840585,0.014154219300686867,0.8502711136099159,0.0002003419240119366,9.111072097041696,multigrain_bread_16.jpg,fresh_bread
175.62637867647058,3.479227941176471,0.7330014147912283,0.6249624601630378,0.9890769307273479,0.3905780766130366,3.4009769811554946,324.2593464052287,5.509142637447135,0.7023529813517542,0.6221382923209764,0.9799111834523904,0.3870560547720606,3.5264374583156264,181.453737745098,3.5565870098039207,0.732415695478361,0.6255494318712649,0.9887144985730045,0.3913120917144623,3.406243830266253,313.8833371780085,5.465590157631681,0.6956335742073617,0.6218917925106097,0.980554007624377,0.38674940159205917,3.52125695107027,403.0084276574803,6.4265501968503935,0.6896242219062197,0.6202695134718889,0.9750328295978097,0.38473426934265376,3.5837403744350604,324.2593464052287,5.509142637447135,0.7023529813517542,0.6221382923209764,0.9799111834523904,0.3870560547720606,3.5264374583156264,423.3973609744094,6.530327263779528,0.6911009271722544,0.6213782864549919,0.9737696947909233,0.38611097487774204,3.576417003471427,313.8833371780085,5.465590157631681,0.6956335742073617,0.6218917925106097,0.980554007624377,0.38674940159205917,3.52125695107027,602.4661870059288,8.308084239130434,0.6744777703813638,0.6162646013017548,0.9627618301716528,0.37978205881761073,3.669590162798057,668.250418500837,9.047709095418188,0.668635764968597,0.6172158084132872,0.9589227198053871,0.3809553541552676,3.6521586556205365,644.4605051877468,8.503582015810274,0.6772255197367594,0.6178811385102323,0.9601661798496793,0.3817771013267009,3.6623632528714705,632.5144460288922,9.056079112158224,0.6552280572076767,0.6147153413345415,0.9611194061277845,0.3778749508720419,3.6570378697106416,810.2116815476188,9.89059399801587,0.6653886328582089,0.6118503584383123,0.9500363029746283,0.37436086112109124,3.73309830292704,1000.5973222515585,11.582746176318956,0.6509125002204619,0.6105699375275451,0.938775616403451,0.3727956486123903,3.749056089937003,874.4412202380952,10.201853918650794,0.6678063311588338,0.614010319248632,0.946075430422062,0.377008672143807,3.7207743107980527,928.2114702619945,11.544470308862817,0.6406875104032049,0.607031604066861,0.9432047499525991,0.3684873683359863,3.7605355763932753,1031.3162039342628,11.420754482071715,0.6582229830963315,0.6073585350013759,0.936547559917186,0.36888439003901763,3.7894180815015917,1313.7363630637442,13.575806248425298,0.6450020824059234,0.6048821632060315,0.9199826861725561,0.3658824313648082,3.8178664229189194,1112.0206673306773,11.826911105577688,0.6605478593603386,0.6100675848597122,0.9315821621967376,0.37218245809656214,3.779192862062181,1244.2074200050392,13.716584782060977,0.6309681012554899,0.5991757012454922,0.9242175687663851,0.35901152096302735,3.8427404320256118,multigrain_bread_20.jpg,fresh_bread
493.89828431372547,10.07564338235294,0.3413896018754542,0.22643689645739482,0.9740410955864964,0.051273668077256945,7.449665532825329,691.7804536716649,13.207043444828912,0.3107335603672395,0.22528561860862284,0.9636681619093082,0.050753609951869866,7.619372613069576,272.08351715686274,7.690533088235295,0.36868511353176375,0.23240719260739134,0.9857469826021403,0.05401310317564909,7.24188305281337,695.290396001538,13.100284505959246,0.3109523640608949,0.22499316077101605,0.9634838221295997,0.050621922393732276,7.6197094493185435,1214.4063730314963,18.360051673228348,0.2811409301074267,0.218030231122315,0.9360036925302547,0.0475371816832501,7.847482004383632,691.7804536716649,13.207043444828912,0.3107335603672395,0.22528561860862284,0.9636681619093082,0.050753609951869866,7.619372613069576,667.5809085875985,14.004321481299215,0.3071474187795228,0.229507620668017,0.9650577722501376,0.05267374794469438,7.62713792741709,695.290396001538,13.100284505959246,0.3109523640608949,0.22499316077101605,0.9634838221295997,0.050621922393732276,7.6197094493185435,1791.7261610671937,22.69787549407115,0.2647403069983628,0.21136017517601433,0.9053241163405885,0.04467312365043546,7.9883174124028695,1492.0910626821255,20.971123442246885,0.2761512877254983,0.21775159398460683,0.9214913158074962,0.04741575668283707,7.900248813964559,1016.501358695652,17.467792737154152,0.2948444212279288,0.22824914456753115,0.9467701983586443,0.05209767199580974,7.747489044759018,1498.8644522289046,20.709544919089844,0.27353538348513967,0.21735564036955338,0.9211349234168837,0.04724347440045862,7.904714237617823,2311.3994915674602,26.02260044642857,0.25375622628797667,0.20422993361032202,0.8775227731721026,0.041709865782476534,8.096257661893018,2178.4938055585935,25.689606149135273,0.2613761329960331,0.21106160165777899,0.885003517174922,0.04454699969434697,8.036135868230684,1344.1501891121031,20.12616257440476,0.2872817694561167,0.22704960908200866,0.9295803913274899,0.05155152498429295,7.817490985331284,2166.911590557578,25.2078613944914,0.2603270581847882,0.21059499358431996,0.8856149093143177,0.04435025132277976,8.037652384601829,2865.5003423804783,29.42800672310757,0.24311832099671077,0.19676054436864174,0.8477244772628169,0.03871471182024423,8.193658498059197,2839.740976946334,29.78173028470647,0.24986620303226303,0.20384054018810635,0.8495964325760796,0.041550965824179005,8.145450437154757,1675.8062437749004,22.5183640438247,0.28306019518592834,0.22649369964813254,0.9121779786213102,0.05129939598029848,7.871401915315411,2824.8089726631392,29.22910367850843,0.24740835525948596,0.2031776056641176,0.8503872887602223,0.04128113944340367,8.147135192994737,multigrain_bread_25.jpg,fresh_bread
242.7767003676471,6.475597426470589,0.4161575863052026,0.05295286472033522,0.9782470586735765,0.0028040058820901223,7.772204258358664,655.1049750096117,12.787743175701655,0.2784802349588811,0.04280476263333673,0.9415272083355417,0.001832247704096301,8.368421124119244,462.0634344362745,9.810707720588235,0.3269381537801559,0.04725947518007435,0.9587248467775688,0.0022334579942960638,8.14313516040236,634.6828758169936,12.560000000000002,0.28013635324709973,0.04285029360613001,0.943350081768726,0.0018361476621315464,8.354364000477252,565.8262026328741,11.819558932086617,0.30565868905955307,0.04283748037571232,0.9493425071748882,0.0018350497249395384,8.27636052769082,655.1049750096117,12.787743175701655,0.2784802349588811,0.04280476263333673,0.9415272083355417,0.001832247704096301,8.368421124119244,1127.7551365649606,17.93482406496063,0.2170761826248409,0.03621078408651929,0.8996480793341568,0.0013112208841605185,8.640334062127186,634.6828758169936,12.560000000000002,0.28013635324709973,0.04285029360613001,0.943350081768726,0.0018361476621315464,8.354364000477252,794.1835319911066,14.412009016798418,0.26177056329634285,0.037636027091109824,0.9288631495554432,0.0014164705352027523,8.47273897399261,1419.6236127472257,20.888663277326557,0.19471245494250203,0.03381708762226704,0.8738785846167675,0.0011435954152520867,8.74606631739911,1673.1147017045455,22.24714365118577,0.17956048227198804,0.031718960399690764,0.8512668711275287,0.0010060924488371507,8.831994954972565,1352.542687085374,20.379378758757515,0.19509748042946395,0.033709675743611195,0.8798386104406009,0.0011363422387394091,8.734680521170969,995.7432570684523,16.421363467261905,0.22239440807380204,0.033371762133582346,0.910766927083165,0.0011136745079004006,8.603731310597109,2030.8091205924165,25.459622865534534,0.15310516066399898,0.028876026708926684,0.819670529706525,0.0008338249184946472,8.935159863938685,2177.0289558531745,25.688926091269842,0.14429768403856968,0.027782435469999547,0.8066683929366083,0.0007718637206446889,8.9743293354049,1945.0931900201533,24.925088659407272,0.1537169930980139,0.02855813142238129,0.8272821798003969,0.0008155668703380015,8.930617280935772,1214.129124128486,18.440098979083665,0.2001433606938637,0.030963116799732276,0.8911505255732617,0.000958714601953863,8.708484088037443,2621.87607079869,29.43575207860922,0.12726059324847602,0.02615445326054075,0.7673122873592627,0.0006840554253578106,9.064694369799613,2708.231776020916,29.159315861553782,0.12883388127781,0.025863156135705643,0.7597414407623653,0.0006689028452998884,9.073159131784614,2520.319853867473,28.826656588561352,0.12595737723442363,0.02556321991777037,0.7763236089175791,0.0006534782125642919,9.05520985062476,multigrain_bread_4.jpg,fresh_bread
344.81562500000007,8.682077205882353,0.2305946335774175,0.030750840684575027,0.9777621359447335,0.0009456142028081147,8.503846446181543,551.9839907727799,12.156785851595544,0.1780501646923647,0.027943619326186938,0.9643277804637641,0.0007808458610468481,8.79498918456944,284.32248774509804,7.70609681372549,0.2583473103260279,0.03048436306698379,0.981655635819223,0.0009292963915996853,8.395477176656737,558.1885890042291,12.00373702422145,0.1862181149628495,0.028032232669510684,0.9639271636096444,0.0007858060684375821,8.766410710979873,809.5106883612207,15.923366756889767,0.13927970510946086,0.027930279372370904,0.9477095187491271,0.0007801005058186877,9.013462878131621,551.9839907727799,12.156785851595544,0.1780501646923647,0.027943619326186938,0.9643277804637641,0.0007808458610468481,8.79498918456944,673.5705124261812,14.21396715059055,0.15853435113035896,0.026540741628003947,0.9564504489211499,0.0007044109661644615,8.92763305573196,558.1885890042291,12.00373702422145,0.1862181149628495,0.028032232669510684,0.9639271636096444,0.0007858060684375821,8.766410710979873,1195.1526679841895,19.751543972332016,0.11854568951556398,0.026782931619984657,0.9226573131875845,0.000717325426160774,9.168997790428113,1105.2831390662782,19.176002852005706,0.12204295186234006,0.02567234016209978,0.9282950450028792,0.0006590690493985614,9.150517505354042,1048.3211925642292,18.14372838438735,0.1357027106239776,0.024455790680698284,0.9320501754460097,0.000598085697818129,9.110762446082948,1124.8928017856038,18.84772769545539,0.12812433291066658,0.025055305093347843,0.9270258078548181,0.0006277683133207424,9.124622232209175,1550.1407335069443,22.764927455357142,0.1073325877473002,0.025869054350796606,0.899486572367789,0.0006692079730044688,9.265824169272765,1619.7992157352871,23.5760908622225,0.10506594706976188,0.023571895219194353,0.894430503664623,0.0005556342442246776,9.292380289172712,1408.6092974950395,21.34872581845238,0.12409855983514141,0.022741857239826146,0.9084622802513543,0.0005171920707166328,9.22254307265814,1665.0445562342793,23.332984424065366,0.1077958186663155,0.022788647089162676,0.8914910622033707,0.0005193224361544024,9.277720520817393,1944.8749066235066,25.778946713147413,0.09757688301886981,0.02512897520936308,0.8736387923361587,0.0006314653950727843,9.342477050978609,2095.428130511464,27.20858528596624,0.0931566837549295,0.022033732449497037,0.8627591420266054,0.0004854853656560187,9.388138333905296,1783.0075479332675,24.197724726095622,0.11504173815993429,0.02124622196366193,0.8838321316111748,0.00045140194772919063,9.302041067133043,2165.4942838246416,27.0723261526833,0.09486500711872209,0.020797842507651505,0.8581923377363138,0.00043255025297307583,9.380369799918277,multigrain_bread_8.jpg,fresh_bread
320.50056678921567,7.273789828431372,0.3068276355679439,0.02292940134531214,0.976776261505998,0.0005257574460544021,8.262461333981074,703.888765859285,12.17936178392926,0.21591423774230084,0.018324959063168625,0.949119265208605,0.0003358041246668059,8.706164791298708,461.6977481617648,8.77480085784314,0.2812191420406154,0.02175881483132302,0.9665836247296219,0.0004734460228638025,8.394732254390892,678.8429219530951,12.129104190695887,0.21167515092474048,0.018263299507974347,0.9509287310309371,0.000333548108917976,8.704174923467031,742.7261626476378,13.463890255905511,0.1904247757037626,0.017149904194464088,0.9462511080483926,0.0002941192138792969,8.809184485194757,703.888765859285,12.17936178392926,0.21591423774230084,0.018324959063168625,0.949119265208605,0.0003358041246668059,8.706164791298708,1084.1373492864177,16.29372231791339,0.16908044634680686,0.016040279220085673,0.9217236036218772,0.0002572905574583123,8.940819153337937,678.8429219530951,12.129104190695887,0.21167515092474048,0.018263299507974347,0.9509287310309371,0.000333548108917976,8.704174923467031,1106.5394330533595,16.859961709486164,0.15797099357261202,0.015550491986183511,0.9199538099708502,0.00024181780101235762,8.981169940267861,1438.6651373302743,19.59148118296236,0.1386452352453919,0.014638648939854861,0.8963957444145981,0.00021429004278431386,9.083682997551284,1624.8611196887352,20.477288166996047,0.14286657387057872,0.014612921221981014,0.8826864369504782,0.0002135374666398231,9.104237208072933,1340.1420577841157,19.233414966829933,0.135789899509697,0.014728019020978669,0.9034829640481599,0.00021691454428230945,9.062128006145155,1456.624705481151,19.628642733134924,0.1381238198533607,0.014568306204069407,0.8946667359955125,0.00021223554565552718,9.089371899218552,2121.08926869659,24.48254151759909,0.11692874245889814,0.013409635305487297,0.8473236367362048,0.00017981831902617138,9.240242608910101,2143.2439856150795,23.96533978174603,0.12477541061351553,0.013720370190682889,0.8451319649259347,0.0001882485581693796,9.215188565923258,1951.5072567920135,23.784405318002154,0.11301047289208022,0.013436464394482319,0.859505319756497,0.0001805385754241911,9.21767816550516,1818.4629917828686,22.221084412350596,0.12505461444564697,0.013891198523295196,0.8685441957125744,0.00019296539641359864,9.173889154145323,2760.793587805493,28.69567271352986,0.10122673845415708,0.012574486840634036,0.8011967636135623,0.00015811771930527853,9.349823609076953,2670.3367156374507,27.426855079681282,0.11386837786037698,0.013086166793355036,0.8068258038003382,0.000171247761343508,9.301495452566384,2498.8851410934744,27.444129503653315,0.0992622974366302,0.012649534244247532,0.8200030175456687,0.000160010716596391,9.315284494310767,multigrain_bread_9.jpg,fresh_bread
75.25784313725491,3.1134191176470596,0.632675108432493,0.4047475109036937,0.9923100683075343,0.16382054758273568,4.657866110187957,299.1597385620915,5.887089580930412,0.5618648063051397,0.3994177715238104,0.9690554645360161,0.15953455620904683,4.876968775857893,235.64080882352943,4.297947303921569,0.6137182384942829,0.4035474892812883,0.9756064026953898,0.1628505761052315,4.700875569966862,301.4118877354864,5.940638216070743,0.5615005480671785,0.399378420646871,0.9688225063501942,0.15950312287838903,4.881166222644824,173.6607098917323,5.732744832677165,0.558907539290746,0.4000620456120543,0.9822693590394717,0.16004964033930139,4.931044211325564,299.1597385620915,5.887089580930412,0.5618648063051397,0.3994177715238104,0.9690554645360161,0.15953455620904683,4.876968775857893,588.7360666830709,8.075295275590552,0.5389478327845996,0.3978225236983609,0.9382846946528484,0.15826276036173292,4.994554495060486,301.4118877354864,5.940638216070743,0.5615005480671785,0.399378420646871,0.9688225063501942,0.15950312287838903,4.881166222644824,226.995707756917,6.604990118577074,0.5473642417073064,0.3948982060030636,0.9768038922116304,0.15594459310443803,5.01593571421926,703.5987661975322,9.872248744497487,0.510768310734701,0.39028021511758176,0.9263596128067515,0.1523186463122259,5.0869180854061975,962.8811141304348,10.333528903162055,0.524344406328837,0.3915718904189894,0.8976624984916082,0.15332854536630103,5.097570055626232,709.6321842643686,9.99705499410999,0.5098651455127344,0.3899811494424497,0.9257281403484616,0.1520852969204543,5.093755106506533,272.1370907738095,7.15615699404762,0.5392852310117534,0.3897852837083012,0.9721666785939549,0.15193256739556082,5.067853290184388,1097.299629739568,12.232904747769846,0.4941791322483726,0.38004757211080414,0.8834579174663585,0.14443615706731686,5.203087333066552,1340.2154637896824,12.26767113095238,0.5136309486213266,0.38546848028717173,0.8555303642530669,0.1485859492949017,5.168683006253523,1107.303691668359,12.334140511490569,0.493462480800477,0.3795672082248995,0.8823954052961378,0.1440712655596442,5.206341310292763,317.0754793326694,7.686005976095617,0.5336573441075055,0.3847477750441507,0.9675417509621608,0.14803085040142439,5.117123518271663,1495.1637062232298,14.483024691358025,0.47976369957738824,0.3700193860332785,0.8387981613518241,0.13691434604044436,5.304138423829713,1724.680885831673,14.195265811752988,0.5033926395519689,0.37951355842298773,0.8113716259604049,0.1440305410268785,5.232021899123917,1510.1311098513481,14.55416981607458,0.478439839010057,0.36938643574405555,0.8371844430849885,0.1364463389116973,5.303702426661442,white_bread_slices_1.jpg,fresh_bread
211.18544730392162,7.60248161764706,0.2286231713613364,0.04063552152949719,0.9886328657850255,0.0016512456099742297,8.09657247292066,382.77622452902733,11.085490196078432,0.15742066307551827,0.03473341726884104,0.9793603935948177,0.001206410275171425,8.395020735489327,221.23089767156864,7.5540594362745095,0.248812145397264,0.03781001892650898,0.9881094342772908,0.0014295975312229674,8.043812303139328,380.5888965782392,11.158954248366015,0.15572258005261214,0.03471207088910225,0.9794783401406907,0.0012049278654100595,8.40007212936206,518.1236927903544,13.903189591535433,0.11850178950550341,0.03778943275734965,0.97202262823019,0.0014280412281222512,8.524103662646581,382.77622452902733,11.085490196078432,0.15742066307551827,0.03473341726884104,0.9793603935948177,0.001206410275171425,8.395020735489327,543.2754060039372,13.779927411417326,0.13141065558918663,0.030289855932239318,0.9707491271234889,0.0009174753723958135,8.491159074583068,380.5888965782392,11.158954248366015,0.15572258005261214,0.03471207088910225,0.9794783401406907,0.0012049278654100595,8.40007212936206,748.9381021492094,16.038491230237156,0.10986362608149325,0.037386324825343466,0.9594294484696602,0.0013977372839460932,8.587440408928169,807.9087048174097,16.675026350052704,0.09928713665042121,0.029030755327508245,0.9562116566790548,0.0008427847548856484,8.645136725707838,798.2241847826087,16.115612648221344,0.11685963201951907,0.026543612470506284,0.9569424915221134,0.0007045633629844167,8.593527577576781,800.6450957901917,16.83990017980036,0.0962649941918563,0.02895764849833757,0.9566054032869307,0.0008385454065532722,8.650101922845694,962.7552238343253,17.283621651785715,0.10955215919409861,0.03698646985233316,0.9476771463659454,0.0013679989521375498,8.613299995911765,1180.9577403177677,19.214735427830462,0.09058095054244361,0.025390556615293196,0.9356452375487015,0.0006446803652344091,8.720999875823136,1039.6879030257937,17.69391741071429,0.10898307205835076,0.023488660485713263,0.9438145376466103,0.0005517171714131076,8.651710305801554,1171.1389179646612,19.356918558327735,0.0900622526535165,0.02531126495652366,0.9361805864941366,0.0006406601336993426,8.724696463279134,1187.8212307021913,18.505182395418323,0.10999902737864331,0.03687524001907562,0.935233005753259,0.0013597833264644363,8.635358417710469,1581.5192428823382,21.47773368606702,0.08599138482535527,0.02236210468884198,0.9133348528872304,0.0005000637261147285,8.77620792170382,1296.4658086404384,19.27871327191235,0.10465855357645083,0.021841510135667607,0.9298085861465286,0.0004770515650064708,8.696107408393344,1569.5440759637188,21.665296674225246,0.08529467752883571,0.022291059451122915,0.9139913840218485,0.0004968913314534962,8.780980133266317,white_bread_slices_12.jpg,fresh_bread
224.46150428921572,4.621093750000001,0.6156299980432705,0.3592912696372723,0.9845427920378533,0.12909021643756313,5.256640998063585,512.5272126105344,8.316678200692042,0.529624858528255,0.3516401544963024,0.9646171597031946,0.12365079825418343,5.528673695785743,343.46694240196075,5.628952205882353,0.5861779988922222,0.3581377466018353,0.976217695776681,0.12826264554104036,5.312595798792673,533.9488504421378,8.43706266820454,0.530877093251094,0.3525543875548963,0.963138295027052,0.12429459618420803,5.530043758140161,503.74844672736225,8.691114050196848,0.5401372950325507,0.35112870612348107,0.9654131149769961,0.12329136826394992,5.582688325468398,512.5272126105344,8.316678200692042,0.529624858528255,0.3516401544963024,0.9646171597031946,0.12365079825418343,5.528673695785743,798.2887856791339,10.613804133858267,0.5073952183967424,0.34841335427029396,0.9445828019596704,0.12139186543387735,5.6567405850186905,533.9488504421378,8.43706266820454,0.530877093251094,0.3525543875548963,0.963138295027052,0.12429459618420803,5.530043758140161,752.5348011363636,11.23141057312253,0.5150896054988803,0.3429920437196745,0.948359631646112,0.11764354205499912,5.727820797657646,1060.3636462272925,14.034549569099138,0.46503857354133404,0.3374198832667617,0.9268303155695296,0.11385217762375509,5.81593054079732,1235.4471652667985,14.39334239130435,0.47548865807343926,0.33892188802302176,0.9138896837056235,0.11486804618108971,5.833524329572154,1143.3812232624468,14.4242823485647,0.47150195014556556,0.34205001450702605,0.9211017431732045,0.11699821242425673,5.8059392667895455,1007.6227523561506,13.54527839781746,0.49787754687153934,0.33602805222747684,0.9308922375380552,0.1129148518837919,5.8311268432709085,1590.962411535878,18.36968238841413,0.43441056338558826,0.3237951606107576,0.8898439029797036,0.10484330603494631,5.999879344402348,1689.8260013640875,17.989970858134928,0.45214886966688184,0.33006632925057583,0.8817380420232254,0.10894378170494955,5.966683658875125,1740.7430361355434,19.200596791076258,0.4411987417345125,0.3305448670224726,0.8794732940353766,0.10925990911490409,5.988159495162927,1279.144515687251,15.793264442231076,0.4847105748575984,0.3292985949752031,0.9123222954441861,0.10843756465264286,5.919394239689593,2101.528911564626,22.177343159486018,0.411213694762547,0.31215238427829134,0.8539942492059243,0.09743911101062207,6.13508893712571,2199.368650398407,21.517772659362553,0.43350274376413833,0.3217670661384635,0.8454264596545115,0.10353404485135437,6.073686526713161,2352.0044564121945,23.653990299823633,0.420824873118845,0.3213094650744201,0.8365922741519602,0.10323977234641,6.129211555028457,white_bread_slices_13.jpg,fresh_bread
441.70873161764706,8.274908088235293,0.39847475395757415,0.19523664755213385,0.947669166626187,0.03811734854739614,6.94876808817176,823.5900038446752,12.927981545559401,0.31137672098926744,0.18856234388217066,0.9028063118481211,0.03555575753033798,7.271620483324686,453.1768075980392,8.038817401960785,0.4008215138388853,0.1949192398640566,0.9463105021256002,0.037993510069181634,6.9251068679771475,827.3920492118416,13.046612841214916,0.3078076532174659,0.1885007011871801,0.9023576240179743,0.035532514348058555,7.2829448119030875,974.34765625,15.787801427165352,0.2695265654325861,0.18784556038278144,0.885016828966612,0.035285954555521186,7.405635897134488,823.5900038446752,12.927981545559401,0.31137672098926744,0.18856234388217066,0.9028063118481211,0.03555575753033798,7.271620483324686,1003.9222440944884,15.322034940944885,0.2706326105198089,0.18780773111901627,0.8815267195887616,0.03527174386807271,7.384953437490669,827.3920492118416,13.046612841214916,0.3078076532174659,0.1885007011871801,0.9023576240179743,0.035532514348058555,7.2829448119030875,1445.846992341897,19.083405385375492,0.2563638481577628,0.18097257865764335,0.8294749763661449,0.032751074225996914,7.519356221515656,1656.707917415835,20.963636927273857,0.23242806600961313,0.17746242819862665,0.8060140194856659,0.03149291342215272,7.542648815351782,1506.1216958992095,18.839148962450594,0.2571229790175394,0.18097042363351257,0.8223661015660623,0.032750294230093006,7.512045925586027,1669.0378510757023,21.210955421910846,0.2287601419298807,0.17743665581783372,0.8045702922929953,0.03148376682781639,7.546648644718611,1907.7415054563496,21.912047371031747,0.2461202935493639,0.17422401074422186,0.7751254436944507,0.030354005919802734,7.6021825786181765,2483.7593775875266,25.940820822071895,0.214346637152775,0.1645822594339911,0.7095089713721,0.02708732012039755,7.689698887855515,2007.1055617559527,21.97842261904762,0.24590353439209017,0.17410374508160406,0.7634129302280375,0.030312114051440173,7.600674349459367,2488.191723038948,26.09333062538081,0.2128536616539664,0.16446908556505874,0.7089905811443528,0.027050080106606617,7.694578620078265,2383.8803847111553,24.70427664342629,0.23720049857768355,0.16754578175101736,0.7191528274878995,0.028071588982559546,7.678504340846157,3308.5084404132026,30.693594104308392,0.19783200912606,0.15171489571613359,0.6134592639984814,0.023017409582157287,7.812551368989076,2521.5908242031874,25.03274402390438,0.237169515884914,0.16723360304619,0.7029290321142814,0.027967077987810653,7.682383803985354,3302.005291005291,30.67576845553036,0.19834414613809617,0.15158900940451558,0.6142190420687915,0.022979227772242313,7.813141981823014,white_bread_slices_15.jpg,fresh_bread
319.19211090686275,8.329978553921569,0.2551638634524428,0.0387634439782547,0.9795885123968586,0.0015026045890552905,8.472041623324522,825.1809765474818,14.883798539023454,0.1583069056093262,0.031953871892048784,0.9472738224456562,0.0010210499288934652,8.97839849562476,564.4522365196078,11.033026960784314,0.20329376331533738,0.033206472136908846,0.9638208222856358,0.0011026697917793037,8.721626046656716,767.1035140330644,14.274755863129567,0.16285551674842652,0.03214875499289522,0.9509847805402094,0.0010335424475932053,8.94544777860441,731.5411232775591,15.228131151574804,0.15218827395938006,0.03579242502682783,0.9533675941329095,0.001281097689301091,9.00021455913327,825.1809765474818,14.883798539023454,0.1583069056093262,0.031953871892048784,0.9472738224456562,0.0010210499288934652,8.97839849562476,1347.0032910925197,20.280173474409445,0.11109453938249726,0.02637752219236636,0.9137302395685448,0.0006957736770087799,9.23689780590804,767.1035140330644,14.274755863129567,0.16285551674842652,0.03214875499289522,0.9509847805402094,0.0010335424475932053,8.94544777860441,1046.937067687747,18.048017539525688,0.13928065232392392,0.03526035467941762,0.9332728275718912,0.0012432926121183278,9.108990937935253,1751.7931210862423,23.81909913819828,0.10491728824585092,0.025771664805308382,0.8885116190132425,0.0006641787068371708,9.318750270369696,2057.225389081028,25.505187747035578,0.0952027645799279,0.022620583142608553,0.868078407438373,0.0005116907817116662,9.391648530698449,1536.8847572695145,22.140290780581562,0.10861744593527481,0.026078591420818763,0.9021889768615104,0.0006800929304940019,9.271921097512475,1335.4847935267858,20.065491691468253,0.13278573827382079,0.03483621996203906,0.914896525683031,0.0012135622212435687,9.162767385612206,2630.057757502851,29.713024730897214,0.08938643186686711,0.021954271591673364,0.8324392424167,0.00048199004112095604,9.464692837494006,2749.6498790922624,29.90862165178572,0.08442818811274097,0.019536689967603407,0.8234746745272568,0.00038168225489025565,9.492717433665021,2276.6305363308284,27.194675748722837,0.09544414390371528,0.022233260500941314,0.854956563794676,0.0004943178725027172,9.409572262745009,1659.1671283615542,22.435928162350603,0.12564882808655645,0.03451529336069648,0.8942643800874761,0.0011913054757749385,9.22685516771216,3520.974899218947,35.28313177122701,0.07815787339988253,0.018961296013545757,0.7754702017307639,0.0003595307465133062,9.571427727619412,3469.170116409363,34.307877863545826,0.07782932869045969,0.017874770822060477,0.777055936420712,0.00031950743194118455,9.579806636870178,3014.1686665406905,31.843269715293523,0.0838337200681535,0.01930149974856412,0.807791255110392,0.00037254789254382074,9.50674132540508,white_bread_slices_17.jpg,fresh_bread
130.83872549019605,3.2398590686274513,0.5164699689556268,0.10824925294986693,0.9922682003778406,0.011717900764204273,6.691486213636418,541.8740792003076,8.123490965013456,0.37952518456152473,0.10152930484145622,0.9681000208157234,0.010308199741589348,7.219941623965051,501.63196997549016,7.235493259803921,0.4200198374895368,0.10644142524808071,0.9704244257808541,0.011329777008842756,7.101295266166536,636.0512110726645,8.877324106113033,0.37184125065353857,0.101905895645509,0.9625558330787899,0.01038481156731337,7.271976252011757,297.97554749015745,5.9140009842519685,0.38520870731635654,0.09812377371030806,0.9824179035243643,0.009628274967151743,7.144714183405467,541.8740792003076,8.123490965013456,0.37952518456152473,0.10152930484145622,0.9681000208157234,0.010308199741589348,7.219941623965051,1217.431086983268,13.724517101377955,0.30156240463197087,0.09669426079748836,0.928495324344826,0.009349780071172695,7.575069082327175,636.0512110726645,8.877324106113033,0.37184125065353857,0.101905895645509,0.9625558330787899,0.01038481156731337,7.271976252011757,450.1421998517786,7.511332756916996,0.35141783275277416,0.09681606268587348,0.9734312894577779,0.009373349993994983,7.3169772483176185,1159.1188077376155,13.865165230330462,0.29718244864022925,0.09396547960958916,0.932125581423767,0.008829511358260118,7.577667616048476,1973.5759788784585,19.057080657114625,0.26948468980535184,0.09490148866672433,0.8842423782485231,0.009006292551160406,7.7828350521710865,1483.5970456940915,15.863057226114453,0.2818241053309369,0.09565970304850703,0.9131250810851559,0.009150778787328544,7.64121612109108,609.6959480406747,8.903754340277779,0.3246499464508339,0.09397392349229003,0.9640024000871524,0.00883109829653478,7.435144618423413,1851.2289365557972,18.964067553000362,0.26129626577921516,0.09044587287951854,0.8917129765364447,0.008180455920938027,7.799992083110011,2811.636021205357,24.224190848214285,0.24375736031003542,0.09191417256566731,0.8353121376693777,0.008448215118431269,7.933962686432837,2356.726741551969,21.737193207205237,0.24788179544976144,0.09264273531495289,0.8621441049343835,0.00858267640663642,7.8562356455361035,776.4067791334662,10.288937998007968,0.3081057500284947,0.09301531425112762,0.9541446033673688,0.008651848685236024,7.5297294451075185,2615.649659863946,23.76089695137314,0.23719965472271162,0.08671593220116573,0.8471555425021647,0.007519652897517172,7.953693089835941,3678.0114386205187,29.36673618027889,0.2247473370167447,0.08942430601416892,0.7848596599600802,0.007996706506115728,8.05156172983704,3302.153202947846,27.50911753590325,0.22331597194299366,0.08972854240802179,0.8070409186132768,0.008051211322668164,8.01311681599932,white_bread_slices_18.jpg,fresh_bread
197.78627450980397,5.443443627450982,0.3411181443596515,0.058532971609566206,0.9872891298615518,0.003426108765446284,7.690774295196995,411.21703960015384,8.60899653979239,0.25485609773933526,0.05292613012146383,0.9735665227787034,0.0028011752496341206,8.055673987573972,223.834849877451,5.816957720588237,0.32785437605112405,0.054787978559854955,0.9856001071968481,0.0030017225946751265,7.764837942953114,319.3833294886582,8.000322952710498,0.2557120145488046,0.052857778216423346,0.9794693287623804,0.0027939447179765983,8.038156807194927,451.96541277066933,10.021269069881889,0.21555567775926598,0.05503429373489572,0.9709787979768714,0.003028773486898782,8.190395177917926,411.21703960015384,8.60899653979239,0.25485609773933526,0.05292613012146383,0.9735665227787034,0.0028011752496341206,8.055673987573972,519.8686484990158,10.706985113188978,0.2038058746057203,0.04822684458399093,0.9665468862151473,0.0023258285385284153,8.27425911170882,319.3833294886582,8.000322952710498,0.2557120145488046,0.052857778216423346,0.9794693287623804,0.0027939447179765983,8.038156807194927,679.275367465415,12.24908905632411,0.1958639678077832,0.054135887535763864,0.9563551972619337,0.0029306943192848735,8.317101937394252,890.8312046624095,13.891313782627567,0.18203058523111196,0.04754907173145284,0.9427716059018276,0.0022609142225228475,8.382741632640489,807.7048388092886,13.406852149209488,0.17853951304366938,0.04382855578566812,0.9479772011675923,0.0019209423022574221,8.433855565159053,535.5670531341063,11.750635501271002,0.184039561620702,0.047535677676652205,0.9655918452137983,0.002259640652178571,8.346959315502591,906.015609499008,14.01638454861111,0.18682017581399896,0.05390183420268687,0.9417514781162247,0.0029054077304139438,8.385614115188709,1377.7100095299102,17.42398725179272,0.1658464601427206,0.04323117544414647,0.9113615164572293,0.001868934530282573,8.526670553623392,1101.5848679315477,15.66882130456349,0.16324106179595993,0.039705808568777576,0.9289818192527692,0.001576551234100411,8.535447458692962,786.2047680794888,14.025043353278445,0.1689937946903714,0.043284269253976826,0.9494091487614803,0.0018735279648507638,8.464196141594375,1142.1397379233067,15.705879606573705,0.18262169357728755,0.05355855799229373,0.926526931756888,0.002868519134213891,8.442063602092997,1875.1283383723862,20.74055177626606,0.151533400317457,0.0392673799939358,0.8791820370052162,0.0015419271315881497,8.633653410068847,1408.86781000996,17.88757470119522,0.15316869912073514,0.03621550004058713,0.9090773477630824,0.0013115624431897662,8.618070763205855,951.8061854371377,15.361803980851601,0.15736134337646188,0.03929040838788156,0.9386552957685483,0.0015437361912865137,8.537416207288604,white_bread_slices_19.jpg,fresh_bread
98.58008578431372,3.3026348039215687,0.6039631164825235,0.2375889272802939,0.9889191882306416,0.05644849836620079,5.5602747074034875,319.5193387158786,5.7841599384852,0.5237070422537637,0.22939714880477347,0.963612886935884,0.05262305187975938,5.835196997495551,235.59191176470586,4.049050245098039,0.580690227933584,0.23340762796140324,0.9731574731497364,0.054479120790568825,5.617189944862731,317.3152326028451,5.734948096885812,0.5280490306215649,0.22819361673856273,0.963863892269904,0.052072326720226055,5.833426973638631,235.94981852854332,6.040092888779528,0.5198492038645668,0.23349901972792744,0.9734914977082567,0.05452179221390305,5.90230986560412,319.5193387158786,5.7841599384852,0.5237070422537637,0.22939714880477347,0.963612886935884,0.05262305187975938,5.835196997495551,570.0556409940945,7.542384350393701,0.4935162869022876,0.2272342925803481,0.9341746501968181,0.051635423724491245,5.992215825839892,317.3152326028451,5.734948096885812,0.5280490306215649,0.22819361673856273,0.963863892269904,0.052072326720226055,5.833426973638631,343.58153717885375,7.421056694664032,0.4958623027634532,0.2309545249456295,0.9613878669878506,0.0533399925928614,6.029023389574504,732.7308729617458,9.797492094984188,0.455812024630193,0.2255878651938333,0.9154688575533655,0.05088988492271111,6.119818224118947,892.778934041502,9.98829668972332,0.46163522951726454,0.22134817362635772,0.8953600961148298,0.04899501396772421,6.170337451196189,725.7628960257921,9.714442928885859,0.4605901096742211,0.22362074949735408,0.9162727148394071,0.05000623960575839,6.11963481478338,451.8460131448412,8.578683035714285,0.47386555734960806,0.22701801872081467,0.9492058652275531,0.05153718082392417,6.12626511087551,1113.5912293583715,12.583683544501556,0.4193029089681641,0.2167354833326485,0.8695608336779516,0.04697426973543675,6.303866017179948,1217.459464905754,12.2322513640873,0.43426890999758955,0.21449564574648441,0.8551076518654904,0.04600838204420134,6.308850990022323,1102.2595416269587,12.48269774562952,0.4250908749482614,0.214931386127078,0.8708881572610934,0.0461955007425071,6.308709624991707,560.0982476344622,9.664638321713149,0.4588825946916866,0.2250395986287035,0.937018169583818,0.050642820950967976,6.204690049203592,1494.2744551524315,15.173359158478204,0.39277806518694064,0.2115278230396417,0.822221502056064,0.04474401991988998,6.443098795975297,1544.7972640687249,14.403682146414344,0.4124024063770516,0.2092745351344904,0.8132484428055972,0.04379583105575706,6.41797681010671,1469.4203672209626,14.981749181153944,0.396755262418804,0.2077402827093143,0.8251784705065299,0.04315602506014583,6.451097771743684,white_bread_slices_21.jpg,fresh_bread
71.09324448529411,2.95703125,0.5688122702574937,0.10156598706509658,0.9915330253439573,0.010315649728507365,6.4500796259008375,269.2675586312956,5.515555555555556,0.4581071123541171,0.09253157126433278,0.9675018010248617,0.008562091680646297,6.869458966653538,214.67524509803926,4.147610294117648,0.5381249002213983,0.09709406375598074,0.9741166370954533,0.009427257216650452,6.614116384350425,280.641814686659,5.755570934256055,0.46165762425846896,0.09276310911048523,0.9661291472261919,0.008604994411843788,6.892537256833688,164.23076094980317,5.385811392716535,0.4491016222019103,0.09513523487226215,0.9804216029955637,0.009050712914200485,6.926460932227049,269.2675586312956,5.515555555555556,0.4581071123541171,0.09253157126433278,0.9675018010248617,0.008562091680646297,6.869458966653538,527.4273345226379,7.716120201771654,0.42175009177242384,0.08734115422072236,0.935537196998839,0.007628477220608007,7.128908443350039,280.641814686659,5.755570934256055,0.46165762425846896,0.09276310911048523,0.9661291472261919,0.008604994411843788,6.892537256833688,218.90106225296444,6.425426136363637,0.40603830760462056,0.09243438697327407,0.9739142308366494,0.008544115895124979,7.089601314113834,617.0795151590304,9.285448570897142,0.36087780274700404,0.08399969841251878,0.9244161767951524,0.00705594933339411,7.274747506525376,807.425009263834,10.046180212450594,0.37609037182920735,0.08108294587398643,0.89986826494683,0.0065744441116038135,7.346395236057647,656.04402008804,9.846332692665383,0.3757445505235144,0.08467037462572535,0.9196447385617786,0.007169072339260675,7.287558036662877,269.2303757440476,7.282955109126984,0.36496105228907444,0.09016537218425945,0.9679287222448352,0.008129794341126028,7.203541330360391,906.5298317424113,11.680701151400585,0.3055086720017257,0.07706331589439785,0.8873671539318103,0.005938754656639752,7.499329199086847,1084.4668743799602,12.181098090277777,0.333649306171244,0.07490441538029284,0.8634865795181289,0.005610671443463451,7.513576220567877,970.4696527050883,12.539142933025044,0.3198956972350168,0.07768111858610272,0.87942636104469,0.006034356184788153,7.5190511030636875,319.4224663844622,8.059200697211157,0.3381688403536194,0.08878006321929162,0.9619622102579038,0.007881899625221416,7.300791896048145,1194.2631172839506,13.957152305366591,0.26425004980439987,0.07141819675737579,0.8494275309546423,0.005100558828075241,7.666681895659329,1365.889909113546,14.325292579681278,0.3023260720948666,0.0702434843642556,0.8254000909919853,0.004934147095631421,7.653243871623902,1284.5506424792138,15.118827160493828,0.2784022508569393,0.0719917716775755,0.8380508015387945,0.005182815189276162,7.692705031713867,white_bread_slices_22.jpg,fresh_bread
122.57092524509801,3.630759803921568,0.538482347316623,0.2664238210075371,0.9884149739877989,0.07098165240025617,5.846100232616356,260.4295271049597,5.824036908881201,0.47358526576990884,0.26321744428495375,0.9751584695126432,0.06928342297590274,6.1015239983587595,159.40909926470584,3.8873161764705872,0.5364425093841806,0.2655690727295099,0.9848092078862636,0.07052693239041172,5.859925353402325,255.06131487889274,5.622821991541716,0.476590842722251,0.26325904531765837,0.9756705259186843,0.0693053249415649,6.066813672691004,290.01930056594495,6.612650713582678,0.4485586703129897,0.263436079620742,0.9725626901174007,0.06939856804594592,6.187331839137131,260.4295271049597,5.824036908881201,0.47358526576990884,0.26321744428495375,0.9751584695126432,0.06928342297590274,6.1015239983587595,388.4653051181102,7.114173228346456,0.4426998904386517,0.26191050415911893,0.9626343267098814,0.06859711218888384,6.224278888430062,255.06131487889274,5.622821991541716,0.476590842722251,0.26325904531765837,0.9756705259186843,0.0693053249415649,6.066813672691004,425.258105854743,8.221266674901186,0.43104064484085386,0.26019027305016335,0.9596787159371143,0.06769897818991856,6.316777059281424,570.4686124372249,9.579623659247318,0.4120760126720017,0.25783965942062514,0.9450169181007473,0.06648128997014396,6.369687538737471,596.6621479743085,9.14822134387352,0.4213074987239055,0.25773110544048944,0.9419740938430669,0.0664253227115767,6.377138453800962,553.2860530721061,9.173460846921692,0.4175648191604033,0.25766800720586586,0.9466730128414813,0.06639280193744215,6.325609268377141,559.9128844246034,9.555152529761905,0.42119282482151177,0.25715411698112756,0.946792901596607,0.06612823988034343,6.397244618062606,843.9381493227515,12.051352153603402,0.3917962995838735,0.25159454036468615,0.9175632126352659,0.06329981274131768,6.529603658275697,808.8237537202383,10.921626984126986,0.4077535156729132,0.2538696797406455,0.9204537575521837,0.0644498142916179,6.480447060938089,808.0646627817964,11.472714774484837,0.39796692449785687,0.25150756989462547,0.9210673734370755,0.06325605771429992,6.4755092503743965,695.1960283864543,10.850006225099602,0.4125998596951053,0.2540610552607758,0.9338120624681181,0.06454701980021899,6.468831053826217,1109.1399911816582,14.291320231796426,0.37607088403901945,0.2459591426158153,0.8901650265213997,0.06049589983630697,6.650401591727842,1025.4125996015937,12.660887699203187,0.39708724950643753,0.2501121525315696,0.897990586893162,0.06255608884397514,6.571803759049156,1063.363473167045,13.558421516754853,0.38142713000532336,0.24561717800450328,0.8946981446868721,0.060327798130895845,6.590395964502449,white_bread_slices_23.jpg,fresh_bread
284.06674325980396,7.011657475490197,0.35231372396489324,0.0645227243729989,0.9781974075023394,0.004163181960513986,7.933014112103619,640.1566628219916,11.430726643598616,0.2673999460182058,0.05818176832773819,0.9508142778403885,0.0033851181657425992,8.328125855394422,417.6838082107843,8.02391237745098,0.33478583291608854,0.06008104536583813,0.9679052571088,0.003609732012251899,8.013102794897598,619.289288735102,11.378454440599771,0.2731998440818151,0.05831581329437803,0.952417579094315,0.003400734080184757,8.327760537126931,651.1994032972443,12.957031250000002,0.24120270541016223,0.06155979579958098,0.9500253911985518,0.0037896084588861082,8.464390773373081,640.1566628219916,11.430726643598616,0.2673999460182058,0.05818176832773819,0.9508142778403885,0.0033851181657425992,8.328125855394422,956.589751476378,14.860451525590552,0.2218228972018954,0.052770800499051265,0.9264174880566115,0.0027847573853106693,8.563348565099592,619.289288735102,11.378454440599771,0.2731998440818151,0.05831581329437803,0.952417579094315,0.003400734080184757,8.327760537126931,954.2925518774703,15.86623023715415,0.21422484279709803,0.06076181443428707,0.9267041459496342,0.0036919980933467367,8.593912479559293,1301.3791152582303,18.088086676173347,0.19295838512708036,0.052196063838238056,0.8999108660650342,0.002724429080205422,8.676977357694478,1436.6343255928855,18.80209362648221,0.19242809789531226,0.047625532828849945,0.8892138662560748,0.002268191377231864,8.732285784766605,1225.209808419617,17.783774567549138,0.20537700939871342,0.0522515942223821,0.9057688870644613,0.0027302290987804745,8.662932532249853,1237.9828869047622,18.213572668650798,0.19666800110503996,0.0602786137837122,0.9048352327538335,0.0036335112796859383,8.680486483262163,1902.5101470105765,22.516521114218314,0.16330475740188366,0.04701853816236869,0.8531799137209023,0.002210742930926121,8.837155629373274,1904.4748728918648,22.24266803075397,0.17058823965307954,0.04254265557252234,0.8527617849717848,0.0018098775431622663,8.849898193622813,1799.209501788811,22.175709665828244,0.17891797217981156,0.04701558051232261,0.8611512796700685,0.0022104648109106894,8.819677559799828,1537.8330117031876,20.40600099601594,0.1868953891729236,0.06003356904065243,0.8816755070630045,0.0036040294117587815,8.749253080150606,2463.4909926933738,26.360607205845305,0.14339981762962456,0.04216488544480366,0.8092300628733478,0.0017778775645734151,8.950665100766193,2404.327097858566,25.64899775896415,0.15562629561684393,0.03854813605829168,0.8136292409709044,0.001485958793568567,8.947254540101035,2327.208522297808,25.878401360544217,0.16281158619904304,0.042275833415662684,0.8197821327491753,0.0017872460909888618,8.924657164696029,white_bread_slices_24.jpg,fresh_bread
199.3293351715687,5.4328890931372555,0.5078727463646275,0.24692973003365168,0.9832997218087289,0.0609742915744921,6.279113290742739,544.601076509035,9.508204536716647,0.41957801254075805,0.23978213473377685,0.9541753150440007,0.05749547213748712,6.5870137160322795,391.64681372549023,6.675520833333335,0.4778288382072467,0.245159294581991,0.9669557420551397,0.06010307971993945,6.343075689603818,543.326981930027,9.405290272971936,0.4263939103275176,0.24046076301924527,0.9542825219247901,0.057821378551797635,6.574030020267639,446.6883919783465,10.134781003937007,0.4180994912178392,0.24062763984437816,0.9626767754804861,0.05790166105707576,6.656856598558708,544.601076509035,9.508204536716647,0.41957801254075805,0.23978213473377685,0.9541753150440007,0.05749547213748712,6.5870137160322795,907.1663385826772,12.530296505905513,0.38573085352778297,0.23677512155339062,0.923122203394028,0.05606245818662291,6.75134605502523,543.326981930027,9.405290272971936,0.4263939103275176,0.24046076301924527,0.9542825219247901,0.057821378551797635,6.574030020267639,646.1500277915019,12.238651803359684,0.3956732470254667,0.23480983383416423,0.9460257368341289,0.05513565806522781,6.773338218194997,1134.753859507719,15.42274784549569,0.34963127864841864,0.22826366797384784,0.9043613927206675,0.05210430211687504,6.880487405602921,1391.258831521739,16.198091650197625,0.3573217149039367,0.22880995113762892,0.8813794917493926,0.05235399373960413,6.914844686786492,1131.010416020832,15.183985367970736,0.36113712807885273,0.23148265266707266,0.9046768952576406,0.0535842184857846,6.858474091364662,839.346183655754,13.931563120039684,0.3787708334729376,0.22991275902385558,0.9299072472179438,0.05285987676196148,6.854042679199889,1695.633379680982,19.368698151822393,0.32058694876772664,0.21746670119045228,0.8562727560086124,0.047291766126657454,7.04887444923159,1873.9083271329368,19.485708085317462,0.33504365080298965,0.22162300641113508,0.8392392460725598,0.04911675697071002,7.042467216068527,1697.1961599150122,19.15279101376369,0.33227767386434576,0.22199730548401347,0.8561402898171038,0.04928280364216239,7.024008175173317,1061.522441484064,15.724726095617534,0.36600049686723585,0.22551360865042955,0.9113805204346309,0.05085638768653909,6.9308982421754175,2238.7577632905013,22.941405265810026,0.30002657686969225,0.20782964730657408,0.8091385623966564,0.043193162299574976,7.186536702525625,2385.713069596614,22.756396289840644,0.317954908600471,0.2150044332118153,0.7940309553891083,0.04622690630073395,7.1481268925336465,2264.5439499874024,22.912556689342402,0.3109754883927997,0.21365645014249507,0.8069402054578312,0.045649078687492475,7.1648757339034574,white_bread_slices_25.jpg,fresh_bread
270.0779411764706,8.00686274509804,0.295075404871977,0.06624675710944848,0.969164262262087,0.004388632827518262,7.849251449359709,538.7501268742792,12.438646674356018,0.2083687034277628,0.06096899632434559,0.9379038338630487,0.003717218512798066,8.220892580397075,289.0254289215686,7.6591299019607835,0.29350468195202023,0.0641014239355608,0.966676948447565,0.004108992550566488,7.809925142096606,464.6224529027298,11.225482506728182,0.22861930694414384,0.061543981929601074,0.9464476067865308,0.0037876617117510634,8.127051510364641,625.1530973179134,15.003429502952756,0.18102732104996738,0.061908100511230996,0.9286493593937465,0.0038326129089086797,8.362750813023744,538.7501268742792,12.438646674356018,0.2083687034277628,0.06096899632434559,0.9379038338630487,0.003717218512798066,8.220892580397075,683.8043030265748,14.245186392716533,0.17836761320707537,0.05717961371951233,0.9203956673714356,0.0032695082251126425,8.330382392165946,464.6224529027298,11.225482506728182,0.22861930694414384,0.061543981929601074,0.9464476067865308,0.0037876617117510634,8.127051510364641,908.7024919713438,18.206537178853754,0.1624375240571478,0.0596905883807738,0.8963564956110206,0.003562966341242968,8.486530578405237,1165.6411587823177,20.279698059396118,0.143939047077639,0.05353177446589125,0.8643791899114297,0.002865650877467047,8.551863353797627,1002.1396986166008,17.697782855731226,0.1550281787579705,0.051989443742281045,0.8822046452389681,0.0027029022606318057,8.488974706523056,898.218782937566,16.91439332878666,0.16441477412974037,0.055157905145734376,0.8954929566044482,0.0030423945000658307,8.426055872250576,1179.2036520337301,20.891772073412696,0.14828574226106486,0.058083939224088485,0.8656013838975549,0.003373743995787605,8.566335573431806,1722.772766329735,24.81188582855536,0.12398725846793113,0.04762614006072118,0.7977461960769912,0.002268249217083431,8.689061987220477,1304.8313027033728,20.648515004960316,0.1369797693854194,0.04761363937305028,0.8450921611476241,0.0022670586543468837,8.596031537116819,1260.1116249277445,20.29119342592448,0.1435265503921616,0.050043401073562505,0.8520747200174197,0.002504341991009437,8.56124782502358,1483.5413657868526,23.26696339641434,0.1389906174074655,0.057062148291437104,0.8310662159865205,0.0032560887676339584,8.620462509637647,2282.8690318720082,28.852088057445204,0.10837657632230698,0.04258932627238804,0.7295132575421804,0.0018138507123359223,8.784280063486573,1610.9510240288846,23.114588520916342,0.1257643146707039,0.044076263176965266,0.8067358075821751,0.0019427169756451046,8.672394082944836,1588.4763321995465,23.017652431342906,0.12884447719367037,0.04568316866280972,0.8118298497510607,0.0020869518990747197,8.652684131056297,white_bread_slices_26.jpg,fresh_bread
198.51113664215683,4.135952818627451,0.406722295978765,0.03517239926621288,0.9892390392616097,0.0012370976701418924,7.28512112573899,351.8214225297962,6.214409842368321,0.3054018375074884,0.029369195207369834,0.9809556098965275,0.0008625496271285953,7.589848172112465,178.09468443627452,4.004304534313725,0.41065576086173833,0.035713984509698773,0.990348232162538,0.0012754886895590038,7.252567218147897,357.4358938869666,6.269019607843138,0.3036399358686881,0.029333664867668523,0.9806516713042753,0.0008604638945686905,7.592269285728954,493.57189653051194,7.514871432086615,0.23036991971436052,0.02598563472533796,0.9732756738583731,0.00067525321207869,7.734178886346536,351.8214225297962,6.214409842368321,0.3054018375074884,0.029369195207369834,0.9809556098965275,0.0008625496271285953,7.589848172112465,435.5830770177165,7.343411663385826,0.23200357628191942,0.026281383981737533,0.976427502180687,0.0006907111439955301,7.714180780912627,357.4358938869666,6.269019607843138,0.3036399358686881,0.029333664867668523,0.9806516713042753,0.0008604638945686905,7.592269285728954,774.7766180830039,9.260591650197629,0.21342442625244448,0.02494408079084386,0.9580981000876844,0.0006222071665001455,7.823034116024943,817.4920794841591,9.861104222208445,0.20985723553185767,0.02487934836969058,0.9558615917284371,0.0006189819753004253,7.848547786427456,705.8353199110671,9.218008893280633,0.21530425734445346,0.025257846635577334,0.9618560451842346,0.0006379588166663453,7.811679715349724,836.4651404302809,10.001131502263004,0.2095863597282055,0.02498211215392354,0.9548370333908651,0.0006241059276712144,7.846135370520484,1059.2811259920636,10.700551835317459,0.2086515681681869,0.02453551699747362,0.9427761998044584,0.000601991594333317,7.863679029620549,1303.7227421143903,12.651955193800871,0.19649953696145042,0.024025712436429345,0.929782985513081,0.0005772348580779957,7.936396050692312,991.6245659722224,10.807880704365083,0.21034664452334678,0.024874914852584636,0.9464866366940149,0.0006187613889233357,7.854294037044907,1333.4784483432018,12.768266962458403,0.19694253404802842,0.02411623696239457,0.9281799714774385,0.0005815928852263661,7.9298404374459395,1344.5860308764943,12.18600597609562,0.20127645080217008,0.02401771882097961,0.9274457111134623,0.0005768508173636382,7.911976061785429,1812.3084057697154,15.379015495086925,0.18436965811603512,0.023272558231376556,0.9026264557157258,0.0005416119666328127,8.006187059358057,1277.027452689243,12.408148655378486,0.20494775366891102,0.024444335598775783,0.931181035528147,0.000597525542865577,7.899657783253583,1857.073050516503,15.487985008818342,0.18405247722032964,0.023408428487021165,0.9002203363064184,0.000547954524231984,7.994711473199464,white_bread_slices_27.jpg,fresh_bread
112.61887254901961,3.1143995098039223,0.6519573306338835,0.4321448298921521,0.9899452574730743,0.18674915400251707,4.557474091006003,470.86020761245663,6.4628835063437124,0.5863791168175398,0.42786948063240826,0.9575451558799098,0.18307229245664677,4.784925302791108,368.4507659313726,4.678799019607844,0.6389547154737816,0.4313006015011085,0.9667136957677062,0.186020208855218,4.608442220219384,437.18718954248357,6.105667051134178,0.5916721180883162,0.4279197926197422,0.9605812644958035,0.1831153489157232,4.758304583512577,258.1221395177165,5.763441190944882,0.577977918301428,0.4278070528678656,0.9769995507121795,0.18301887448348875,4.82147103442852,470.86020761245663,6.4628835063437124,0.5863791168175398,0.42786948063240826,0.9575451558799098,0.18307229245664677,4.784925302791108,885.1884842519685,8.863742618110239,0.5665637045282631,0.42609449894303675,0.9192194874991553,0.18155652202951755,4.89109897427937,437.18718954248357,6.105667051134178,0.5916721180883162,0.4279197926197422,0.9605812644958035,0.1831153489157232,4.758304583512577,373.60989995059293,7.053853754940713,0.5655734776222887,0.4228290289821373,0.9667150186600846,0.1787843877499771,4.91872492294256,1080.3256246512494,11.280705561411123,0.5347877935444104,0.4195937149400754,0.9018007388657906,0.17605888561721328,5.002930915567243,1406.987802618577,12.076241353754941,0.5456080539731392,0.42026393758366903,0.8701441152911653,0.17662177723333006,5.023161928941299,956.7017484034968,10.21749643499287,0.5389646004034675,0.4199052130862055,0.9130378816578031,0.17632038797697164,4.965749580175303,492.487041170635,8.134982638888891,0.5543128092392012,0.41815275819447023,0.9561321803889657,0.1748517291856431,4.984336044620422,1679.4285959786907,14.905919480073115,0.5142078092374203,0.41007574362336124,0.8456554031384722,0.1681621155082527,5.146916531544339,1949.8558562748015,15.123837425595237,0.5297330309332897,0.4145758824784507,0.817962466729706,0.17187316233278613,5.115277473934383,1478.1298723616992,13.401974722304676,0.5170044983459524,0.4109247795540239,0.8641553681978971,0.16885917445152313,5.099707147083588,619.3226157868526,9.210097111553784,0.5463363753902458,0.41322295351921756,0.94484410132973,0.17075320931514543,5.04557686112606,2303.5276045603428,18.382637314184933,0.49911942457507125,0.4012321760189151,0.7859224271135427,0.16098725907287365,5.253912226536232,2509.328093874502,18.148530876494025,0.5175277641150976,0.40879910546106296,0.7629734890136308,0.16711670862576528,5.191029254537928,1998.825223607962,16.27952569916856,0.5018784604490099,0.4023785186780208,0.8142398416901566,0.16190847229351835,5.2036637573907205,white_bread_slices_28.jpg,fresh_bread
124.8106004901961,4.780330882352942,0.5878935072799836,0.42848781560154686,0.9835819214824649,0.18360180811898524,4.906868252219079,339.50356016916567,7.837739331026528,0.5333239258766055,0.4243698609174024,0.9545213410358052,0.18008977885505548,5.0809751422618685,229.67668504901962,5.379136029411766,0.5749484597799083,0.4278590094467969,0.9692060630520358,0.18306333196479424,4.9160632804045115,317.25707035755477,7.427620146097656,0.5362771672883291,0.42444948917930886,0.9575013996920044,0.18015736886457623,5.061394788069393,296.3520546259843,8.649021899606302,0.5359831015891442,0.4239037273647252,0.9610514811766283,0.17969437007370728,5.130853486342713,339.50356016916567,7.837739331026528,0.5333239258766055,0.4243698609174024,0.9545213410358052,0.18008977885505548,5.0809751422618685,572.5500123031497,9.890440452755907,0.5202969328183241,0.4225082482806518,0.9217820179164159,0.1785132198651849,5.165682694571563,317.25707035755477,7.427620146097656,0.5362771672883291,0.42444948917930886,0.9575013996920044,0.18015736886457623,5.061394788069393,383.87484560276675,9.92786561264822,0.5266607457973663,0.41896123712816147,0.9495101904350828,0.17552851821595952,5.201878770456446,755.5407960815921,12.532891065782133,0.4933661913825157,0.41590950812683863,0.8969640135151067,0.17298071895030886,5.25325061365903,902.0802402420948,12.214411437747035,0.5066090366373036,0.4168280558651643,0.8742396013518903,0.17374562815633254,5.256843872695178,689.3230826461653,11.68897637795276,0.49753158326166097,0.41630047982847057,0.9059943762195137,0.17330608950541485,5.2333535513905005,446.5843253968254,10.625372023809522,0.5198587029041744,0.4143779302506007,0.941216611963687,0.17170906907877173,5.256141017868746,1107.7551594307051,14.762299051695859,0.47826683648885404,0.4068027336230741,0.8457220089294696,0.16548846408320578,5.357260269154237,1216.4687655009918,13.996233258928568,0.49688476023889866,0.41156157317032377,0.826834579297996,0.16938292851043177,5.32438464100298,1006.1859738474279,13.800403068318518,0.4810340778854371,0.4075111450273052,0.8598676346781332,0.16606533332146534,5.338287966911648,522.8673120019921,11.393706424302788,0.5127441526171246,0.4093047091634912,0.9311211646932402,0.16753034494341013,5.3064687290510735,1458.8226095993955,16.839018014613252,0.46610489022082574,0.3983689062615865,0.7923885908419879,0.15869778547605268,5.448661229248173,1536.902623879482,15.82465450697211,0.48678354525873146,0.40577597324959974,0.7764581657516547,0.16465414046665988,5.389633000573825,1320.086404006047,15.65084089191232,0.46894990550531424,0.39921101687136606,0.8121327454464878,0.1593694359914701,5.426588872910853,white_bread_slices_3.jpg,fresh_bread
383.74008884803925,8.861351102941176,0.2539948327332504,0.08353461257010858,0.9726231958995679,0.006978031497238141,8.047850955475608,637.5396693579394,12.578346789696273,0.19098738164696505,0.07868968175994413,0.9542557064453977,0.006192066015481283,8.334809771122975,312.09071691176473,7.696660539215687,0.2683681505209973,0.0804338964383807,0.9776014343095373,0.006469611696260152,7.964923965307403,632.5437754709728,12.606459054209921,0.18970805672508367,0.07874326268927817,0.954615114471458,0.0062005014189526675,8.340488163610681,921.5894900344488,16.37455401082677,0.16296851084752179,0.08171678821557508,0.9342717787939858,0.006677633476269151,8.51585733004742,637.5396693579394,12.578346789696273,0.19098738164696505,0.07868968175994413,0.9542557064453977,0.006192066015481283,8.334809771122975,745.2225178395669,14.15964874507874,0.16719870209021026,0.07486550411458189,0.9462062704336629,0.005604843706330478,8.459760307355033,632.5437754709728,12.606459054209921,0.18970805672508367,0.07874326268927817,0.954615114471458,0.0062005014189526675,8.340488163610681,1422.4789556571145,20.550101902173914,0.15189030444979623,0.08123518465370991,0.8985785640890606,0.006599155225722346,8.637297201960894,1387.1266507533019,20.286115072230146,0.1413937506562198,0.07376648200794657,0.8999156042290666,0.005441493867828704,8.653651468992292,1122.1249073616602,17.614809782608695,0.14957512223062702,0.0702213859258069,0.918519113889782,0.004931043041341112,8.615311354366014,1361.2916640833282,20.17234484468969,0.14184885568923594,0.07350505867848818,0.9017884804658644,0.005402993651327992,8.657481628473954,1946.9028862847217,24.047293526785708,0.1443224309956325,0.08077897517442191,0.8612287728144887,0.006525242830229872,8.704725213809665,2114.703260478995,25.576856379571623,0.12896362295221342,0.06907750139977765,0.8465452907120561,0.004771701199636284,8.783352818828334,1497.5179656498017,20.448862227182538,0.13760093650609984,0.06591979084319625,0.8906030497170692,0.004345418824810741,8.708949551046068,2068.0363386398794,25.244981174522337,0.12888513219491485,0.06893486383871579,0.849963784028075,0.0047520154524622864,8.780789997064705,2488.049567355578,27.383419447211153,0.1392666244575849,0.08033686849151618,0.8227211455970418,0.006454012439023166,8.758655463801947,2883.1778785588313,30.420414462081126,0.11957296968945037,0.06469819673019002,0.7895517262520527,0.004185856660138371,8.872272487772067,1894.6960750747012,23.177524277888445,0.1306993307977791,0.062107504528983816,0.8607447150225893,0.0038573421188177453,8.780658814653703,2802.636542579995,29.85895376669186,0.1193769437266336,0.06460325798425101,0.7955112727909307,0.004173580942179692,8.871698743176307,white_bread_slices_6.jpg,fresh_bread
178.42596507352943,3.6743412990196074,0.6290753361222635,0.3970992307064824,0.9910488003511367,0.15768779902768013,4.882982088000549,488.8994540561323,6.558908112264514,0.5712461554332405,0.39185217389061305,0.9754387428910907,0.15354812618279925,5.086956322906321,373.5743566176472,4.848774509803922,0.6116662783746601,0.39525059913701555,0.9811788300069308,0.15622303611816973,4.939746360495407,545.1066359092657,7.030880430603615,0.5654036438424771,0.39181949046453574,0.9726150149580597,0.1535225131078884,5.111919087477885,425.8118233267717,6.738558070866141,0.5650816919102987,0.39281799599903755,0.9786988271190199,0.1543059779806999,5.139459777721514,488.8994540561323,6.558908112264514,0.5712461554332405,0.39185217389061305,0.9754387428910907,0.15354812618279925,5.086956322906321,904.5587475393702,9.09224286417323,0.5483879882186284,0.38941741872062374,0.9543612463759285,0.15164592600303362,5.225489962977191,545.1066359092657,7.030880430603615,0.5654036438424771,0.39181949046453574,0.9726150149580597,0.1535225131078884,5.111919087477885,659.2769577569171,8.691884881422926,0.5472526423597335,0.3880825832344757,0.9670308770947832,0.15060809140994377,5.262541587561689,1066.8596627193256,10.949097898195799,0.5229503865527754,0.38373990393011187,0.946481191371599,0.1472563138682915,5.30886824087712,1452.4766242588935,12.494040266798422,0.525688952138998,0.3826787605639791,0.9265075537039722,0.14644303378678322,5.37567391907836,1269.981368962738,12.380215760431522,0.5140982664507897,0.3829529766447738,0.9362916302656832,0.14665298232109267,5.35604151914902,905.5145864335318,10.398794022817462,0.5362828953362123,0.3838487896378783,0.9547318383983221,0.14733989330646413,5.3404292425297495,1674.2157821556343,14.61766314112078,0.49847965548940076,0.374311787012992,0.9158082987042893,0.1401093138968595,5.464908521602034,2022.6153893849205,15.65674603174603,0.509883000244984,0.37631453193864844,0.89736430029994,0.14161262694820406,5.482685359270343,1997.5314721367306,16.649627396147416,0.4916654322649098,0.37285752296879093,0.8995496429890402,0.13902273243442245,5.519923927499116,1159.617203062749,12.045770044820719,0.5288256409322264,0.3795515206037646,0.9420471659958517,0.14405935679262996,5.413504734724544,2279.2549288233818,17.85013542454019,0.48296163590658436,0.36563554161109446,0.8851002015269781,0.1336893492892384,5.579600672400915,2602.428987176295,18.745720244023904,0.4964955639931228,0.3697670762260546,0.8675563103166879,0.13672769066076487,5.5675442588212185,2741.8925579491065,20.73729213907786,0.47363457508764206,0.36339224996397973,0.8617781195253724,0.13205392733388352,5.648159403381503,white_bread_slices_8.jpg,fresh_bread
216.39736519607845,4.855116421568628,0.4666797768208093,0.09352087611278825,0.9868753062307033,0.008746154268903489,6.85113585997825,476.43055747789316,7.86489811610919,0.37827467117307967,0.08451380495809754,0.9710512001572061,0.007142583228495354,7.173590866222708,311.1602022058824,5.314154411764705,0.4693098765919974,0.09134852955841502,0.981038052382125,0.008344553852484622,6.847700362139879,494.41167243367937,7.977839292579778,0.3756521779191442,0.08430003046213494,0.969958651565311,0.007106495135916879,7.185357022112603,489.1102054625984,8.947896161417322,0.31860325368156406,0.08351792455004999,0.9704215375860161,0.006975243721147843,7.328063869490798,476.43055747789316,7.86489811610919,0.37827467117307967,0.08451380495809754,0.9710512001572061,0.007142583228495354,7.173590866222708,737.5877368356298,9.814760703740157,0.3251825913168292,0.078075181941431,0.9549674214352881,0.006095734035187552,7.335250364066098,494.41167243367937,7.977839292579778,0.3756521779191442,0.08430003046213494,0.969958651565311,0.007106495135916879,7.185357022112603,739.0104526926877,11.16509696146245,0.291116544840654,0.08178673423718327,0.9553503883733254,0.006689069897183647,7.463755689498957,995.4358918717838,12.681598363196727,0.28579513842201304,0.07567422699774752,0.9395812951260385,0.0057265886317066205,7.487954229653527,1151.9158689476285,12.719938858695652,0.297451867023707,0.07309781816229242,0.9294284307820279,0.005343291020087569,7.486992881800157,1065.8306931613865,13.135702771405544,0.27870117916170534,0.07536803249198937,0.9353087736603212,0.0056803403217135645,7.515143465389254,991.2638888888888,13.059058779761905,0.2699171002160494,0.08060749949502054,0.9401647694079615,0.006497568974839735,7.563109425961575,1511.6805136777639,16.111109375244105,0.25868027178972386,0.07045442840510709,0.9080230897169451,0.00496382648189036,7.646013314400111,1566.736033606151,15.31112041170635,0.2726775834090809,0.06849884885050846,0.9036819828441369,0.0046920922938448045,7.602447267416114,1629.7465668890313,16.88534424846506,0.24800922492616528,0.06999781866530977,0.9008399884641801,0.004899694617901589,7.683474623620057,1257.23046875,14.923135582669323,0.258879170188054,0.07991335305735539,0.9241771567649968,0.006386143996869532,7.639086983861684,2008.4640495086924,19.193105946082138,0.23816802175132618,0.06610210141958409,0.8774987925404435,0.00436948781208498,7.763047509175452,1989.050656748008,17.865304407370516,0.25916497036222336,0.06505470339032715,0.877299534802828,0.004232114433203442,7.689917463391503,2189.126747921391,20.394951499118164,0.22593053918550826,0.06540570745017178,0.8664812282784597,0.004277906567057457,7.814774684979674,bread_with_green_mold_11.jpg,spoiled_bread
246.06464460784315,8.12558210784314,0.2737300065033176,0.08333561208880653,0.9725643122415024,0.006944824242216038,8.050691643950042,501.96996539792394,12.263483275663209,0.20573840691599354,0.07823773731584263,0.943569166410608,0.006121143540302795,8.405439491341202,323.7062653186275,8.469132965686276,0.28043355053119534,0.07963200586671645,0.9635795649977082,0.006341256358356764,8.055408005465043,504.74466743560174,12.312003075740101,0.20531580507317404,0.07831357747797242,0.9432572531690514,0.006133016417398389,8.408409170416933,575.7044475885828,14.856729822834648,0.1737465892218711,0.08169762797096664,0.9358626456467625,0.00667450241608247,8.546838752353903,501.96996539792394,12.263483275663209,0.20573840691599354,0.07823773731584263,0.943569166410608,0.006121143540302795,8.405439491341202,766.9074495570868,15.522514763779533,0.17401297993742315,0.07403316289733645,0.9129915398820858,0.005480909208583556,8.575242876282337,504.74466743560174,12.312003075740101,0.20531580507317404,0.07831357747797242,0.9432572531690514,0.006133016417398389,8.408409170416933,739.4994441699604,17.02955163043478,0.16163530146485744,0.08115558462140646,0.917651886158402,0.006586228915242265,8.631749583560211,985.8703732407464,18.678978857957713,0.1495314159727043,0.07346542238547707,0.888324997608795,0.0053971682862765545,8.70441625875783,1045.1071362401185,18.166455657114625,0.1561024984069433,0.06947140524367319,0.880430669726926,0.0048262761465306635,8.691380824852914,995.7364219728438,18.821889143778286,0.14769246089336707,0.07325098266869451,0.8872075453288295,0.005365706461929384,8.706946374890032,847.2260664682541,18.298487103174605,0.15487175123875635,0.0806557625276321,0.9057021345460562,0.006505352028913781,8.682341344983987,1262.8415691543378,21.0796606727179,0.13665224853272465,0.06883433525705644,0.8558130748999011,0.0047381657102808445,8.80081091975767,1265.0045572916667,19.899367559523814,0.14431989374078652,0.06515738620879925,0.8540307262132218,0.004245484977562624,8.763083377611721,1283.760518052149,21.308487868893437,0.13584036718655793,0.06875621444332784,0.8534248769666495,0.004727417024576883,8.802711018542537,964.6294042579681,19.541319098605577,0.15023207804853825,0.08031512737328131,0.8927094178625563,0.006450519684986401,8.723938188774094,1519.8535840262032,23.150100781053162,0.1278461147438711,0.06444618160521629,0.8250711638009197,0.004153310323492518,8.868641885624765,1495.0963334163348,21.56430527888446,0.13625279246137995,0.06159156750618529,0.825989592346262,0.0037935211878689793,8.817159024630593,1555.6883975812548,23.502897455278408,0.12485287887770313,0.0644082157961954,0.8209472107956156,0.004148418262049275,8.875571200419785,bread_with_green_mold_15.jpg,spoiled_bread
376.18743872549027,8.608700980392157,0.3080647512373538,0.08357263685030958,0.9768681163345838,0.006984385630113722,8.101958202612533,698.3314725105729,12.84306036139946,0.24994330815316873,0.07826872869407187,0.9570582162067869,0.006125993891386228,8.424560295014585,385.08239889705885,8.445572916666666,0.3156737853159737,0.07995051791455328,0.9762659238496411,0.006392085314805305,8.099893610947234,672.2888119953864,12.573717800845827,0.256660183076434,0.07856663145287576,0.9586595416077287,0.006172715577852008,8.400372284233786,894.4202448326773,15.769900344488192,0.21843922020603038,0.08130131885480743,0.9451281583726665,0.006609904447531066,8.562873485558072,698.3314725105729,12.84306036139946,0.24994330815316873,0.07826872869407187,0.9570582162067869,0.006125993891386228,8.424560295014585,929.9495417076771,15.43308624507874,0.22577071755736988,0.07447439880153733,0.9426805715411491,0.005546436076850426,8.572171103156201,672.2888119953864,12.573717800845827,0.256660183076434,0.07856663145287576,0.9586595416077287,0.006172715577852008,8.400372284233786,1375.0992774209485,19.946022727272727,0.19718259463133248,0.08051367310463559,0.9154486281226681,0.00648245155680012,8.708103616608058,1493.7769390538783,20.805614111228223,0.1877644964308066,0.07336005347440974,0.9083546816051541,0.005381697445768256,8.757551983175416,1447.7758306571145,19.747545083992094,0.199840658173338,0.06979825647794026,0.9105956924415289,0.004871796607360329,8.746411850244655,1388.6086552173101,19.93263686527373,0.19711112847578516,0.07335331658019757,0.9148061932435648,0.005380709053314688,8.722806681892788,1837.165023561508,23.319847470238095,0.1830321324809779,0.07987698661685357,0.8867757694836704,0.006380332990989003,8.800139135202796,2246.202346545017,26.071927385211453,0.166045121307273,0.06877640816137184,0.8616267095449025,0.0047301943195796154,8.916868343916414,1946.8718998015875,23.252356150793652,0.18390961646529896,0.06529977214160365,0.8795462019619579,0.004264060241745356,8.857915512963416,2055.131856457686,24.624209095595937,0.17472704133968003,0.06867368313866595,0.8733946309243277,0.0047160747558298915,8.872420230328517,2302.5067075448205,26.38815052290836,0.1748186703982191,0.0795875119234018,0.8577623629903945,0.006334172054157623,8.870872407191547,2950.8396636432353,30.582231040564373,0.15129630032025196,0.06444952997486086,0.817456965735976,0.004153741913980489,9.027960076571441,2455.1860682270917,26.512792579681275,0.17080304833709214,0.061453983372302706,0.8478041700880423,0.0037765920723232572,8.946888820741327,2644.8238221214415,28.386337868480727,0.16261018630575236,0.06423246195892494,0.836380882887183,0.00412580916930474,8.971007583677277,bread_with_green_mold_16.jpg,spoiled_bread
271.72683823529417,4.9194240196078445,0.6514987654389186,0.47865799392660807,0.981090970116993,0.2291134751498448,4.424253096050723,425.7007458669743,7.277739331026529,0.5997787710025964,0.47002328553289474,0.970487581463914,0.22092188894313708,4.585201930256727,210.57653186274516,4.265441176470589,0.6601620358015632,0.4774930142111139,0.9853454591811878,0.227999578620415,4.363057274872611,438.1144482891197,7.379069588619764,0.5977177752295271,0.4696950985803029,0.9696269067631417,0.22061348563036046,4.591043219376334,594.4738558070865,9.3185593011811,0.5739268980582513,0.4665353832626961,0.9587901066306603,0.21765526383607073,4.719298221935139,425.7007458669743,7.277739331026529,0.5997787710025964,0.47002328553289474,0.970487581463914,0.22092188894313708,4.585201930256727,450.29219980314963,8.088059793307085,0.5816917152875886,0.46488441506913136,0.9687813007796683,0.21611751937416843,4.662209012703691,438.1144482891197,7.379069588619764,0.5977177752295271,0.4696950985803029,0.9696269067631417,0.22061348563036046,4.591043219376334,879.2966279644268,11.694478754940711,0.5574606621939786,0.4587033118836714,0.9391718946369797,0.21040872833304874,4.846376093113893,806.3674747349494,11.758354516709034,0.5433898058749519,0.4560592569640501,0.9445219949689836,0.20799004586260147,4.816266908213651,644.7573184288538,10.090507658102766,0.558026500255098,0.45343282251669315,0.9553988363724819,0.20560132453545493,4.7936240136863075,853.5353400706801,12.148800297600596,0.5383345260302114,0.45595029178104246,0.9412763006250198,0.20789066857521774,4.826497245846046,1171.3896019345239,13.898499503968253,0.5430067633692472,0.4527270808909074,0.9191332252740473,0.20496180977200223,4.936046143614549,1170.5760908622224,14.717164773703697,0.5201706924621875,0.4430931299100146,0.9198106615480061,0.1963315217734531,4.962643848237796,845.9312841021824,11.939995659722223,0.5399651587529413,0.4448684969249364,0.9416136824904627,0.19790797955625214,4.8792860458171265,1242.5103344842132,15.254854786045712,0.5139508584641358,0.44313233260361906,0.9148817898297615,0.19636626419872447,4.966590486757108,1479.7198238296814,15.997463271912352,0.5360280211811919,0.4486200223403709,0.8980659477682337,0.20125992444467491,5.006897464223399,1519.5808767951626,17.184649785840264,0.5076687579920173,0.43460470088358616,0.8963481812818839,0.1888812460301114,5.061397879650642,1067.6766838894423,13.770184885458166,0.5281186095239712,0.43840682747013304,0.9264864882587793,0.192200546372427,4.948864386644731,1630.3415847820613,18.145313681027968,0.49830085843357536,0.4335281644534435,0.888792131433633,0.18794666937437193,5.069276187652676,bread_with_green_mold_18.jpg,spoiled_bread
247.99151348039214,6.029044117647059,0.4296616323877974,0.08399086857568794,0.9855202812161816,0.0070544660040984825,7.5289071955033755,645.1114494425221,10.38880430603614,0.3409183784355783,0.0765514282694185,0.962300731862705,0.0058601211700879275,7.940859953942015,448.72287071078426,7.431173406862745,0.38947203337224334,0.07882289104372492,0.9737040668255627,0.006213048152490929,7.6879183963390245,652.3342406766627,10.524905805459436,0.33423485353999033,0.07646195549554542,0.9618786136969113,0.005846430638202769,7.948166498613512,574.458784448819,10.961029773622046,0.3371841190048046,0.08008294793986565,0.9665530004250183,0.006413278550739231,7.958845613683969,645.1114494425221,10.38880430603614,0.3409183784355783,0.0765514282694185,0.962300731862705,0.0058601211700879275,7.940859953942015,1076.1049458661419,13.677934301181104,0.29137946962698036,0.07158197392031451,0.9368818714394588,0.005123978990328586,8.149036534377785,652.3342406766627,10.524905805459436,0.33423485353999033,0.07646195549554542,0.9618786136969113,0.005846430638202769,7.948166498613512,842.0933022480235,13.515208127470355,0.3153659783060514,0.07895303722745704,0.9509993416135437,0.006233582087440219,8.084377480758763,1396.7693905387814,17.007936015872033,0.2739615273254794,0.07050670211944599,0.918535055165072,0.004971195043760289,8.268340764866487,1660.4813024950593,17.854357089920946,0.2612977442133111,0.0666812898946928,0.9023476561784383,0.004446394422020061,8.333740567114978,1428.8994977989955,17.481647963295927,0.2665976563403669,0.07046247860882206,0.9166608361407695,0.004964960891698705,8.278111608300188,1097.624503968254,15.513609871031745,0.29872973989178453,0.07798492491805337,0.9361671174698187,0.006081648514474421,8.166831865624257,2097.4210345420174,21.577325063662922,0.24314119400281264,0.06525418732367534,0.877425574210209,0.004258108963273311,8.447585008599521,2236.965882316468,21.48463851686508,0.2374412974882864,0.061886002963030776,0.8680953764893461,0.003829877362740254,8.472348954270217,2150.5558905778876,22.215782155634365,0.23900368568117267,0.06533594266307553,0.8743189369338444,0.004268785403672693,8.45110978877162,1379.0509057519923,17.53447148904383,0.2898769517223251,0.07728293021957973,0.9198505152993128,0.0059726513033244305,8.2342224480112,2791.135550516503,25.779352481733433,0.2211174556150844,0.060507452906403886,0.8365581025110336,0.0036611518572206843,8.585873760947823,2837.3430496762953,25.086046439243034,0.22143618757281464,0.05800139886051647,0.832244930904633,0.0033641622697767213,8.582239057695354,2881.8300579491056,26.620527840765934,0.2169608934711821,0.060524053302035793,0.8312425112900719,0.0036631610281076697,8.58063931632449,bread_with_green_mold_2.jpg,spoiled_bread
228.42196691176468,5.269883578431372,0.40033149466974416,0.0856258198890499,0.9872962981712304,0.007331781031672013,7.586985419238847,571.6323875432527,9.712787389465593,0.2859054483815419,0.07898795658987964,0.9682182316350794,0.00623909728624471,8.079321931176644,406.1371629901961,7.270036764705884,0.3395976980595158,0.08015919393518604,0.9773887784829347,0.006425496372338767,7.842709593161777,595.5118492887352,9.870788158400616,0.2952005943427881,0.0792472076825636,0.9668906234376458,0.0062801199254833686,8.077114306754686,528.0642378198818,9.64343934547244,0.29825318908694665,0.08308783237392028,0.9706720030370896,0.006903587888596675,8.05978049431451,571.6323875432527,9.712787389465593,0.2859054483815419,0.07898795658987964,0.9682182316350794,0.00623909728624471,8.079321931176644,971.9258581446852,13.601854699803152,0.23952036015745953,0.07441410748910608,0.9459045295239359,0.005537459393400234,8.352572016905494,595.5118492887352,9.870788158400616,0.2952005943427881,0.0792472076825636,0.9668906234376458,0.0062801199254833686,8.077114306754686,814.0408380681818,12.48343317687747,0.2628411270936982,0.0822657371248079,0.9547873523303742,0.006767651504687998,8.25064118067971,1220.8856097712196,16.33935767871536,0.20984349551841844,0.07340951892931409,0.9322329409133121,0.0053889574694333245,8.496339142957531,1546.7825623764825,18.344012475296445,0.20378832910815387,0.06916460978287857,0.9137679776396742,0.004783743246417862,8.597401465847618,1311.2543555087113,16.844720689441385,0.2202498996644394,0.07362539280300771,0.927217258326231,0.005420698465397181,8.497253280685158,1101.4071180555557,14.875620039682541,0.24194477219101132,0.0814557583163396,0.9388266392064217,0.006635040562889927,8.371789314540582,1895.2659001077975,21.59179177928104,0.17782974782312289,0.0680832444900482,0.8946220732223114,0.004635328180291678,8.72368057959472,2153.599593874008,22.64594184027778,0.18072103801261463,0.06430156141659225,0.8797185727737407,0.004134690800611786,8.76881435073847,2071.4378603008954,22.47368338827352,0.18846497644096616,0.06832748424458178,0.8848281552145164,0.004668645103193571,8.72270442760583,1395.8430029880478,17.078187250996017,0.22986278890292428,0.0808082940314355,0.9224717199235551,0.006529980384270934,8.46193027080658,2581.7874937011848,26.33334908037289,0.156600763867354,0.0630158078958401,0.8561853689518436,0.0039709920447654245,8.884474734698527,2788.8081579930276,26.821199576693225,0.1635777751985637,0.06012817973270599,0.8439347415361682,0.003615397997968595,8.893937276398404,2851.415312421265,27.583333333333332,0.16639385498800666,0.06332846547115635,0.8411690949398604,0.004010494538931442,8.882897882188132,bread_with_green_mold_21.jpg,spoiled_bread
223.18079044117647,5.390073529411764,0.6088963877652431,0.45316760131163375,0.9890078609658665,0.20536087487853985,4.825376991323932,530.5632756632065,8.956139946174549,0.5504239726267495,0.4466673364017012,0.9738790790664178,0.19951170940819052,5.007258124329447,344.9524816176471,6.106495098039215,0.5900065334263042,0.45237233385595205,0.982962504683882,0.20464072843828093,4.833519452731762,518.192433679354,8.791710880430603,0.5538271691628959,0.44749021119324506,0.9744881257158269,0.20024748911377505,4.99903997665321,524.8130536417323,9.78841658464567,0.5630319564925339,0.4464279482184463,0.9742347354213357,0.19929791295053176,5.066232631989633,530.5632756632065,8.956139946174549,0.5504239726267495,0.4466673364017012,0.9738790790664178,0.19951170940819052,5.007258124329447,834.8734928641733,11.147853100393702,0.5429979444619424,0.44467172781562564,0.9587806254854635,0.19773294551853388,5.094022972466809,518.192433679354,8.791710880430603,0.5538271691628959,0.44749021119324506,0.9744881257158269,0.20024748911377505,4.99903997665321,769.7527637104743,11.849107583992094,0.5512247505361103,0.4396254085088535,0.9622304726188693,0.19327049980657632,5.154192598759943,1157.46217992436,14.652427304854612,0.5087915207280151,0.4343876178334626,0.9432222071522834,0.18869260252703035,5.216954496512672,1325.000200716403,14.379184165019762,0.5241057708736272,0.43652886280725084,0.9345085771767219,0.1905574480637916,5.212035085019949,1109.7941595883192,14.13977927955856,0.5166937487560967,0.4384986301699534,0.9455604995224736,0.19228104866092557,5.194757372682916,992.290535094246,13.2947513640873,0.5409839737311503,0.4333445263332004,0.951337975660587,0.18778747850294583,5.214192195827247,1766.5255979627868,18.160368073239702,0.48906086144935096,0.4216903353944753,0.9133009462789926,0.17782273896510506,5.340033553534141,1807.6132192460318,17.106119791666664,0.509057710940238,0.42907875928868855,0.9105546811508185,0.18410858167272035,5.298859534074406,1684.6856067115561,17.504304082238434,0.49766327362901464,0.4283012500752259,0.9173175260419633,0.1834419608160012,5.314127565155428,1226.229799551793,14.60386578685259,0.5351610163799372,0.4275892549766007,0.9399022242286963,0.18283257097144445,5.2630717100919515,2386.610591458806,21.422225371630134,0.47192648659194575,0.4103316502416272,0.88281055357713,0.16837206319001707,5.438435053773057,2296.0111584910355,19.643970991035854,0.49894411942194666,0.4218090312740117,0.8862537830321745,0.17792285886432016,5.369582293293828,2260.141361174099,20.57147581254724,0.48491748100809945,0.4203389912562164,0.8890204666427681,0.17668486757029353,5.405869162237552,bread_with_green_mold_22.jpg,spoiled_bread
335.7530024509804,7.914031862745097,0.328759923468829,0.08321097325828991,0.9771581201278181,0.006924066070591839,8.045666296165841,670.1295809304114,12.09697808535179,0.2651067365409695,0.07820815345523925,0.9543014343838133,0.006116515266878251,8.393808122412356,444.0075980392158,8.515318627450982,0.32310071474155144,0.07969079364296859,0.9696528408793293,0.006350622591446202,8.09214121927755,737.6334025374856,12.564675124951943,0.26474093416336564,0.07818213332770983,0.9496979855307857,0.006112445971671796,8.404625557725346,797.804487573819,14.424474040354333,0.2317632164757261,0.08107647674825166,0.9458461149488356,0.0065733950819097916,8.527363571240215,670.1295809304114,12.09697808535179,0.2651067365409695,0.07820815345523925,0.9543014343838133,0.006116515266878251,8.393808122412356,1077.0586706446852,15.66804564468504,0.22140603339097895,0.0739078552421614,0.9262049157561265,0.005462371066496285,8.595189086143668,737.6334025374856,12.564675124951943,0.26474093416336564,0.07818213332770983,0.9496979855307857,0.006112445971671796,8.404625557725346,1195.184705410079,18.122575963438734,0.207629851212374,0.0803147071037787,0.9189066315648488,0.006450452177165761,8.673708358865603,1367.956615413231,19.09478268956538,0.20089137850557598,0.07309571400507864,0.9067019742678737,0.00534298340591225,8.73660279239748,1665.2750123517785,20.333621541501977,0.19360513938743962,0.06931645858387883,0.8855163593297741,0.004804771430610589,8.783766862448115,1621.461544423089,20.686232872465748,0.19664267286714254,0.07290089804328535,0.8894113676998472,0.005314540935517487,8.764555670613749,1573.3825799851193,21.134719122023814,0.19366901630272026,0.07965392577734043,0.8932874140728071,0.006344747891742059,8.767507921514387,2005.03557312253,23.875611242169075,0.17928476169900984,0.06845673152137557,0.8628608606475582,0.004686324090589697,8.893381259174202,2241.475895957341,24.314127604166664,0.17592338568590787,0.06481715874552282,0.8453712625025812,0.004201264067842305,8.91180393385742,2425.264181599463,26.30631629927042,0.1722507562851122,0.06829669660223414,0.8341156049670426,0.0046644387667776205,8.93989336243148,1972.1844808266937,23.98960408366534,0.18412805341531885,0.07926931005054115,0.8662619155931832,0.006283623515888825,8.84036607470859,2562.547272612749,27.65674603174603,0.16300717648633403,0.06406358350640648,0.8242168187420944,0.004104142731682317,9.001113350795226,2829.9335159362554,28.105328685258964,0.16129923172706917,0.061022015131944204,0.8040992220966067,0.003723686330763227,9.016057293548755,3208.797099395314,31.336844923154448,0.15726098734133614,0.0636688485463045,0.7798801046436522,0.004053722275212261,9.068537256648284,bread_with_green_mold_23.jpg,spoiled_bread
307.2382506127452,7.829794730392158,0.2625404467077487,0.08273106239288568,0.9804211542015672,0.006844428684655544,8.038331598845854,652.7181391772397,12.023760092272205,0.20504307303684588,0.07803231360392053,0.9583201534895508,0.0060890419663806004,8.352824810880401,403.523268995098,7.891681985294117,0.27520094203515244,0.07933117247491879,0.9742156094211115,0.006293434926245313,7.983851582225808,643.1084967320262,11.765905420991928,0.21157910821638728,0.07809951957845085,0.9589337964119068,0.006099534958384828,8.322686181188832,712.7410648375984,14.463598056102363,0.1755440024696054,0.08113623792952614,0.9546131066286321,0.006583089105356676,8.518059352308182,652.7181391772397,12.023760092272205,0.20504307303684588,0.07803231360392053,0.9583201534895508,0.0060890419663806004,8.352824810880401,950.3227885088583,14.700064591535433,0.17868506806982803,0.07389906967606737,0.9391495645830897,0.005461072498988259,8.497062820277787,643.1084967320262,11.765905420991928,0.21157910821638728,0.07809951957845085,0.9589337964119068,0.006099534958384828,8.322686181188832,1113.9054162549407,18.34588068181818,0.16074067527960417,0.08060682822632816,0.9290315645861082,0.006497460756708773,8.665237793918022,1384.5742916485833,19.643204786409576,0.15346483766364438,0.07328374333033667,0.9114617484935416,0.005370507036506664,8.71352768032202,1510.751929965415,19.297260993083,0.15674705257134403,0.06935498967817905,0.9030113622839055,0.004810114593260322,8.690347017455991,1353.3946462892927,19.156782813565627,0.15754528932021664,0.07304602782487479,0.9134556862395437,0.005335722180992382,8.68094400766585,1513.842184399802,21.587937127976197,0.15052887645286575,0.08010010722651188,0.9035071871554357,0.006416027177698701,8.755794846460105,2139.4051930197315,25.14626068209158,0.13639423901966297,0.06875187288013469,0.8627555465643807,0.004726820024526201,8.871145459518184,2079.265562996032,23.361855158730165,0.14349147506716867,0.06494876459564532,0.8661529166902833,0.004218342022500551,8.82064503081925,2100.635738724242,24.540033432798516,0.13998187472945312,0.06854425296479714,0.8652432064339504,0.004698314614502101,8.84053400662998,1933.862082918327,24.60489292828685,0.1454311723238703,0.07973384490834871,0.8766906426493772,0.006357486023868606,8.824872045572892,2858.1125283446713,29.83418367346939,0.12532832258355878,0.06427484203051634,0.8160515056079488,0.004131255318047829,8.982114025783597,2668.555994770916,27.21461030876494,0.13239108831393698,0.061365604639110845,0.8277453703633117,0.0037657374327236624,8.920636249116622,2805.1909800957424,29.000976316452505,0.12949841483609156,0.0641474844552769,0.8194591152119995,0.004114899761939992,8.951506642106727,bread_with_green_mold_24.jpg,spoiled_bread
282.4501838235294,7.098774509803922,0.3213275451420636,0.09629308406597978,0.9764083377103537,0.009272358038937849,7.757127604574304,578.1726412918109,10.91841599384852,0.25180869479395646,0.09138453004459238,0.9515388703798637,0.008351132331471006,8.105333932343438,355.0160386029412,7.234482230392157,0.32383062009122476,0.09267116897388976,0.9702696276469199,0.008587945558987228,7.746449882376402,592.1456824298348,11.124321414840447,0.24694233910858487,0.09136087447734059,0.9503677111762736,0.008346809385264383,8.119848258473953,654.2952294537404,13.239342396653546,0.21427679796470286,0.09418766283704783,0.9453021630109195,0.0088713158307054,8.280000583373248,578.1726412918109,10.91841599384852,0.25180869479395646,0.09138453004459238,0.9515388703798637,0.008351132331471006,8.105333932343438,828.6149729330709,13.537555364173231,0.21225215153118193,0.08703329877100904,0.9303630960231567,0.007574795094963725,8.293249940699681,592.1456824298348,11.124321414840447,0.24694233910858487,0.09136087447734059,0.9503677111762736,0.008346809385264383,8.119848258473953,990.3359066205533,16.66715044466403,0.1930306748232704,0.09351353657235972,0.9170986909260092,0.008744781522270059,8.427357967550327,1205.3869117738236,17.66755533511067,0.18395108883809747,0.08624392819877727,0.8985097871290786,0.00743801515115585,8.46725942826695,1270.586369812253,17.502470355731226,0.18540818463962916,0.08244137749445675,0.8927659153767733,0.00679658072318352,8.478628578109257,1263.258602517205,18.31375162750325,0.18143335568808464,0.08617267849436022,0.8936373671667689,0.007425730518892372,8.48948968984065,1320.8376581101193,19.594292534722225,0.1790035635738737,0.09285213284606737,0.8892852338154346,0.008621518574063744,8.523203165660146,1793.152212970051,22.221062663063005,0.1632969090133269,0.08147191503957162,0.8481561281076581,0.006637672940215175,8.624207324553366,1708.2858847966272,20.995830233134924,0.1668722208898234,0.07794680756502825,0.8552033791010928,0.006075704809579545,8.604633085962087,1917.7232576668907,23.429705197706575,0.15881999064605962,0.08136050817613219,0.837607834036275,0.0066195322906784735,8.654912448733082,1664.9803131225099,22.261781000996017,0.17089078134402863,0.0924701085243503,0.8602760329335944,0.008550720970505122,8.593903314141064,2347.780155580751,26.138463718820866,0.1485150995581551,0.07685388996360129,0.800031586866734,0.005906520402537335,8.734602307078458,2155.363374626494,24.15162786354582,0.15591343646146683,0.0738913873432495,0.8165222272648357,0.005459937123510132,8.701227542504451,2555.917548500882,27.993795666414716,0.14399576531428823,0.07666641446599469,0.7823042450881944,0.0058777391070716795,8.773980534060476,bread_with_green_mold_25.jpg,spoiled_bread
199.2703737745098,5.588143382352941,0.33976472016071235,0.07000250803838104,0.9886247426621916,0.004900351131663603,7.781423801631796,444.06131487889286,9.13194925028835,0.25640213682409796,0.06407655105550507,0.9746484797012819,0.004105804395168747,8.173379152090487,289.40955882352944,6.523560049019608,0.31874708032503235,0.06541107464795551,0.9834585921206935,0.004278608686600407,7.894515886434274,440.7085121107267,9.055424836601308,0.25884958800232727,0.06421549450083841,0.9748399498023574,0.004123629733987208,8.161755012717153,462.81269992618115,10.175150713582678,0.23697734055073388,0.06774289432466812,0.9736105952103015,0.004589099731483152,8.265616754773301,444.06131487889286,9.13194925028835,0.25640213682409796,0.06407655105550507,0.9746484797012819,0.004105804395168747,8.173379152090487,683.021407480315,12.00688976377953,0.21756245562112067,0.05946238996869115,0.9609569736885096,0.0035357758207887023,8.404963644160162,440.7085121107267,9.055424836601308,0.25884958800232727,0.06421549450083841,0.9748399498023574,0.004123629733987208,8.161755012717153,706.7104743083005,12.734127964426879,0.2064106728249503,0.06683751277866216,0.9597121577865465,0.004467253114437827,8.42430526703426,930.9851044702091,14.817146134292269,0.18467236919236574,0.05876313504685868,0.9469037067537835,0.0034531060405353503,8.5514794629831,1082.2848011363635,15.586061017786562,0.18398455988569937,0.055033612169617725,0.938050112909142,0.003028698468435896,8.60800503426157,918.9125798251597,14.693037386074772,0.18570676209067344,0.0587331037377653,0.947592658841936,0.0034495774746711003,8.546800359057782,946.5835968501985,14.768740699404765,0.18942400592844627,0.0661375344493326,0.9460487284057086,0.004374173463036656,8.51777604736343,1424.8822196878564,18.781983783530443,0.15716259900904106,0.05431108674940699,0.9186413624993679,0.002949694143901611,8.729665838756581,1488.8673580109125,18.655893477182538,0.16213991756322943,0.05091856703639977,0.9146600986977297,0.0025927004690403373,8.741378360098977,1434.957740317768,18.821978159321347,0.15787310642842367,0.05422587054544742,0.918067177889958,0.002940445036411622,8.73325453156508,1206.7207731573703,16.787039342629484,0.17756994542654342,0.06554227677353199,0.931238863594055,0.004295790044658271,8.598458090227206,1917.4700963718822,22.38811728395062,0.1386382350706845,0.050135456837483765,0.8903854195701876,0.0025135640323031973,8.861273424765443,1914.5897036852593,21.637107818725106,0.14812216481275545,0.04749441592165285,0.8901070655325102,0.0022557195437389516,8.846890730750623,1951.2747228521039,22.52525825144873,0.1392094822820062,0.05000245721574823,0.8884547934941517,0.0025002457276127325,8.86897365971878,bread_with_green_mold_27.jpg,spoiled_bread
512.4093903186274,10.647074142156862,0.2518850925762104,0.06656243030253538,0.9663535385316332,0.0044305571277798795,8.52781088229328,907.3114648212227,15.246382160707423,0.19969219314349285,0.06045344475904529,0.9403243106551545,0.0036546189832349397,8.828341707596213,659.6733455882353,11.671599264705883,0.23311452689143788,0.06108168284448377,0.9565827594147104,0.003730971979114103,8.613501670179545,1172.4803537101116,17.760692041522493,0.18350678884210367,0.06029870114319015,0.92288284940637,0.003635933359555761,8.947637809282716,1220.921152189961,19.52268393208662,0.1757074389739946,0.06458427763170389,0.9198846128137826,0.004171128917209007,9.012062592396791,907.3114648212227,15.246382160707423,0.19969219314349285,0.06045344475904529,0.9403243106551545,0.0036546189832349397,8.828341707596213,1600.236328125,21.465012918307085,0.15971705330368996,0.057018499367861984,0.8945051895878593,0.0032511092701628776,9.104906416028392,1172.4803537101116,17.760692041522493,0.18350678884210367,0.06029870114319015,0.92288284940637,0.003635933359555761,8.947637809282716,1843.850481719368,24.54563982213439,0.1580503405864132,0.06366735642086625,0.8788912155954607,0.00405353227362162,9.165064934185079,1698.207452414905,22.893607787215576,0.15488166790218846,0.056509429204333515,0.8881963839420384,0.0031933155889995817,9.138319125665316,2491.5946455039525,27.899363883399207,0.1413218235965588,0.05469221301002584,0.8353685195391881,0.0029912381639340393,9.289541492590839,2600.4134323268645,29.217728935457878,0.1377771264052204,0.056211484834386566,0.8287918304759004,0.003159731027286471,9.29680776834407,2434.4855065724205,28.653537326388886,0.14573397971334046,0.06297331682845272,0.8399377614857021,0.003965638632376688,9.259544629082818,2491.828727210236,28.78802980830821,0.13296151908376233,0.05395814358573323,0.8354115355553251,0.002911481259218604,9.300892569931184,3349.800114707342,33.392903645833336,0.12536071195157222,0.050603750102342596,0.7781422045741617,0.002560739524420338,9.415764534897058,3860.649189957662,36.92180787076817,0.12283852572912378,0.05379527176119877,0.7449778249377351,0.00289393126386123,9.450076069065624,3066.360495517929,32.70533491035857,0.13858579678426572,0.0624917491833231,0.7981880273558123,0.0039052187159913632,9.337765007006093,3193.3501984126983,33.408588435374156,0.1191701044149944,0.04975662959080477,0.7883651893029622,0.002475722188236549,9.416396362829099,4203.796921688248,38.389644546812754,0.11528475316341535,0.04714682219724945,0.7208875575753012,0.0022228228432990536,9.509519223767349,5037.307618417737,43.78928886369363,0.10919986420136699,0.04947548798432632,0.6661084408269002,0.002447823911287218,9.569482885241307,bread_with_green_mold_29.jpg,spoiled_bread
245.06564031862743,5.951332720588235,0.4409140064055375,0.09778992677047454,0.9860892852520349,0.009562869777774775,7.303171335148442,547.641660899654,9.744882737408691,0.3525365007701603,0.08984015309632058,0.9689346773814056,0.008071253108370322,7.661633738496901,378.06015625,7.18702512254902,0.40666483531885544,0.09401111183074876,0.9785196330564049,0.00883808914765355,7.425595216700061,576.9891733948482,10.070142252979625,0.34729483495521063,0.09013940394604668,0.9672699866531368,0.008125112143748576,7.674898650269517,582.2443866879921,10.713721087598426,0.33581046715603885,0.09175251489526241,0.9670033545378472,0.008418523989605351,7.726056178361696,547.641660899654,9.744882737408691,0.3525365007701603,0.08984015309632058,0.9689346773814056,0.008071253108370322,7.661633738496901,910.2750522883857,13.019915723425196,0.299526192997596,0.08499551358625818,0.9483147737885049,0.007224237329791798,7.8700254937322045,576.9891733948482,10.070142252979625,0.34729483495521063,0.09013940394604668,0.9672699866531368,0.008125112143748576,7.674898650269517,861.5482954545454,13.267446887351777,0.31051833344580393,0.09024125278946502,0.9511308991525143,0.008143483705012127,7.855128524004517,1133.7217744435488,15.319858639717276,0.28054412059897066,0.0830187585718103,0.9358359449570187,0.006892114274804527,7.963536022051051,1361.249891921937,16.470896121541504,0.2737963244858235,0.07986155881311442,0.9225800294891037,0.006377868576060534,8.02749398918193,1238.6992373984747,16.139345278690556,0.2761606369798838,0.08345285567980058,0.9298952101054786,0.006964379121113625,7.970676471154492,1126.2384982638887,15.288690476190474,0.29105275059858216,0.0885526824865321,0.9360590180139875,0.007841577575560569,7.944430377083868,1642.419003577622,18.960364948679093,0.2561422292693713,0.0777025862920246,0.906806452896243,0.006037691916469529,8.118553872896303,1795.844912574405,19.4251457093254,0.251192551201948,0.07450003846307546,0.8976907923931065,0.005550255730999722,8.150369324170883,1822.6871846146637,20.155696855129747,0.2489878445003154,0.07787289568215647,0.896579893576388,0.006064187881924024,8.12549296100617,1413.5671688247012,17.28249501992032,0.2784023803826676,0.0877770196363406,0.919675469022385,0.007704805176238523,8.007858179593187,2132.5267227261274,22.210018266565886,0.2378147257741589,0.07299669485632682,0.8786799526259064,0.005328517459947691,8.236786291164142,2265.17797559761,22.49041334661355,0.23618410921005226,0.07086182164951735,0.8707297819065178,0.005021397767488005,8.246034056101804,2401.18466553288,23.816436759889143,0.23237669672382127,0.07306149770161607,0.8634018089984474,0.005337982446403252,8.2474837862542,bread_with_green_mold_3.jpg,spoiled_bread
376.4373468137255,9.681495098039216,0.23004735838032794,0.058124389657849204,0.9751589033240101,0.003378444673097488,8.635130445803625,709.3718415993848,15.038339100346018,0.15975678795949394,0.05223163888837975,0.9531707461434805,0.002728144100966104,9.031609724321763,419.40750612745103,10.637408088235293,0.2005540667281014,0.05375225718868372,0.9722514459912829,0.0028893051528784005,8.760128249206243,692.3353633217994,14.7201076509035,0.16112327987939623,0.05269451303979118,0.9542954226097589,0.0027767117045007232,9.013459628204874,884.982498769685,17.58772145669291,0.14865805820583416,0.05615953508802944,0.9417317016006534,0.00315389338130361,9.122820525798447,709.3718415993848,15.038339100346018,0.15975678795949394,0.05223163888837975,0.9531707461434805,0.002728144100966104,9.031609724321763,998.8052565206692,19.316206323818896,0.12230201958020463,0.04773041957535848,0.9338918289064053,0.0022781929528397638,9.251603610577348,692.3353633217994,14.7201076509035,0.16112327987939623,0.05269451303979118,0.9542954226097589,0.0027767117045007232,9.013459628204874,1252.511564352767,21.165313117588937,0.13266963631638473,0.05518035720948643,0.9176008702518427,0.0030448718217665205,9.246484698400259,1406.0633331266663,23.22202244404489,0.11327120355437839,0.04658166657090494,0.9073528742161382,0.0021698516605229627,9.351443796573577,1417.8410789278655,23.290467514822133,0.10648853498868265,0.043408641391326844,0.9060022660041829,0.001884310147440814,9.38857744806063,1355.1314712629428,22.563643127286255,0.11594943128361557,0.047665544020364006,0.9107089056261664,0.0022720040867572587,9.331154863606905,1557.5677548363096,23.578915550595237,0.12429048024084964,0.05446975825659238,0.8976108163709986,0.0029669545645316137,9.314990953297034,1898.539752222344,27.03933821806309,0.1014573675177931,0.0420223621656828,0.8748023791579501,0.0017658789219838094,9.469408756423906,1764.224624875992,26.046952504960323,0.09744040285831379,0.039677702896592955,0.8828498656183617,0.001574320107150301,9.476704304953579,1820.4958521457925,26.281757252886315,0.1037886137837238,0.04329481819087537,0.8799490318688717,0.001874441282180953,9.44345560997277,1884.837104706175,25.861009088645417,0.12023845896311232,0.05391146397415699,0.8761431237629038,0.002906445947836827,9.367149083107154,2366.5137314184935,30.351568405139833,0.09310755016687183,0.038308736501031025,0.8438156853289757,0.001467559292305427,9.555273276840502,2133.857958789841,28.683593750000004,0.09151096364125322,0.03631649427849491,0.858075347698917,0.0013188877566799536,9.547638947380236,2243.39810090703,29.341285588309397,0.09605959864340238,0.040065410941448346,0.8519411728827815,0.0016052371539071288,9.522091856202906,bread_with_green_mold_8.jpg,spoiled_bread
265.19456188725485,6.179733455882353,0.38053832807393795,0.06382085830256941,0.98424781769687,0.004073101954476643,7.463727365067822,490.39638600538257,9.828665897731643,0.2724264887936313,0.05165098028678504,0.9709744324748055,0.0026678237645858566,7.8401178334326795,276.7206035539216,6.769163602941177,0.3496587275941528,0.061906273240775356,0.9835632051975933,0.003832386666561539,7.541781708522027,493.963229527105,9.872310649750098,0.27308403887739735,0.051619433511764894,0.9707633414398351,0.0026645659160755165,7.841274555768007,605.9782541830709,11.256274606299213,0.23400313361266947,0.046891742038784705,0.964133895836856,0.0021988354714319288,7.9598825142999,490.39638600538257,9.828665897731643,0.2724264887936313,0.05165098028678504,0.9709744324748055,0.0026678237645858566,7.8401178334326795,635.1792568897638,12.34578001968504,0.2041877555293475,0.04504755139605622,0.9624056664432309,0.0020292818867803267,8.033781915777867,493.963229527105,9.872310649750098,0.27308403887739735,0.051619433511764894,0.9707633414398351,0.0026645659160755165,7.841274555768007,891.9140470602766,13.947335103754941,0.2157799167717963,0.04507418389548016,0.9472176948272699,0.0020316820538435632,8.103762224871643,988.6658038316077,15.762121024242049,0.18064318167009513,0.04338009684404453,0.9418985809081849,0.0018818328021986818,8.151539067710358,957.0094491106719,15.385499011857709,0.18074173733409526,0.042745610857030575,0.9433642272688724,0.0018271872475406903,8.180954714718059,1004.4000248000498,15.890817781635564,0.1807820201616521,0.04277043626424163,0.9409741103372001,0.0018293102182335556,8.146508661255522,1160.1280226934523,16.098446800595237,0.2027480867661388,0.043353571603667186,0.9313530322076913,0.001879532170794298,8.195992623198512,1433.9409926729054,19.355699979690357,0.1587161972410469,0.0406818196216877,0.9157471925999792,0.0016550104477315347,8.31444981267672,1275.4867156498017,17.851236979166664,0.16042391804899736,0.04008038615584181,0.9245234756615395,0.0016064373544013959,8.27981383437274,1467.5147088690653,19.545642019091066,0.15762563463780627,0.04006811640077024,0.913775355893888,0.0016054539519056727,8.303378145828024,1438.207591508964,18.184869895418323,0.19101455685222019,0.04188092769500898,0.914906373670306,0.0017540121045945703,8.280051158381319,1872.9290910808772,22.5495244394054,0.14348380049054027,0.03842477872774151,0.8899621220823906,0.0014764636202758965,8.430299429826093,1616.874564243028,20.251867529880485,0.15295534241851735,0.03910491491493319,0.9043254549776364,0.001529194370504164,8.371668635918208,1930.5047083648278,22.86059145880575,0.14154650961773088,0.037664400457102974,0.8865817915760225,0.0014186070617930185,8.419294563400577,bread_with_mold_000002.jpg,spoiled_bread
337.06792279411764,7.737132352941176,0.2568357944432106,0.02493030964598672,0.9805806403249452,0.0006215203390447784,8.221850077146357,485.1178162245291,10.276570549788545,0.19513819410349553,0.021177224432685177,0.9720532440824078,0.00044847483467231805,8.476482032431804,192.66885723039215,6.1534466911764705,0.27773197475360445,0.0261448247867157,0.9889022539373207,0.0006835518631280637,8.084413956879116,448.3881737793157,9.967443291041906,0.1972951742257297,0.02146371627186011,0.9741691896306761,0.0004606911161989126,8.452916159475693,818.4553395669291,14.142931840551183,0.14130077879244385,0.018531057531433328,0.952841984197328,0.0003434000932332919,8.70862761146805,485.1178162245291,10.276570549788545,0.19513819410349553,0.021177224432685177,0.9720532440824078,0.00044847483467231805,8.476482032431804,462.20081815944883,11.113650344488189,0.1580998907081262,0.01958678346638558,0.9733801809492624,0.00038364208655907546,8.570751609320189,448.3881737793157,9.967443291041906,0.1972951742257297,0.02146371627186011,0.9741691896306761,0.0004606911161989126,8.452916159475693,1288.8371572381423,17.768975419960473,0.12623924687253602,0.017463357724710783,0.9257144734365934,0.00030496886302121577,8.844863078855525,1033.5267840535682,15.987878975757955,0.13313096944013075,0.017867667038195683,0.9404582571994072,0.00031925352538782453,8.778221435727035,702.3333899456522,13.60247344367589,0.14221880492813418,0.01852511703762177,0.9595342954709526,0.0003431799612575845,8.697821841697404,905.9278783557568,15.196276892553785,0.13634452906230204,0.01822698859222564,0.9478089818693238,0.0003322231131411236,8.748972697522348,1763.0044797867063,20.71250310019841,0.1199265935843652,0.016903094448170113,0.8983534359061416,0.00028571460192375927,8.920376912717266,1593.0645221765687,19.739864706525644,0.12122070167082376,0.016954912869046254,0.9081495322230542,0.00028746907039695025,8.892167989340306,932.2285466269841,15.42094494047619,0.1351777480018276,0.018018144742129597,0.9462675828552768,0.00032465353994833246,8.7609816762862,1395.5958380852694,18.659969691762093,0.12700580314895119,0.017314563088654582,0.9195320116227125,0.00029979409495099974,8.860451158777938,2247.16312873506,23.598169820717136,0.11297436090410824,0.016384574200438956,0.8703892641736602,0.00026845427172968986,8.986955343434829,2147.5739638447976,23.05749244142101,0.11122717816419814,0.01617880915488156,0.8760790065157085,0.00026175386567007944,8.978815207762157,1169.2604114790836,17.070826070717132,0.1310221872088849,0.01768371413475258,0.9325699780715813,0.0003127137455996482,8.812744730220608,1888.9702223481988,21.721734063995974,0.11922365033716706,0.01654534709452911,0.8909911475673293,0.0002737485104784428,8.941957549610557,bread_with_mold_000003.jpg,spoiled_bread
239.40801164215694,5.924494485294119,0.4022448458177905,0.03351801449887615,0.9850141134330114,0.0011234572959468718,7.791139787703947,399.96003075740106,8.360707420222992,0.3361429937795875,0.028614358742162355,0.9750022281144196,0.0008187815262251632,8.064171034326582,213.8958180147059,5.459635416666666,0.3976654418227975,0.03255065236185791,0.9865974297124934,0.001059544969182526,7.750545316787788,413.81608612072284,8.571426374471358,0.3344128420153355,0.02851520040062908,0.9741362258383797,0.0008131166538880367,8.088336463277571,571.9723948080709,10.830570250984255,0.2948981055483774,0.02595753189046941,0.9642879862905067,0.0006737934618447363,8.26441221677963,399.96003075740106,8.360707420222992,0.3361429937795875,0.028614358742162355,0.9750022281144196,0.0008187815262251632,8.064171034326582,509.0052749753937,9.973225270669293,0.28323006304162046,0.02511885616686484,0.9681545222809279,0.0006309569351316438,8.243234755357376,413.81608612072284,8.571426374471358,0.3344128420153355,0.02851520040062908,0.9741362258383797,0.0008131166538880367,8.088336463277571,890.7363667243085,13.712929224308304,0.26898837667874637,0.02459806451564955,0.9444099881294916,0.0006050647779160575,8.409978384386534,839.0711451422901,13.502883005766009,0.25421386470078966,0.023902010252217092,0.9477710044150168,0.000571306094097091,8.404791180712142,790.9704020503953,12.68445837450593,0.24734090732948621,0.02310300906228981,0.9504526485433326,0.0005337490277322451,8.415230888163975,873.6635563271128,13.806838613677229,0.25129061485912935,0.02369783412249149,0.9456178690513162,0.000561587342097122,8.430614844123667,1210.5806206597222,16.088123139880953,0.2559007190247272,0.02396453623678733,0.9244824360102576,0.000574298997044293,8.493333850988922,1292.0737864987736,17.099923448265088,0.2240680420672999,0.022078757473416182,0.9195104603309623,0.000487471531569931,8.568985679535253,1073.3083612351193,15.000139508928573,0.22049104716161883,0.021703617042112096,0.9326829897288229,0.0004710469927106586,8.534543125548247,1320.096267712353,17.238075895577182,0.22016484555936036,0.021940987971667252,0.9177651991384277,0.00048140695317284705,8.58664663785583,1542.5715575199206,18.29124128486056,0.24506159365638933,0.023359364836899967,0.9038161164662318,0.0005456599255833985,8.564565156848406,1748.815523431595,20.324404761904766,0.19842303015637547,0.020626548154319517,0.8909716947718976,0.00042545448876246184,8.68898423106749,1365.1069783366536,17.227185009960163,0.1968664396441796,0.020477984719082284,0.9142747771684048,0.0004193478581549675,8.631254608974544,1737.38529856387,20.110575711766188,0.19302444992426301,0.020483651362286897,0.8916852278099512,0.0004195799731317179,8.70191295894567,bread_with_mold_000004.jpg,spoiled_bread
396.64375000000007,8.25183823529412,0.28658356654563555,0.02564013586124207,0.9758792099928563,0.0006574165669829516,8.354631594200235,730.3224144559786,12.252472126105346,0.22129559519042946,0.021967605668019308,0.9556933467518016,0.00048257569878559407,8.645334546675162,426.9992034313725,8.117677696078431,0.2792191032399355,0.025353223930485093,0.9740721060101186,0.000642785963669322,8.295535252869948,773.1488043060363,12.798877354863514,0.21176973041669936,0.021700858609584536,0.9530952391227369,0.0004709272643931792,8.692740000209358,939.5247754675197,15.249092642716533,0.19490252558126073,0.020578802078608644,0.9429162662320737,0.0004234870949905474,8.861358229349932,730.3224144559786,12.252472126105346,0.22129559519042946,0.021967605668019308,0.9556933467518016,0.00048257569878559407,8.645334546675162,1002.5797705462601,15.15069820374016,0.1875883552535926,0.020228207626738836,0.9392683278404726,0.00040918038379045524,8.817762186395322,773.1488043060363,12.798877354863514,0.21176973041669936,0.021700858609584536,0.9530952391227369,0.0004709272643931792,8.692740000209358,1481.553267045455,19.825284090909093,0.1680956862341368,0.019059114290133582,0.9098883882487326,0.00036324983752437413,9.039251052071045,1524.0640616281235,20.245535991071982,0.15503782372573482,0.018316682478060432,0.9078446467920356,0.000335500857002086,9.030363398355846,1611.4862740859685,20.42751049901186,0.15523791339286425,0.018221212224072723,0.9023011680998901,0.0003320125749146972,9.047219764664096,1679.5411680823363,21.560574121148242,0.14627868520583756,0.01831087422206045,0.8984440565991678,0.00033528811477611796,9.078582883230201,2024.877619667659,23.688259548611114,0.15046897582571783,0.017885454800476572,0.8767122036723746,0.00031988949341989046,9.148007076526987,2367.434173319377,26.400006249121216,0.12773058385746422,0.016395806160607505,0.8565755855501205,0.00026882245965621505,9.219233014194543,2243.99466765873,25.171099950396822,0.13532400266465677,0.0167812969753033,0.8638397269774792,0.0002816119281733237,9.196772321027298,2615.218703619804,28.13407489571779,0.12296532576755775,0.016646197446456634,0.8415654672018444,0.00027709588942641933,9.255332002340458,2587.469559262948,27.313807270916335,0.14125661387547922,0.01720022450243628,0.8422857061327964,0.00029584772293420936,9.230344925343424,3187.712569286974,31.74677185689091,0.11043630382367378,0.015030081127660943,0.806512020032182,0.00022590333870406966,9.347370475244855,2889.355032993028,29.57720679780877,0.11922701898348735,0.01573862584184651,0.8245315086567709,0.00024770434338963873,9.305330656480098,3538.682649911817,33.84352166792643,0.10848062500556015,0.015569606152689791,0.785206557181019,0.00024241263574987582,9.373667050537197,bread_with_mold_000006.jpg,spoiled_bread
182.71982230392155,4.325520833333333,0.6832078133497793,0.5151257721248705,0.9910471369144895,0.26535456110724404,4.032980201236923,420.00496732026147,7.235048058439062,0.627043260716016,0.508561219179197,0.979418500391405,0.2586345136530313,4.1788687855394215,271.59087009803926,4.8903492647058835,0.6664504681612003,0.5150500402229606,0.9866486214837806,0.2652765439336734,4.037820932564948,419.46865051903103,7.175932333717799,0.6299195525046005,0.5095220471653019,0.9794447815187571,0.25961271654752016,4.175480320813106,427.5972256397638,7.9765625,0.6347833304359515,0.5075587811481025,0.9791156129545662,0.25761591632054737,4.230108226223421,420.00496732026147,7.235048058439062,0.627043260716016,0.508561219179197,0.979418500391405,0.2586345136530313,4.1788687855394215,661.2111835629921,9.037155511811022,0.6165786077223465,0.5060902115219178,0.9674905976225233,0.2561273021982995,4.260465854459147,419.46865051903103,7.175932333717799,0.6299195525046005,0.5095220471653019,0.9794447815187571,0.25961271654752016,4.175480320813106,633.3175951086956,9.596251235177867,0.6229243826726737,0.49960829529845235,0.9691036853691656,0.24960844873102558,4.3041471019995186,918.3022816045633,11.863537727075455,0.5838052753957625,0.49486499074313867,0.9551400218248534,0.2448913590632067,4.355013012469284,1061.0377810029645,11.581012228260871,0.6000837739415987,0.49813608863925946,0.9477628757685851,0.24813956280482014,4.358821608150015,915.199578399157,11.555335110670221,0.5930979871786793,0.5000659507858141,0.9552915919568967,0.25006595513532026,4.333740983197497,832.4571552579366,10.806175595238097,0.6121456486786853,0.49240929259815913,0.9594368784370597,0.2424669114370195,4.355982966461088,1431.4408911246855,14.754456404568106,0.5644175659885108,0.481649278689814,0.9300650144747366,0.23198602766241813,4.4644102852343375,1464.2036985367063,13.765082465277779,0.5848272038447806,0.491030138685717,0.9278165636322288,0.24111059709771449,4.433914005468828,1424.2948335390333,14.378696745770126,0.5742291542988982,0.49026035322721634,0.9304141448069173,0.24035521394647494,4.439198696175641,1045.3404818227093,11.962742778884463,0.6059173003572556,0.4858190242558308,0.9491293935872053,0.2360201243288875,4.398616554236199,1956.861473293021,17.517746913580247,0.5472270588595475,0.47049821870476294,0.9043881321221409,0.22136857380435496,4.552405504144217,1877.8412443974103,15.923882594621514,0.5732968310469444,0.48443815104782995,0.9072919465796173,0.2346803221906401,4.498021555998768,1944.9339726631392,16.98637881078357,0.56201874734636,0.48246576351728776,0.9049708655268063,0.23277321296631942,4.523021921506435,bread_with_mold_000008.jpg,spoiled_bread
329.7222732843137,5.899417892156863,0.528107797032787,0.41763582633272905,0.9846482767245082,0.17441968343662143,5.247105291041377,527.4860130718955,8.134102268358324,0.493803761516093,0.41343975463685123,0.9755152521874393,0.17093243071417974,5.383713390329302,233.6513480392157,4.613357843137255,0.5467132460982438,0.41914124805446906,0.9891212965314272,0.17567938582065795,5.124343982279111,528.396278354479,8.14329873125721,0.49293425323718254,0.4133479041334563,0.9754729996625681,0.170856489851521,5.384140205135333,782.5939960629921,10.73212967519685,0.473585979062174,0.41158730194989074,0.9636741321038255,0.16940410712639054,5.521212618182445,527.4860130718955,8.134102268358324,0.493803761516093,0.41343975463685123,0.9755152521874393,0.17093243071417974,5.383713390329302,562.0984867125985,8.386534202755907,0.4899784664634794,0.41461617695666486,0.9739089291820762,0.17190657419416044,5.408556844318633,528.396278354479,8.14329873125721,0.49293425323718254,0.4133479041334563,0.9754729996625681,0.170856489851521,5.384140205135333,1162.9819664031622,13.092978013833994,0.4635366052897903,0.405172541083183,0.9459808838690287,0.16416478804780363,5.619619102168382,1156.216876433753,13.443858887717777,0.44689357335858215,0.4040552295320975,0.9466578262963783,0.163260628512236,5.594794007861408,849.8998579545456,10.45778779644269,0.4760966080951081,0.40970052483833364,0.9605231719383109,0.16785452005280604,5.519783597464847,1163.016368032736,13.51993303986608,0.44668887713902966,0.40402414134631137,0.9463441311156887,0.16323550679062418,5.594543864257921,1520.1732390873012,14.74600074404762,0.45683855409159824,0.3987130368682516,0.9293387857315341,0.15897208576870378,5.6762168544415,1695.5142870533834,16.235029448983738,0.4355270795024296,0.39352553343757396,0.921662638974135,0.15486234546732713,5.705824580851131,1128.2811879960318,12.026537698412698,0.4674184068547439,0.4051057094192339,0.9475548465595057,0.16411063580406077,5.584142231168105,1714.6391601181085,16.39347591744911,0.4341367252771721,0.39347872071684287,0.9207790179411041,0.15482550365696324,5.7083241505402516,1887.1792828685263,16.492187500000004,0.44999454158992824,0.3922191567852383,0.9122123026072995,0.15383586694932333,5.734018150934979,2239.129125724364,18.869236583522298,0.4245497980297882,0.3833423656450274,0.8963769496079008,0.14695136929832586,5.799192672347452,1395.847298306773,13.441235059760956,0.46274097217994015,0.4004622017278533,0.9350680556200708,0.16036997501271988,5.641174729466114,2271.645628621819,19.069192491811542,0.42379614453587533,0.3832005419640557,0.8948721416986081,0.14684265536154598,5.802647368003815,bread_with_mold_000011.jpg,spoiled_bread
316.31583946078433,6.152389705882353,0.4504344293720197,0.06353246208260975,0.9809544140955128,0.004036373738278246,7.417063427199624,440.31575547866214,8.159077277970013,0.39432491604838865,0.059132998231288064,0.9735682269516864,0.003496711479821517,7.639056288090892,156.3427236519608,4.592723651960784,0.47654723121966786,0.06658729042868772,0.9905789565513015,0.0044338672466344075,7.2723674331653525,437.68858131487895,8.388158400615147,0.39225519861452807,0.059618834561881724,0.9737259484524732,0.0035544054345170227,7.660666667779018,766.4125861220473,11.225762795275589,0.3527819577536369,0.055725698677689575,0.9540304344879433,0.0031053534931166538,7.859244822114954,440.31575547866214,8.159077277970013,0.39432491604838865,0.059132998231288064,0.9735682269516864,0.003496711479821517,7.639056288090892,370.2563361220473,8.351777805118111,0.38626238757217984,0.05953940913863928,0.9777566626054162,0.0035449412405782832,7.712810930621374,437.68858131487895,8.388158400615147,0.39225519861452807,0.059618834561881724,0.9737259484524732,0.0035544054345170227,7.660666667779018,1170.327198616601,14.318243577075101,0.31799911595881736,0.052415433236548556,0.9299450619501075,0.002747377641375079,8.023672402778972,974.3958087916177,13.492342984685969,0.3154276539285307,0.05351015024818436,0.9419091476666152,0.002863336179583265,7.962779322880326,555.8114192193675,10.45612030632411,0.35892165973121726,0.05719918542346888,0.9666403043478919,0.0032717468131083748,7.865935928765985,965.491753983508,13.934806869613741,0.32514054784554525,0.05475040891438268,0.9424401099988036,0.0029976072762921144,7.969481386968722,1579.0178416418648,16.993319072420633,0.28332454157393555,0.049327922242420316,0.905669887677094,0.0024332439127542653,8.14256628767841,1446.7135871518067,16.903060507116187,0.27260618192186015,0.048545447849271804,0.914003657457768,0.0023566605068863684,8.146919117459142,741.2413504464284,12.11120411706349,0.33439988835400614,0.054245821943256195,0.9555524357095644,0.0029426091982994555,7.972406012786273,1450.0388226655627,17.494930400412443,0.28974318872480825,0.05029163266082354,0.9138068004153181,0.0025292483156912128,8.144102712187664,2001.9802041832668,19.69055029880478,0.2580546752253767,0.04675487029357805,0.8806377245344089,0.002186017896169307,8.245125476417883,1928.05114638448,20.08701814058957,0.23577132415046453,0.045326561606507436,0.8857241221111674,0.002054497187068514,8.282561561912743,930.531032121514,13.632096613545816,0.3163812163696912,0.05221736220694735,0.9442528100402636,0.002726652915851534,8.056524713393006,1966.4775132275133,20.791635172587554,0.26204513603289786,0.04736758969607185,0.883449627140482,0.002243688553615412,8.27291591152095,bread_with_mold_000012.jpg,spoiled_bread
334.76102941176464,7.7090073529411764,0.34353672940974544,0.08409206059651785,0.980394158798927,0.007071474655368428,7.940435584482703,745.6406612841215,12.47833910034602,0.27175125161363106,0.07851051257489015,0.9563346046334535,0.006163900584771984,8.298845648101812,477.59469975490197,8.779258578431373,0.3294798154756322,0.08007454507908779,0.971952450227376,0.006411932769622862,8.006243317742795,750.9399461745483,12.548373702422147,0.27184090895475277,0.07849760416768865,0.9560242756119416,0.006161873860067131,8.302599141061917,793.0590397391732,13.927888164370078,0.2451966769288699,0.08183310707406503,0.9536842970337642,0.006696657413395393,8.38009930334647,745.6406612841215,12.47833910034602,0.27175125161363106,0.07851051257489015,0.9563346046334535,0.006163900584771984,8.298845648101812,1145.2362819881891,15.999354084645672,0.23283939904024537,0.07449301824904887,0.9327493837312213,0.005549209767853129,8.466167985225901,750.9399461745483,12.548373702422147,0.27184090895475277,0.07849760416768865,0.9560242756119416,0.006161873860067131,8.302599141061917,1157.6682157855732,17.022804471343875,0.22469139748051975,0.08108486935581667,0.9323480130472844,0.006574756038449858,8.50341345625273,1597.244698989398,20.045461590923182,0.20764381979835758,0.07357093755321974,0.9067385873171643,0.005412682852459758,8.604016025121265,1749.444154520751,20.3572288784585,0.20604708999766164,0.06987752941003889,0.8970440156068058,0.004882869116450849,8.627069570547622,1616.6251627503257,20.247643995287994,0.20740494256346953,0.07340547288133387,0.9056069998893056,0.005388363448932241,8.60971606299997,1489.1755177331347,19.340603298611107,0.21324018220550806,0.08044683574025557,0.9129150671843212,0.006471693380619661,8.577489389047656,2343.704322829602,24.774766048524427,0.1846158905254875,0.06893027681632534,0.8627701179344156,0.004751383061975239,8.74936540513516,2330.444335937501,23.98218936011905,0.1870620914695603,0.06543429246565655,0.8625454756560771,0.004281646630481076,8.729005093385492,2382.7117280382454,25.074739489759256,0.18685197261797984,0.06881206853783468,0.8604862847318565,0.0047351007764556575,8.749406356167338,1838.221302290837,21.61939741035857,0.20649182398651394,0.07999864498960035,0.8924233371844632,0.00639978320017211,8.640518955901829,3075.3334120685313,29.10759952129,0.16707739355590925,0.06456680170216343,0.8194052342437627,0.004168871882046495,8.854580479312311,2938.7520075946222,27.616829556772913,0.17581512722420586,0.061590468406568094,0.8262741611552029,0.0037933857985404627,8.81367735517983,3133.4034706475186,29.4695137314185,0.16923239248051353,0.06426251469176786,0.8159955930959942,0.0041296707945096805,8.86037896506477,bread_with_mold_000013.jpg,spoiled_bread
376.4373468137255,9.681495098039216,0.23004735838032794,0.058124389657849204,0.9751589033240101,0.003378444673097488,8.635130445803625,709.3718415993848,15.038339100346018,0.15975678795949394,0.05223163888837975,0.9531707461434805,0.002728144100966104,9.031609724321763,419.40750612745103,10.637408088235293,0.2005540667281014,0.05375225718868372,0.9722514459912829,0.0028893051528784005,8.760128249206243,692.3353633217994,14.7201076509035,0.16112327987939623,0.05269451303979118,0.9542954226097589,0.0027767117045007232,9.013459628204874,884.982498769685,17.58772145669291,0.14865805820583416,0.05615953508802944,0.9417317016006534,0.00315389338130361,9.122820525798447,709.3718415993848,15.038339100346018,0.15975678795949394,0.05223163888837975,0.9531707461434805,0.002728144100966104,9.031609724321763,998.8052565206692,19.316206323818896,0.12230201958020463,0.04773041957535848,0.9338918289064053,0.0022781929528397638,9.251603610577348,692.3353633217994,14.7201076509035,0.16112327987939623,0.05269451303979118,0.9542954226097589,0.0027767117045007232,9.013459628204874,1252.511564352767,21.165313117588937,0.13266963631638473,0.05518035720948643,0.9176008702518427,0.0030448718217665205,9.246484698400259,1406.0633331266663,23.22202244404489,0.11327120355437839,0.04658166657090494,0.9073528742161382,0.0021698516605229627,9.351443796573577,1417.8410789278655,23.290467514822133,0.10648853498868265,0.043408641391326844,0.9060022660041829,0.001884310147440814,9.38857744806063,1355.1314712629428,22.563643127286255,0.11594943128361557,0.047665544020364006,0.9107089056261664,0.0022720040867572587,9.331154863606905,1557.5677548363096,23.578915550595237,0.12429048024084964,0.05446975825659238,0.8976108163709986,0.0029669545645316137,9.314990953297034,1898.539752222344,27.03933821806309,0.1014573675177931,0.0420223621656828,0.8748023791579501,0.0017658789219838094,9.469408756423906,1764.224624875992,26.046952504960323,0.09744040285831379,0.039677702896592955,0.8828498656183617,0.001574320107150301,9.476704304953579,1820.4958521457925,26.281757252886315,0.1037886137837238,0.04329481819087537,0.8799490318688717,0.001874441282180953,9.44345560997277,1884.837104706175,25.861009088645417,0.12023845896311232,0.05391146397415699,0.8761431237629038,0.002906445947836827,9.367149083107154,2366.5137314184935,30.351568405139833,0.09310755016687183,0.038308736501031025,0.8438156853289757,0.001467559292305427,9.555273276840502,2133.857958789841,28.683593750000004,0.09151096364125322,0.03631649427849491,0.858075347698917,0.0013188877566799536,9.547638947380236,2243.39810090703,29.341285588309397,0.09605959864340238,0.040065410941448346,0.8519411728827815,0.0016052371539071288,9.522091856202906,bread_with_mold_000015.jpg,spoiled_bread
534.4118259803921,9.733088235294117,0.2766970096382406,0.056599824329708046,0.9652477356980818,0.0032035401141538105,8.396578212639723,816.9668127643213,13.448996539792384,0.22020605998569717,0.05068310263013211,0.9469351856168596,0.002568776892216504,8.67689328363591,428.3017003676472,8.582429534313727,0.28610604369981746,0.051932034740330965,0.9721463564844032,0.0026969362322709425,8.319689183620456,885.8594848135333,13.967504805843905,0.22200877194045626,0.05063082669710296,0.94246046240422,0.0025634806120320743,8.701243186688647,1262.105453371063,17.949910802165356,0.19027982090989598,0.0546120799579771,0.9180367521148117,0.002982479277336484,8.881044154422552,816.9668127643213,13.448996539792384,0.22020605998569717,0.05068310263013211,0.9469351856168596,0.002568776892216504,8.67689328363591,1012.1797797736219,15.792907234251969,0.19552710561364106,0.04746278449627232,0.9342523595361841,0.0022527159121395884,8.834029846862887,885.8594848135333,13.967504805843905,0.22200877194045626,0.05063082669710296,0.94246046240422,0.0025634806120320743,8.701243186688647,1949.4758059535575,23.11930274209486,0.16739837334107038,0.053928417413725185,0.8733870645820335,0.002908274204748978,9.059127903789362,1610.0581096162196,21.19007688015376,0.16336067276907254,0.04662715012716109,0.8956842383018593,0.002174091128980819,9.02835156293829,1608.284090909091,20.61379076086957,0.16535856207789246,0.04307145426162078,0.8955578551792274,0.0018551501722108908,9.040429602799621,1864.9216318432636,22.575919151838306,0.16561896508584062,0.04649198706912624,0.8791723352642434,0.0021615048616358016,9.060793559930271,2627.0010075644836,27.595997643849206,0.1513126559413739,0.05345742813293177,0.8293628982104716,0.002857696622587565,9.172822791497087,2417.4626849349306,26.904200971738348,0.14057054690853882,0.042614354827421735,0.8433991006968343,0.0018159832373574024,9.211085239031009,2208.0033947172615,24.83669704861111,0.14645723527476728,0.038416148066736926,0.8566531699568708,0.001475800432285455,9.176968418550352,2851.047540189661,29.042197191020012,0.1436469342830639,0.04234347858862285,0.815314454607156,0.0017929701789851618,9.245416670565696,3333.3338365288846,31.9433360308765,0.14224431835514606,0.05316336654019368,0.7834065486117169,0.0028263435418869848,9.263921862347186,3164.973765432099,31.73699294532628,0.12297921297528863,0.0378303723510949,0.7950099030417261,0.0014311370722224852,9.337273198440716,2827.860106449203,28.93655067231076,0.13317624969754344,0.035040923020874755,0.8164576572408527,0.0012278662861548704,9.291771497715306,3762.9259416729656,34.56697215923407,0.12790269243991423,0.037752794164656905,0.7562873527858388,0.0014252734672389523,9.380121613014317,bread_with_mold_000025.jpg,spoiled_bread
433.1866727941176,8.739215686274509,0.3195304884505828,0.0757594564515815,0.9675093045422446,0.005739495241839074,8.02642151276877,852.6150249903884,13.849011918492888,0.2410304379453867,0.07041372008968204,0.9359616224614523,0.004958091976868093,8.408856038547933,502.37797181372554,9.064613970588235,0.30637740312446693,0.07252605420435307,0.9621793352396836,0.00526002853845276,8.060459616076358,828.9610149942331,13.664529027297196,0.23920500810490974,0.07045267959520415,0.9377382325117521,0.004963580062144495,8.40189404383191,969.015840305118,16.380874753937007,0.21361446889733898,0.07282673333495127,0.9274908746946622,0.0053037330882401024,8.553917812155373,852.6150249903884,13.849011918492888,0.2410304379453867,0.07041372008968204,0.9359616224614523,0.004958091976868093,8.408856038547933,1145.4007597194882,16.97965366633858,0.20006923395759774,0.0665538313626979,0.9136490539802159,0.00442941246905443,8.606464476776045,828.9610149942331,13.664529027297196,0.23920500810490974,0.07045267959520415,0.9377382325117521,0.004963580062144495,8.40189404383191,1465.9582664278655,20.566992959486164,0.1966058491354774,0.07112521839661406,0.8902592019313684,0.005058796691966048,8.7005840155387,1721.3403031806065,22.38168826337653,0.17808257329471247,0.06410488365836879,0.8708395138605822,0.004109436108852998,8.769459951694778,1771.2163105237153,21.915977025691696,0.17867689164296519,0.06156875084377122,0.8660625141525403,0.0037907110804623794,8.796382493037436,1633.006091512183,21.83456816913634,0.17571002542168812,0.06429402863016856,0.8774676568842215,0.004133722117496935,8.76199262073375,1955.5350787450398,24.207945808531747,0.18382457742429675,0.06974866581251173,0.8535543932090793,0.004864876382625442,8.804474206234936,2607.0358387101815,28.49300879563811,0.1569388691222487,0.058120772784936256,0.8037104078026672,0.003378024229118187,8.951809759428787,2400.685779389881,26.348415798611114,0.16331989239457295,0.057062902683531015,0.8179104896972176,0.003256174862670131,8.932073762842323,2443.3721351684917,27.649346185692636,0.15448217014519092,0.05864775188518086,0.8160330161645062,0.003439558801185735,8.940244395617698,2482.1429127241036,27.852169447211157,0.1739259292449087,0.06844334234560884,0.8140545299124854,0.004684491111438212,8.895586163039214,3454.967057193248,33.94331065759637,0.14048606449095483,0.052731316199050804,0.7389927520690384,0.0027805917080842776,9.088078478322558,3059.1981293575695,30.638617405378486,0.15100026188286347,0.05328443562718079,0.7672402917297674,0.0028392310801071737,9.043797793459056,3197.0523431594866,32.670382968002016,0.13966773260990512,0.053498500271827946,0.7584770506445336,0.002862089531334775,9.074599542988425,bread_with_mold_000026.jpg,spoiled_bread
178.33573835784313,5.061351102941177,0.41804083756757937,0.06185217041908012,0.9895043222051606,0.0038256909855509304,7.54420199381714,425.24790465205695,8.183698577470205,0.3408851434942938,0.05580340277108503,0.9750029289808461,0.0031140197608319404,7.872079235623268,297.6922947303922,5.714751838235294,0.41218062981537323,0.05876856211614446,0.9824483893075792,0.0034537438931991297,7.5712776553922705,453.1624452133795,8.154279123414073,0.3562302910550974,0.05599587588662416,0.9733623826073703,0.003135538116310217,7.851834610824115,412.72683932086613,9.12456938976378,0.31752593427192405,0.057867620295502985,0.9757826534239117,0.0033486614786645092,7.997678981305456,425.24790465205695,8.183698577470205,0.3408851434942938,0.05580340277108503,0.9750029289808461,0.0031140197608319404,7.872079235623268,701.5013687253937,10.359267347440944,0.3062879512972713,0.05060903829155756,0.9586901664325593,0.002561274756796339,8.05154220689466,453.1624452133795,8.154279123414073,0.3562302910550974,0.05599587588662416,0.9733623826073703,0.003135538116310217,7.851834610824115,586.4360177865613,10.949851778656129,0.2816569926653607,0.05649671671020608,0.9655806156673067,0.003191878999033279,8.142921174079735,881.0787866575733,12.948741397482797,0.25788950856627035,0.048915784563945686,0.9484276270923909,0.0023927539795063468,8.192820961674705,1039.9731194416997,12.99112215909091,0.26613896712315427,0.04527951775825523,0.9387242044183653,0.0020502347284201503,8.226062986783568,978.6721898443799,13.011299522599048,0.278821828237215,0.04911741429546041,0.9427180760922819,0.0024125203870718984,8.179545972382941,744.7173239087301,12.240141369047619,0.2540901361534945,0.05563548019877885,0.9562780163205493,0.0030953066569487137,8.228006875315124,1266.5702635566872,15.797403490134197,0.2168609368912024,0.04345158782461381,0.925804741032037,0.001888040484480127,8.352275050015994,1363.1078714037696,15.124984499007937,0.23538300115843394,0.04050803553894712,0.9196397155689205,0.0016409009432246028,8.334221127700353,1409.8578949835182,15.844334390476337,0.24168081698215713,0.04355188758062964,0.9174191004990754,0.001896766911835802,8.339460780603627,914.9988639193227,13.53714828187251,0.23425285434334647,0.05491069042878276,0.9462659625020762,0.0030151839233656143,8.299326251796101,1638.378842277652,18.323759133282945,0.19050147426391006,0.038765184874778084,0.9039461572298376,0.0015027395583757236,8.463959642165374,1696.5864355079684,17.23717629482072,0.21338206944409693,0.036898985798580454,0.8999180110309376,0.0013615351529638422,8.427784116386778,1835.8920382968001,18.50163769211388,0.21562801041028246,0.038774831497155667,0.8923828305832511,0.0015034875576328153,8.46786649125066,bread_with_mold_000027.jpg,spoiled_bread
102.19690563725493,3.0684129901960793,0.6510777125075639,0.4325804408792693,0.9901432930259879,0.18712583783130296,4.523396090727937,366.9474509803922,5.851595540176856,0.5912210856793902,0.42679028255828233,0.9642127873575075,0.18214994528617845,4.748556009012027,276.8719362745099,4.119638480392157,0.631635453831598,0.4305432461272696,0.972963091747895,0.1853674867858066,4.58693702411194,350.10485198000777,5.497547097270282,0.5976553652933366,0.42704100061454847,0.9658553922325885,0.18236401620587478,4.710444518551252,234.18119463582678,5.638871801181102,0.591543550758621,0.42772027616459923,0.977442495692726,0.18294463464232105,4.789515222652448,366.9474509803922,5.851595540176856,0.5912210856793902,0.42679028255828233,0.9642127873575075,0.18214994528617845,4.748556009012027,670.1857160433071,7.758120078740157,0.5699477583440525,0.4243524514149326,0.9338048210888119,0.18007500302186272,4.8787670919848285,350.10485198000777,5.497547097270282,0.5976553652933366,0.42704100061454847,0.9658553922325885,0.18236401620587478,4.710444518551252,337.17456151185775,7.066112895256916,0.5710035535144027,0.4225050662387506,0.9675076959292432,0.17851053099741104,4.911496870630527,837.6483042966088,10.186403372806748,0.5413843607429427,0.41712592314470476,0.9174756559431781,0.17399403575932215,5.004456768720712,1057.4567996541502,10.494750494071145,0.5472068954548185,0.4171952102021549,0.8942270434181474,0.1740518434156202,5.0294838435693405,775.5937131874264,9.245179490358982,0.5488901949201106,0.4192415974131025,0.9235892174471314,0.17576351700148993,4.942536306246616,442.0962301587301,8.243365575396826,0.5578754194643127,0.41781746823132654,0.9573780750941742,0.17457143675923556,4.991855929854395,1281.3759002640252,13.298379915324405,0.5153267284254175,0.4061123351404932,0.8721070839940042,0.16492722875326427,5.164635388982077,1450.7769097222222,12.967633928571427,0.5296373676853153,0.41037156193217234,0.8530037974714081,0.16840481884265074,5.132311123050573,1176.5376431439329,11.972035182552453,0.5237742718055216,0.4098632522966661,0.8825708912259901,0.16798788558320055,5.092265124849906,549.0311877490041,9.379731075697212,0.5469085196030173,0.41297586429483174,0.9470449055882242,0.17054906449006327,5.065218796783521,1712.68430335097,16.051870748299322,0.49647577460792247,0.3959540381609089,0.8267766398621065,0.15677960033593052,5.284646294718442,1843.1897099103585,15.30879606573705,0.5155547227563321,0.4035010783785639,0.81077665920144,0.16281312025266398,5.217276288265353,1571.2700617283951,14.321050642479214,0.508471497517898,0.40161501782615333,0.8410794801796628,0.16129462254350144,5.20296436621342,bread_with_mold_000031.jpg,spoiled_bread
250.42772671568628,5.05640318627451,0.631638357308644,0.5097480459072943,0.9864738258450492,0.25984307030630505,4.420572939799589,405.1510957324107,7.428004613610151,0.5924262068665742,0.5049899429258665,0.9782005296210717,0.2550148424562699,4.564864765892894,212.16783088235294,4.734344362745098,0.6347870183675521,0.5100931061440683,0.9885403303051544,0.26019497693570376,4.398178768325787,436.800184544406,7.724382929642445,0.590321277846991,0.5044562586986172,0.9764976257381882,0.2544761169402062,4.579235054808027,580.9150467519685,9.3019500492126,0.5796433988542727,0.5034922198338405,0.9687438837336334,0.25350441543320834,4.661191335033688,405.1510957324107,7.428004613610151,0.5924262068665742,0.5049899429258665,0.9782005296210717,0.2550148424562699,4.564864765892894,488.2669783464566,8.704140009842517,0.5810858542835281,0.5035138082674295,0.973728810211486,0.2535261551159698,4.643687862166056,436.800184544406,7.724382929642445,0.590321277846991,0.5044562586986172,0.9764976257381882,0.2544761169402062,4.579235054808027,855.9413908102767,11.569880187747035,0.5669011092866965,0.49820319092046683,0.9540099926777427,0.2482064194433351,4.751594960420513,807.7207514415029,11.923615847231694,0.5473394019364811,0.49585909059564737,0.9568729004450036,0.2458762377263424,4.742082918766383,719.5785573122529,10.730082756916996,0.5692712067104253,0.4984221709409794,0.9613368117548305,0.2484246604855189,4.736823187326889,922.6494512989026,12.847231694463389,0.5417533013168173,0.4945893055103608,0.950736446142411,0.24461858112522097,4.769031676170812,1121.9425223214284,13.368334573412698,0.5582456985583937,0.49313447720306647,0.9398006315206289,0.2431816126063417,4.816558221234878,1158.9755503132374,14.370541642581514,0.5348815899012385,0.48770699060965095,0.9382878358528397,0.23785810868952215,4.840511819775921,941.9121403769841,12.308779761904761,0.5602919620449519,0.4934095634912254,0.9494604091692476,0.2434529973446016,4.799392468849359,1347.0727553937725,15.773375619053567,0.5294467116670853,0.4854335316347621,0.9282721926475843,0.2356457136353976,4.880717435816877,1411.3949203187253,15.1699140936255,0.5507356190179002,0.4884889433541857,0.9243730299909344,0.23862144777928884,4.8753615662418825,1504.7213718820863,16.583616780045354,0.5238403573897071,0.4803154940485098,0.9200930303168638,0.2307029738230641,4.922968717352048,1183.4228087649403,13.83049053784861,0.5521754279360138,0.4888531706060992,0.9365884913017121,0.23897742241163591,4.857524115865548,1790.308736457546,18.579113126732175,0.517424534820338,0.47709252160633747,0.9049271522284346,0.2276172741726936,4.9706119866532585,bread_with_mold_000032.jpg,spoiled_bread
300.4554534313726,7.819393382352941,0.2837456031083789,0.053975848452663344,0.9788971000805726,0.0029133922161848802,8.350903837211607,558.3309188773549,12.11853902345252,0.19707352282578983,0.047897857052813665,0.9608370813654671,0.0022942047102517717,8.75285905386664,336.95920649509804,8.504243259803921,0.2567171011701091,0.04889691605102564,0.9763354135294499,0.002390908399301049,8.455170429205115,556.7813302575933,12.09768550557478,0.19708975185561378,0.047900768962782336,0.9609457432681779,0.0022944836672258513,8.757670445057933,686.7102608267719,14.336952509842522,0.18132955253289268,0.051938615048541775,0.9518309357300414,0.00269761973316061,8.87212194382606,558.3309188773549,12.11853902345252,0.19707352282578983,0.047897857052813665,0.9608370813654671,0.0022942047102517717,8.75285905386664,767.621201402559,15.581892839566928,0.15190759850956675,0.043700305562360944,0.9461622079579839,0.001909716706243715,8.98634761943628,556.7813302575933,12.09768550557478,0.19708975185561378,0.047900768962782336,0.9609457432681779,0.0022944836672258513,8.757670445057933,976.5900907855732,17.236613759881426,0.1650073985813606,0.05122921602866223,0.9315124079375787,0.0026244325749113433,8.995767628411233,1062.96930993862,18.521390042780087,0.14213892597417616,0.043488595832980224,0.9256369349274284,0.0018912579675243052,9.083980083484942,1065.890377964427,18.53662302371542,0.13564652999146753,0.0390333825231542,0.9251314485604586,0.0015236049511988797,9.126194971282922,1058.9581964163929,18.393375286750576,0.1408995822736473,0.04333759467490017,0.9259173733580314,0.0018781471122059357,9.0829446566493,1231.8246062748017,19.354430183531743,0.1573794495410727,0.05108177718840726,0.9136356122215981,0.0026093479607260843,9.067061586436207,1466.3341873799,21.944835882454036,0.12718844811282,0.03864850344507081,0.8972866706257533,0.00149370681854365,9.216679474920166,1330.9700830853174,20.735770089285715,0.12162113795971617,0.03441861688962603,0.9063671668312224,0.0011846411885948502,9.216055548779192,1465.5985252073929,21.86211314033964,0.12582916645428927,0.038563578424015164,0.8973378533547232,0.0014871495808651681,9.218989565096656,1502.2149215637453,21.439025149402397,0.1539276645686513,0.05072274868085835,0.8947073093133112,0.0025727972337415174,9.12260847200109,1850.4385235575714,24.974080372889897,0.11499128468876474,0.0341658651296709,0.8702124274472701,0.0011673063400588623,9.316805645073462,1638.062608939243,23.063978461155376,0.11748180849798734,0.03139902920929674,0.8845786180525091,0.0009858990352862701,9.295241525059396,1853.5132432602672,24.915107709750565,0.11225412806374238,0.034037161344972824,0.8699954398746833,0.0011585283524237122,9.319433507769293,bread_with_mold_000034.jpg,spoiled_bread
109.6404718137255,3.1092218137254903,0.6884565052328132,0.46675592154437456,0.9897432614633759,0.21786109029673836,4.286308527284467,382.2113802383698,5.896762783544791,0.6354985365855262,0.4617430340728241,0.9638648709228488,0.2132066295147772,4.485159394142047,286.75036764705885,4.128370098039215,0.6729495196536618,0.46602997766796733,0.9728458963784712,0.2171839400852061,4.328411729131345,379.42451364859664,5.847673971549405,0.6348253399153637,0.46190677639171684,0.9641283475987116,0.21335787007658752,4.478329207685021,255.76396407480314,5.71050688976378,0.6338630763433845,0.46163233391192804,0.9761123718929495,0.2131044117129738,4.524501941637485,382.2113802383698,5.896762783544791,0.6354985365855262,0.4617430340728241,0.9638648709228488,0.2132066295147772,4.485159394142047,694.0035371555118,7.764117864173228,0.6152239354311674,0.45987810772892,0.9335648056968014,0.21148787396833216,4.591342330992357,379.42451364859664,5.847673971549405,0.6348253399153637,0.46190677639171684,0.9641283475987116,0.21335787007658752,4.478329207685021,365.39253952569175,7.2595726284585,0.614871237860596,0.4570572002924335,0.9658670757095665,0.20890128433915767,4.642832783936745,876.991815983632,10.398753797507597,0.5828028498637219,0.4531231251014395,0.9163220411684131,0.20532056650169478,4.720344850661881,1089.4513648715417,10.632318428853758,0.5898087691678111,0.45418416605374556,0.8944425451651945,0.20628325669393632,4.7366282104151916,867.7903155806312,10.264151528303058,0.5823688328571215,0.4537523717941164,0.9172000000705126,0.20589121490878606,4.7111555069769695,474.31299603174597,8.591951884920636,0.6016997074324161,0.45238413035467073,0.9556838081454185,0.2046514013967517,4.729499656103076,1318.6878876408007,13.659782218125576,0.556752504098795,0.4443053734243323,0.8726345730872224,0.1974072648537354,4.873729499402138,1487.9078156001983,13.29754154265873,0.5697658014735079,0.44860288147898364,0.8540517208781531,0.20124454527124705,4.8450113172352625,1307.931025324564,13.535455951506819,0.5540504036431934,0.44511052678952034,0.8736735242855992,0.1981233810588443,4.868340702899711,586.4239915338645,9.892430278884461,0.5906895735308769,0.44778400616148484,0.9451980206823489,0.20051051617402868,4.803910405598165,1750.016865079365,16.621267951625097,0.5354984232220112,0.4356300521269258,0.8288666492881948,0.18977354231610807,4.993922044288154,1887.9073393924305,15.88408864541833,0.5530687539118488,0.44322892700126787,0.8124869811331579,0.19645188173069522,4.930439751759324,1742.8400888133033,16.52905328798186,0.5345854792454425,0.43689951832570434,0.8295684629645241,0.19088118911323246,4.989753814772053,bread_with_mold_000041.jpg,spoiled_bread
245.06564031862743,5.951332720588235,0.4409140064055375,0.09778992677047454,0.9860892852520349,0.009562869777774775,7.303171335148442,547.641660899654,9.744882737408691,0.3525365007701603,0.08984015309632058,0.9689346773814056,0.008071253108370322,7.661633738496901,378.06015625,7.18702512254902,0.40666483531885544,0.09401111183074876,0.9785196330564049,0.00883808914765355,7.425595216700061,576.9891733948482,10.070142252979625,0.34729483495521063,0.09013940394604668,0.9672699866531368,0.008125112143748576,7.674898650269517,582.2443866879921,10.713721087598426,0.33581046715603885,0.09175251489526241,0.9670033545378472,0.008418523989605351,7.726056178361696,547.641660899654,9.744882737408691,0.3525365007701603,0.08984015309632058,0.9689346773814056,0.008071253108370322,7.661633738496901,910.2750522883857,13.019915723425196,0.299526192997596,0.08499551358625818,0.9483147737885049,0.007224237329791798,7.8700254937322045,576.9891733948482,10.070142252979625,0.34729483495521063,0.09013940394604668,0.9672699866531368,0.008125112143748576,7.674898650269517,861.5482954545454,13.267446887351777,0.31051833344580393,0.09024125278946502,0.9511308991525143,0.008143483705012127,7.855128524004517,1133.7217744435488,15.319858639717276,0.28054412059897066,0.0830187585718103,0.9358359449570187,0.006892114274804527,7.963536022051051,1361.249891921937,16.470896121541504,0.2737963244858235,0.07986155881311442,0.9225800294891037,0.006377868576060534,8.02749398918193,1238.6992373984747,16.139345278690556,0.2761606369798838,0.08345285567980058,0.9298952101054786,0.006964379121113625,7.970676471154492,1126.2384982638887,15.288690476190474,0.29105275059858216,0.0885526824865321,0.9360590180139875,0.007841577575560569,7.944430377083868,1642.419003577622,18.960364948679093,0.2561422292693713,0.0777025862920246,0.906806452896243,0.006037691916469529,8.118553872896303,1795.844912574405,19.4251457093254,0.251192551201948,0.07450003846307546,0.8976907923931065,0.005550255730999722,8.150369324170883,1822.6871846146637,20.155696855129747,0.2489878445003154,0.07787289568215647,0.896579893576388,0.006064187881924024,8.12549296100617,1413.5671688247012,17.28249501992032,0.2784023803826676,0.0877770196363406,0.919675469022385,0.007704805176238523,8.007858179593187,2132.5267227261274,22.210018266565886,0.2378147257741589,0.07299669485632682,0.8786799526259064,0.005328517459947691,8.236786291164142,2265.17797559761,22.49041334661355,0.23618410921005226,0.07086182164951735,0.8707297819065178,0.005021397767488005,8.246034056101804,2401.18466553288,23.816436759889143,0.23237669672382127,0.07306149770161607,0.8634018089984474,0.005337982446403252,8.2474837862542,green_mold_on_bread_14.jpg,spoiled_bread
341.8731770833333,8.821614583333332,0.2441884466901304,0.05360969093760764,0.9772952118050201,0.0028739989624258105,8.426502129609867,570.6394617454824,12.648104575163396,0.17905717282262978,0.04798588910633023,0.9621100924695944,0.002302645553325023,8.747264782221922,346.86452205882347,8.922579656862744,0.23201143300879012,0.04885964176529659,0.9769082469899363,0.002387264593433115,8.470208970158948,630.2644828911957,13.171795463283352,0.17189766574481985,0.0478727695225263,0.9581515318284494,0.0022918020617569233,8.77911194488109,784.6816406250001,16.15054441437008,0.14098681973471938,0.05119327282626572,0.9480247522112407,0.002620751182664476,8.920484455708948,570.6394617454824,12.648104575163396,0.17905717282262978,0.04798588910633023,0.9621100924695944,0.002302645553325023,8.747264782221922,808.2145823080709,16.27003875492126,0.13175917613659727,0.044743598634395164,0.9462061373396665,0.0020019896187558487,8.976135272982539,630.2644828911957,13.171795463283352,0.17189766574481985,0.0478727695225263,0.9581515318284494,0.0022918020617569233,8.77911194488109,1111.615936882411,19.099200222332016,0.13358432619976515,0.05058915643746224,0.9263422924227028,0.0025592627490540277,9.01473642204708,1040.018925537851,18.37071424142848,0.13283853900847487,0.04428453798136966,0.9311420793743562,0.001961120304223372,9.007864416569621,1170.92582756917,19.49564599802371,0.12011849947355818,0.040256272515557405,0.9220237909134834,0.0016205674768468227,9.094782184657761,1272.9106578213157,20.13013826027652,0.12574379126137133,0.04414256166111348,0.915726504851343,0.0019485657500052057,9.067485923227288,1399.2187034970239,21.134223090277786,0.13245860203819268,0.05045318846390666,0.907251220681879,0.002545524226174484,9.058841801204915,1449.0915808714403,21.777234451405274,0.1174631732368585,0.03987325449739087,0.9039771372700369,0.0015898764242137011,9.128612919366695,1498.005301339286,21.867900545634924,0.11299200428508639,0.03605388469913782,0.9001888344331986,0.001299882601898724,9.168086540936438,1837.9132153290946,24.348997797184772,0.1140238170286146,0.039723069707986544,0.8782223869044001,0.0015779222670255582,9.18975036103568,1712.0629513197212,23.250793700199203,0.12978058999772588,0.05033037179897045,0.8864717396290316,0.0025331463254226,9.10767777712898,1783.616701310154,24.25111803980852,0.11039763351641947,0.035743962247471214,0.8817124160132697,0.0012776308371486474,9.198593642617684,1860.5655036105577,24.52211466633466,0.10362961740355826,0.03294034593084855,0.8759457089655438,0.0010850663900439702,9.245442691987552,2393.1029226505425,28.235827664399103,0.10127031255451757,0.03541841941001832,0.8413117410024142,0.0012544644335039622,9.29288917140045,green_mold_on_bread_16.jpg,spoiled_bread
184.86260723039214,4.519500612745098,0.4991235787354302,0.09912616474366763,0.9899470996832808,0.009825996536788737,6.823705368822511,484.365259515571,7.8796924259900045,0.398357619067987,0.08995946181252755,0.9736595968531319,0.008092704769599604,7.192675050056241,357.8443014705882,5.865716911764706,0.47249147273586267,0.09534399252469045,0.9805168284624084,0.009090476910548227,6.927774842562421,514.9644290657441,8.145420991926184,0.397501805913569,0.0900921841788785,0.9719956090009514,0.008116601650120965,7.200740187716178,436.33407664862216,8.146330585629922,0.3631764252079115,0.09063587517994533,0.9762999140782852,0.008214861869634629,7.260623635538737,484.365259515571,7.8796924259900045,0.398357619067987,0.08995946181252755,0.9736595968531319,0.008092704769599604,7.192675050056241,870.5989788385829,10.652712844488192,0.3313348668758187,0.0832477415176821,0.9525981914111585,0.006930186467794812,7.397033379971488,514.9644290657441,8.145420991926184,0.397501805913569,0.0900921841788785,0.9719956090009514,0.008116601650120965,7.200740187716178,637.0553514081029,9.96854928359684,0.3396787078564193,0.08912103140199726,0.9653748628496033,0.00794255823815578,7.375632924325854,1041.8442711885423,12.591651683303368,0.3041317277056809,0.0816043629520602,0.9434079939732286,0.006659272052811575,7.488742967884292,1319.442270874506,13.72944972826087,0.30459591502491945,0.07837382179735332,0.9280616188069328,0.0061424559431232945,7.544631528955152,1145.78766507533,13.274490048980098,0.3051513479389788,0.08163795698844642,0.93776218686844,0.006664756021247427,7.497849892469676,831.0516803075398,11.428261408730162,0.3196774404050375,0.08773845163289809,0.9548009822508124,0.007698035894938398,7.452174893936291,1532.8702213751192,15.796216157102908,0.2809283928349139,0.07673043691859287,0.9165662961863885,0.005887559949718159,7.624253909239373,1761.2746620783728,16.46929253472222,0.28193256868872146,0.07365308816615806,0.9038394154991128,0.0054247773964118525,7.654853732737503,1694.499554750113,16.788545360808637,0.2792680520287853,0.07662951847503575,0.9077701794187326,0.005872083101715845,7.641847224565902,1053.9684543077688,12.883450572709162,0.3101480318950375,0.08704785870520625,0.942640976491184,0.0075773297051615505,7.508533461640951,2004.8714884101792,18.67420949861426,0.2632374784509792,0.07219811909070757,0.8906495926933728,0.0052125684002359935,7.7280698460624455,2216.6710190488047,19.232616409362553,0.26800943749318684,0.07024316973404138,0.878807351305934,0.004934102894285346,7.7393053291520095,2245.3478993449235,20.071790753338377,0.26056771537634504,0.07198583412915525,0.8775375264791311,0.005181960315270254,7.753547044183695,green_mold_on_bread_17.jpg,spoiled_bread
351.99946384803934,8.820695465686276,0.25992906370030244,0.05204769181302132,0.9766516499762533,0.0027089622230632463,8.491406107350617,644.6926105344099,13.432233756247598,0.1780555437947497,0.04647389093783361,0.9573006635924958,0.0021598225389016534,8.88512365774426,370.94981617647056,9.249724264705883,0.22615996647001602,0.04743209846450114,0.9753974791417217,0.0022498039647461314,8.589559493942682,633.3975701653212,13.34156093810073,0.17839163331228192,0.046330727507108906,0.958048535476611,0.0021465363113379776,8.881073566639039,829.8579140009845,16.117049089566933,0.16994981150706223,0.05035229435802312,0.9450338676602273,0.0025353535471170064,8.984984390206737,644.6926105344099,13.432233756247598,0.1780555437947497,0.04647389093783361,0.9573006635924958,0.0021598225389016534,8.88512365774426,876.9773314468505,16.833230807086615,0.14064431209291722,0.04161174193352578,0.9419229431259579,0.0017315370667423475,9.096255855045344,633.3975701653212,13.34156093810073,0.17839163331228192,0.046330727507108906,0.958048535476611,0.0021465363113379776,8.881073566639039,1215.4430583003953,19.712481472332016,0.15462205843144075,0.049904646690197486,0.9195178776731776,0.0024904737612734392,9.119840476251262,1300.0015035030071,20.94424638849278,0.1282536798256655,0.04106526331544289,0.9141496273940273,0.0016863558511666596,9.229857214204358,1278.0300457015812,20.623085474308304,0.12236273258035157,0.03708556458833233,0.9153973399491654,0.0013753391008353689,9.258788964622365,1258.8816262632527,20.660533821067645,0.12996935241272545,0.04106246377163675,0.9168632521964065,0.0016861259309969802,9.218260411664476,1571.2754371279761,22.494714161706348,0.14501636779462648,0.04952526574212118,0.8959887785274485,0.002452751946827722,9.204594239840462,1885.3602618381797,25.648002624630916,0.11287732463269079,0.036593222235157354,0.8755802665799872,0.0013390639135516147,9.382583842876384,1653.007998511905,23.60531374007937,0.11024387179485405,0.033118392829501485,0.8906157327392603,0.0010968279436091753,9.363994519164825,1825.440766142261,25.259260416503928,0.1146472343855668,0.03657936462722891,0.8795283797700231,0.0013380499165317654,9.370362417705504,1968.405549676295,25.410934387450204,0.13881220865932486,0.04928459701674553,0.8697436732569876,0.0024289715031030022,9.274066193778928,2482.1565098261526,29.979324137062235,0.10060424618726005,0.03273845122983897,0.8363110516610466,0.001071806188928545,9.5003287923332,2082.670676668327,26.802928909362556,0.10227500500738956,0.030253791930431182,0.8622198244596669,0.0009152919261698228,9.455837705781661,2409.6789493575216,29.554862685815074,0.10174256545971305,0.0326427584107224,0.841077599093767,0.0010655496766607882,9.487060457557948,green_mold_on_bread_19.jpg,spoiled_bread
228.42196691176468,5.269883578431372,0.40033149466974416,0.0856258198890499,0.9872962981712304,0.007331781031672013,7.586985419238847,571.6323875432527,9.712787389465593,0.2859054483815419,0.07898795658987964,0.9682182316350794,0.00623909728624471,8.079321931176644,406.1371629901961,7.270036764705884,0.3395976980595158,0.08015919393518604,0.9773887784829347,0.006425496372338767,7.842709593161777,595.5118492887352,9.870788158400616,0.2952005943427881,0.0792472076825636,0.9668906234376458,0.0062801199254833686,8.077114306754686,528.0642378198818,9.64343934547244,0.29825318908694665,0.08308783237392028,0.9706720030370896,0.006903587888596675,8.05978049431451,571.6323875432527,9.712787389465593,0.2859054483815419,0.07898795658987964,0.9682182316350794,0.00623909728624471,8.079321931176644,971.9258581446852,13.601854699803152,0.23952036015745953,0.07441410748910608,0.9459045295239359,0.005537459393400234,8.352572016905494,595.5118492887352,9.870788158400616,0.2952005943427881,0.0792472076825636,0.9668906234376458,0.0062801199254833686,8.077114306754686,814.0408380681818,12.48343317687747,0.2628411270936982,0.0822657371248079,0.9547873523303742,0.006767651504687998,8.25064118067971,1220.8856097712196,16.33935767871536,0.20984349551841844,0.07340951892931409,0.9322329409133121,0.0053889574694333245,8.496339142957531,1546.7825623764825,18.344012475296445,0.20378832910815387,0.06916460978287857,0.9137679776396742,0.004783743246417862,8.597401465847618,1311.2543555087113,16.844720689441385,0.2202498996644394,0.07362539280300771,0.927217258326231,0.005420698465397181,8.497253280685158,1101.4071180555557,14.875620039682541,0.24194477219101132,0.0814557583163396,0.9388266392064217,0.006635040562889927,8.371789314540582,1895.2659001077975,21.59179177928104,0.17782974782312289,0.0680832444900482,0.8946220732223114,0.004635328180291678,8.72368057959472,2153.599593874008,22.64594184027778,0.18072103801261463,0.06430156141659225,0.8797185727737407,0.004134690800611786,8.76881435073847,2071.4378603008954,22.47368338827352,0.18846497644096616,0.06832748424458178,0.8848281552145164,0.004668645103193571,8.72270442760583,1395.8430029880478,17.078187250996017,0.22986278890292428,0.0808082940314355,0.9224717199235551,0.006529980384270934,8.46193027080658,2581.7874937011848,26.33334908037289,0.156600763867354,0.0630158078958401,0.8561853689518436,0.0039709920447654245,8.884474734698527,2788.8081579930276,26.821199576693225,0.1635777751985637,0.06012817973270599,0.8439347415361682,0.003615397997968595,8.893937276398404,2851.415312421265,27.583333333333332,0.16639385498800666,0.06332846547115635,0.8411690949398604,0.004010494538931442,8.882897882188132,green_mold_on_bread_20.jpg,spoiled_bread
335.7530024509804,7.914031862745097,0.328759923468829,0.08321097325828991,0.9771581201278181,0.006924066070591839,8.045666296165841,670.1295809304114,12.09697808535179,0.2651067365409695,0.07820815345523925,0.9543014343838133,0.006116515266878251,8.393808122412356,444.0075980392158,8.515318627450982,0.32310071474155144,0.07969079364296859,0.9696528408793293,0.006350622591446202,8.09214121927755,737.6334025374856,12.564675124951943,0.26474093416336564,0.07818213332770983,0.9496979855307857,0.006112445971671796,8.404625557725346,797.804487573819,14.424474040354333,0.2317632164757261,0.08107647674825166,0.9458461149488356,0.0065733950819097916,8.527363571240215,670.1295809304114,12.09697808535179,0.2651067365409695,0.07820815345523925,0.9543014343838133,0.006116515266878251,8.393808122412356,1077.0586706446852,15.66804564468504,0.22140603339097895,0.0739078552421614,0.9262049157561265,0.005462371066496285,8.595189086143668,737.6334025374856,12.564675124951943,0.26474093416336564,0.07818213332770983,0.9496979855307857,0.006112445971671796,8.404625557725346,1195.184705410079,18.122575963438734,0.207629851212374,0.0803147071037787,0.9189066315648488,0.006450452177165761,8.673708358865603,1367.956615413231,19.09478268956538,0.20089137850557598,0.07309571400507864,0.9067019742678737,0.00534298340591225,8.73660279239748,1665.2750123517785,20.333621541501977,0.19360513938743962,0.06931645858387883,0.8855163593297741,0.004804771430610589,8.783766862448115,1621.461544423089,20.686232872465748,0.19664267286714254,0.07290089804328535,0.8894113676998472,0.005314540935517487,8.764555670613749,1573.3825799851193,21.134719122023814,0.19366901630272026,0.07965392577734043,0.8932874140728071,0.006344747891742059,8.767507921514387,2005.03557312253,23.875611242169075,0.17928476169900984,0.06845673152137557,0.8628608606475582,0.004686324090589697,8.893381259174202,2241.475895957341,24.314127604166664,0.17592338568590787,0.06481715874552282,0.8453712625025812,0.004201264067842305,8.91180393385742,2425.264181599463,26.30631629927042,0.1722507562851122,0.06829669660223414,0.8341156049670426,0.0046644387667776205,8.93989336243148,1972.1844808266937,23.98960408366534,0.18412805341531885,0.07926931005054115,0.8662619155931832,0.006283623515888825,8.84036607470859,2562.547272612749,27.65674603174603,0.16300717648633403,0.06406358350640648,0.8242168187420944,0.004104142731682317,9.001113350795226,2829.9335159362554,28.105328685258964,0.16129923172706917,0.061022015131944204,0.8040992220966067,0.003723686330763227,9.016057293548755,3208.797099395314,31.336844923154448,0.15726098734133614,0.0636688485463045,0.7798801046436522,0.004053722275212261,9.068537256648284,green_mold_on_bread_21.jpg,spoiled_bread
199.2703737745098,5.588143382352941,0.33976472016071235,0.07000250803838104,0.9886247426621916,0.004900351131663603,7.781423801631796,444.06131487889286,9.13194925028835,0.25640213682409796,0.06407655105550507,0.9746484797012819,0.004105804395168747,8.173379152090487,289.40955882352944,6.523560049019608,0.31874708032503235,0.06541107464795551,0.9834585921206935,0.004278608686600407,7.894515886434274,440.7085121107267,9.055424836601308,0.25884958800232727,0.06421549450083841,0.9748399498023574,0.004123629733987208,8.161755012717153,462.81269992618115,10.175150713582678,0.23697734055073388,0.06774289432466812,0.9736105952103015,0.004589099731483152,8.265616754773301,444.06131487889286,9.13194925028835,0.25640213682409796,0.06407655105550507,0.9746484797012819,0.004105804395168747,8.173379152090487,683.021407480315,12.00688976377953,0.21756245562112067,0.05946238996869115,0.9609569736885096,0.0035357758207887023,8.404963644160162,440.7085121107267,9.055424836601308,0.25884958800232727,0.06421549450083841,0.9748399498023574,0.004123629733987208,8.161755012717153,706.7104743083005,12.734127964426879,0.2064106728249503,0.06683751277866216,0.9597121577865465,0.004467253114437827,8.42430526703426,930.9851044702091,14.817146134292269,0.18467236919236574,0.05876313504685868,0.9469037067537835,0.0034531060405353503,8.5514794629831,1082.2848011363635,15.586061017786562,0.18398455988569937,0.055033612169617725,0.938050112909142,0.003028698468435896,8.60800503426157,918.9125798251597,14.693037386074772,0.18570676209067344,0.0587331037377653,0.947592658841936,0.0034495774746711003,8.546800359057782,946.5835968501985,14.768740699404765,0.18942400592844627,0.0661375344493326,0.9460487284057086,0.004374173463036656,8.51777604736343,1424.8822196878564,18.781983783530443,0.15716259900904106,0.05431108674940699,0.9186413624993679,0.002949694143901611,8.729665838756581,1488.8673580109125,18.655893477182538,0.16213991756322943,0.05091856703639977,0.9146600986977297,0.0025927004690403373,8.741378360098977,1434.957740317768,18.821978159321347,0.15787310642842367,0.05422587054544742,0.918067177889958,0.002940445036411622,8.73325453156508,1206.7207731573703,16.787039342629484,0.17756994542654342,0.06554227677353199,0.931238863594055,0.004295790044658271,8.598458090227206,1917.4700963718822,22.38811728395062,0.1386382350706845,0.050135456837483765,0.8903854195701876,0.0025135640323031973,8.861273424765443,1914.5897036852593,21.637107818725106,0.14812216481275545,0.04749441592165285,0.8901070655325102,0.0022557195437389516,8.846890730750623,1951.2747228521039,22.52525825144873,0.1392094822820062,0.05000245721574823,0.8884547934941517,0.0025002457276127325,8.86897365971878,green_mold_on_bread_23.jpg,spoiled_bread
337.06792279411764,7.737132352941176,0.2568357944432106,0.02493030964598672,0.9805806403249452,0.0006215203390447784,8.221850077146357,485.1178162245291,10.276570549788545,0.19513819410349553,0.021177224432685177,0.9720532440824078,0.00044847483467231805,8.476482032431804,192.66885723039215,6.1534466911764705,0.27773197475360445,0.0261448247867157,0.9889022539373207,0.0006835518631280637,8.084413956879116,448.3881737793157,9.967443291041906,0.1972951742257297,0.02146371627186011,0.9741691896306761,0.0004606911161989126,8.452916159475693,818.4553395669291,14.142931840551183,0.14130077879244385,0.018531057531433328,0.952841984197328,0.0003434000932332919,8.70862761146805,485.1178162245291,10.276570549788545,0.19513819410349553,0.021177224432685177,0.9720532440824078,0.00044847483467231805,8.476482032431804,462.20081815944883,11.113650344488189,0.1580998907081262,0.01958678346638558,0.9733801809492624,0.00038364208655907546,8.570751609320189,448.3881737793157,9.967443291041906,0.1972951742257297,0.02146371627186011,0.9741691896306761,0.0004606911161989126,8.452916159475693,1288.8371572381423,17.768975419960473,0.12623924687253602,0.017463357724710783,0.9257144734365934,0.00030496886302121577,8.844863078855525,1033.5267840535682,15.987878975757955,0.13313096944013075,0.017867667038195683,0.9404582571994072,0.00031925352538782453,8.778221435727035,702.3333899456522,13.60247344367589,0.14221880492813418,0.01852511703762177,0.9595342954709526,0.0003431799612575845,8.697821841697404,905.9278783557568,15.196276892553785,0.13634452906230204,0.01822698859222564,0.9478089818693238,0.0003322231131411236,8.748972697522348,1763.0044797867063,20.71250310019841,0.1199265935843652,0.016903094448170113,0.8983534359061416,0.00028571460192375927,8.920376912717266,1593.0645221765687,19.739864706525644,0.12122070167082376,0.016954912869046254,0.9081495322230542,0.00028746907039695025,8.892167989340306,932.2285466269841,15.42094494047619,0.1351777480018276,0.018018144742129597,0.9462675828552768,0.00032465353994833246,8.7609816762862,1395.5958380852694,18.659969691762093,0.12700580314895119,0.017314563088654582,0.9195320116227125,0.00029979409495099974,8.860451158777938,2247.16312873506,23.598169820717136,0.11297436090410824,0.016384574200438956,0.8703892641736602,0.00026845427172968986,8.986955343434829,2147.5739638447976,23.05749244142101,0.11122717816419814,0.01617880915488156,0.8760790065157085,0.00026175386567007944,8.978815207762157,1169.2604114790836,17.070826070717132,0.1310221872088849,0.01768371413475258,0.9325699780715813,0.0003127137455996482,8.812744730220608,1888.9702223481988,21.721734063995974,0.11922365033716706,0.01654534709452911,0.8909911475673293,0.0002737485104784428,8.941957549610557,green_mold_on_bread_24.jpg,spoiled_bread
265.19456188725485,6.179733455882353,0.38053832807393795,0.06382085830256941,0.98424781769687,0.004073101954476643,7.463727365067822,490.39638600538257,9.828665897731643,0.2724264887936313,0.05165098028678504,0.9709744324748055,0.0026678237645858566,7.8401178334326795,276.7206035539216,6.769163602941177,0.3496587275941528,0.061906273240775356,0.9835632051975933,0.003832386666561539,7.541781708522027,493.963229527105,9.872310649750098,0.27308403887739735,0.051619433511764894,0.9707633414398351,0.0026645659160755165,7.841274555768007,605.9782541830709,11.256274606299213,0.23400313361266947,0.046891742038784705,0.964133895836856,0.0021988354714319288,7.9598825142999,490.39638600538257,9.828665897731643,0.2724264887936313,0.05165098028678504,0.9709744324748055,0.0026678237645858566,7.8401178334326795,635.1792568897638,12.34578001968504,0.2041877555293475,0.04504755139605622,0.9624056664432309,0.0020292818867803267,8.033781915777867,493.963229527105,9.872310649750098,0.27308403887739735,0.051619433511764894,0.9707633414398351,0.0026645659160755165,7.841274555768007,891.9140470602766,13.947335103754941,0.2157799167717963,0.04507418389548016,0.9472176948272699,0.0020316820538435632,8.103762224871643,988.6658038316077,15.762121024242049,0.18064318167009513,0.04338009684404453,0.9418985809081849,0.0018818328021986818,8.151539067710358,957.0094491106719,15.385499011857709,0.18074173733409526,0.042745610857030575,0.9433642272688724,0.0018271872475406903,8.180954714718059,1004.4000248000498,15.890817781635564,0.1807820201616521,0.04277043626424163,0.9409741103372001,0.0018293102182335556,8.146508661255522,1160.1280226934523,16.098446800595237,0.2027480867661388,0.043353571603667186,0.9313530322076913,0.001879532170794298,8.195992623198512,1433.9409926729054,19.355699979690357,0.1587161972410469,0.0406818196216877,0.9157471925999792,0.0016550104477315347,8.31444981267672,1275.4867156498017,17.851236979166664,0.16042391804899736,0.04008038615584181,0.9245234756615395,0.0016064373544013959,8.27981383437274,1467.5147088690653,19.545642019091066,0.15762563463780627,0.04006811640077024,0.913775355893888,0.0016054539519056727,8.303378145828024,1438.207591508964,18.184869895418323,0.19101455685222019,0.04188092769500898,0.914906373670306,0.0017540121045945703,8.280051158381319,1872.9290910808772,22.5495244394054,0.14348380049054027,0.03842477872774151,0.8899621220823906,0.0014764636202758965,8.430299429826093,1616.874564243028,20.251867529880485,0.15295534241851735,0.03910491491493319,0.9043254549776364,0.001529194370504164,8.371668635918208,1930.5047083648278,22.86059145880575,0.14154650961773088,0.037664400457102974,0.8865817915760225,0.0014186070617930185,8.419294563400577,green_mold_on_bread_27.jpg,spoiled_bread
110.03527879901961,3.2355545343137257,0.6213093298978986,0.18636551184190162,0.9939335545678164,0.034732104004093975,5.601659691362265,376.2376931949251,6.0635447904652064,0.5388885119129576,0.1765179301900061,0.9792264846585749,0.03115857967856387,5.886814877176684,268.67757352941175,4.310508578431373,0.6032781909481065,0.1838106590801838,0.9851488075095087,0.03378635839149155,5.677791634289865,332.89262591311035,5.7520184544406,0.5428298794552455,0.17668709172924624,0.9816197363111557,0.031218328383739075,5.867226592212399,254.4457123523622,5.869494340551181,0.5305697886474697,0.17456141442026604,0.9859874210470725,0.030471687404403865,5.93348129336601,376.2376931949251,6.0635447904652064,0.5388885119129576,0.1765179301900061,0.9792264846585749,0.03115857967856387,5.886814877176684,650.8546844242126,7.968150221456693,0.5096313909835831,0.16978131651703054,0.963969547057903,0.028825695438256107,6.03240731240526,332.89262591311035,5.7520184544406,0.5428298794552455,0.17668709172924624,0.9816197363111557,0.031218328383739075,5.867226592212399,378.5689692440711,7.2710134634387344,0.4956650303752698,0.1689779475857535,0.9791536050778478,0.028553546770293654,6.061984499629228,864.5122915245831,10.245349990699982,0.465220461449973,0.16495323498849634,0.9522463953653032,0.027209569733170097,6.16457119116385,1013.1689568922924,10.378288661067192,0.47589828299420417,0.16270560610286727,0.9437818467359677,0.0264731142573014,6.181281555813199,711.4175398350797,9.322028644057289,0.47507535043327026,0.16495237602763285,0.9607030343948451,0.027209286357161588,6.127205131385348,500.78160652281736,8.352136036706348,0.4655951902055839,0.16360306711085318,0.9724274411575278,0.026765963568078328,6.150084041403479,1310.2020653345626,13.073380305894485,0.4223954493446153,0.15701486775298454,0.9274640589634643,0.024653668695487223,6.323307825936691,1373.1735026041665,12.476298983134921,0.4435935405923842,0.1555509349858425,0.923625852598626,0.0241960933749698,6.292643217778441,1079.2065022106267,11.745426424409068,0.4364082922821324,0.1563708797932805,0.9402526175256029,0.024451852047324574,6.273130804040733,629.117156374502,9.357880976095618,0.44370959905452656,0.16029299893463558,0.9653692476522652,0.025693845507459085,6.220975698559934,1756.2552122700931,15.783840388007054,0.3911237850293352,0.1510868307632532,0.9025502119861879,0.022827230430083906,6.448442099810144,1736.7112020667334,14.523110682270918,0.42344214327377455,0.15139016241222403,0.9031693068483101,0.022918981275199573,6.3753125361228715,1433.7571649029983,13.820310531620056,0.40934690848176913,0.1498225305754677,0.9204447242755734,0.022446790668036953,6.37251688635684,green_mold_on_bread_29.jpg,spoiled_bread
376.4373468137255,9.681495098039216,0.23004735838032794,0.058124389657849204,0.9751589033240101,0.003378444673097488,8.635130445803625,709.3718415993848,15.038339100346018,0.15975678795949394,0.05223163888837975,0.9531707461434805,0.002728144100966104,9.031609724321763,419.40750612745103,10.637408088235293,0.2005540667281014,0.05375225718868372,0.9722514459912829,0.0028893051528784005,8.760128249206243,692.3353633217994,14.7201076509035,0.16112327987939623,0.05269451303979118,0.9542954226097589,0.0027767117045007232,9.013459628204874,884.982498769685,17.58772145669291,0.14865805820583416,0.05615953508802944,0.9417317016006534,0.00315389338130361,9.122820525798447,709.3718415993848,15.038339100346018,0.15975678795949394,0.05223163888837975,0.9531707461434805,0.002728144100966104,9.031609724321763,998.8052565206692,19.316206323818896,0.12230201958020463,0.04773041957535848,0.9338918289064053,0.0022781929528397638,9.251603610577348,692.3353633217994,14.7201076509035,0.16112327987939623,0.05269451303979118,0.9542954226097589,0.0027767117045007232,9.013459628204874,1252.511564352767,21.165313117588937,0.13266963631638473,0.05518035720948643,0.9176008702518427,0.0030448718217665205,9.246484698400259,1406.0633331266663,23.22202244404489,0.11327120355437839,0.04658166657090494,0.9073528742161382,0.0021698516605229627,9.351443796573577,1417.8410789278655,23.290467514822133,0.10648853498868265,0.043408641391326844,0.9060022660041829,0.001884310147440814,9.38857744806063,1355.1314712629428,22.563643127286255,0.11594943128361557,0.047665544020364006,0.9107089056261664,0.0022720040867572587,9.331154863606905,1557.5677548363096,23.578915550595237,0.12429048024084964,0.05446975825659238,0.8976108163709986,0.0029669545645316137,9.314990953297034,1898.539752222344,27.03933821806309,0.1014573675177931,0.0420223621656828,0.8748023791579501,0.0017658789219838094,9.469408756423906,1764.224624875992,26.046952504960323,0.09744040285831379,0.039677702896592955,0.8828498656183617,0.001574320107150301,9.476704304953579,1820.4958521457925,26.281757252886315,0.1037886137837238,0.04329481819087537,0.8799490318688717,0.001874441282180953,9.44345560997277,1884.837104706175,25.861009088645417,0.12023845896311232,0.05391146397415699,0.8761431237629038,0.002906445947836827,9.367149083107154,2366.5137314184935,30.351568405139833,0.09310755016687183,0.038308736501031025,0.8438156853289757,0.001467559292305427,9.555273276840502,2133.857958789841,28.683593750000004,0.09151096364125322,0.03631649427849491,0.858075347698917,0.0013188877566799536,9.547638947380236,2243.39810090703,29.341285588309397,0.09605959864340238,0.040065410941448346,0.8519411728827815,0.0016052371539071288,9.522091856202906,green_mold_on_bread_6.jpg,spoiled_bread
337.06792279411764,7.737132352941176,0.2568357944432106,0.02493030964598672,0.9805806403249452,0.0006215203390447784,8.221850077146357,485.1178162245291,10.276570549788545,0.19513819410349553,0.021177224432685177,0.9720532440824078,0.00044847483467231805,8.476482032431804,192.66885723039215,6.1534466911764705,0.27773197475360445,0.0261448247867157,0.9889022539373207,0.0006835518631280637,8.084413956879116,448.3881737793157,9.967443291041906,0.1972951742257297,0.02146371627186011,0.9741691896306761,0.0004606911161989126,8.452916159475693,818.4553395669291,14.142931840551183,0.14130077879244385,0.018531057531433328,0.952841984197328,0.0003434000932332919,8.70862761146805,485.1178162245291,10.276570549788545,0.19513819410349553,0.021177224432685177,0.9720532440824078,0.00044847483467231805,8.476482032431804,462.20081815944883,11.113650344488189,0.1580998907081262,0.01958678346638558,0.9733801809492624,0.00038364208655907546,8.570751609320189,448.3881737793157,9.967443291041906,0.1972951742257297,0.02146371627186011,0.9741691896306761,0.0004606911161989126,8.452916159475693,1288.8371572381423,17.768975419960473,0.12623924687253602,0.017463357724710783,0.9257144734365934,0.00030496886302121577,8.844863078855525,1033.5267840535682,15.987878975757955,0.13313096944013075,0.017867667038195683,0.9404582571994072,0.00031925352538782453,8.778221435727035,702.3333899456522,13.60247344367589,0.14221880492813418,0.01852511703762177,0.9595342954709526,0.0003431799612575845,8.697821841697404,905.9278783557568,15.196276892553785,0.13634452906230204,0.01822698859222564,0.9478089818693238,0.0003322231131411236,8.748972697522348,1763.0044797867063,20.71250310019841,0.1199265935843652,0.016903094448170113,0.8983534359061416,0.00028571460192375927,8.920376912717266,1593.0645221765687,19.739864706525644,0.12122070167082376,0.016954912869046254,0.9081495322230542,0.00028746907039695025,8.892167989340306,932.2285466269841,15.42094494047619,0.1351777480018276,0.018018144742129597,0.9462675828552768,0.00032465353994833246,8.7609816762862,1395.5958380852694,18.659969691762093,0.12700580314895119,0.017314563088654582,0.9195320116227125,0.00029979409495099974,8.860451158777938,2247.16312873506,23.598169820717136,0.11297436090410824,0.016384574200438956,0.8703892641736602,0.00026845427172968986,8.986955343434829,2147.5739638447976,23.05749244142101,0.11122717816419814,0.01617880915488156,0.8760790065157085,0.00026175386567007944,8.978815207762157,1169.2604114790836,17.070826070717132,0.1310221872088849,0.01768371413475258,0.9325699780715813,0.0003127137455996482,8.812744730220608,1888.9702223481988,21.721734063995974,0.11922365033716706,0.01654534709452911,0.8909911475673293,0.0002737485104784428,8.941957549610557,moldy_bread_000002.jpg,spoiled_bread
274.4863204656863,6.029151348039216,0.36952017145524996,0.04459353486471671,0.9825299591774869,0.001988583351730705,7.784692987536445,509.72587466359096,9.291795463283353,0.28709722087863826,0.03970156367585643,0.9676239837695928,0.0015762141583080826,8.129640716355548,276.68618259803924,5.994515931372549,0.35901270218237946,0.04240833707095928,0.9824072975998389,0.001798467053124099,7.793240915099418,491.9736562860438,9.120692041522492,0.2911304421758685,0.039776040415791344,0.9687515338807859,0.0015821333911586663,8.115553304586866,641.5852146899606,11.05633304625984,0.27001474982094237,0.039639891071301066,0.959211408482612,0.0015713209641446137,8.270875826546623,509.72587466359096,9.291795463283353,0.28709722087863826,0.03970156367585643,0.9676239837695928,0.0015762141583080826,8.129640716355548,639.1168953001968,11.165185162401574,0.2580857238120339,0.036772406770590654,0.9594475759623824,0.0013522098997017814,8.300691010702506,491.9736562860438,9.120692041522492,0.2911304421758685,0.039776040415791344,0.9687515338807859,0.0015821333911586663,8.115553304586866,997.0579916007904,14.287672924901184,0.24086982156981812,0.037685609915268155,0.936611828947497,0.0014202051946857574,8.445165254774828,1081.4874914749828,15.58861367722735,0.2154108594470238,0.03535034645456786,0.931528828572512,0.0012496469944579787,8.52052772994444,1002.8302556818181,14.613080533596838,0.22389992599985792,0.033674910830442925,0.9364068180510743,0.001133999619438282,8.508469286645212,1011.8919337838674,15.09606919213838,0.2215018509723903,0.03580143294395178,0.935934820409889,0.0012817426008402757,8.499847885715091,1356.1392144097224,16.971245659722225,0.22276155747649035,0.03573377437462467,0.9137862894031455,0.0012769026310565828,8.55590556221534,1666.2083925697948,20.064506553765874,0.18559528848637247,0.03157628413477384,0.8945735824493054,0.00099706171975997,8.698965463816956,1381.5906498015875,17.604414682539684,0.20007016655718096,0.0308451611601519,0.912442944086949,0.0009514239669957433,8.645062328727729,1525.2372010186068,19.2443562624006,0.19277215084788404,0.03238942796786449,0.9034893994595732,0.0010490750440854822,8.678256670072479,1710.9414840637448,19.349663844621514,0.2112697203944491,0.0343818216242047,0.8912581020135596,0.0011821096581986301,8.632938908838682,2246.0379346182917,23.871362433862434,0.16822622796862075,0.02874516937906771,0.8579887247847976,0.0008262847626312919,8.819455023621318,1747.0671843874502,20.265298182270918,0.18523945184702445,0.02861015117397976,0.8893714652564402,0.0008185407501979754,8.74931113477949,2015.2161281179146,22.635219828672213,0.17517150196694045,0.029967023809731617,0.8725690870478069,0.0008980225160130216,8.793843043422967,moldy_bread_000006.jpg,spoiled_bread
252.3166819852941,6.56015625,0.4791231169032871,0.2751825307720212,0.9855421145559914,0.07572542524209439,6.2311836492465424,625.8848135332564,11.34332948865821,0.39708331667036967,0.26396199460394176,0.9641232886521023,0.06967593459529138,6.520346475855249,423.35867034313736,8.138112745098042,0.4495101839594647,0.27289614963089126,0.975665747901215,0.07447230848336578,6.318657598711511,626.8006151480201,11.470757400999616,0.39540559922042623,0.2638756753037924,0.9640707934493519,0.06963037201703247,6.527628609000212,581.7098455954726,12.151836245078742,0.3978145868879774,0.26200535133004144,0.9667588584513045,0.06864680412557846,6.593304566644084,625.8848135332564,11.34332948865821,0.39708331667036967,0.26396199460394176,0.9641232886521023,0.06967593459529138,6.520346475855249,1004.1274452509842,15.10431532972441,0.3691121444188804,0.257320918142038,0.9422612334176974,0.06621405491346141,6.6852065834692525,626.8006151480201,11.470757400999616,0.39540559922042623,0.2638756753037924,0.9640707934493519,0.06963037201703247,6.527628609000212,845.34774888834,14.89953372035573,0.3777779648497201,0.25036372531172657,0.9516399041537369,0.06268199495196568,6.72881149231993,1337.769638539277,18.391189782379566,0.34335872182708194,0.2470302535030689,0.9235006944844374,0.06102394614579048,6.810899143501847,1522.6778192934783,18.977257287549406,0.3469940324853344,0.24251662079768535,0.9122230448246628,0.05881431136312831,6.8335459273198556,1336.3618017236035,18.540207080414163,0.34205792434709414,0.24758216619507525,0.9235812005264162,0.06129692901784587,6.811212417865073,1088.2311507936506,17.054315476190474,0.3595997003146802,0.239506326478935,0.9376736720938722,0.0573632804234342,6.825464445922968,1975.7080566795298,22.779124810573514,0.3162218047455517,0.23091977054818355,0.8866145892616737,0.053323940430025744,6.969918172312566,2014.1216982886904,22.200536334325392,0.3264798952935523,0.22968234923298525,0.8836175673748556,0.052753981549182996,6.939640435094853,1968.2652908184787,22.809308066053212,0.31830593773493315,0.23249850870046165,0.8870417278064253,0.054055556547938644,6.96325339906768,1336.0740164342633,18.97326319721116,0.34948109860143517,0.23040118022464232,0.9233873466482756,0.053084703848908114,6.89923185217957,2598.41441484001,26.644825522801714,0.30033655877828375,0.22023127575014484,0.8503576488652642,0.04850181481853633,7.086352102396273,2507.9813869521913,25.208354083665338,0.3139988449344211,0.22101513954152513,0.8547498245681405,0.04884769190655982,7.018990852024547,2577.5253054925674,26.485371000251952,0.30274741413951717,0.22294693027864998,0.8515607306012801,0.04970533372067321,7.078003442557465,moldy_bread_000007.jpg,spoiled_bread
329.7222732843137,5.899417892156863,0.528107797032787,0.41763582633272905,0.9846482767245082,0.17441968343662143,5.247105291041377,527.4860130718955,8.134102268358324,0.493803761516093,0.41343975463685123,0.9755152521874393,0.17093243071417974,5.383713390329302,233.6513480392157,4.613357843137255,0.5467132460982438,0.41914124805446906,0.9891212965314272,0.17567938582065795,5.124343982279111,528.396278354479,8.14329873125721,0.49293425323718254,0.4133479041334563,0.9754729996625681,0.170856489851521,5.384140205135333,782.5939960629921,10.73212967519685,0.473585979062174,0.41158730194989074,0.9636741321038255,0.16940410712639054,5.521212618182445,527.4860130718955,8.134102268358324,0.493803761516093,0.41343975463685123,0.9755152521874393,0.17093243071417974,5.383713390329302,562.0984867125985,8.386534202755907,0.4899784664634794,0.41461617695666486,0.9739089291820762,0.17190657419416044,5.408556844318633,528.396278354479,8.14329873125721,0.49293425323718254,0.4133479041334563,0.9754729996625681,0.170856489851521,5.384140205135333,1162.9819664031622,13.092978013833994,0.4635366052897903,0.405172541083183,0.9459808838690287,0.16416478804780363,5.619619102168382,1156.216876433753,13.443858887717777,0.44689357335858215,0.4040552295320975,0.9466578262963783,0.163260628512236,5.594794007861408,849.8998579545456,10.45778779644269,0.4760966080951081,0.40970052483833364,0.9605231719383109,0.16785452005280604,5.519783597464847,1163.016368032736,13.51993303986608,0.44668887713902966,0.40402414134631137,0.9463441311156887,0.16323550679062418,5.594543864257921,1520.1732390873012,14.74600074404762,0.45683855409159824,0.3987130368682516,0.9293387857315341,0.15897208576870378,5.6762168544415,1695.5142870533834,16.235029448983738,0.4355270795024296,0.39352553343757396,0.921662638974135,0.15486234546732713,5.705824580851131,1128.2811879960318,12.026537698412698,0.4674184068547439,0.4051057094192339,0.9475548465595057,0.16411063580406077,5.584142231168105,1714.6391601181085,16.39347591744911,0.4341367252771721,0.39347872071684287,0.9207790179411041,0.15482550365696324,5.7083241505402516,1887.1792828685263,16.492187500000004,0.44999454158992824,0.3922191567852383,0.9122123026072995,0.15383586694932333,5.734018150934979,2239.129125724364,18.869236583522298,0.4245497980297882,0.3833423656450274,0.8963769496079008,0.14695136929832586,5.799192672347452,1395.847298306773,13.441235059760956,0.46274097217994015,0.4004622017278533,0.9350680556200708,0.16036997501271988,5.641174729466114,2271.645628621819,19.069192491811542,0.42379614453587533,0.3832005419640557,0.8948721416986081,0.14684265536154598,5.802647368003815,moldy_bread_000008.jpg,spoiled_bread
287.9287071078432,7.648835784313727,0.33354747149119496,0.05100789083665848,0.9784546509911554,0.0026018049276044677,8.172935305042138,545.0372472126104,12.038708189158013,0.24142688696521525,0.04344043963632672,0.9592588713530597,0.0018870717957973453,8.607883542519362,329.8350490196079,8.664613970588238,0.28881776425098427,0.04546355075194878,0.9753252273638621,0.0020669344469750224,8.354319143623629,528.813963860054,11.841507112648982,0.239796462322148,0.043470113392353384,0.9604717615443626,0.0018896507583440613,8.59865254945241,680.8143147145671,13.868017962598428,0.22902490360799155,0.04652808245907958,0.9490973044622474,0.002164862457318909,8.654138078239157,545.0372472126104,12.038708189158013,0.24142688696521525,0.04344043963632672,0.9592588713530597,0.0018870717957973453,8.607883542519362,781.4381766732286,15.630290354330713,0.18314178407358905,0.03792138555588074,0.9416034031097038,0.0014380314824777604,8.840415726490047,528.813963860054,11.841507112648982,0.239796462322148,0.043470113392353384,0.9604717615443626,0.0018896507583440613,8.59865254945241,961.7172832262845,16.928035449604742,0.208972041455713,0.0455346889892595,0.9281538936646985,0.00207340790134859,8.796212436617846,1070.9228563457125,18.459901419802836,0.17378264586994996,0.03718363427618527,0.9200954526006158,0.0013826226579851002,8.941319629915174,1090.942656867589,18.905292737154156,0.16584881746148714,0.03482701088613073,0.9185506377223656,0.0012129206872626684,8.988809360611489,1019.2554095108188,17.86518073036146,0.1758857824284538,0.037292630068895195,0.9239522647292837,0.0013907402574554661,8.923494604504803,1198.304191468254,19.220610119047617,0.1958616315651276,0.04477241594749714,0.910553163822327,0.002004569229775696,8.890441216606934,1466.274820728335,22.216578918589576,0.1584609605806329,0.03400213626029825,0.8907773228670323,0.0011561452702638889,9.08931546482756,1349.0148809523807,21.374472966269842,0.15530350682283536,0.031987133759998246,0.8993899935159426,0.0010231767261800193,9.09258354637458,1385.931431517443,21.45884172538237,0.1604856394069838,0.03404236744902899,0.8967686093644769,0.0011588827815347087,9.067562623236224,1456.9857289591632,21.477791957171313,0.18653918033472255,0.04416743262890194,0.8913366974155413,0.0019507621050285913,8.960827823231513,1837.0196680524064,25.45513668430335,0.14581825993853717,0.030948185302899625,0.8633973949180873,0.0009577901735426123,9.202263499136567,1651.057862300797,24.000155627490045,0.14625650825400552,0.02953783112293151,0.8770014009983141,0.0008724834674468213,9.177699135076736,1732.2333396321492,24.50299193751575,0.1488996011386112,0.03116500851475038,0.8712051594862346,0.0009712577557244637,9.170734290274572,moldy_bread_000009.jpg,spoiled_bread
200.49042585784315,6.926056985294117,0.29227279861683175,0.08415099590022673,0.979926247628561,0.007081390110999976,7.913626648510425,392.0238831218761,10.144113802383696,0.22677061423154649,0.07897254851633713,0.9604447714657235,0.0062366634191652216,8.228699590921536,239.5953737745098,7.0545343137254894,0.2874992609911947,0.0800955292745649,0.9758535534433506,0.006415293809772682,7.91292176850986,402.75876970395996,10.527227989234909,0.22176374284061318,0.07890426150100265,0.9593615376939092,0.006225882483018609,8.265099500294879,486.88974840059063,12.61169721948819,0.1998188811566186,0.08231642368780312,0.9511941185939842,0.006775993608749915,8.408960888783398,392.0238831218761,10.144113802383696,0.22677061423154649,0.07897254851633713,0.9604447714657235,0.0062366634191652216,8.228699590921536,581.7794660433073,12.908741387795278,0.1899637283528764,0.07441234588545714,0.9409070247156773,0.005537197220176911,8.433944051973425,402.75876970395996,10.527227989234909,0.22176374284061318,0.07890426150100265,0.9593615376939092,0.006225882483018609,8.265099500294879,681.2328927865613,15.161592144268774,0.18018427934405323,0.08151544310619092,0.9316599880749993,0.00664476746479865,8.543413380323376,827.7210769421538,15.939844379688758,0.16745843396785923,0.0738249952852888,0.915713522689289,0.005450129928872912,8.57627425157242,851.4584980237155,15.976377223320158,0.16565016129675864,0.06969125369959524,0.9128338249842449,0.004856870842221347,8.608835463771058,857.7769855539709,16.7757145514291,0.16146563685439386,0.0734118605441826,0.9126521939903907,0.005389301268558514,8.622260281983731,839.8847811259922,16.891694568452383,0.16860985488412822,0.08080569110077179,0.9156831342175108,0.00652955971427335,8.61491911658047,1157.874158321486,19.133731194050835,0.14778654795594265,0.06903117128327978,0.8810526372503551,0.00476530260874151,8.716996575179428,1099.307896205357,18.373248387896822,0.1505552205165166,0.06515685241234465,0.8865555905903543,0.0042454154162840626,8.714987157045888,1189.4141292630723,20.100532737583777,0.14192607733371226,0.0686331741914448,0.8778107161063128,0.004710512599593203,8.764164730358718,990.2702626992034,18.30079681274901,0.1621993238680921,0.08049511897990796,0.9005289079847413,0.0064794641795895384,8.663618122415844,1461.3640085663897,21.718978332073572,0.13488943442554488,0.06438900257707862,0.8485241770073677,0.004145943652871038,8.813529999499343,1351.7877552290838,20.66334661354582,0.1384411113234641,0.06139846202126408,0.8593552257332567,0.003769771138576608,8.801397568516592,1501.2472127739986,22.8926209372638,0.12951510181791645,0.06420954292234478,0.8443871771987187,0.004122865402296436,8.859205333966965,moldy_bread_000010.jpg,spoiled_bread
224.708731617647,4.894117647058822,0.6051503857294835,0.5073806651920957,0.9884504910498555,0.25743513941077345,4.543798100511912,447.0991157247213,7.756678200692042,0.570408688571451,0.5028819343746999,0.9771051865547037,0.2528902399204399,4.714942264167499,257.85398284313726,5.274754901960784,0.5987192116102447,0.5058633737269755,0.9867469018171288,0.25589775287843775,4.575994139212263,431.2263590926567,7.667450980392157,0.5702237790452941,0.5029129536942359,0.9779179902243434,0.25292143899346076,4.711465836487708,521.7824187992126,8.971333661417322,0.5632369625627068,0.5034435742368204,0.9732812329611982,0.2534554324403449,4.77985936482154,447.0991157247213,7.756678200692042,0.570408688571451,0.5028819343746999,0.9771051865547037,0.2528902399204399,4.714942264167499,598.1857775590552,9.676027312992126,0.557150504836194,0.501459863764321,0.9693688674422829,0.2514619949665314,4.812349156136862,431.2263590926567,7.667450980392157,0.5702237790452941,0.5029129536942359,0.9779179902243434,0.25292143899346076,4.711465836487708,801.0336894762845,11.228075592885375,0.5511560739187888,0.49897714709939417,0.9590203074364178,0.24897819332745044,4.872644739732349,932.9039308078617,12.656674313348628,0.5315479951281524,0.4955003094141258,0.9525825562212954,0.24552055662949443,4.887742266446488,914.4255805335968,12.082417243083004,0.545672352514075,0.49580043696705467,0.9532193468828486,0.24581807329672237,4.907429253709652,873.6482112964228,12.409882819765642,0.5313655975200171,0.49588806650711453,0.9555943934059316,0.24590497450416446,4.888381051537708,1073.6181175595239,12.992807539682541,0.5432555975402747,0.4946338368301614,0.9451260604565097,0.2446626325373267,4.935241481901596,1395.9777531284667,15.5789029667703,0.5187615600735297,0.4866547863361208,0.9291758812728993,0.2368328810638554,4.998269351736107,1221.859033978175,13.956070188492067,0.5374013421075305,0.49026971768868327,0.9375492852955992,0.24036439608254118,4.971281170404037,1295.4510147010578,15.17852177037604,0.5181109392942499,0.4872188930413224,0.9342760468318957,0.23738224973641153,4.9916434680310235,1353.0765998505976,14.720057270916334,0.5364996035632043,0.4901487648093922,0.9309053014110571,0.24024581164417283,4.991760980468304,1856.692082388511,18.213088939279416,0.5080958718554637,0.47815720947364543,0.9059675310987543,0.22863431697162362,5.08577607526263,1542.2086653386455,15.83257594621514,0.5307301807968194,0.48467932567451893,0.9212472945695791,0.23491404873630636,5.030557314275983,1708.7856198034765,17.716931216931215,0.5073323621284385,0.47886751447049697,0.9134582776663966,0.2293140964151516,5.078659584294929,moldy_bread_000014.jpg,spoiled_bread
220.17009803921573,5.518964460784314,0.5521520078823328,0.34217746333333166,0.9886004318018012,0.11708541641323353,5.556696667196718,545.5537101114955,9.573056516724337,0.47317847114154304,0.33422384786935916,0.9717681086848289,0.11170558048460054,5.804773788626554,385.4794730392158,6.906801470588237,0.5203190459066681,0.34068773318578577,0.9799933509720252,0.11606813154326916,5.627455627294463,561.4166243752403,9.670865051903114,0.47485438240462585,0.3351061490005109,0.9709472177933631,0.11229613109795261,5.800865175590211,517.1915600393701,10.1015625,0.4869752478736421,0.3344093210787206,0.9733000685010054,0.11182959402433088,5.856790725147041,545.5537101114955,9.573056516724337,0.47317847114154304,0.33422384786935916,0.9717681086848289,0.11170558048460054,5.804773788626554,927.3674335629921,12.696204478346456,0.45253719862475905,0.33062503878126437,0.9518934797005558,0.10931291626911258,5.93623548149532,561.4166243752403,9.670865051903114,0.47485438240462585,0.3351061490005109,0.9709472177933631,0.11229613109795261,5.800865175590211,740.7366755187746,12.248625864624506,0.46907104381450476,0.32697604882174325,0.9617486784290997,0.10691333650307902,5.962162904598848,1157.2827825655654,15.3999007998016,0.4194168590964765,0.3203639709276153,0.9403195141779136,0.10263307386850996,6.045967404021236,1436.7476686017785,16.332556200592887,0.4295328425296473,0.32161442071929613,0.9253727420817051,0.10343583561460841,6.072689734253462,1212.237925475851,15.628960257920514,0.4247667740725879,0.3242031371577103,0.9374855053455716,0.10510767414290115,6.034072519017416,949.8310391865078,13.843781001984127,0.4554801027814397,0.32066925004587327,0.9509371608903994,0.10282876792498279,6.032204308367371,1723.999218859848,19.18948897811245,0.3943702401032121,0.3065565694763454,0.910956713348256,0.09397693028910538,6.190769156331581,1944.5221199156745,19.432772197420633,0.4102784433304906,0.31309698264267793,0.8988650843806786,0.09802972053994938,6.171336231911042,1816.4348138543019,19.556437375994,0.4008656783495082,0.3126410556651622,0.906182483121308,0.09774442968742707,6.173640201268755,1169.738919322709,15.349259213147409,0.44775119959790444,0.31489160814305206,0.9395683181739047,0.09915672487891745,6.090394110339945,2299.8991717057197,22.684539556563365,0.37475067945957735,0.2950541333022016,0.8810268526989353,0.08705694157871335,6.30348767435307,2459.015126992032,22.466695717131472,0.3972001446701834,0.3049778103011582,0.8719287250369362,0.09301146477608924,6.259897757317236,2430.4170918367354,23.149108717561106,0.3854634527253521,0.3033131112865694,0.8742751466200367,0.09199884347833882,6.292454542592143,moldy_bread_000015.jpg,spoiled_bread
177.57421875,4.801761642156864,0.5612275574553073,0.32966330565270935,0.9902378907808315,0.10867789509387168,5.568391943273307,454.3523721645521,8.1679507881584,0.48409890127306654,0.32143450931248035,0.9750189743035291,0.10332014377695503,5.800713740654884,310.88397671568623,5.527297794117647,0.5440644178295688,0.3288803926016152,0.9828545070212547,0.10816231263779255,5.56771880519892,467.0371856978086,8.266128412149174,0.4852236147730073,0.32226104601011024,0.9743215428114923,0.1038521817755304,5.79764243310488,415.18986835629914,8.768823818897637,0.494546615314173,0.32104074382306763,0.9772450327095765,0.10306715919446853,5.8871893545078535,454.3523721645521,8.1679507881584,0.48409890127306654,0.32143450931248035,0.9750189743035291,0.10332014377695503,5.800713740654884,744.2929379921261,10.197619340551181,0.471476667920893,0.3185739842974754,0.95894552618737,0.10148938347116811,5.91462085253761,467.0371856978086,8.266128412149174,0.4852236147730073,0.32226104601011024,0.9743215428114923,0.1038521817755304,5.79764243310488,622.3868731472332,11.05952013339921,0.47248440873898134,0.3126529821126419,0.9659004883579606,0.097751887223928,6.020395421974715,999.6751193502389,13.816355632711268,0.42152193118430314,0.30640251847877786,0.945199072444431,0.09388250333013781,6.098522241067235,1174.768079916008,13.535650321146246,0.44259180604368775,0.3097415426505546,0.9350889658968484,0.09593982324354534,6.0818420353703715,1048.4547089094178,14.02021204042408,0.42749765921389593,0.3106285732199809,0.9425250369484186,0.09649011050068104,6.087038357446551,822.2943793402779,12.875728546626986,0.4570249753863213,0.3047927505204493,0.9549628304289246,0.09289862076982083,6.10826817585071,1522.9781436985422,17.69301192019872,0.3931177595995373,0.2913965345091551,0.9164003467343003,0.08491194032394521,6.269909944180309,1611.658497643849,16.483522445436506,0.42198078041517884,0.30147160615041646,0.9107928965106162,0.09088512931491183,6.203043409824297,1610.3981940039682,18.131075317533472,0.399903811302399,0.2985499551416931,0.911601665988787,0.08913207571510695,6.255871645116286,1021.0077813745019,14.44957669322709,0.4471067554312555,0.2975795975092789,0.9441018859034987,0.08855361685378443,6.176501618298202,2043.9174855127235,21.071365583270342,0.37253128895883814,0.2782121934068594,0.8876541377971319,0.07740202456025573,6.39688632276394,2057.3574296563747,19.317122136454188,0.40633336487449334,0.29364868472404126,0.8859123981176437,0.08622955004015939,6.305129832745602,2180.0681846812804,21.79176114890401,0.38212939054365763,0.28793608361960515,0.8801704855479425,0.08290718825019626,6.389155944383082,moldy_bread_000016.jpg,spoiled_bread
324.8752910539216,9.887300857843139,0.22772042669513204,0.05934228279175614,0.972413224071891,0.0035215065269367575,8.547025164072561,599.0799538638985,14.845767012687428,0.15744488342743126,0.05350847955590945,0.9492649617993326,0.0028631573843851794,8.914596557576363,375.98907781862744,11.074708946078431,0.19572772996987645,0.054396851582687436,0.9680918351672739,0.002959017462108925,8.6863700656533,603.0701268742791,14.966382160707422,0.15634475303042097,0.053379975631375906,0.9489272602882622,0.0028494217984062855,8.921967293723236,792.082369586614,17.769039124015748,0.14712386806621683,0.05717483713429734,0.9328839222168447,0.0032689620013334267,9.012468545958143,599.0799538638985,14.845767012687428,0.15744488342743126,0.05350847955590945,0.9492649617993326,0.0028631573843851794,8.914596557576363,925.7213029035433,19.96004552165354,0.11828537027500943,0.04942917633253388,0.921656620341011,0.0024432434729127275,9.142349439064557,603.0701268742791,14.966382160707422,0.15634475303042097,0.053379975631375906,0.9489272602882622,0.0028494217984062855,8.921967293723236,1083.7748270750988,20.83985918972332,0.1354381133390855,0.05641882682908005,0.9083614514048851,0.0031830840207697233,9.11350205128555,1167.541648583297,21.996884493768984,0.11514688582222342,0.04879830723078034,0.9016056280889371,0.002381274788589629,9.199781683861758,1273.440325469368,23.43109251482214,0.10618916736658814,0.04515705874690686,0.8925309684510657,0.0020391599546715974,9.257952954819675,1185.320385640771,22.24161448322896,0.11458679422357822,0.04876154552763659,0.9001088289784254,0.0023776883222437757,9.206747447198127,1300.7888454861113,22.71143353174603,0.12837219675405387,0.05593614764683708,0.8902464941468884,0.0031288526135687575,9.16620466730729,1532.8901092033932,25.119639425705756,0.10332579637189176,0.04429579606724985,0.8714472639589852,0.0019621175492313876,9.300651008054242,1535.611049107143,25.592230902777782,0.09710513266149737,0.04084302713571858,0.8707698265266396,0.0016681528656090443,9.329611699345737,1554.2068615350968,25.35223171741474,0.10187185872119031,0.044216529219739044,0.8696590020340202,0.0019551014562400365,9.304482367412387,1543.191701942231,24.585408366533862,0.12521522131246393,0.05553609230511537,0.8700814410090378,0.003084257548522295,9.210240214104594,1888.2166792642984,27.873960695389272,0.09344865631378389,0.039844298270350326,0.8424265024860326,0.0015875681046566422,9.379483235900848,1830.823611802789,27.780502988047814,0.09142313475995582,0.038356356395384913,0.8463427537036401,0.0014712100759297854,9.383854865113362,1905.7604560342659,27.933830939783324,0.09348577416902852,0.03981676396460848,0.8409576534623026,0.0015853746926133446,9.378973138122044,moldy_bread_000018.jpg,spoiled_bread
388.9333026960785,9.15386029411765,0.29531645398430106,0.03936191447580924,0.9672524569998866,0.001549360311200921,8.560685089656811,942.046889657824,16.606151480199927,0.166092811669437,0.03164915826206554,0.920588723478632,0.0010016692186972716,9.16234204655998,685.9546875000001,12.648651960784314,0.2034904824542303,0.03265440593527947,0.9421564735664995,0.001066310226986015,8.904663379130072,996.8212841214919,17.079000384467513,0.16589309872770935,0.03167900320152335,0.9159714846828123,0.0010035592438421266,9.170927996156182,895.5456908218506,17.000046136811026,0.19237476289874644,0.036461191003514415,0.9246309530188617,0.0013294184493947607,9.125025726315632,942.046889657824,16.606151480199927,0.166092811669437,0.03164915826206554,0.920588723478632,0.0010016692186972716,9.16234204655998,1591.100931963583,23.53258796751969,0.11239707236668658,0.026007380803864784,0.8656728920893865,0.0006763838562772345,9.459468609931996,996.8212841214919,17.079000384467513,0.16589309872770935,0.03167900320152335,0.9159714846828123,0.0010035592438421266,9.170927996156182,1310.205487277668,21.144407732213434,0.1662061629919805,0.03549304773670379,0.8896790381005838,0.001259756437639934,9.287575321812769,1878.476486452973,26.51498852997706,0.10365738013416283,0.025388483005049728,0.8415301627469534,0.0006445750692976989,9.550299513960713,2338.012320899209,29.617558053359687,0.09486458470879586,0.02206258668211428,0.8022649511681452,0.0004867577311058064,9.638707203678546,2060.4972254944514,27.72681195362391,0.1070345854853583,0.025502219422046002,0.8261752199888825,0.0006503631954501804,9.551469198560097,1694.6305338541665,24.59283544146825,0.14900077621403873,0.03477140476955459,0.8572555313875825,0.0012090505896482039,9.401171059277422,2691.244949928916,32.85547344904623,0.08659579426296074,0.02147547636595712,0.7724349548321213,0.00046119608514478275,9.714580520281551,3034.7391803075398,34.82189360119048,0.07884855024367846,0.018838428421147926,0.7429175023028122,0.00035488638537871397,9.761977289729176,2947.2940836444877,34.31831461200768,0.08955769486227691,0.021487497328533528,0.7507842745403553,0.0004617125414437356,9.71806030423106,2085.3047653137455,27.794556150398414,0.1386768243832553,0.03451661957747483,0.8243099797039275,0.0011913970270561187,9.483211190417597,3444.0071649029983,38.30317775258252,0.07357785562641031,0.018375165737206222,0.7081722161025049,0.0003376467158697975,9.819689236018007,3771.6071495268925,39.726391309760956,0.0718630204059717,0.017108292855159267,0.6800951807760394,0.0002926936844178937,9.852610257613726,3761.365362811792,39.964758125472414,0.07699679775221097,0.018381301474787747,0.681277237127306,0.00033787224390703413,9.824294332166177,moldy_bread_000023.jpg,spoiled_bread
243.57282475490194,7.128952205882353,0.3174381783619449,0.06380135141872398,0.9850952954793938,0.004070612442855512,7.933591976158514,484.6041061130335,10.545574778931181,0.2431449549741549,0.05811916938414347,0.9703587457181309,0.00337783784990276,8.245566637864542,291.12604166666665,7.147150735294117,0.3089875823361221,0.060843380261139904,0.9821677213821189,0.003701916921601669,7.925795349722327,482.96788927335643,10.702883506343714,0.24340328021345753,0.058422842201658845,0.9704588694167624,0.00341322849091993,8.26429904149736,573.3580370324803,13.023083784448819,0.21625234349808953,0.05971939761507957,0.9649665063913745,0.0035664064515079715,8.412793845016374,484.6041061130335,10.545574778931181,0.2431449549741549,0.05811916938414347,0.9703587457181309,0.00337783784990276,8.245566637864542,689.4614911417323,13.01771653543307,0.20539019985859264,0.05333759684178299,0.9577865416440032,0.0028448992368565787,8.427631380238786,482.96788927335643,10.702883506343714,0.24340328021345753,0.058422842201658845,0.9704588694167624,0.00341322849091993,8.26429904149736,847.9168262104744,15.816653285573127,0.19798378600898364,0.05852305179767092,0.948161046582534,0.0034249475917128734,8.536501419734027,1010.484561969124,16.6501023002046,0.17960628566269338,0.051626864226115635,0.9383089669145563,0.002665333109821778,8.573164709823683,1047.4691514328063,16.490736166007906,0.1803616128939567,0.04824117770345914,0.9358187488220169,0.0023272112262167233,8.604629084685662,1001.0224285448571,16.957421414842834,0.18287166876967426,0.05224574988300583,0.9388869917383411,0.0027296183808376037,8.589972486561805,1096.445529513889,17.854383680555557,0.18529476591341493,0.05777294293576766,0.9329296203087031,0.0033377129354594665,8.611016103711417,1478.2121264197226,20.197909668952807,0.1607261979718521,0.04669631394454804,0.9096330132740843,0.002180545736007792,8.710635753199252,1389.6719990079366,19.320777529761905,0.1612118185539465,0.043661698304528505,0.914787143636145,0.0019063438988356674,8.719791836655226,1462.8528175725287,20.594603883828835,0.16232128607259805,0.04719757914691693,0.9105734731394872,0.0022276114773294884,8.734362065213851,1354.964952689243,19.73518426294821,0.17723343021136426,0.05716905679303845,0.9170726228931669,0.0032683010546056554,8.668783091813959,1924.2446302595113,23.244315318720083,0.14541720444549353,0.04236653126169394,0.8822085786834457,0.00179492297114809,8.815473990806506,1739.579743525897,21.842785109561756,0.14861332776809225,0.03997579347518973,0.8932449000565973,0.0015980640639710218,8.809060076309143,1900.2993827160494,23.57363315696649,0.15012430548332495,0.04297860712379962,0.8836789108302749,0.0018471606703019193,8.834392974756181,moldy_bread_000028.jpg,spoiled_bread
181.41999080882357,4.376179534313726,0.5739602476084177,0.17342376451116853,0.9863397415236744,0.030075802097225234,6.164880678568139,491.1084198385238,8.112003075740102,0.482399593977922,0.16645967438640336,0.9629108648563016,0.027708823196827426,6.5123788164445,322.365487132353,5.612729779411765,0.5333628222382767,0.1702910838516335,0.9755818380527759,0.02899905323936407,6.283194831648769,441.9389465590159,7.582714340638218,0.4918619297272206,0.16683190401311443,0.9666242037123371,0.027832884196641025,6.466793914196897,415.4518331692914,8.044076033464568,0.4891868113391203,0.16547724321801754,0.9688110436753596,0.027382718023034935,6.5396261603157075,491.1084198385238,8.112003075740102,0.482399593977922,0.16645967438640336,0.9629108648563016,0.027708823196827426,6.5123788164445,772.5437069389766,10.384165846456694,0.44312801973848026,0.15994159737632369,0.9413031115405405,0.025581314571290033,6.696628191570312,441.9389465590159,7.582714340638218,0.4918619297272206,0.16683190401311443,0.9666242037123371,0.027832884196641025,6.466793914196897,623.2825623764822,10.160032732213438,0.46431367117084965,0.16204601133404772,0.9532685479106996,0.026258909789274323,6.684527039473964,1106.4201128402258,13.8746977493955,0.41014885478130325,0.15614959520140229,0.9164389282288464,0.024382696081561794,6.851938469387036,1217.703850666996,13.852257287549406,0.4077044216687441,0.15409506390488645,0.9070507035872706,0.023745288719851036,6.886513689372574,919.8913292826586,12.2996930993862,0.42089415303680244,0.1581825961557871,0.9305262997458332,0.025021733726584824,6.771932869107729,831.7041480654761,11.957186259920634,0.44225950715766,0.15855118826898898,0.9377243585927888,0.025138479301508386,6.788838274165915,1699.691184052243,18.05769501163899,0.37533141871595793,0.14889613996579004,0.871214399510325,0.02217006049671214,7.042992167638171,1673.9094897073414,17.013470362103174,0.37766096847357616,0.14831456050699574,0.8716408851683213,0.021997208858383303,7.033566048544373,1397.9002171569628,15.898748613476233,0.38230760919173273,0.1514746261896826,0.8940810831289655,0.022944562379304083,6.9617503691520355,1047.6386174053782,13.652997385458168,0.4273203040931579,0.15642890058521447,0.9216663217695672,0.024470000938298913,6.869283422040592,2310.5705939783325,22.017967372134045,0.34823472659794086,0.14290557736217452,0.8243816805641487,0.020422004041216447,7.194652998958471,2137.1427259711154,20.04969185756972,0.3559052246006629,0.14360607703574,0.8353526324464735,0.02062270536159489,7.150319393666091,1860.0676807760146,19.01086545729403,0.3537448145596703,0.14611306088634873,0.8586227679725391,0.021349026561577854,7.103927779527192,moldy_bread_000034.jpg,spoiled_bread
191.3405330882353,5.117892156862745,0.38416554232109007,0.02991064099554427,0.9879310245466777,0.0008946464447643335,7.752955264299228,361.9769627066513,7.651610918877355,0.33581000377269565,0.027176430893727822,0.9771919750468212,0.000738558396121564,8.018581120076401,209.87950367647065,5.187898284313727,0.4303217096257491,0.03295185603424153,0.986737613040761,0.0010858248161013796,7.671315819028977,357.46389850057676,7.555124951941561,0.3448318387725039,0.02779724682865266,0.9774763454066085,0.0007726869312530404,7.99042352711575,442.38573449803164,9.290569635826774,0.26693861859837803,0.023493872098171973,0.972176101344981,0.0005519620261652636,8.234630727205342,361.9769627066513,7.651610918877355,0.33581000377269565,0.027176430893727822,0.9771919750468212,0.000738558396121564,8.018581120076401,495.6468688484252,9.387764517716535,0.3280560820006477,0.026761489217854536,0.9687125725143727,0.0007161773051573446,8.114812296211085,357.46389850057676,7.555124951941561,0.3448318387725039,0.02779724682865266,0.9774763454066085,0.0007726869312530404,7.99042352711575,662.3212080039525,11.606287055335969,0.22424061486058594,0.02113351856397854,0.9584220840482397,0.0004466256068940257,8.414347300064767,739.25279000558,12.294888089776181,0.23557890697892508,0.021897177470934625,0.9536019836417855,0.00047948638119360684,8.383880525036508,748.3633893280631,11.696115365612648,0.2822618343506244,0.024138556961759736,0.9527404974252015,0.0005826699321961194,8.282894626625694,720.6289912579824,11.967139934279867,0.24978107246306613,0.022568151592096054,0.9547708745207825,0.0005093214662838276,8.347212678734923,868.9510168650795,13.424386160714286,0.1980209636538857,0.019815097683157337,0.9455538366420593,0.0003926380961930672,8.51642725627817,1086.003968191973,15.211767095252231,0.19664801491154155,0.01966968913898642,0.9319405871481053,0.0003868966708243603,8.555519486994305,991.0799076140875,13.52559213789683,0.251355049165807,0.022514095737796874,0.9373873972031405,0.0005068845068906833,8.384489348340878,1051.587120561171,14.669968285709825,0.20591615321481838,0.020266051614217056,0.9340973958948737,0.0004107128480301097,8.509734988499051,1072.124470866534,15.048618027888445,0.17759658265372597,0.01885330534903935,0.9329424025303298,0.00035544712258411576,8.59700021984976,1427.9808043587807,17.76957357016881,0.1707806636884845,0.018326824489030617,0.9106437229371431,0.00033587249585173226,8.67067770026243,1248.2387481324704,15.291350224103589,0.22594491759680624,0.021238708276183915,0.9211082927685867,0.00045108272924084306,8.472037098744105,1381.3911722096248,17.074751196775008,0.1779251663861912,0.01883366009650024,0.9135590012577168,0.00035470675263050543,8.62034083156812,moldy_bread_000046.jpg,spoiled_bread
265.19456188725485,6.179733455882353,0.38053832807393795,0.06382085830256941,0.98424781769687,0.004073101954476643,7.463727365067822,490.39638600538257,9.828665897731643,0.2724264887936313,0.05165098028678504,0.9709744324748055,0.0026678237645858566,7.8401178334326795,276.7206035539216,6.769163602941177,0.3496587275941528,0.061906273240775356,0.9835632051975933,0.003832386666561539,7.541781708522027,493.963229527105,9.872310649750098,0.27308403887739735,0.051619433511764894,0.9707633414398351,0.0026645659160755165,7.841274555768007,605.9782541830709,11.256274606299213,0.23400313361266947,0.046891742038784705,0.964133895836856,0.0021988354714319288,7.9598825142999,490.39638600538257,9.828665897731643,0.2724264887936313,0.05165098028678504,0.9709744324748055,0.0026678237645858566,7.8401178334326795,635.1792568897638,12.34578001968504,0.2041877555293475,0.04504755139605622,0.9624056664432309,0.0020292818867803267,8.033781915777867,493.963229527105,9.872310649750098,0.27308403887739735,0.051619433511764894,0.9707633414398351,0.0026645659160755165,7.841274555768007,891.9140470602766,13.947335103754941,0.2157799167717963,0.04507418389548016,0.9472176948272699,0.0020316820538435632,8.103762224871643,988.6658038316077,15.762121024242049,0.18064318167009513,0.04338009684404453,0.9418985809081849,0.0018818328021986818,8.151539067710358,957.0094491106719,15.385499011857709,0.18074173733409526,0.042745610857030575,0.9433642272688724,0.0018271872475406903,8.180954714718059,1004.4000248000498,15.890817781635564,0.1807820201616521,0.04277043626424163,0.9409741103372001,0.0018293102182335556,8.146508661255522,1160.1280226934523,16.098446800595237,0.2027480867661388,0.043353571603667186,0.9313530322076913,0.001879532170794298,8.195992623198512,1433.9409926729054,19.355699979690357,0.1587161972410469,0.0406818196216877,0.9157471925999792,0.0016550104477315347,8.31444981267672,1275.4867156498017,17.851236979166664,0.16042391804899736,0.04008038615584181,0.9245234756615395,0.0016064373544013959,8.27981383437274,1467.5147088690653,19.545642019091066,0.15762563463780627,0.04006811640077024,0.913775355893888,0.0016054539519056727,8.303378145828024,1438.207591508964,18.184869895418323,0.19101455685222019,0.04188092769500898,0.914906373670306,0.0017540121045945703,8.280051158381319,1872.9290910808772,22.5495244394054,0.14348380049054027,0.03842477872774151,0.8899621220823906,0.0014764636202758965,8.430299429826093,1616.874564243028,20.251867529880485,0.15295534241851735,0.03910491491493319,0.9043254549776364,0.001529194370504164,8.371668635918208,1930.5047083648278,22.86059145880575,0.14154650961773088,0.037664400457102974,0.8865817915760225,0.0014186070617930185,8.419294563400577,moldy_bread_1.jpg,spoiled_bread
287.9287071078432,7.648835784313727,0.33354747149119496,0.05100789083665848,0.9784546509911554,0.0026018049276044677,8.172935305042138,545.0372472126104,12.038708189158013,0.24142688696521525,0.04344043963632672,0.9592588713530597,0.0018870717957973453,8.607883542519362,329.8350490196079,8.664613970588238,0.28881776425098427,0.04546355075194878,0.9753252273638621,0.0020669344469750224,8.354319143623629,528.813963860054,11.841507112648982,0.239796462322148,0.043470113392353384,0.9604717615443626,0.0018896507583440613,8.59865254945241,680.8143147145671,13.868017962598428,0.22902490360799155,0.04652808245907958,0.9490973044622474,0.002164862457318909,8.654138078239157,545.0372472126104,12.038708189158013,0.24142688696521525,0.04344043963632672,0.9592588713530597,0.0018870717957973453,8.607883542519362,781.4381766732286,15.630290354330713,0.18314178407358905,0.03792138555588074,0.9416034031097038,0.0014380314824777604,8.840415726490047,528.813963860054,11.841507112648982,0.239796462322148,0.043470113392353384,0.9604717615443626,0.0018896507583440613,8.59865254945241,961.7172832262845,16.928035449604742,0.208972041455713,0.0455346889892595,0.9281538936646985,0.00207340790134859,8.796212436617846,1070.9228563457125,18.459901419802836,0.17378264586994996,0.03718363427618527,0.9200954526006158,0.0013826226579851002,8.941319629915174,1090.942656867589,18.905292737154156,0.16584881746148714,0.03482701088613073,0.9185506377223656,0.0012129206872626684,8.988809360611489,1019.2554095108188,17.86518073036146,0.1758857824284538,0.037292630068895195,0.9239522647292837,0.0013907402574554661,8.923494604504803,1198.304191468254,19.220610119047617,0.1958616315651276,0.04477241594749714,0.910553163822327,0.002004569229775696,8.890441216606934,1466.274820728335,22.216578918589576,0.1584609605806329,0.03400213626029825,0.8907773228670323,0.0011561452702638889,9.08931546482756,1349.0148809523807,21.374472966269842,0.15530350682283536,0.031987133759998246,0.8993899935159426,0.0010231767261800193,9.09258354637458,1385.931431517443,21.45884172538237,0.1604856394069838,0.03404236744902899,0.8967686093644769,0.0011588827815347087,9.067562623236224,1456.9857289591632,21.477791957171313,0.18653918033472255,0.04416743262890194,0.8913366974155413,0.0019507621050285913,8.960827823231513,1837.0196680524064,25.45513668430335,0.14581825993853717,0.030948185302899625,0.8633973949180873,0.0009577901735426123,9.202263499136567,1651.057862300797,24.000155627490045,0.14625650825400552,0.02953783112293151,0.8770014009983141,0.0008724834674468213,9.177699135076736,1732.2333396321492,24.50299193751575,0.1488996011386112,0.03116500851475038,0.8712051594862346,0.0009712577557244637,9.170734290274572,moldy_bread_10.jpg,spoiled_bread
200.49042585784315,6.926056985294117,0.29227279861683175,0.08415099590022673,0.979926247628561,0.007081390110999976,7.913626648510425,392.0238831218761,10.144113802383696,0.22677061423154649,0.07897254851633713,0.9604447714657235,0.0062366634191652216,8.228699590921536,239.5953737745098,7.0545343137254894,0.2874992609911947,0.0800955292745649,0.9758535534433506,0.006415293809772682,7.91292176850986,402.75876970395996,10.527227989234909,0.22176374284061318,0.07890426150100265,0.9593615376939092,0.006225882483018609,8.265099500294879,486.88974840059063,12.61169721948819,0.1998188811566186,0.08231642368780312,0.9511941185939842,0.006775993608749915,8.408960888783398,392.0238831218761,10.144113802383696,0.22677061423154649,0.07897254851633713,0.9604447714657235,0.0062366634191652216,8.228699590921536,581.7794660433073,12.908741387795278,0.1899637283528764,0.07441234588545714,0.9409070247156773,0.005537197220176911,8.433944051973425,402.75876970395996,10.527227989234909,0.22176374284061318,0.07890426150100265,0.9593615376939092,0.006225882483018609,8.265099500294879,681.2328927865613,15.161592144268774,0.18018427934405323,0.08151544310619092,0.9316599880749993,0.00664476746479865,8.543413380323376,827.7210769421538,15.939844379688758,0.16745843396785923,0.0738249952852888,0.915713522689289,0.005450129928872912,8.57627425157242,851.4584980237155,15.976377223320158,0.16565016129675864,0.06969125369959524,0.9128338249842449,0.004856870842221347,8.608835463771058,857.7769855539709,16.7757145514291,0.16146563685439386,0.0734118605441826,0.9126521939903907,0.005389301268558514,8.622260281983731,839.8847811259922,16.891694568452383,0.16860985488412822,0.08080569110077179,0.9156831342175108,0.00652955971427335,8.61491911658047,1157.874158321486,19.133731194050835,0.14778654795594265,0.06903117128327978,0.8810526372503551,0.00476530260874151,8.716996575179428,1099.307896205357,18.373248387896822,0.1505552205165166,0.06515685241234465,0.8865555905903543,0.0042454154162840626,8.714987157045888,1189.4141292630723,20.100532737583777,0.14192607733371226,0.0686331741914448,0.8778107161063128,0.004710512599593203,8.764164730358718,990.2702626992034,18.30079681274901,0.1621993238680921,0.08049511897990796,0.9005289079847413,0.0064794641795895384,8.663618122415844,1461.3640085663897,21.718978332073572,0.13488943442554488,0.06438900257707862,0.8485241770073677,0.004145943652871038,8.813529999499343,1351.7877552290838,20.66334661354582,0.1384411113234641,0.06139846202126408,0.8593552257332567,0.003769771138576608,8.801397568516592,1501.2472127739986,22.8926209372638,0.12951510181791645,0.06420954292234478,0.8443871771987187,0.004122865402296436,8.859205333966965,moldy_bread_11.jpg,spoiled_bread
311.1030024509804,5.816758578431373,0.5676900223699671,0.36156638878090386,0.9839199421779329,0.1307302534960637,5.514509586297709,784.8423221837755,10.414179161860824,0.5098636050494626,0.3564186978894123,0.9593929174256927,0.12703428820518414,5.76974338416563,498.9096507352941,6.896844362745098,0.5538620363735002,0.3600533020394604,0.9741185970685775,0.1296383803095189,5.554741723122565,714.1115263360246,9.67049596309112,0.5170620104211446,0.356688811393299,0.9630524693972843,0.12722690817316443,5.72576883793005,718.5231606791339,10.81763656496063,0.5094816729376023,0.35708987959929733,0.9629593123687069,0.12751318211224066,5.810617788883958,784.8423221837755,10.414179161860824,0.5098636050494626,0.3564186978894123,0.9593929174256927,0.12703428820518414,5.76974338416563,1185.837475393701,12.97779281496063,0.496985306674201,0.3542774661054141,0.938419547124102,0.12551252299007284,5.877270961064207,714.1115263360246,9.67049596309112,0.5170620104211446,0.356688811393299,0.9630524693972843,0.12722690817316443,5.72576883793005,1136.204668972332,14.18536931818182,0.4926587921158038,0.3517944234821373,0.9414012899530101,0.12375931639312934,5.949692755011576,1749.0197470394937,17.997829995659988,0.4614495670076886,0.3465961330596639,0.9096559402563484,0.12012887945191225,6.04120057078206,1899.9948122529645,17.607028162055336,0.47631329299396524,0.34755635846040794,0.9010615071299145,0.12079542230625959,6.038295335503017,1491.6725153450304,15.930683861367722,0.4713338181015674,0.3483445123948587,0.9229489826673459,0.12134389931561188,5.972822533100199,1563.558035714286,17.159071180555557,0.4825751610538003,0.3469638120664441,0.9193233034186375,0.12038388688367875,6.042909691239288,2744.487806402224,24.017809995469385,0.4400209451000061,0.3358300479340747,0.8577895585861005,0.11278182109540294,6.220410896253274,2625.7043650793653,21.835875496031743,0.46013606097967125,0.34120028460397384,0.8628904130705753,0.11641763421383274,6.153776677388063,2329.2636348013557,21.064943992251088,0.44865288558116395,0.33877687923949695,0.8793051261143411,0.1147697739072527,6.141261165544928,2007.1985184262946,20.037194970119522,0.4729232669799076,0.3417170826378803,0.8963816531447742,0.11677056456654392,6.129201373825517,3724.981292517007,29.549697656840515,0.42300131315933454,0.3253779623520285,0.8063669798126321,0.10587081838435805,6.358547515126119,3369.983192231077,25.94316484063745,0.44665774520150103,0.3347952080549901,0.8235292065465408,0.11208783133658409,6.249622383251812,3133.638888888889,25.562799193751577,0.43299178779340947,0.329723863148662,0.8371063061575432,0.10871782592967759,6.27273381554746,moldy_bread_12.jpg,spoiled_bread
182.71982230392155,4.325520833333333,0.6832078133497793,0.5151257721248705,0.9910471369144895,0.26535456110724404,4.032980201236923,420.00496732026147,7.235048058439062,0.627043260716016,0.508561219179197,0.979418500391405,0.2586345136530313,4.1788687855394215,271.59087009803926,4.8903492647058835,0.6664504681612003,0.5150500402229606,0.9866486214837806,0.2652765439336734,4.037820932564948,419.46865051903103,7.175932333717799,0.6299195525046005,0.5095220471653019,0.9794447815187571,0.25961271654752016,4.175480320813106,427.5972256397638,7.9765625,0.6347833304359515,0.5075587811481025,0.9791156129545662,0.25761591632054737,4.230108226223421,420.00496732026147,7.235048058439062,0.627043260716016,0.508561219179197,0.979418500391405,0.2586345136530313,4.1788687855394215,661.2111835629921,9.037155511811022,0.6165786077223465,0.5060902115219178,0.9674905976225233,0.2561273021982995,4.260465854459147,419.46865051903103,7.175932333717799,0.6299195525046005,0.5095220471653019,0.9794447815187571,0.25961271654752016,4.175480320813106,633.3175951086956,9.596251235177867,0.6229243826726737,0.49960829529845235,0.9691036853691656,0.24960844873102558,4.3041471019995186,918.3022816045633,11.863537727075455,0.5838052753957625,0.49486499074313867,0.9551400218248534,0.2448913590632067,4.355013012469284,1061.0377810029645,11.581012228260871,0.6000837739415987,0.49813608863925946,0.9477628757685851,0.24813956280482014,4.358821608150015,915.199578399157,11.555335110670221,0.5930979871786793,0.5000659507858141,0.9552915919568967,0.25006595513532026,4.333740983197497,832.4571552579366,10.806175595238097,0.6121456486786853,0.49240929259815913,0.9594368784370597,0.2424669114370195,4.355982966461088,1431.4408911246855,14.754456404568106,0.5644175659885108,0.481649278689814,0.9300650144747366,0.23198602766241813,4.4644102852343375,1464.2036985367063,13.765082465277779,0.5848272038447806,0.491030138685717,0.9278165636322288,0.24111059709771449,4.433914005468828,1424.2948335390333,14.378696745770126,0.5742291542988982,0.49026035322721634,0.9304141448069173,0.24035521394647494,4.439198696175641,1045.3404818227093,11.962742778884463,0.6059173003572556,0.4858190242558308,0.9491293935872053,0.2360201243288875,4.398616554236199,1956.861473293021,17.517746913580247,0.5472270588595475,0.47049821870476294,0.9043881321221409,0.22136857380435496,4.552405504144217,1877.8412443974103,15.923882594621514,0.5732968310469444,0.48443815104782995,0.9072919465796173,0.2346803221906401,4.498021555998768,1944.9339726631392,16.98637881078357,0.56201874734636,0.48246576351728776,0.9049708655268063,0.23277321296631942,4.523021921506435,moldy_bread_13.jpg,spoiled_bread
173.62251838235295,4.07763480392157,0.6865476895055561,0.5100899467334244,0.9908840540064182,0.26019175375850784,4.237427283371744,492.3067896962707,7.432018454440601,0.6356537723549666,0.5059009504482415,0.9740952875605238,0.25593577166443404,4.430005973333194,362.9325980392157,5.318933823529412,0.6665213147189202,0.5092204993457435,0.9808490351478454,0.25930551695392845,4.297538107298972,515.1479123414072,7.698377547097271,0.6314593717279404,0.505696030999715,0.9728934095318212,0.2557284757688648,4.44112428209659,390.28137303149606,7.530788631889763,0.6428428954617021,0.5058314451152744,0.9795660160383763,0.2558654508674069,4.454192960380974,492.3067896962707,7.432018454440601,0.6356537723549666,0.5059009504482415,0.9740952875605238,0.25593577166443404,4.430005973333194,852.7837106299214,9.991326279527561,0.6183643675954986,0.5041868057001527,0.9549000017419336,0.25420433504212353,4.530357999219543,515.1479123414072,7.698377547097271,0.6314593717279404,0.505696030999715,0.9728934095318212,0.2557284757688648,4.44112428209659,565.3470849802371,9.567996541501977,0.6278771673169423,0.5015071419352201,0.9704159410126431,0.251509413412033,4.554223980221128,1042.6114142228284,12.429133858267717,0.594138653171763,0.49900295003276846,0.9451728785400457,0.24900394414140561,4.611957878230807,1325.004631916996,13.28720973320158,0.6014687079543259,0.49897495518931084,0.9296791825715083,0.24897600590617475,4.649710794787355,1129.464783929568,13.286564573129148,0.5874665719988674,0.49773949964559483,0.9406055774486152,0.2477446095074471,4.635715195949627,738.2152467757937,11.295634920634923,0.6177297744104062,0.4974344626986812,0.961390333614383,0.24744104468032566,4.625553136824285,1562.128966239123,16.05910106391289,0.5744556728947772,0.49147352373474784,0.9176145491929826,0.24154622453224978,4.741735136110407,1801.1800595238096,16.26001364087302,0.5892162646287087,0.49390063722995536,0.9040670801115136,0.243937839456156,4.730050183549935,1710.206236622975,17.244246902779295,0.5685740498645901,0.48931227741327543,0.9098050706297516,0.23942650482736622,4.771692624472436,927.277265936255,12.992249750996018,0.6092115059801863,0.4932593352934044,0.9515274093716469,0.24330477185409113,4.687742832961983,2078.393266565886,19.36029226505417,0.5609546033604874,0.48438182801727636,0.8900669706801662,0.23462575531335828,4.837075790420565,2297.4141714392435,19.18104145916335,0.5778386517125722,0.48879296790512483,0.877198048258716,0.2389185654735004,4.807946994450014,2303.0555555555557,20.92787855883094,0.5549867105282064,0.4809943360241474,0.8781838461532231,0.2313555512873104,4.871720845407753,moldy_bread_14.jpg,spoiled_bread
258.4212928921569,5.01204044117647,0.5973827255746711,0.38623770334083984,0.9858232753962404,0.14917956348200662,5.2575436167825735,725.0553479430988,9.41524029219531,0.5347050840840666,0.3808797587250187,0.9601464488964804,0.14506939060642848,5.511775202382238,530.1470588235294,6.934313725490195,0.5700388860665117,0.38408888719447715,0.9707821301540454,0.14752427326629178,5.357142884656489,738.6731257208767,9.580346020761247,0.5341169865126326,0.3807051504981985,0.9593979311397013,0.14493641161585596,5.523401435868397,598.4595841535433,9.262672244094489,0.5383490056444331,0.381867559917597,0.967256323110384,0.14582283331741955,5.53593164951975,725.0553479430988,9.41524029219531,0.5347050840840666,0.3808797587250187,0.9601464488964804,0.14506939060642848,5.511775202382238,1264.294752706693,13.009811761811026,0.5158161412816186,0.37847696549956666,0.9301812683343228,0.1432448134137602,5.660793791752988,738.6731257208767,9.580346020761247,0.5341169865126326,0.3807051504981985,0.9593979311397013,0.14493641161585596,5.523401435868397,929.6084177371542,11.920578063241106,0.5245071384504995,0.37708838581798126,0.9491364073696611,0.14219565071881068,5.658205912276878,1572.9728749457502,15.866327732655467,0.49021419058166094,0.3725641471318996,0.9136004610666768,0.13880404372811975,5.750968081227343,2016.087141798419,17.70355731225296,0.4961854305607197,0.3715816834093897,0.888271762667242,0.1380729474453559,5.815147817626849,1618.5637671275344,16.301599603199207,0.4873261374081981,0.37120563603691514,0.9110962652685128,0.13779362422557073,5.773098762760073,1264.1861979166665,14.21515376984127,0.5147312483027583,0.37249042695676754,0.9308267195583539,0.13874911817443497,5.740176650149157,2459.1110000156227,21.10246996516115,0.46939536565553935,0.36259788114438085,0.8644551536513473,0.13147722341039456,5.919518792659293,2784.077535962302,22.036396329365083,0.4805687006591182,0.3650862179449313,0.8451593378834389,0.13328794653333387,5.929492589248197,2539.711040634911,21.703916636722962,0.4659155862329005,0.3607431561199011,0.8600125237247734,0.13013562468734732,5.938546822504531,1621.0455366035858,16.44584163346613,0.5077665986515618,0.36785439855148366,0.9112948151007512,0.13531685853367378,5.813912684810791,3334.867882338121,25.917044595616026,0.4531668959177281,0.35304039521147984,0.8155339587752886,0.12463752065107789,6.052638611095921,3583.324887948207,26.30253984063745,0.46772258236932107,0.35841106170609605,0.7999860235816368,0.128458489153291,6.024340843019726,3448.820956160242,26.653943058704968,0.4494697763125926,0.35065598147885496,0.8092307188404534,0.12295961734689909,6.072257830881333,moldy_bread_15.jpg,spoiled_bread
276.98367034313725,6.163541666666667,0.49358210925810336,0.2842247785257634,0.9858588911009949,0.08078372472801924,6.173290797748457,696.8155632449057,10.44628988850442,0.43202684354328325,0.2788651048073586,0.9644220331377213,0.07776574667921911,6.428429182427842,475.38186274509803,7.368014705882353,0.47459188969647625,0.2825398858880548,0.9756757151479851,0.07982878711763502,6.225400164453996,695.0615609381007,10.568242983467895,0.43118462065120494,0.2787563220399411,0.9645115888813633,0.07770508707723536,6.441391025147311,643.5702817421261,11.329263041338585,0.4300843750312618,0.2797241993631666,0.9672136150455866,0.07824562770936459,6.50434075810345,696.8155632449057,10.44628988850442,0.43202684354328325,0.2788651048073586,0.9644220331377213,0.07776574667921911,6.428429182427842,1126.6882689468503,13.692236712598426,0.4128141649067553,0.27627846024773905,0.9423441903138878,0.07632978759686154,6.583121081431505,695.0615609381007,10.568242983467895,0.43118462065120494,0.2787563220399411,0.9645115888813633,0.07770508707723536,6.441391025147311,978.316112895257,14.187160326086957,0.41680174515713847,0.27408974761532023,0.9500624222989678,0.07512518974782995,6.634772329585792,1503.56138012276,17.243040486080968,0.38579243132038915,0.26930703926668065,0.9233914252259636,0.07252628139858547,6.700897641777104,1779.9366971343873,18.08121294466403,0.3931546317772477,0.2688679064564099,0.9087017511395133,0.07228995112225278,6.742047863098623,1489.6606423212843,17.365955731911463,0.38240506733874724,0.2682040690053523,0.9240996874395032,0.07193342263102778,6.713561267365893,1309.681795634921,16.519283234126988,0.4068771575406379,0.2687384460426444,0.9330136475640601,0.0722203523814153,6.716868104549963,2317.1072817884988,22.38116514865097,0.36296566112884576,0.25816377985335076,0.8814316773619317,0.06664853722816935,6.879987548799245,2438.9266183035716,22.012927827380956,0.37765891203372415,0.2616985751641454,0.8746033999555803,0.06848614424294387,6.859938495679366,2299.9116374259875,22.380259026074462,0.3611168287209416,0.2564585091657127,0.8823115929035075,0.06577096692349996,6.885336369554561,1675.5051357071711,18.89644546812749,0.3990430017735973,0.2630246781297147,0.9141262046107681,0.06918198130524,6.7962861397065755,3142.185122197027,27.19353111615016,0.34490485116126846,0.24770408536664612,0.8385036645489153,0.061357313907326703,7.025607626416008,3130.9081175298807,25.94160856573705,0.3647630119478181,0.2544569675475769,0.8386395097183112,0.06474834833350862,6.962008481255181,3099.387944066515,26.97641093474427,0.34336185894219606,0.24517072660141362,0.8407032763371898,0.0601086851822651,7.027498399736625,moldy_bread_16.jpg,spoiled_bread
75.50448835784313,2.686044730392157,0.7291601280948888,0.5042252296008589,0.9921474495083262,0.2542430821660389,3.828556018245035,305.6968396770473,5.074740484429067,0.6726753784242719,0.49846022050840383,0.9677721658471812,0.24846259142928656,4.005597211150995,243.95456495098034,3.768627450980391,0.7036836550470035,0.5019024232989129,0.9742694168707683,0.25190604251332116,3.8947780240357375,309.17608612072274,5.164029219530949,0.6714554970375916,0.49831533319822047,0.9674053691950403,0.24831817130045347,4.014062025662661,173.92104453740163,4.874630905511812,0.6800315263134941,0.4995165853168742,0.9819206161317858,0.24951681900663006,4.027017854133917,305.6968396770473,5.074740484429067,0.6726753784242719,0.49846022050840383,0.9677721658471812,0.24846259142928656,4.005597211150995,591.1635396161419,7.011595718503938,0.6509036167697646,0.49547819119599884,0.9367723859515018,0.24549863795085877,4.122767615663699,309.17608612072274,5.164029219530949,0.6714554970375916,0.49831533319822047,0.9674053691950403,0.24831817130045347,4.014062025662661,226.33057991600788,5.661978137351778,0.6669139028345673,0.4954022733232886,0.9764649922562827,0.24542341241388235,4.099401738036952,694.03596007192,8.505580011160019,0.6262750035658702,0.4904718773584909,0.9258346139196567,0.24056266247956257,4.184361010848133,912.6777729743083,9.062222084980236,0.6301432414559636,0.4890755238188089,0.9009135139353971,0.23919486799864234,4.237659030526488,705.6783433566864,8.720162440324877,0.6233601377327371,0.4896498725614115,0.9245904970425994,0.23975699769940653,4.198081475042245,269.5796750992064,6.166821676587302,0.6553019904584191,0.4912319871946707,0.9719585533279087,0.24130886524322512,4.152237330861525,1026.2146729366184,10.58690184192848,0.6022378009646195,0.48177018206574607,0.8886476786544611,0.23210250832766213,4.305264055946959,1227.2494109623017,10.79833209325397,0.6141420882603232,0.4826571784783193,0.8647056036249627,0.23295795193665217,4.319580321352448,1046.6312393569658,10.827836710462591,0.6014759668869578,0.48085492779404654,0.8864323214540952,0.2312214615838177,4.31734573025402,317.46906125498015,6.704152141434264,0.6460505230696283,0.487899929079573,0.9669661662504906,0.23804634079585238,4.198811498694409,1357.102922650542,12.57035777273873,0.5829098139429617,0.4735814771029518,0.8504225086835112,0.22427941545501365,4.406411821755653,1546.3926325946218,12.555201070717132,0.6006571365872375,0.4766835552345967,0.8268327198104237,0.22722721183109482,4.392182684137269,1387.3887944066519,12.870370370370374,0.5840712638193151,0.4724392208445142,0.8470844532980257,0.22319881739217162,4.419397128642596,moldy_bread_17.jpg,spoiled_bread
274.6854166666667,4.976930147058823,0.669691806923673,0.5843800802865886,0.9823966072762464,0.3415000782357598,4.023178940801362,475.682983467897,7.22568242983468,0.6453486977922468,0.5813135257282523,0.969634334541635,0.33792541519461144,4.130428100979256,220.55539215686278,3.9277573529411773,0.69357352123764,0.5840827675204057,0.9858655649339033,0.3411526793142962,3.91403227766005,442.4133794694349,6.937885428681277,0.6471935358620947,0.5814230525953415,0.9717581306412653,0.3380527660892853,4.115732727719164,661.6082062007875,9.103992372047246,0.635488968831938,0.5809570462473148,0.9577662730099018,0.3375110895844046,4.21379886186283,475.682983467897,7.22568242983468,0.6453486977922468,0.5813135257282523,0.969634334541635,0.33792541519461144,4.130428100979256,521.1188484251968,7.268331692913385,0.6515368420536104,0.5805110976646197,0.9667344041873858,0.33699313451178164,4.120520489292458,442.4133794694349,6.937885428681277,0.6471935358620947,0.5814230525953415,0.9717581306412653,0.3380527660892853,4.115732727719164,1041.2348690711462,12.039371294466402,0.6239930242362736,0.5765816686121191,0.9336774861749746,0.33244642057953555,4.319850912310466,1072.3197036394074,12.52721805443611,0.6080217235179393,0.5746287185329635,0.9320819790152577,0.3301981641628358,4.3064326182054025,830.6167860671936,9.573060770750988,0.637077402391516,0.5756363303221562,0.947093019151018,0.3313571847867586,4.23265849770534,953.6622853245708,11.658720317440636,0.6114056923214322,0.5752028979444311,0.9395974401223794,0.33085837380367167,4.2821643417901765,1432.2407614087301,14.67835441468254,0.614054180073464,0.5722979974893478,0.908970402786629,0.32752499793031764,4.397591686371227,1660.392601040479,16.295021012670098,0.5947410396357016,0.5667510779582695,0.895291588481002,0.32120678436686045,4.428892110230882,1152.2742125496031,11.593874007936508,0.6278361195648869,0.5709306528738544,0.9267643679233265,0.32596181039096556,4.308648749322867,1482.7266165695455,15.170554140823949,0.5967358088476756,0.5674548455577488,0.9064956392598678,0.32200500174696856,4.406480401630768,1829.2769546812751,17.126120517928285,0.6076605274688536,0.5679996959251747,0.8839885137022985,0.322623654571091,4.458888207062355,2253.427500629882,19.742598891408417,0.5836804203592215,0.5589539414514201,0.8585071624604139,0.3124295086640776,4.5259990352168,1488.2803162350594,13.544229332669321,0.620209023834081,0.5661079159116741,0.9056142859766547,0.32047817245785903,4.375069895825295,2000.346844293273,18.216395817586296,0.587599799577694,0.5604326789413717,0.8743981108851748,0.31408478762540265,4.498730376225531,moldy_bread_27.jpg,spoiled_bread
331.3197303921569,9.999938725490196,0.1624398704672237,0.0170244750028579,0.9782593258927776,0.00028983274912293346,8.774243113830778,526.6342176086121,13.824805843906187,0.10832820995634011,0.014222176159214684,0.9655124659279354,0.00020227029470373453,9.051829560192601,253.0852175245098,8.860799632352942,0.17159164010690942,0.01776995448973074,0.9834038993246196,0.0003157712825671016,8.697930368757941,515.7131257208766,13.575363321799308,0.11233188543226222,0.014380606309081414,0.9662276574053892,0.00020680183781679215,9.037603804708858,799.6760888287401,18.067728838582674,0.07751842488077759,0.012511041733432898,0.9475990684906918,0.00015652616525569968,9.225300292593383,526.6342176086121,13.824805843906187,0.10832820995634011,0.014222176159214684,0.9655124659279354,0.00020227029470373453,9.051829560192601,610.927180733268,15.983160063976383,0.08725600207687292,0.013615693047127234,0.9600216450251697,0.00018538709715358893,9.159204999240965,515.7131257208766,13.575363321799308,0.11233188543226222,0.014380606309081414,0.9662276574053892,0.00020680183781679215,9.037603804708858,1113.9354465167987,21.050101902173914,0.06783718155669712,0.011787316188492136,0.9271076942044822,0.0001389408229274888,9.315200659769928,1076.2522010044017,21.025032550065095,0.06620880893890899,0.01191301164394705,0.929760553077988,0.000141919846428818,9.319344372687624,860.1050673171937,18.767709362648223,0.07792837108461276,0.013064943890943736,0.9438252334986983,0.00017069275887350807,9.25521911233054,1050.8316231632464,20.63737677475355,0.06968352242436404,0.012004221139029563,0.9314194901381982,0.0001441013251547242,9.312180454908685,1358.5350787450398,22.714797247023817,0.06446527734904112,0.011437762843264644,0.9112274539705238,0.00013082241885876533,9.365549320327165,1458.5985564529988,23.85053664328454,0.06247607729114112,0.011351012004653492,0.905119448425565,0.0001288454735297877,9.393673142532142,1060.323412698413,20.364645337301592,0.07481811788610201,0.01287826488052992,0.9308828357977614,0.0001658497063330903,9.297439219744145,1439.35230983143,23.629333374994143,0.06293586025457432,0.011417618610989682,0.9063692626824048,0.00013036201474601793,9.389703450246108,1648.5721489043824,24.59054407370518,0.060868348640817665,0.011160509452547937,0.8924357555816298,0.00012455697124041186,9.411194964348999,1843.7746441169065,26.418949987402375,0.058968165693282754,0.010985713103910683,0.8804566145040807,0.00012068589240143491,9.453314004953416,1271.714127863546,21.91501182768925,0.07275870151543648,0.012783128730616758,0.9172593607895951,0.0001634083801435196,9.32915151406887,1830.4072971781306,26.35278092718569,0.056872623619761434,0.011015754828884563,0.8813172057579162,0.00012134685445009356,9.448162941642634,moldy_bread_3.jpg,spoiled_bread
274.4863204656863,6.029151348039216,0.36952017145524996,0.04459353486471671,0.9825299591774869,0.001988583351730705,7.784692987536445,509.72587466359096,9.291795463283353,0.28709722087863826,0.03970156367585643,0.9676239837695928,0.0015762141583080826,8.129640716355548,276.68618259803924,5.994515931372549,0.35901270218237946,0.04240833707095928,0.9824072975998389,0.001798467053124099,7.793240915099418,491.9736562860438,9.120692041522492,0.2911304421758685,0.039776040415791344,0.9687515338807859,0.0015821333911586663,8.115553304586866,641.5852146899606,11.05633304625984,0.27001474982094237,0.039639891071301066,0.959211408482612,0.0015713209641446137,8.270875826546623,509.72587466359096,9.291795463283353,0.28709722087863826,0.03970156367585643,0.9676239837695928,0.0015762141583080826,8.129640716355548,639.1168953001968,11.165185162401574,0.2580857238120339,0.036772406770590654,0.9594475759623824,0.0013522098997017814,8.300691010702506,491.9736562860438,9.120692041522492,0.2911304421758685,0.039776040415791344,0.9687515338807859,0.0015821333911586663,8.115553304586866,997.0579916007904,14.287672924901184,0.24086982156981812,0.037685609915268155,0.936611828947497,0.0014202051946857574,8.445165254774828,1081.4874914749828,15.58861367722735,0.2154108594470238,0.03535034645456786,0.931528828572512,0.0012496469944579787,8.52052772994444,1002.8302556818181,14.613080533596838,0.22389992599985792,0.033674910830442925,0.9364068180510743,0.001133999619438282,8.508469286645212,1011.8919337838674,15.09606919213838,0.2215018509723903,0.03580143294395178,0.935934820409889,0.0012817426008402757,8.499847885715091,1356.1392144097224,16.971245659722225,0.22276155747649035,0.03573377437462467,0.9137862894031455,0.0012769026310565828,8.55590556221534,1666.2083925697948,20.064506553765874,0.18559528848637247,0.03157628413477384,0.8945735824493054,0.00099706171975997,8.698965463816956,1381.5906498015875,17.604414682539684,0.20007016655718096,0.0308451611601519,0.912442944086949,0.0009514239669957433,8.645062328727729,1525.2372010186068,19.2443562624006,0.19277215084788404,0.03238942796786449,0.9034893994595732,0.0010490750440854822,8.678256670072479,1710.9414840637448,19.349663844621514,0.2112697203944491,0.0343818216242047,0.8912581020135596,0.0011821096581986301,8.632938908838682,2246.0379346182917,23.871362433862434,0.16822622796862075,0.02874516937906771,0.8579887247847976,0.0008262847626312919,8.819455023621318,1747.0671843874502,20.265298182270918,0.18523945184702445,0.02861015117397976,0.8893714652564402,0.0008185407501979754,8.74931113477949,2015.2161281179146,22.635219828672213,0.17517150196694045,0.029967023809731617,0.8725690870478069,0.0008980225160130216,8.793843043422967,moldy_bread_4.jpg,spoiled_bread
200.99653799019612,6.75389093137255,0.2771785997985712,0.05185946833938848,0.9842987570425029,0.0026894044564440365,8.090477049119967,555.8332641291812,11.992525951557095,0.17540526238764656,0.045321211712863324,0.9564049951431746,0.0020540122311221796,8.5848676475615,403.6824601715687,8.916344975490198,0.2318064111948367,0.04659153802842507,0.9682696653997077,0.0021707714158541794,8.315320314479758,551.0637293348713,11.558892733564013,0.1985175814424106,0.04558596649024985,0.9567790807967429,0.0020780803408501827,8.52982131245263,468.5431532972442,12.323480561023622,0.1696913082325656,0.04909870575374633,0.963478969900487,0.002410682906692963,8.620926300377516,555.8332641291812,11.992525951557095,0.17540526238764656,0.045321211712863324,0.9564049951431746,0.0020540122311221796,8.5848676475615,973.9720103346459,16.373308316929137,0.13449382014799657,0.041017971849754684,0.9231294589307667,0.0016824740146672674,8.833427134141436,551.0637293348713,11.558892733564013,0.1985175814424106,0.04558596649024985,0.9567790807967429,0.0020780803408501827,8.52982131245263,639.4094614624505,14.529706027667984,0.15100844298371524,0.048480905782363685,0.950250069080837,0.0023503982254784246,8.73777149745341,1183.9250883501768,19.065487630975262,0.11987638250113326,0.040334149873191526,0.906966466294544,0.0016268436459930759,8.921727099616263,1478.81608201581,20.40137104743083,0.11831405242702407,0.03759540449020637,0.8827148567755856,0.0014134144387822293,8.982915710725985,1176.4159588319178,18.18162936325873,0.1425856713275092,0.04067891076729446,0.9075565226615588,0.0016547737812135056,8.856522103033383,780.9074745783732,16.031172495039684,0.14056355535614773,0.04788410251512881,0.9393511007920915,0.0022928872736793656,8.80108104859002,1716.4097392554172,22.899107937946226,0.10708021291573458,0.0369682728757757,0.8647185752942829,0.001366653199417813,9.037590268968046,1963.2623232886904,23.65638950892857,0.10740742671398633,0.03451969830066923,0.8435298017447391,0.001191609570769226,9.073390062930468,1737.4353450296053,22.34724804324392,0.12354328496355937,0.0372701113945773,0.8630614550191896,0.0013890612033642012,8.997948816760545,934.8772721613545,17.431088147410357,0.13472089027624737,0.047581355987967006,0.9275297040297791,0.002263985437653644,8.850330455874754,2248.4483812043336,26.310689090450996,0.09993527877695507,0.033809055285204496,0.8222605449527041,0.001143052219278014,9.124394664125912,2456.1008154880474,26.640095866533862,0.1015403895179808,0.03166928032859191,0.8032810345922817,0.0010029433165309385,9.144087171338882,2300.9161785084407,26.048800075585792,0.11031981780423014,0.034201763342819116,0.8181144530146076,0.0011697606157582056,9.095877903717092,moldy_bread_5.jpg,spoiled_bread
239.40801164215694,5.924494485294119,0.4022448458177905,0.03351801449887615,0.9850141134330114,0.0011234572959468718,7.791139787703947,399.96003075740106,8.360707420222992,0.3361429937795875,0.028614358742162355,0.9750022281144196,0.0008187815262251632,8.064171034326582,213.8958180147059,5.459635416666666,0.3976654418227975,0.03255065236185791,0.9865974297124934,0.001059544969182526,7.750545316787788,413.81608612072284,8.571426374471358,0.3344128420153355,0.02851520040062908,0.9741362258383797,0.0008131166538880367,8.088336463277571,571.9723948080709,10.830570250984255,0.2948981055483774,0.02595753189046941,0.9642879862905067,0.0006737934618447363,8.26441221677963,399.96003075740106,8.360707420222992,0.3361429937795875,0.028614358742162355,0.9750022281144196,0.0008187815262251632,8.064171034326582,509.0052749753937,9.973225270669293,0.28323006304162046,0.02511885616686484,0.9681545222809279,0.0006309569351316438,8.243234755357376,413.81608612072284,8.571426374471358,0.3344128420153355,0.02851520040062908,0.9741362258383797,0.0008131166538880367,8.088336463277571,890.7363667243085,13.712929224308304,0.26898837667874637,0.02459806451564955,0.9444099881294916,0.0006050647779160575,8.409978384386534,839.0711451422901,13.502883005766009,0.25421386470078966,0.023902010252217092,0.9477710044150168,0.000571306094097091,8.404791180712142,790.9704020503953,12.68445837450593,0.24734090732948621,0.02310300906228981,0.9504526485433326,0.0005337490277322451,8.415230888163975,873.6635563271128,13.806838613677229,0.25129061485912935,0.02369783412249149,0.9456178690513162,0.000561587342097122,8.430614844123667,1210.5806206597222,16.088123139880953,0.2559007190247272,0.02396453623678733,0.9244824360102576,0.000574298997044293,8.493333850988922,1292.0737864987736,17.099923448265088,0.2240680420672999,0.022078757473416182,0.9195104603309623,0.000487471531569931,8.568985679535253,1073.3083612351193,15.000139508928573,0.22049104716161883,0.021703617042112096,0.9326829897288229,0.0004710469927106586,8.534543125548247,1320.096267712353,17.238075895577182,0.22016484555936036,0.021940987971667252,0.9177651991384277,0.00048140695317284705,8.58664663785583,1542.5715575199206,18.29124128486056,0.24506159365638933,0.023359364836899967,0.9038161164662318,0.0005456599255833985,8.564565156848406,1748.815523431595,20.324404761904766,0.19842303015637547,0.020626548154319517,0.8909716947718976,0.00042545448876246184,8.68898423106749,1365.1069783366536,17.227185009960163,0.1968664396441796,0.020477984719082284,0.9142747771684048,0.0004193478581549675,8.631254608974544,1737.38529856387,20.110575711766188,0.19302444992426301,0.020483651362286897,0.8916852278099512,0.0004195799731317179,8.70191295894567,moldy_bread_7.jpg,spoiled_bread
252.3166819852941,6.56015625,0.4791231169032871,0.2751825307720212,0.9855421145559914,0.07572542524209439,6.2311836492465424,625.8848135332564,11.34332948865821,0.39708331667036967,0.26396199460394176,0.9641232886521023,0.06967593459529138,6.520346475855249,423.35867034313736,8.138112745098042,0.4495101839594647,0.27289614963089126,0.975665747901215,0.07447230848336578,6.318657598711511,626.8006151480201,11.470757400999616,0.39540559922042623,0.2638756753037924,0.9640707934493519,0.06963037201703247,6.527628609000212,581.7098455954726,12.151836245078742,0.3978145868879774,0.26200535133004144,0.9667588584513045,0.06864680412557846,6.593304566644084,625.8848135332564,11.34332948865821,0.39708331667036967,0.26396199460394176,0.9641232886521023,0.06967593459529138,6.520346475855249,1004.1274452509842,15.10431532972441,0.3691121444188804,0.257320918142038,0.9422612334176974,0.06621405491346141,6.6852065834692525,626.8006151480201,11.470757400999616,0.39540559922042623,0.2638756753037924,0.9640707934493519,0.06963037201703247,6.527628609000212,845.34774888834,14.89953372035573,0.3777779648497201,0.25036372531172657,0.9516399041537369,0.06268199495196568,6.72881149231993,1337.769638539277,18.391189782379566,0.34335872182708194,0.2470302535030689,0.9235006944844374,0.06102394614579048,6.810899143501847,1522.6778192934783,18.977257287549406,0.3469940324853344,0.24251662079768535,0.9122230448246628,0.05881431136312831,6.8335459273198556,1336.3618017236035,18.540207080414163,0.34205792434709414,0.24758216619507525,0.9235812005264162,0.06129692901784587,6.811212417865073,1088.2311507936506,17.054315476190474,0.3595997003146802,0.239506326478935,0.9376736720938722,0.0573632804234342,6.825464445922968,1975.7080566795298,22.779124810573514,0.3162218047455517,0.23091977054818355,0.8866145892616737,0.053323940430025744,6.969918172312566,2014.1216982886904,22.200536334325392,0.3264798952935523,0.22968234923298525,0.8836175673748556,0.052753981549182996,6.939640435094853,1968.2652908184787,22.809308066053212,0.31830593773493315,0.23249850870046165,0.8870417278064253,0.054055556547938644,6.96325339906768,1336.0740164342633,18.97326319721116,0.34948109860143517,0.23040118022464232,0.9233873466482756,0.053084703848908114,6.89923185217957,2598.41441484001,26.644825522801714,0.30033655877828375,0.22023127575014484,0.8503576488652642,0.04850181481853633,7.086352102396273,2507.9813869521913,25.208354083665338,0.3139988449344211,0.22101513954152513,0.8547498245681405,0.04884769190655982,7.018990852024547,2577.5253054925674,26.485371000251952,0.30274741413951717,0.22294693027864998,0.8515607306012801,0.04970533372067321,7.078003442557465,moldy_bread_8.jpg,spoiled_bread
238.07884497549017,7.782061887254902,0.2875202852701959,0.08387770029267533,0.9745499396878546,0.0070354686063878675,7.932484806881808,570.038246828143,12.556570549788544,0.206317465454677,0.07827281241183291,0.9385019167065396,0.006126633162857985,8.311139753623474,363.11194852941173,8.524662990196077,0.27212115817206667,0.07951073482731486,0.960799571328422,0.00632195695277958,7.9728467069297775,528.2378777393311,12.05988465974625,0.21114088262633884,0.07834928950649327,0.9430115162525093,0.006138611166172297,8.283926738389997,569.3664185531496,14.318005659448819,0.18989612434880393,0.08221183590731104,0.9391819198836251,0.006758785963250637,8.426920466778759,570.038246828143,12.556570549788544,0.206317465454677,0.07827281241183291,0.9385019167065396,0.006126633162857985,8.311139753623474,881.511457308071,15.70747723917323,0.175530370845275,0.07412289239276415,0.9039379905586779,0.005494203176669294,8.479988892743147,528.2378777393311,12.05988465974625,0.21114088262633884,0.07834928950649327,0.9430115162525093,0.006138611166172297,8.283926738389997,783.8520565711462,16.846035079051383,0.17617702167005633,0.0816005890649732,0.9162489081981303,0.006658656135750623,8.536179992703623,1256.960288920578,20.128061256122518,0.15333231171404182,0.07352701070262266,0.8632119851078954,0.005406221302863588,8.642949123192375,1303.2146121541502,19.46180212450593,0.15546029642045306,0.06957789558106256,0.8565805663596247,0.004841083553489244,8.634149858800603,1107.9557319114638,18.926250852501703,0.15436566753678316,0.07331166231748418,0.8794273428390291,0.00537459983175283,8.606480615147202,963.3562903025795,18.56617373511905,0.1670085435820697,0.08102686008769835,0.8970338897807808,0.006565352055671444,8.599302942660273,1781.0563202049711,24.04065053351873,0.1356534140265451,0.06878960922340734,0.8042127997956272,0.004732010337109088,8.76451411762763,1699.8512059771829,22.507517981150798,0.14056895836873173,0.0651445554445624,0.8110445817356196,0.004243813104069663,8.735666017645375,1543.133106281929,22.54618881719758,0.13671844136980887,0.06869553371928618,0.8303672916734643,0.004719076352977584,8.733553130059933,1140.5501898655382,20.08271601095618,0.16266090926181362,0.08061893719356057,0.8780341973465907,0.0064994130342192645,8.646983736062431,2277.8574263038554,27.368197278911566,0.12484354666452557,0.06434275722256466,0.7469964636767545,0.004139990407001897,8.849881135543122,2095.592722858566,25.34446588645418,0.12958882202084404,0.06164475601981541,0.7646576158396213,0.003800075944742568,8.812241003568401,1941.613142479214,25.56331884605694,0.12524527286418835,0.06421864761358198,0.784343908104046,0.004124034701317419,8.818242259942673,moldy_bread_9.jpg,spoiled_bread
407.68651960784314,9.696446078431373,0.23300472006798112,0.04665360231891474,0.972458130065166,0.0021765586093314467,8.571232827660413,648.8296193771628,13.622176086120726,0.17995738743151068,0.041295885853347813,0.956178522461062,0.0017053501884127318,8.879536101816319,353.726700367647,8.99330575980392,0.2374892997100567,0.04305646133496726,0.976082902329935,0.0018538588626895304,8.529058756767466,684.0433986928106,13.918800461361016,0.17826681484183587,0.04136358875225202,0.9537999924392313,0.0017109464744654297,8.881960852364532,949.1314745324806,17.82220410925197,0.1508658868419525,0.04407729043059147,0.9359561791548838,0.0019428075317027102,9.069592745005686,648.8296193771628,13.622176086120726,0.17995738743151068,0.041295885853347813,0.956178522461062,0.0017053501884127318,8.879536101816319,826.8058101624017,16.54972010334646,0.15049106858146916,0.03595763696184886,0.9441096161823921,0.0012929516558801192,9.058606110621078,684.0433986928106,13.918800461361016,0.17826681484183587,0.04136358875225202,0.9537999924392313,0.0017109464744654297,8.881960852364532,1387.8715569417,21.966665637351785,0.13403603515365414,0.04318488818614929,0.9063275072592383,0.0018649345676502165,9.209463252674382,1233.926421352843,20.85217620435241,0.1271952688049048,0.03461679913403802,0.916781266582896,0.0011983227822863357,9.223261429745563,1245.1786684782608,20.76858942687747,0.12475784654123001,0.03030254081509486,0.9157965661532688,0.0009182439798504897,9.239036535710955,1381.8525017050033,22.123349246698496,0.1261040627862062,0.03485912518451336,0.9068029380185947,0.0012151586086295736,9.243674173204708,1789.7152467757937,25.187406994047617,0.12238384788579312,0.04255699906475344,0.8791827312043704,0.001811098169397425,9.295660427237081,1759.6352075489383,25.27472699151682,0.10608769679590724,0.028959848033038832,0.881251449716576,0.0008386727980967031,9.371441228328706,1639.8035249255954,24.195855034722225,0.1064946793514814,0.025573494237842543,0.8890685415152824,0.0006540036075329657,9.360115758703396,2028.2793200956116,27.336327703916638,0.10549416261158162,0.029119467438819786,0.8631157040418941,0.0008479433839204858,9.399597528755153,2223.0630602589645,28.24642056772909,0.1166340974144513,0.04231062978271641,0.8499017610350225,0.0017901893926100885,9.361930858930727,2210.715057319224,28.67776832955405,0.09384109243418316,0.024330123976477092,0.8507267137744005,0.0005919549327107454,9.468662534387054,2063.2554158366534,27.50641185258964,0.09590321653132076,0.022042325249789805,0.8603614876236985,0.0004858641024175212,9.454831220628938,2633.6141975308647,31.731009070294782,0.09213763169652348,0.02461039869635734,0.8221560987813226,0.000605671723993667,9.505188268671455,moldy_sandwich_15.jpg,spoiled_bread
171.35986519607846,4.70560661764706,0.5241479119439476,0.28844914516625136,0.9896573192273836,0.08320290934714114,5.817748138445757,526.4221145713187,8.525890042291426,0.44825656954178356,0.2822955407919789,0.9681284695127594,0.07969077235103582,6.086581103928662,341.23710171568626,5.917984068627452,0.49859987771894476,0.2866947613124679,0.979287560151662,0.08219388616401295,5.884229737844687,410.2206535947712,7.678031526336023,0.45346290239408793,0.2825754248223357,0.9751637332367993,0.07984887071352349,6.051951092712105,409.9217212106299,8.572680856299211,0.44951148316715406,0.28311923118316196,0.975321415655603,0.0801564990657447,6.135825723605675,526.4221145713187,8.525890042291426,0.44825656954178356,0.2822955407919789,0.9681284695127594,0.07969077235103582,6.086581103928662,847.687438484252,10.963521161417322,0.427188601774677,0.280306786046142,0.9483835738413169,0.07857189430351762,6.210997260947632,410.2206535947712,7.678031526336023,0.45346290239408793,0.2825754248223357,0.9751637332367993,0.07984887071352349,6.051951092712105,610.8153100296443,10.39757287549407,0.43620777851777515,0.27749681183523506,0.9632277648494665,0.07700448057871985,6.240842628652793,1244.216411432823,14.423708847417696,0.39546098734687574,0.27173280092526564,0.9246271693102222,0.07383871509869004,6.3396960615163325,1375.007380187747,14.261672430830043,0.40745683952365563,0.2729109151115259,0.9158865954981826,0.07448036758701049,6.346903114834378,834.6699113398226,11.91226982453965,0.4007804642246,0.2729471338679957,0.9494369039572302,0.07450013788675355,6.2823624888758625,808.245132688492,11.755921378968253,0.4259856885109889,0.27242802908562674,0.9513426057169914,0.0742170310314791,6.3107753342204385,1950.182036901061,18.374791045009296,0.37352778496791117,0.25994943455218655,0.8813247392312707,0.06757370852400152,6.488515447381129,1909.8499193948412,17.107266865079367,0.39158006533495787,0.26564006138837687,0.8826193253270787,0.07056464221442064,6.446784450509425,1293.1288412566983,14.756268649721132,0.38003401278056664,0.2619661633616616,0.9213086780926549,0.06862627074642877,6.413499900362089,1019.0929407370518,13.112767679282868,0.4173004102512529,0.26703188450056164,0.9386492145778771,0.0713060273399213,6.374436279014034,2673.4357835726887,22.16115520282187,0.35582893089445666,0.2487830123989104,0.836564851337444,0.061892987258276404,6.619314453918421,2453.893410732071,19.891418700199203,0.3794568694396949,0.2588894125092471,0.8484634702295674,0.0670237279093831,6.531844692229915,1710.0031809019904,16.981512975560594,0.36393895184405484,0.25158152912442877,0.8954623762420507,0.0632932657965858,6.5232412253590075,moldy_sandwich_16.jpg,spoiled_bread
164.22101715686279,5.819087009803923,0.39389511950725437,0.18531615997513923,0.9891567593796532,0.034342079147931394,7.032249214258158,326.31772395232605,8.882706651287968,0.3275231101282732,0.1777985677404184,0.9784123459489363,0.03161233069054416,7.3546271529575495,198.89522058823533,6.366299019607842,0.3709873712336707,0.18420163479330554,0.9868396307588911,0.03393024226052631,7.115265275613708,311.46662053056514,8.907450980392156,0.3264908518674221,0.17990749527920746,0.9793948315015449,0.03236670685763806,7.3597423440009715,393.3335845226379,10.638579601377954,0.3079711883563204,0.17458427975822852,0.9740346231294115,0.030479670738699404,7.476662526006193,326.31772395232605,8.882706651287968,0.3275231101282732,0.1777985677404184,0.9784123459489363,0.03161233069054416,7.3546271529575495,489.7608575295277,11.733206200787404,0.2831808030039917,0.17262636963618846,0.9675303312978089,0.02979986349376997,7.57610622778178,311.46662053056514,8.907450980392156,0.3264908518674221,0.17990749527920746,0.9793948315015449,0.03236670685763806,7.3597423440009715,532.4037796442688,12.593132411067195,0.28741565299617255,0.1673406688772185,0.9648445289894921,0.028002899460274885,7.5972805933856495,679.3415896831794,14.045446090892183,0.2655694426065535,0.16372046766580198,0.9549769637271234,0.026804391532708912,7.683871949010252,720.3826426630435,14.568629570158105,0.25740338788933914,0.16382170604531684,0.952163244114413,0.0268375513715982,7.753338690697218,626.9615754231509,13.975122450244902,0.2689097713874683,0.16942939073485436,0.9584484362357265,0.02870631844478395,7.681184886495328,643.2754836309525,13.945932539682543,0.27303059129315144,0.16167687056277957,0.957513285985404,0.02613941047497378,7.665907677607144,939.7314283928822,16.703229233389052,0.24153437602698727,0.15524430873124767,0.9375985887460326,0.024100795393442946,7.826405297062237,938.3625837053572,16.85210503472222,0.23795633263267912,0.15650486573064487,0.9375862953133717,0.02449377299736718,7.8748851742666846,859.7279445078036,16.597822181255765,0.2474657671848349,0.16286787608135175,0.9429111134204801,0.026525945059250555,7.82298797396296,759.8512356822708,15.152001369521912,0.2656381787374349,0.15955783269907947,0.9498014862174742,0.025458701975627433,7.711603365999159,1202.1641471403373,19.039682539682538,0.22580536919255645,0.14979997128873254,0.9200173353199511,0.02244003139810509,7.92961691046077,1171.8874035109563,18.924816359561756,0.2260658915876461,0.1510734294779064,0.9219265165286576,0.022823181094215956,7.961128670169769,1081.1368890148651,18.76825081884606,0.2330144773329969,0.15840770700226656,0.9280695708601513,0.02509300163771593,7.925396347685979,moldy_sandwich_17.jpg,spoiled_bread
187.14232536764706,4.41704963235294,0.3864972842632488,0.030759140208935845,0.9877577237764452,0.0009461247063929739,7.557244201641387,385.3108342945021,7.144221453287198,0.29503811008748926,0.025922662086059683,0.974861169971397,0.0006719844096280362,7.898839174781653,216.92238051470588,4.507552083333334,0.385359594379155,0.03136565375754243,0.9858569154793476,0.0009838042356380358,7.488111408663305,350.7611534025375,6.588204536716647,0.31839602944824985,0.027220842912452956,0.9771151131423337,0.0007409742888644403,7.802292727862425,429.33849040354323,8.208968996062993,0.25631055482562,0.02346310244125081,0.9718934445613722,0.0005505171761686296,8.092287289975632,385.3108342945021,7.144221453287198,0.29503811008748926,0.025922662086059683,0.974861169971397,0.0006719844096280362,7.898839174781653,486.51679379921256,8.507935531496063,0.24884155324331753,0.023930495728379752,0.9683643098237532,0.0005726686258060016,8.031859185043434,350.7611534025375,6.588204536716647,0.31839602944824985,0.027220842912452956,0.9771151131423337,0.0007409742888644403,7.802292727862425,688.5901679841896,10.801784832015809,0.214709887357396,0.021084628284247547,0.9548511572474655,0.00044456154988489164,8.303710959678245,824.3563612127223,12.440929381858762,0.195036762908957,0.02046031099459706,0.9463222072067774,0.0004186243259956293,8.35620394808897,776.1145473073124,11.53802803853755,0.20234262916993218,0.021140967658867228,0.9495573982976547,0.00044694051355327006,8.293837258831864,696.5338055676111,11.005130510261019,0.2225849466222754,0.02183654577393178,0.9546439227923769,0.00047683473133701784,8.236219501749783,959.4651227678571,13.101469494047619,0.18939360300055044,0.01960567902814867,0.9369895805715602,0.0003843826501547885,8.43870981717654,1292.2224062241248,16.390788795325655,0.1583143919182216,0.01817457155874865,0.9157711834361344,0.00033031505134407534,8.573989472996681,1088.8605840773812,14.369016617063494,0.17245084924866794,0.019360571541826545,0.929263480374812,0.0003748317304261839,8.469668944102228,1091.4205971035321,14.525316752331705,0.1823506845601599,0.01951606096431094,0.9288547398131496,0.00038087663556270125,8.458869887548616,1234.7456424302788,15.248537101593623,0.1703611204206659,0.01846966241022849,0.9187800317871755,0.00034112842954780727,8.547424102614563,1753.1682728647015,19.830750818846056,0.13401950212170038,0.016720208529125667,0.8856050152359538,0.00027956537325744666,8.717076524890786,1414.171921688247,17.031172186254985,0.15099425520516385,0.018082025820947447,0.9081701875548946,0.0003269596577894102,8.60129570659577,1463.7767857142858,17.48927626606198,0.15678989920456574,0.01797387127029266,0.9044764193684465,0.00032306004844105186,8.607552225989407,moldy_sandwich_24.jpg,spoiled_bread
239.96698835784318,5.143275122549019,0.3670260983332684,0.031152008014703827,0.9842954647251652,0.0009704476033481715,7.619114876084927,353.92911956939645,6.971580161476355,0.3101075991481107,0.027944243511860097,0.9768228103318058,0.0007808807454501352,7.853188982570581,135.39378063725493,3.7987132352941186,0.41255126182853175,0.03369652899244854,0.991122444306651,0.0011354560661389255,7.4059543224293805,329.0968242983468,6.6604075355632455,0.3237187236326495,0.028870402540724243,0.9784490651006911,0.0008335001428634568,7.798351341412536,549.8229730561022,9.647499384842519,0.24847788090310424,0.024551927463617944,0.9640633059833736,0.000602797142178757,8.135489912728882,353.92911956939645,6.971580161476355,0.3101075991481107,0.027944243511860097,0.9768228103318058,0.0007808807454501352,7.853188982570581,311.8420121801181,7.0400006151574805,0.29442543599806104,0.027005669554262972,0.9795401960656548,0.000729306188074046,7.90758556838956,329.0968242983468,6.6604075355632455,0.3237187236326495,0.028870402540724243,0.9784490651006911,0.0008335001428634568,7.798351341412536,869.541810770751,12.804193428853754,0.2102260406696497,0.02206416954991223,0.9431660460005733,0.0004868275779272739,8.363147833343934,758.9247163494329,11.999457498915,0.21942308654990061,0.022548954777758826,0.9503329513998756,0.0005084553615694125,8.297159560882399,499.69009387351775,9.385251976284584,0.25006351284418593,0.024233898751252377,0.96715662928908,0.0005872818486859514,8.144900072170987,665.4100688201376,11.183334366668731,0.2343592177294283,0.023658379284587572,0.9564537828226679,0.0005597189103734024,8.227826537908967,1208.3378286210318,15.635695684523807,0.1857902756943131,0.020518729416374386,0.9210233439186319,0.0004210182568623876,8.509803838445809,1187.0381821306378,15.753737755628116,0.18373652617788894,0.020143185843259123,0.9221736224789251,0.0004057479359160747,8.513129916672279,697.9618985615078,11.450520833333332,0.22050858606605905,0.02236397269723274,0.9540409314976561,0.0005001472748025715,8.299601024365145,1031.1012045181146,14.577434423284224,0.1974348222387421,0.02132132312175802,0.9324001490771577,0.0004545988196624132,8.438169389543901,1560.7413937998012,18.313978461155383,0.16881843088829412,0.019384942292678762,0.8979984175035858,0.00037577598769048567,8.621765296302595,1613.5684208868734,19.009967876039305,0.15738498840917245,0.0185599621118332,0.8940144667515675,0.00034447219359268395,8.651751830389497,896.3617405378486,13.233410109561753,0.19934328692560324,0.021019167720163226,0.940870513170219,0.0004418054116483518,8.41101653383892,1377.8826530612246,17.381897203325774,0.17541082342741887,0.019971045949248954,0.9095007685541491,0.00039884267630701305,8.572438949340768,moldy_sandwich_27.jpg,spoiled_bread
231.0781556372549,5.64420955882353,0.5290117608098062,0.30512856055878795,0.9875663673971914,0.09310343846867791,5.859651785282948,603.2955940023066,9.570995770857362,0.46758558956496343,0.2997090985431541,0.9675138823589123,0.08982554374955005,6.112333998272037,405.7955422794116,6.501547181372548,0.519161847091524,0.3029600273002741,0.9780861678376306,0.09178477814178285,5.8835756103675045,572.0250826605153,9.316093810073049,0.46922518030072585,0.2997674965083864,0.9691977452840774,0.08986055196290545,6.100603571548746,540.8533772145669,10.342212106299211,0.4580105040418329,0.2936480581904649,0.9709816323819609,0.08622918207903066,6.20448626754382,603.2955940023066,9.570995770857362,0.46758558956496343,0.2997090985431541,0.9675138823589123,0.08982554374955005,6.112333998272037,977.7055856299214,12.038232037401578,0.4430052412500529,0.2895555357072277,0.9471601301805413,0.08384240825869961,6.256237898848842,572.0250826605153,9.316093810073049,0.46922518030072585,0.2997674965083864,0.9691977452840774,0.08986055196290545,6.100603571548746,805.126543972332,12.85150074110672,0.44278506913954285,0.28935445687670325,0.9568288715051395,0.08372600171441191,6.331206635857074,1342.432171864344,15.90699981399963,0.41572475024953215,0.28679424151348276,0.9278662099386196,0.08225093696529387,6.407345544028084,1516.758970479249,15.924700469367588,0.4183670520762294,0.2823287358284432,0.9178399027786823,0.07970951507448687,6.431682244125289,1225.4249488498979,15.115196230392463,0.4179095250039572,0.28717500004586527,0.9341535701311633,0.08246948065134271,6.385110534992816,1067.3587394593255,14.914202008928571,0.4285568472771851,0.2824585333740393,0.9428037955712707,0.07978282307581329,6.416825034461416,2043.7355371900826,20.58729241200456,0.38848556768569076,0.2751342666617002,0.8900058931306671,0.07569886469147155,6.585220167135639,2060.4924200148816,19.43221416170635,0.39669786032585913,0.2725218027632273,0.888128590408983,0.07426813298131937,6.5658577715646125,1854.7482541517602,19.432626661875677,0.39255722032257717,0.2759546320802809,0.900177434687681,0.07615095896656322,6.555018421240477,1337.988763695219,16.785607569721115,0.4219760912798479,0.2782989832816576,0.9283539578737363,0.07745032409560432,6.482765755514956,2751.2917768959437,24.838325144872766,0.36894892630191667,0.26621135238876675,0.8516884316658455,0.07086848414065616,6.717374460187491,2616.6166894920325,22.741347111553793,0.38134795315421155,0.2651389136736704,0.8575856872567252,0.07029864354405402,6.665166565293028,2473.513196019149,23.164430587049637,0.37511549500944136,0.26798487218034495,0.8666626861412917,0.07181589171751583,6.6777289353174325,moldy_sandwich_5.jpg,spoiled_bread
375.9590226715686,9.546461397058822,0.24197673387913837,0.08284604839446326,0.9724361438442254,0.006863467734577748,8.397341711986984,701.3544790465205,14.1677970011534,0.1902092046285453,0.07792134869565227,0.9484786370635981,0.006071736582549429,8.729189975195105,409.63760723039223,9.421920955882355,0.24259035970717938,0.07895650948499629,0.9698935851841876,0.006234130390054308,8.384622533240735,707.8575778546713,14.29817762399077,0.18580846536315745,0.07782172161244007,0.9480009186691063,0.006056220354724121,8.739688244217058,874.5268362450789,17.505059670275593,0.1650618024522968,0.08123654793459266,0.9359157750637208,0.006599376720329371,8.88718675009694,701.3544790465205,14.1677970011534,0.1902092046285453,0.07792134869565227,0.9484786370635981,0.006071736582549429,8.729189975195105,965.5941344734255,17.408510703740163,0.16061520643358707,0.07355624432203636,0.9288934707912155,0.005410521078763107,8.916379328274273,707.8575778546713,14.29817762399077,0.18580846536315745,0.07782172161244007,0.9480009186691063,0.006056220354724121,8.739688244217058,1255.8410634881423,21.419528162055336,0.1489962441154266,0.0805475249812995,0.9078909169055175,0.006487903780613066,9.020676138614473,1432.3017081034163,22.632788765577537,0.14164598898827252,0.0729435361856457,0.8946261135379816,0.0053207594712666026,9.085442939252397,1478.8511610671935,22.233047183794465,0.1384307531497343,0.06888366676706817,0.8907405290927584,0.004744959547276492,9.097204995653438,1449.9146103292205,22.867149234298463,0.13846486652485154,0.07295787700369284,0.8933303312978924,0.005322851816885973,9.093198631046254,1600.4670293898807,24.406265500992063,0.14097692284296726,0.07994670957219599,0.8825069827257556,0.006391476371421053,9.102004679073023,2095.776812635723,27.889515536877624,0.12579597516114094,0.06829503034380316,0.8451629478702928,0.004664211169660995,9.233679699707855,1980.2907211061506,26.323025173611107,0.12459179954788042,0.06449336916094811,0.8532160008774168,0.004159394665730332,9.220077791085446,2109.2905372681967,28.14329234951335,0.12242095219355908,0.06813831324916378,0.8441649496677478,0.004642829732441168,9.242106157415327,1976.6397534860557,27.240008715139446,0.13595311159279622,0.07958960712552994,0.8547459458101085,0.006334505562396207,9.16644702740388,2737.8590482489294,32.47614323507181,0.11398087030514942,0.0638209213296685,0.7968628703621534,0.004073109999367736,9.337413358476107,2510.430450074701,30.18960097111554,0.11563675842624103,0.060648165652933884,0.8132832626876867,0.0036781999970657096,9.317498276710374,2726.736819727891,32.596261652809275,0.11169807353777733,0.06361729435332789,0.7976912368151716,0.004047160140837965,9.341994564363464,moldy_sandwich_6.jpg,spoiled_bread
226.5145680147059,4.837637867647059,0.39165999496455334,0.03231589450960091,0.9867239981758402,0.0010443170379556541,7.592543496589889,394.86622068435224,7.129442522106883,0.32598992422765577,0.028408485310335695,0.976901169923021,0.0008070420376275591,7.8561205480885805,187.44937193627456,4.3490962009803935,0.40748703537362513,0.03300995564308009,0.9890329516098822,0.001089657171558115,7.492385716788283,357.2548865820838,6.777777777777779,0.3229609474717223,0.028200247292706183,0.9791011789571554,0.0007952539473697824,7.841495425114614,539.1429010826771,8.947650098425196,0.2706223274810612,0.02518713315059117,0.9684065183785534,0.0006343916763456086,8.090886985746673,394.86622068435224,7.129442522106883,0.32598992422765577,0.028408485310335695,0.976901169923021,0.0008070420376275591,7.8561205480885805,437.93101008858275,8.034725639763781,0.2817479452974263,0.02562825217520269,0.9744273152923189,0.0006568073095557814,7.9960879233662325,357.2548865820838,6.777777777777779,0.3229609474717223,0.028200247292706183,0.9791011789571554,0.0007952539473697824,7.841495425114614,878.1502902667984,12.018404150197627,0.23337038678362979,0.023036398338176643,0.9485286551122818,0.0005306756483951476,8.29860021140054,877.2318029636058,12.188247876495751,0.23257683502826404,0.023024499123392866,0.9487907446320758,0.0005301275598831188,8.267338336799465,704.5257843379445,10.714982707509883,0.23521489870643292,0.022904120514493014,0.958864503981199,0.0005245987365424198,8.223765370242663,736.3177351354701,11.125131750263499,0.23035211132831118,0.02296904821290148,0.9570152694577685,0.0005275771758065927,8.238893426736821,1239.1887865823412,14.803059895833332,0.2104969012389389,0.021755143971172376,0.9273457855624874,0.00047328628920643783,8.432730408807714,1400.4658094955398,16.207033385930103,0.19432579103780617,0.020686228372970565,0.9182353298532726,0.00042792004429869246,8.477267662526119,988.351066468254,13.143229166666666,0.20518109693114217,0.021132744720856387,0.9422986901500177,0.0004465928994368834,8.37946252372167,1173.5776062741177,14.65532971925823,0.1923297804902213,0.020744150017684707,0.9314772929327573,0.0004303197599562085,8.44359805740102,1610.1094061254978,17.41073207171315,0.19514002090307708,0.02083139209738502,0.9055805168825218,0.00043394689671499506,8.537512728744826,1939.1155832703453,19.88485764676241,0.16675870232148765,0.019093050066991746,0.8867635229727304,0.00036454456086065345,8.626822983797467,1278.6612612051795,15.405191733067733,0.18267986177682738,0.019845113857670783,0.9253577444064147,0.000393828544023917,8.49745256643862,1599.5414619551527,17.64507747543462,0.16682799123746533,0.019248693175033294,0.9065838514567995,0.00037051218894657326,8.583106987618045,moldy_sandwich_7.jpg,spoiled_bread
366.8184283088236,8.481020220588237,0.21726734705783876,0.01910887488655224,0.9745352589297797,0.00036514909942990685,8.500958780241389,670.7826374471358,12.841537870049981,0.15777892595996268,0.01586388431900975,0.9533448986475959,0.00025166282568692345,8.83899339910967,427.6546721813725,9.56153492647059,0.20057017428818152,0.018155149073719363,0.9703282751726527,0.000329609437888973,8.603669096823928,708.407412533641,13.331856978085352,0.14828204383713206,0.01530955620928433,0.9507267338299842,0.00023438251132523635,8.888417784587157,891.0659756397639,15.473578986220476,0.12165894744626593,0.014139655124286676,0.9379962901781161,0.00019992984703376643,9.011098946937643,670.7826374471358,12.841537870049981,0.15777892595996268,0.01586388431900975,0.9533448986475959,0.00025166282568692345,8.83899339910967,1052.5321573572835,17.548920398622045,0.1129442891991511,0.013541365810734715,0.9268374947116994,0.00018336858802013505,9.105238735505457,708.407412533641,13.331856978085352,0.14828204383713206,0.01530955620928433,0.9507267338299842,0.00023438251132523635,8.888417784587157,1351.1600636116602,19.39196825592886,0.10150923744910502,0.012990818417180307,0.9057272162528563,0.00016876136314815108,9.169874202781559,1361.2746605493207,19.80888461776923,0.10734873538002362,0.013300711080989366,0.9049081668082216,0.0001769089152599533,9.153739582015655,1629.85523715415,22.361937994071145,0.09369635323110712,0.012386536677686223,0.8864354535017113,0.00015342629086766607,9.268934031899361,1488.3576632153265,21.032441564883133,0.09704702926092365,0.012650655848837778,0.8960201534040411,0.00016003909340573348,9.222075997032446,1796.609514508929,22.540349082341272,0.09041482161372011,0.012337601735258096,0.8743187949463869,0.00015221641657784356,9.266314476901673,2028.2093924291894,24.67429580215282,0.09079154146968173,0.012251306122337265,0.857571359120705,0.00015009450170321855,9.299772955669065,2193.5916263640875,26.3305896577381,0.07966604644620759,0.011670939762030793,0.8467757004833629,0.00013621083492895136,9.369626849045797,2229.165648580669,26.401912231092506,0.07946008716463412,0.011606139268171537,0.8434228566089096,0.00013470246871219332,9.369890818009067,2233.192853585657,25.481200199203187,0.08280330942433499,0.011826465660983783,0.843419690311471,0.00013986529003042858,9.343294298993033,2629.995779793399,28.663233812043337,0.08116499095716014,0.011666080299580458,0.814319604847004,0.00013609742955625928,9.38493985509344,2744.3234873007973,29.9534985059761,0.07142749777160873,0.01115177120099674,0.8078205605700147,0.00012436200091938028,9.44878569241446,2930.253448601664,30.904714663643244,0.07107041769346951,0.011003384035091214,0.7930403750403863,0.00012107446022370023,9.460346400377032,rotten_baguette_14.jpg,spoiled_bread
1073.6651960784313,17.60018382352941,0.10247596487961314,0.012001350300461436,0.9224807220875102,0.0001440324090343858,9.380623505370227,1340.1771933871587,21.241737793156478,0.08433205183047307,0.011049267219284052,0.9033078836181352,0.00012208630608314514,9.553438426503568,323.85534620098036,8.920848651960785,0.19903291301961626,0.017242978033809385,0.9766424191084037,0.0002973202914744329,8.803407130467559,1237.4867973856208,20.172164552095346,0.08988804154298541,0.011260375450379152,0.9107161866664605,0.0001267960552835015,9.511925571952542,2575.941467765748,32.925750492125985,0.05111832880873743,0.008946999783007793,0.8139808834221355,8.004880511714148e-05,9.892829148079745,1340.1771933871587,21.241737793156478,0.08433205183047307,0.011049267219284052,0.9033078836181352,0.00012208630608314514,9.553438426503568,738.3895638533464,16.409494955708663,0.10669835730853455,0.012867355418700729,0.9467873176956492,0.00016556883547116702,9.35688478439595,1237.4867973856208,20.172164552095346,0.08988804154298541,0.011260375450379152,0.9107161866664605,0.0001267960552835015,9.511925571952542,4149.816066576087,43.709316329051376,0.03847792363505357,0.008018309298452821,0.6999717307269874,6.429328400565496e-05,10.062262237574066,2973.2455359910723,36.058977617955236,0.04825116793094929,0.008678584872894907,0.7856143522592719,7.531783539604032e-05,9.94837008595655,1088.1688024950593,20.34456830533597,0.08979439921577975,0.011777265700244306,0.9215748313457518,0.000138703987374151,9.520094912861476,2604.657852315705,33.36208072416145,0.051843045792913725,0.008916870249251255,0.8121861804924376,7.951057504198213e-05,9.899617058779775,5749.361669146825,53.48611111111111,0.030590772289945313,0.00736889186039481,0.5838927675138539,5.430056725019289e-05,10.181138252755861,4669.110609445546,47.08220718961396,0.03607674925271173,0.007794541945722855,0.6629115788089922,6.075488414363303e-05,10.107451501144448,1421.766307043651,23.505704365079367,0.0820893040063406,0.01116527215373944,0.8975207500899581,0.00012466330226706935,9.617826434889441,4069.2727741411372,43.46221625083973,0.03870928865537045,0.007999645581580301,0.7062043999271332,6.399432943089722e-05,10.069068082616553,7445.20577066733,63.037319472111555,0.02583241603421379,0.006900241060313542,0.46060930338051376,4.761332669043696e-05,10.26563108633173,6359.61224489796,57.02141597379695,0.028638634312517244,0.007217248064996558,0.5403316514215443,5.208866963169656e-05,10.20662720992351,1782.0385800547808,26.48980639940239,0.0763406014491506,0.010703636313271672,0.8715100849787383,0.00011456783032678797,9.695619684514543,5575.221308893929,52.94630259511212,0.030803812602184455,0.007394731643743416,0.5969956733822671,5.468205608298021e-05,10.179955603306222,rotten_baguette_17.jpg,spoiled_bread
58.19687499999999,2.073958333333333,0.7266151207228282,0.45681484182825965,0.9947468044316478,0.2086797997145779,4.0269789175874084,275.2825067281815,4.263483275663207,0.6594962518282972,0.4508843601058201,0.9749061814542804,0.2032967061880349,4.2351939349331165,220.16384803921565,3.041697303921568,0.7016688519803701,0.45477207810875836,0.9799130046270345,0.2068176430273586,4.092535543437051,266.91052672049216,3.961814686658977,0.6828510909058497,0.4517769527656273,0.9756693427233283,0.20410241505019583,4.182273264860198,130.05225762795274,3.7549520177165356,0.6686948383312777,0.452481021905654,0.9882710792044805,0.20473907518478493,4.246816010469977,275.2825067281815,4.263483275663207,0.6594962518282972,0.4508843601058201,0.9749061814542804,0.2032967061880349,4.2351939349331165,530.9866203248032,5.695343257874015,0.6374803603513594,0.4484394098528261,0.9510652746837084,0.20109790430915092,4.339802564952793,266.91052672049216,3.961814686658977,0.6828510909058497,0.4517769527656273,0.9756693427233283,0.20410241505019583,4.182273264860198,165.86280261857706,4.491539031620553,0.6450389763769849,0.448137658711205,0.9850298300096696,0.20082736115516042,4.355940685746276,640.4223758447517,7.611476222952446,0.5902302008520036,0.44085921393893845,0.9410825838000768,0.19435684651485868,4.4637320232919055,830.2533658596838,7.681694664031621,0.6071238517246736,0.4418554065907151,0.9226224825233872,0.19523620033344616,4.48561457243042,608.5047120094241,6.76474052948106,0.6372183773020518,0.4452671593046186,0.9440189369870419,0.1982628431552046,4.369454663007539,198.9749503968254,5.0534784226190474,0.6267792505454947,0.44412340681666823,0.9820271560310212,0.19724560048244377,4.4254789680664555,961.8598165882922,9.885250511646799,0.5588908062220341,0.4306094676820769,0.9104434763597767,0.18542451365744167,4.621619086857677,1129.845951140873,9.503999255952381,0.5820589308518328,0.4355115112710812,0.8934870907752833,0.18967027644962106,4.581097699703581,909.144573419363,8.576309581465107,0.6094640512259242,0.4378453144090176,0.9153516696740621,0.19170851934993144,4.5084456876340235,234.92725971115544,5.619708665338646,0.61307169826308,0.4398769199988474,0.9787641641791536,0.1934917047476724,4.492526256753756,1284.9556248425297,12.095080624842529,0.5349344071983897,0.42049079847717147,0.8788860419326513,0.1768125116039692,4.738323327087244,1432.460859686255,11.323035981075698,0.5636220767396793,0.4290974469094308,0.863366841132584,0.1841246189441918,4.671268447214994,1209.4119425547997,10.270093222474175,0.590050715609482,0.4315275123017193,0.88600643908253,0.18621599387331053,4.607856831676699,rotten_baguette_25.jpg,spoiled_bread
265.19456188725485,6.179733455882353,0.38053832807393795,0.06382085830256941,0.98424781769687,0.004073101954476643,7.463727365067822,490.39638600538257,9.828665897731643,0.2724264887936313,0.05165098028678504,0.9709744324748055,0.0026678237645858566,7.8401178334326795,276.7206035539216,6.769163602941177,0.3496587275941528,0.061906273240775356,0.9835632051975933,0.003832386666561539,7.541781708522027,493.963229527105,9.872310649750098,0.27308403887739735,0.051619433511764894,0.9707633414398351,0.0026645659160755165,7.841274555768007,605.9782541830709,11.256274606299213,0.23400313361266947,0.046891742038784705,0.964133895836856,0.0021988354714319288,7.9598825142999,490.39638600538257,9.828665897731643,0.2724264887936313,0.05165098028678504,0.9709744324748055,0.0026678237645858566,7.8401178334326795,635.1792568897638,12.34578001968504,0.2041877555293475,0.04504755139605622,0.9624056664432309,0.0020292818867803267,8.033781915777867,493.963229527105,9.872310649750098,0.27308403887739735,0.051619433511764894,0.9707633414398351,0.0026645659160755165,7.841274555768007,891.9140470602766,13.947335103754941,0.2157799167717963,0.04507418389548016,0.9472176948272699,0.0020316820538435632,8.103762224871643,988.6658038316077,15.762121024242049,0.18064318167009513,0.04338009684404453,0.9418985809081849,0.0018818328021986818,8.151539067710358,957.0094491106719,15.385499011857709,0.18074173733409526,0.042745610857030575,0.9433642272688724,0.0018271872475406903,8.180954714718059,1004.4000248000498,15.890817781635564,0.1807820201616521,0.04277043626424163,0.9409741103372001,0.0018293102182335556,8.146508661255522,1160.1280226934523,16.098446800595237,0.2027480867661388,0.043353571603667186,0.9313530322076913,0.001879532170794298,8.195992623198512,1433.9409926729054,19.355699979690357,0.1587161972410469,0.0406818196216877,0.9157471925999792,0.0016550104477315347,8.31444981267672,1275.4867156498017,17.851236979166664,0.16042391804899736,0.04008038615584181,0.9245234756615395,0.0016064373544013959,8.27981383437274,1467.5147088690653,19.545642019091066,0.15762563463780627,0.04006811640077024,0.913775355893888,0.0016054539519056727,8.303378145828024,1438.207591508964,18.184869895418323,0.19101455685222019,0.04188092769500898,0.914906373670306,0.0017540121045945703,8.280051158381319,1872.9290910808772,22.5495244394054,0.14348380049054027,0.03842477872774151,0.8899621220823906,0.0014764636202758965,8.430299429826093,1616.874564243028,20.251867529880485,0.15295534241851735,0.03910491491493319,0.9043254549776364,0.001529194370504164,8.371668635918208,1930.5047083648278,22.86059145880575,0.14154650961773088,0.037664400457102974,0.8865817915760225,0.0014186070617930185,8.419294563400577,rotten_bread_000001.jpg,spoiled_bread
187.410768995098,4.497686887254901,0.6336139131320424,0.4301604205451965,0.9912527029721344,0.18503798740362032,4.551791162263574,526.5135255670896,7.923075740099961,0.5717699505835997,0.41989444121356917,0.9754216302880835,0.1763113417620555,4.754732263391361,378.2962162990197,5.632613357843139,0.6184757553994742,0.4297571392267837,0.9822882201199696,0.18469119871638917,4.599947006611226,515.6766782006921,7.8056439830834305,0.5731237482958443,0.42005625197891655,0.97592752101068,0.17644725482657503,4.749480274545212,433.55527189960634,8.323480561023622,0.5678145569820554,0.4154142554407827,0.9798239631792568,0.17256900362341984,4.81865188933574,526.5135255670896,7.923075740099961,0.5717699505835997,0.41989444121356917,0.9754216302880835,0.1763113417620555,4.754732263391361,907.976700910433,10.464090182086613,0.553700932735872,0.41505203823074477,0.9574813230924581,0.17226819443949562,4.884305970583872,515.6766782006921,7.8056439830834305,0.5731237482958443,0.42005625197891655,0.97592752101068,0.17644725482657503,4.749480274545212,618.4150969614624,9.937422801383399,0.5512843280912864,0.40117706590644325,0.9712381770929365,0.1609430382093027,4.928889615834234,1150.497101494203,12.747922995845993,0.528484181137564,0.40284464318760904,0.9464451370551471,0.16228380654495203,4.984307131847874,1388.8213006422925,13.356966403162055,0.5300649613578852,0.40038120022773305,0.9348664586359414,0.16030510549580004,5.021473885349733,1108.2740560481122,12.371396242792486,0.531389736509963,0.4050314977997398,0.9484106917295612,0.1640505142099006,4.968650691497775,794.0252046130952,11.170696924603174,0.5352770664378422,0.3882658567384487,0.9630920592139564,0.15075037550884157,4.997316500562867,1738.9738942961144,16.20287772032058,0.4978476340870496,0.3840985804251816,0.918982610703406,0.1475317194846397,5.124480565787737,1855.7394748263887,15.834619915674601,0.5099162382407417,0.3872816387402316,0.9128358358432459,0.14998706770531925,5.114295195943209,1664.185739505382,15.479838772672592,0.5052529572288759,0.38911619634050887,0.9224671071705902,0.15141141425450544,5.099178333484523,975.769484561753,12.30559013944223,0.525051425363045,0.37823529902647685,0.9546709708787805,0.14306194142964837,5.045837804425666,2312.372984378937,19.15195893172084,0.4805117032101421,0.3728154226561206,0.8921748482340386,0.13899133937026187,5.22524324216767,2323.9438962898403,18.21350535358566,0.496967869726531,0.3766024774342088,0.8906698719384519,0.1418294260095838,5.1883912631542,2206.955766565886,18.078845427059715,0.49262443207510487,0.38131671957946445,0.8970906564679009,0.14540244063084393,5.188312775957709,rotten_bread_000008.jpg,spoiled_bread
167.81651348039213,5.192156862745098,0.47955745423769125,0.0793523081532891,0.97748017179329,0.0062967888092545525,7.134637070800489,379.31200307574017,8.502529796232219,0.3674638468866156,0.06977230743621608,0.9484746762976725,0.004868174884973854,7.573944566716582,252.85409007352942,5.873085171568627,0.4346275083109624,0.07309652319952976,0.965667477328262,0.005343101703859392,7.243419390458743,365.4147174163784,8.236770472895042,0.37373226976893636,0.06999081447331255,0.9503625326939377,0.004898714110637659,7.543913256743643,376.40438914862204,9.59810223917323,0.34401602316532154,0.07273167347033099,0.9494690492084249,0.005289896325794848,7.6741325047760744,379.31200307574017,8.502529796232219,0.3674638468866156,0.06977230743621608,0.9484746762976725,0.004868174884973854,7.573944566716582,595.4384996309057,10.843211737204726,0.2891154720050821,0.0645070773137255,0.9181360959765211,0.0041611630235589584,7.816018157684837,365.4147174163784,8.236770472895042,0.37373226976893636,0.06999081447331255,0.9503625326939377,0.004898714110637659,7.543913256743643,454.86443922924894,10.788259634387352,0.32169096464659364,0.07125895572531932,0.9389479405583301,0.005077838771063019,7.780869652057566,755.7166284332568,13.14015128030256,0.2710431802726474,0.06351786277839036,0.8959975412132748,0.004034518891934427,7.920698392865669,815.8958745059288,13.058022480237153,0.2488274769766416,0.05929854236970905,0.8865660696310306,0.003516317127172179,7.9963778644403325,714.5849401698802,12.54606609213218,0.27614764077930304,0.06367063993443399,0.9016586511056769,0.004053950389660341,7.882014785685806,504.7240358382936,11.557741195436508,0.2992745459772696,0.06990405466385667,0.9322692732636872,0.004886576858447462,7.855908092477747,992.3681982221252,15.498101829430238,0.23027465651247825,0.05787987614534469,0.8619168420646791,0.0033500800626004414,8.106911240365347,1011.9594029017859,14.907536582341272,0.21144862258490538,0.053913845378926184,0.8576858726706653,0.00290670272354276,8.1320922361076,942.2817416300833,14.855973378743613,0.2335933590371433,0.058003331485760146,0.8688874869890835,0.003364386463446974,8.070307638422433,564.1455272659364,12.431072584661354,0.2854651893900902,0.06910508712360912,0.9243121113566547,0.004775513066361607,7.927654398362286,1225.6608717561098,17.763259007306626,0.19856967084446553,0.05242370870758563,0.8275210869294306,0.0027482452346577896,8.249206189399109,1225.6135925049803,16.803831548804784,0.1857659973314323,0.05035561140600735,0.8255754526329823,0.002535687600072817,8.244379933220648,1154.287257495591,16.83147518266566,0.20174603474816785,0.05249176965299914,0.83756754748622,0.002755385881303522,8.197475959463796,rotten_bread_000009.jpg,spoiled_bread
142.96256127450982,5.662775735294119,0.35105313701409685,0.08558234606188517,0.9848933376522013,0.007324337957456271,7.536362752116656,404.56722798923494,9.185544021530182,0.26636403086239874,0.07979978348549548,0.956839194114891,0.006368005444331957,7.913185679353689,290.89704350490194,6.472748161764706,0.3456905910057119,0.08177489031578625,0.9689242255839425,0.00668713268615887,7.570974627358884,397.62466743560174,9.08727412533641,0.26842022101128993,0.07982874491471768,0.9575798490172408,0.0063726285146590645,7.905505443211319,332.33390748031496,10.292599655511811,0.22056789758091527,0.08296452756397554,0.9649301132509104,0.006883112833913657,8.056021348127206,404.56722798923494,9.185544021530182,0.26636403086239874,0.07979978348549548,0.956839194114891,0.006368005444331957,7.913185679353689,702.4441590797244,11.860959030511811,0.2160602640322315,0.07530247155892329,0.924220848707775,0.005670462222882452,8.106708360081301,397.62466743560174,9.08727412533641,0.26842022101128993,0.07982874491471768,0.9575798490172408,0.0063726285146590645,7.905505443211319,426.1507071393281,11.73738574604743,0.20275157913863784,0.08232786375745674,0.9550006190039267,0.0067778771508663575,8.152445699163481,877.8462551925104,14.462257424514846,0.1897053701749563,0.07449045675061598,0.9055531627704836,0.005548828146915391,8.24639408028437,1033.342700098814,14.399641798418969,0.19437146920737147,0.07071318947075951,0.8873711067552436,0.005000355165127533,8.235515380064337,845.8006386012772,14.132897265794531,0.1932978211836357,0.07431960191356532,0.9090008867116861,0.005523403228590821,8.234087631724927,490.63253348214283,12.522011408730158,0.19331768901205884,0.08176463434707823,0.9481574233231548,0.006685455429911404,8.204579540878058,1236.49558655814,16.983267977940603,0.17360754086601426,0.06990238736149795,0.8655079154115586,0.004886343758836908,8.355446166469692,1344.5764973958335,16.382952008928573,0.18017316576182346,0.0663915388915211,0.8518995760782611,0.004407836436384359,8.311215669088968,1176.0849880485557,16.483400771766473,0.17380496821537908,0.06974249819565022,0.872078805931736,0.004864016054570273,8.345193485467306,565.2548555776893,13.305870268924306,0.18662919434664832,0.0812150529979758,0.9402334846976833,0.006595884833464016,8.250261498208483,1595.7840450995218,19.330782312925173,0.1612564485207146,0.06539738797523022,0.8244878629673775,0.004276818353982787,8.436934129167986,1672.0176481573703,18.479457171314742,0.17016099699633935,0.06267348383788203,0.8138428827777792,0.00392796557637726,8.387702457658673,1503.5937421264807,18.738142479213913,0.158207812896628,0.06530064151107247,0.8346281288469309,0.004264173781757601,8.431049314151855,rotten_bread_000010.jpg,spoiled_bread
243.1239736519608,4.84952512254902,0.6920553930902326,0.4688023656301932,0.9863166384347504,0.21977565802046534,4.171783308813994,569.5028527489428,8.27609381007305,0.6294087426099587,0.4587994907675099,0.9678681667555374,0.21049697272852644,4.367575602024232,394.1802083333334,5.713817401960785,0.6771994127920775,0.468955747214476,0.9776999121232463,0.21991949284548756,4.208481460860647,571.0492425990004,8.199015763168013,0.6307411598062642,0.4582729269989901,0.9677808700539399,0.2100140756202217,4.362288488114306,549.7151051919292,9.122585506889763,0.6243196236544303,0.45270060600175127,0.9691446520689456,0.20493783867435286,4.441013924913417,569.5028527489428,8.27609381007305,0.6294087426099587,0.4587994907675099,0.9678681667555374,0.21049697272852644,4.367575602024232,928.3654958169291,10.729392224409448,0.6092826029681642,0.45301384047945953,0.9473457009988483,0.2052215396659492,4.492476758265751,571.0492425990004,8.199015763168013,0.6307411598062642,0.4582729269989901,0.9677808700539399,0.2100140756202217,4.362288488114306,774.922260993083,11.175688611660078,0.6032658264832745,0.43741098913527465,0.9565469639317282,0.19132837341629935,4.5653874021601855,1172.8079391158785,13.085048670097343,0.5843766693019344,0.4425597316447023,0.9338425754953017,0.19585911607343093,4.59255481032184,1389.1248301630435,13.697705657114625,0.5858262715199071,0.43820955829188574,0.9209433252756298,0.1920276169783696,4.63261683058486,1176.694912889826,12.91228532457065,0.5842225078414373,0.4417810535537841,0.9336229250418109,0.19517049927909147,4.58698938505464,997.9838169642858,12.955295138888888,0.5829962733684985,0.4236067867444749,0.9440945312605511,0.17944270977597904,4.650834018808131,1740.9731600243717,16.872392944742145,0.5500831040931827,0.42394194488378995,0.901562950121946,0.1797267726318504,4.7479612266985605,1846.6958395337301,16.39245411706349,0.5634475577758502,0.42445169685833195,0.8945372212694895,0.18015924296591734,4.739552601159123,1747.4079582558702,16.61253886172257,0.5533269121432338,0.425009447165784,0.9011983441014588,0.18063303018016533,4.738770178302982,1234.9363016683265,14.657728461155378,0.5726489122531827,0.41428976499156434,0.9308901072923501,0.1716360093767656,4.712825321810224,2291.976505416982,19.99026832955405,0.5327425593947783,0.4149643082785419,0.8701026412593107,0.17219537714508878,4.849232909764023,2318.960968625498,18.980577689243027,0.5502357604250001,0.414959438781655,0.8670779617297071,0.17219133583398605,4.814030899152068,2291.638321995465,19.67973670949862,0.5375258600330262,0.41722302300347286,0.8701205416465986,0.17407505092415645,4.837114474695362,rotten_bread_000011.jpg,spoiled_bread
287.245925245098,6.750490196078433,0.5023504953487639,0.3169300035512425,0.9838042776992094,0.10044462715099059,5.91900602041912,661.3959400230681,11.223606305267205,0.4348768098980342,0.3103839089623376,0.9627266014281817,0.09633817094274065,6.158677797587244,446.29877450980393,7.955330882352942,0.47876905061418173,0.31555978928483347,0.9747826605794775,0.09957798061348849,5.96736223527065,676.8533794694349,11.235447904652059,0.43486896609107356,0.3106467042229657,0.9618554873699908,0.09650137484459073,6.157359615036398,661.8156988188975,12.385888287401574,0.4392929953365949,0.3104832530106956,0.9627824120835352,0.09639985040010364,6.2247832012143025,661.3959400230681,11.223606305267205,0.4348768098980342,0.3103839089623376,0.9627266014281817,0.09633817094274065,6.158677797587244,1045.591843011811,14.66203248031496,0.4140937983709974,0.30711263530581884,0.9409482605558456,0.09431817076448488,6.296466655507489,676.8533794694349,11.235447904652059,0.43486896609107356,0.3106467042229657,0.9618554873699908,0.09650137484459073,6.157359615036398,954.9239593626482,14.776417366600793,0.4267484832760977,0.30329123027204874,0.946222023326561,0.0919855703599329,6.32516643858288,1348.7504185008372,17.64287928575857,0.3864119503634911,0.2981196521215558,0.9242271600493708,0.08887532698107743,6.395557192348064,1596.5169991353755,18.397403038537547,0.39608703135460055,0.2983620359163225,0.9096743109422938,0.08901990447613291,6.42259943221981,1411.4815549631098,17.763004526009052,0.39212436539619155,0.3003424638494306,0.9207029228755574,0.09020559559114652,6.387610478499222,1216.2809089781747,16.419983878968253,0.4177504577111711,0.2967047684791696,0.9314022358513248,0.08803371963827762,6.391957353005536,1987.9273695886518,21.423252980049682,0.3665479646077304,0.2847533899104013,0.8879616963680163,0.08108449306546502,6.530972909625627,2121.8922216021824,21.425920758928573,0.3799664988978123,0.28985607757940685,0.8797355022231425,0.08401654570971911,6.517112441384413,2096.070661938165,21.748800949866425,0.37155143254762657,0.2885571719837301,0.8818668102019668,0.08326524150324799,6.525320549442188,1496.9239292828684,18.07535483067729,0.4108848226371345,0.2908691690368097,0.9154566784067721,0.08460487349616416,6.448645907495285,2625.4208081380702,24.983701814058957,0.34833826801554235,0.2727552846929008,0.8515497462151049,0.07439544532790536,6.637975006888958,2669.613794820718,24.408833416334666,0.36823172835646384,0.2818776944165004,0.8484100901012431,0.07945503460956199,6.599758885938391,2772.567035147393,25.42058767951626,0.35600323538649725,0.2783299108561979,0.8432295962889244,0.07746753927721908,6.635488108567911,rotten_bread_000019.jpg,spoiled_bread
282.6701593137256,4.333609068627453,0.6386218144172866,0.5297433847015889,0.9859986509227873,0.2806280536350956,4.228223679071004,488.1003306420609,6.614963475586315,0.6012063777215235,0.526365462479784,0.9759130810207397,0.27706060009155686,4.383677915768145,261.83339460784316,4.360906862745098,0.6347141937245352,0.5300449042159685,0.9870307471900235,0.28094760048531525,4.248579698431278,507.65078046905046,6.748819684736642,0.5998110911989042,0.5259975951755402,0.974948299660376,0.2766734701304515,4.390774797003728,660.5052595964567,7.894069881889763,0.5925635013775628,0.5248826778158328,0.9674056688019691,0.2755018254711193,4.461670872355257,488.1003306420609,6.614963475586315,0.6012063777215235,0.526365462479784,0.9759130810207397,0.27706060009155686,4.383677915768145,625.2476008858267,7.9057271161417315,0.5908297300694629,0.5256616332338115,0.9691455486720909,0.27632015265403825,4.476369426340724,507.65078046905046,6.748819684736642,0.5998110911989042,0.5259975951755402,0.974948299660376,0.2766734701304515,4.390774797003728,986.5340291501976,10.065834980237153,0.5802603125807879,0.5200235817047759,0.9513699222906598,0.27042452552906376,4.570827262792641,1019.8612437224875,10.888926777853555,0.5618235797460754,0.5190078759568575,0.9500464905162221,0.2693691753052488,4.562954995808717,951.5411314229249,9.996603260869566,0.5792878517361923,0.5211616688509855,0.9530948575543912,0.2716094850795442,4.570890209019825,1092.981616963234,11.261392522785046,0.5598926354346585,0.5180670938692269,0.9464650040339956,0.2683935137501064,4.573472840201344,1296.539093501984,11.854383680555557,0.5709641789235131,0.5149285428379177,0.9361571630248183,0.2651514042291812,4.641654016293935,1494.0430564451876,13.593619647237109,0.5477802345828209,0.510761952635065,0.926976871232404,0.26087777225958436,4.675229498602326,1267.5497581845239,11.709046378968253,0.570592890611767,0.5165503842957149,0.9375846258895847,0.2668242995160507,4.634038434912998,1612.1138902341856,14.126232248590043,0.5460598212569094,0.5094376956824684,0.9212060190054365,0.25952676578226336,4.687231149031495,1608.129544322709,13.588427539840637,0.5643816360387665,0.5098713946219414,0.9208979028473954,0.25996883905372353,4.703390485753953,1952.4236583522295,16.04828042328042,0.5368243823865158,0.5023777342404641,0.9047698425939176,0.2523833878605823,4.7653549399058495,1581.8382407868528,13.362612051792828,0.5645782869225501,0.5119045972932605,0.9221911427197076,0.2620463167299753,4.689652583869251,2101.958301839254,16.691106072058453,0.5350412974235702,0.5007274601797631,0.8974762372455015,0.2507279893780762,4.777489407183432,rotten_bread_000022.jpg,spoiled_bread
238.89129901960786,5.34718137254902,0.46183097590692296,0.07228037102310245,0.9850457639259933,0.005224452035237349,7.293373617387937,579.5762860438293,9.119138792772011,0.37482657741255493,0.06441983171338646,0.9637414968989462,0.004149914717981032,7.681263318279105,381.12637867647055,6.377542892156863,0.4395257040723417,0.06790729839101255,0.9760769871749895,0.004611401174766015,7.396409169982878,547.285813148789,8.86948096885813,0.37511175377949224,0.06438023101241289,0.9657616031740164,0.00414481414521165,7.666143576888147,548.1317667322835,9.7589812992126,0.3436230041970982,0.06606113284545065,0.9658021374964776,0.004364073272824279,7.769476673141851,579.5762860438293,9.119138792772011,0.37482657741255493,0.06441983171338646,0.9637414968989462,0.004149914717981032,7.681263318279105,904.6652620570867,11.638072096456693,0.3243622423747422,0.05802966623636321,0.9432486254186228,0.003367442163503712,7.891983034485117,547.285813148789,8.86948096885813,0.37511175377949224,0.06438023101241289,0.9657616031740164,0.00414481414521165,7.666143576888147,797.6470170454545,11.80759016798419,0.3164994352983903,0.06483310156925275,0.9503039109123527,0.004203331059089042,7.893945657868798,1234.3863227726456,14.753580507161015,0.29286302584706625,0.05675582878994476,0.9230815797668728,0.003221224101633522,8.013698983144739,1386.0978260869565,15.012351778656127,0.2871581368346484,0.052376571005244635,0.912995601186132,0.002743305190267433,8.070663586118219,1120.994047988096,14.085653171306344,0.29008437494403866,0.056681624437187265,0.9301474237324104,0.0032128065488383445,7.997066090350149,1035.218005952381,13.41496155753968,0.2922002253247836,0.06383586888562529,0.9355914371542849,0.004075018156382743,7.975155268400177,1827.533128153853,18.570044837444733,0.25550826384812103,0.051202258685629234,0.8862175299216184,0.0026216712945100946,8.186673210322866,1858.8702876984125,17.993024553571427,0.25506059227213007,0.04704345896562265,0.8832501288540621,0.0022130870314502216,8.198742051892573,1664.4006780296518,17.748332265775126,0.24798084483746674,0.05087809454267109,0.896374198152043,0.002588580504292977,8.172728735458332,1291.4409393675298,15.138306150398405,0.2752344251541187,0.06321603012784759,0.9197663693879442,0.003996266465124933,8.042604433711183,2403.5305650037794,22.110465482489293,0.22657889382001994,0.046090333932598426,0.8504845050891398,0.002124318882018434,8.316539741464117,2335.69828498506,20.96917019422311,0.23331375131708226,0.04327200321902762,0.8532061302627825,0.0018724662625875365,8.310259260579816,2192.9496252204585,21.081963340891914,0.21844644671197277,0.04580173243669537,0.8635839251691226,0.002097798694202633,8.309647754477801,rotten_bread_000023.jpg,spoiled_bread
151.88022365196082,4.82498468137255,0.37179276011540274,0.06438650460118804,0.989152739522637,0.004145621974758808,7.591500255318072,386.6279892349097,8.18960399846213,0.279418630275581,0.058558874730322764,0.972322665954544,0.003429141809681634,8.002766784150023,269.6737591911765,5.996063112745098,0.3399089749100378,0.060391613341222616,0.9806939561983901,0.0036471469619557377,7.727324923572368,383.1096655132642,8.23923106497501,0.27173011784338935,0.058404695575080365,0.9725745244886224,0.0034111084652178117,8.0244019258335,348.4724101870078,8.837813730314961,0.24856894309708358,0.061132861808060955,0.9751138098487809,0.003737226792843478,8.12044791185412,386.6279892349097,8.18960399846213,0.279418630275581,0.058558874730322764,0.972322665954544,0.003429141809681634,8.002766784150023,643.009827140748,10.96947281003937,0.21917961604062255,0.05287858352908911,0.9538584932374519,0.0027961445960428544,8.266335499448193,383.1096655132642,8.23923106497501,0.27173011784338935,0.058404695575080365,0.9725745244886224,0.0034111084652178117,8.0244019258335,506.30368391798413,11.0136332756917,0.21313292488531158,0.05992952523027812,0.9638084276422951,0.0035915479943265417,8.2996152885787,825.533588567177,13.265035030070056,0.19653607713975696,0.051888940326554576,0.9407642569487968,0.0026924621282127417,8.395640607476615,955.329144021739,14.055150691699605,0.18501455529957073,0.04725596015120309,0.9312415362848995,0.0022331257698120946,8.469034872598746,808.3137516275033,13.332847665695333,0.18659977201555167,0.0516519759442541,0.941999815086948,0.0026679266189458045,8.418899584662432,658.197513640873,12.825582837301585,0.1901631090140216,0.05900103881972582,0.952907608971812,0.0034811225818067934,8.414828809059433,1205.6420659594744,16.704322829602084,0.1639758787789954,0.046227758050374504,0.913143373033814,0.0021370056143639646,8.583003012669856,1255.8945312499998,16.715029761904763,0.16110141574944098,0.04210827874600361,0.9093347195132102,0.0017731071389511396,8.604271076689566,1175.9292130794108,16.72513240325579,0.15456890758975594,0.04601163093783581,0.91528358899884,0.0021170701815596093,8.605435796852092,821.7436970866536,14.470384088645421,0.1773813901208222,0.058630729311229195,0.9411564419338022,0.00343756241956663,8.496453069180324,1563.3136652809271,19.60259196271101,0.14390802522461227,0.04094931724949149,0.8869212110639494,0.0016768465831995011,8.710133830951433,1568.9509150896417,19.128019173306775,0.1452827386428414,0.03780243629898374,0.8863859205307902,0.0014290241901387234,8.703078636652945,1521.2460002519529,19.584782060972536,0.13603246708895328,0.04074789225871816,0.8899625822936277,0.0016603907235281032,8.72959908667314,rotten_bread_000024.jpg,spoiled_bread
147.95958946078434,5.658517156862747,0.3251454960004472,0.02716455276862436,0.990849387291059,0.0007379129271193774,7.971840058296179,603.2276355247982,11.21671664744329,0.21124065383984503,0.020799136681791505,0.9627204460213403,0.00043260408670784485,8.513137104199897,507.27765012254906,9.093949142156863,0.25399159999610244,0.02330415901581003,0.968587984159765,0.0005430838274341599,8.30568327621755,621.5322875816994,11.343590926566707,0.20685706533175707,0.02052091521272252,0.961589281495932,0.00042110796116774657,8.525534919296176,356.4161694143702,10.125015378937011,0.2157228005886159,0.02083514241164424,0.9780015062743835,0.0004341031593134965,8.473878581250414,603.2276355247982,11.21671664744329,0.21124065383984503,0.020799136681791505,0.9627204460213403,0.00043260408670784485,8.513137104199897,1222.3935777559059,16.457830954724415,0.15809087013032178,0.017799812495059512,0.924360905398479,0.0003168333248592768,8.781299861844113,621.5322875816994,11.343590926566707,0.20685706533175707,0.02052091521272252,0.961589281495932,0.00042110796116774657,8.525534919296176,492.696377840909,12.05847023221344,0.18918337356027876,0.019372078782169195,0.9696023433281037,0.00037527743634256996,8.608523261389713,1310.8484561969126,17.845821191642383,0.15106441412584642,0.01746080384081625,0.919210180339506,0.0003048796707674635,8.829483107063965,1817.5649857954547,20.58033288043479,0.135100289421529,0.01632390258599193,0.8875071686256615,0.00026646979563695397,8.92516174413594,1381.149203298407,18.225587451174906,0.14453663987415755,0.017113834744357768,0.9148779894899579,0.0002928833396571871,8.846778110048835,593.3200334821429,13.239614335317459,0.17445578644609255,0.01850914519687809,0.9634092250408688,0.0003425884559191153,8.681338129955314,1892.4071771157182,21.63694168007624,0.13248337881223388,0.016263814449107374,0.8833879413433559,0.00026451166043499385,8.947083646189782,2369.5691654265875,23.813368055555557,0.12244918692780467,0.015382663129327519,0.8532946760022452,0.00023662632495037228,9.013353572151509,2003.0906591260607,22.189098408036372,0.12652961414366634,0.015848881320383996,0.876568069902906,0.00025118703910761677,8.96930877879159,694.5009648904384,14.237082918326696,0.1649007077947742,0.01797886536587366,0.9571852710336572,0.0003232395998442114,8.729189250480278,2466.545178256488,25.136259133282948,0.1175096680088418,0.01529690149707447,0.8480232084461051,0.00023399519541119916,9.03895379962978,2935.6156934760957,27.005011205179287,0.11307768060578574,0.014767113583806793,0.8181594189860066,0.0002180676435970511,9.08561638658431,2608.9199577979343,25.744567271352988,0.11145475563278003,0.0148789734547165,0.8392498634578776,0.00022138385106615827,9.062703443340986,rotten_bread_000025.jpg,spoiled_bread
361.74310661764713,9.311672794117648,0.24509323062155727,0.05784139887288399,0.9710747916931586,0.0033456274235720653,8.36806336832029,652.6579469434834,13.822791234140716,0.17582509461080675,0.05299824514015727,0.9477021546486395,0.002808813987936203,8.719315651034538,376.6683670343138,9.189874387254903,0.23872279908854055,0.05454309110901101,0.9697806858581373,0.002974948787725876,8.368342524089279,647.1318569780854,13.664390618992696,0.17776904827390297,0.053125806016956864,0.9481450465663507,0.00282235126495133,8.704084201396673,838.984436515748,17.26344119094488,0.14554163401849174,0.05581876233216416,0.9329995998237296,0.0031157342282946286,8.886551503274317,652.6579469434834,13.822791234140716,0.17582509461080675,0.05299824514015727,0.9477021546486395,0.002808813987936203,8.719315651034538,877.7458938238188,17.00708968996063,0.13587062696651805,0.0482672133677192,0.9294272314293212,0.002329723886284931,8.911538804463527,647.1318569780854,13.664390618992696,0.17776904827390297,0.053125806016956864,0.9481450465663507,0.00282235126495133,8.704084201396673,1218.852380805336,20.931493947628457,0.13436470619768587,0.0555070593966861,0.9026744196937903,0.003081033642867238,8.999081255335044,1287.7995380990762,21.384261268522536,0.12140161060253597,0.04758818497833617,0.8967116761764677,0.00226463534953234,9.041065775251226,1290.4345355731225,20.93314599802371,0.118165202651701,0.04339564620275704,0.8959415041598561,0.0018831821093548617,9.057279140345653,1276.5577531155063,21.130913261826525,0.1251591015456726,0.047679512560003995,0.8976137919161958,0.0022733359179595786,9.021905774762766,1568.0767144097226,23.805447048611114,0.12507958802301028,0.055104022085086336,0.8748001001789282,0.0030364532499536825,9.067281478605926,1829.8547235545002,25.604352512927868,0.10673043409291987,0.04264571115287918,0.8528183663588866,0.0018186566797348035,9.160137561459615,1682.833333333333,24.118272569444443,0.10701696961727108,0.03885946448886409,0.8638925796265661,0.0015100579803612895,9.15892456610125,1839.0383383586684,25.689746754362666,0.10987683247423624,0.042876890396390026,0.8520798234814341,0.001838427730064043,9.155447696556044,1933.3848979083668,26.413128735059765,0.1212725272448717,0.05493349275208331,0.8456504056986089,0.0030176886259431898,9.11817369941778,2347.701215671454,29.282281431090954,0.09482692100586315,0.03827014657290191,0.8106124310368737,0.001464604118711396,9.247535461361455,2105.093812250996,27.15684138446215,0.09767358831997858,0.0352651411674245,0.8292123899880445,0.001243630181558378,9.23436007949491,2366.6105284706478,29.531352355757118,0.09882986106209715,0.03847807562870599,0.8090870012891683,0.0014805623040884178,9.248624195334743,rotten_bread_000026.jpg,spoiled_bread
269.5158700980393,4.9441482843137265,0.6523684553042031,0.45074713395858007,0.9871996863286522,0.20317297877187415,4.343291241091389,654.9755786236063,8.530611303344866,0.5917650154807527,0.44143666131447845,0.968877142058189,0.19486632595247355,4.5301778664453405,420.1061734068628,5.7583792892156875,0.6401597505469145,0.45093135258164047,0.9799782656160347,0.20333908474110773,4.368872469897091,578.4397539407921,7.919154171472511,0.5973676355202846,0.44141885776025735,0.9725139396378303,0.1948506079863703,4.502615039784036,629.6804718257874,9.229561392716535,0.5872175589762405,0.4356178474021477,0.9701827666611561,0.18976290897528086,4.594537820355999,654.9755786236063,8.530611303344866,0.5917650154807527,0.44143666131447845,0.968877142058189,0.19486632595247355,4.5301778664453405,1008.1759965551182,10.761687992125982,0.5745964087628876,0.43604788976519804,0.9519260214196358,0.1901377621686823,4.638931643268185,578.4397539407921,7.919154171472511,0.5973676355202846,0.44141885776025735,0.9725139396378303,0.1948506079863703,4.502615039784036,942.8619997529643,11.435647233201578,0.5673766151165142,0.4198668247828111,0.9553889904435494,0.1762881505531998,4.713498222142713,1430.5501116002233,13.868575237150475,0.5473604401625581,0.4239525508438031,0.9321918975699485,0.17973576536696748,4.752899591912788,1562.0516613142295,14.009449110671937,0.549753216398226,0.42062615276434057,0.9253845615940991,0.17692636038933038,4.782718518569229,1164.0884896769794,12.10997271994544,0.5548383215433471,0.425096971328034,0.9448221835043837,0.18070743503226736,4.706762768146272,1253.9388175843253,13.31716579861111,0.5496836116172491,0.40592332178483825,0.9407184687298704,0.16477374316883736,4.784633259247206,2198.749488353201,18.155540627099313,0.5162825486457114,0.40415197266000347,0.8956886977960277,0.1633388170049722,4.905870933638352,2118.142392113095,16.9339347718254,0.5285675991661692,0.4067707159133723,0.8986420087992777,0.16546241532467745,4.882481895954034,1766.2800543673548,15.553250324173161,0.5261462713731191,0.4080003560842304,0.916205564342869,0.1664642905648588,4.845158667285177,1571.9163969123508,15.13794820717132,0.5383410315551629,0.39465631536572127,0.9257469765957894,0.15575360725804763,4.845094965938841,2950.352906903502,21.92682350718065,0.49758848390308863,0.3919725902881426,0.8599094737129171,0.15364251153719607,5.011532204350531,2684.317557893426,19.753345991035857,0.5142260870463352,0.39579331844644045,0.8713162136624288,0.15665235092684543,4.959436545034447,2328.2985481229534,18.321349836230787,0.5111426702754917,0.39951167562992557,0.8894462529561168,0.15960957896463088,4.9378256186220835,rotten_bread_000029.jpg,spoiled_bread
332.4471354166667,8.137760416666666,0.2799693918059651,0.05794959118221814,0.9731726897468524,0.0033581551181862145,8.262327897902903,603.649411764706,12.432003075740102,0.19788208549918151,0.05292726512756997,0.9512207572277667,0.002801295393884084,8.649234228364424,337.7611672794118,8.267386642156863,0.2598137892270199,0.054303758654130216,0.9726439899502326,0.002948898203966022,8.316203036118102,597.3067589388697,12.424728950403694,0.19651030243368406,0.05295945520599449,0.9517332842846538,0.002804703895715737,8.648121917408734,758.777359128937,15.071711983267717,0.16769949479524043,0.05532838641002071,0.938911044444761,0.0030612303427365647,8.791499442285572,603.649411764706,12.432003075740102,0.19788208549918151,0.05292726512756997,0.9512207572277667,0.002801295393884084,8.649234228364424,780.7162586122047,15.282664862204724,0.14856752070990925,0.04801037753624858,0.9366798075488266,0.0023049963511731224,8.854166861421174,597.3067589388697,12.424728950403694,0.19651030243368406,0.05295945520599449,0.9517332842846538,0.002804703895715737,8.648121917408734,1096.7293879693675,18.469599184782606,0.15467483414312388,0.05486493787548193,0.9117389084122912,0.003010161408080492,8.932184796702145,1218.0380680761364,19.77010354020708,0.1361279849304881,0.047367487360334644,0.9016658591119548,0.002243678858831462,9.002348299832573,1152.8307034337945,18.885143898221344,0.13192484423801742,0.04313449750167733,0.906230670118253,0.0018605848747222078,9.013484456739107,1189.8147591295183,19.625069750139502,0.13837120152258808,0.047404844869678456,0.9039443300192073,0.0022472193171182795,8.99446846645871,1420.021654885913,21.27937437996032,0.14571531869459087,0.05446567988573822,0.8857679829615305,0.0029665102854157088,9.018547397211425,1759.3471855520315,24.242278429595835,0.12001387203888553,0.04246629193272375,0.8576219990268937,0.0018033859505153184,9.147936962253628,1511.4176897321427,21.837704613095234,0.11947648159200196,0.0388030934978908,0.8767052579575884,0.0015056800650060554,9.122808315603868,1695.1670858785483,23.867768595041323,0.12402914300663023,0.04260417448469707,0.8628154549424624,0.0018151156835225129,9.143046484411295,1781.3503641683265,24.053582544820717,0.14016302383224172,0.05435175623693089,0.8567633842331565,0.0029541134060387564,9.088611191595973,2295.0211325270852,28.19542076089695,0.10833903199916507,0.03823813120972992,0.8138176999938871,0.0014621546784125217,9.260130539261649,1895.6752676792833,24.721675796812754,0.11117160134089502,0.03527874738161532,0.8448905674984079,0.00124459001681583,9.213112864687586,2172.2322530864194,27.47752897455279,0.11282773186079997,0.038389414127980734,0.8237771976068617,0.0014737471170896065,9.251145787360098,rotten_bread_000031.jpg,spoiled_bread
339.16773897058823,6.6008578431372555,0.4013749459246162,0.06825451473363012,0.9798424648667883,0.004658678781523332,7.556358115530561,762.1647366397541,10.937331795463285,0.3220503486879445,0.062030479831334015,0.9547373290262745,0.003847780428105536,7.912562385805638,492.15012254901967,7.575888480392159,0.4031455072368775,0.06585684163945171,0.9707041660685639,0.0043371235907238214,7.580792998534714,749.133133410227,10.981253364090733,0.32397478988833495,0.062174864142962666,0.9555111603363481,0.0038657137311958645,7.909218085925723,800.8720626230316,12.029850516732285,0.2901182088274678,0.06318695059872051,0.9525135479295572,0.0039925907259651455,8.025633268938796,762.1647366397541,10.937331795463285,0.3220503486879445,0.062030479831334015,0.9547373290262745,0.003847780428105536,7.912562385805638,1191.062084768701,13.82420337106299,0.30103330121689326,0.05703062159336544,0.9291541542637468,0.00325249179932564,8.055254967866329,749.133133410227,10.981253364090733,0.32397478988833495,0.062174864142962666,0.9555111603363481,0.0038657137311958645,7.909218085925723,1179.8127624752965,14.82208806818182,0.25808361469384256,0.061176220903390484,0.9298936635419774,0.003742530004020431,8.174758033723899,1638.539339078678,17.676421352842706,0.24712396316205687,0.054351612922290474,0.9029962150663069,0.0029540978272544925,8.246211000543358,1822.6894454051383,18.05400815217391,0.26827178649460615,0.05105909498770703,0.8913911177552141,0.0026070311809636886,8.244029770002907,1604.4011098022197,17.69170438340877,0.25031751974502203,0.05448684209515148,0.9050166101540477,0.002968815961501971,8.244541625812236,1537.4374069940477,17.02759176587302,0.23312902835409008,0.05965957296650733,0.9084410354128419,0.0035592646465460115,8.273567548481921,2434.1778656126485,22.615179115436895,0.21163253479008265,0.04806568314765971,0.8553242039370836,0.0023103098964512184,8.437541403265945,2441.3269469246034,21.803292410714285,0.24102709880172796,0.04555345982267594,0.854268433689541,0.002075117701816151,8.381453414932079,2410.9452576981366,22.676389257760626,0.21341749020763473,0.048070805190475435,0.856702759357952,0.00231080231166064,8.439721631868894,1907.2689087400397,19.31117716633466,0.21840457074098046,0.0588731564659648,0.8861578379848888,0.0034660485522659728,8.352239807812001,3199.0354623330813,27.124464600655077,0.1852727284084894,0.04249362330905143,0.8090977283525638,0.0018057080219315588,8.580321542271625,3077.1804812001988,25.498148032868524,0.22142829590123458,0.04108110029772269,0.8159780601086023,0.001687656801671551,8.497949186260698,3189.8105631141348,27.19277525825145,0.18765403513288134,0.042621785056516766,0.809641972024982,0.0018166165614039158,8.580248442183912,rotten_bread_000034.jpg,spoiled_bread
532.9818167892156,11.214874387254902,0.2076172521453796,0.055148957662366514,0.9631775025263232,0.0030414075312454945,8.703735932952743,856.9915724721262,15.721353325643983,0.15830633743394099,0.05099530592317885,0.9408013945524781,0.0026005212261986,8.997794878814664,443.4278645833333,10.17905943627451,0.21175150001985144,0.051809044048549024,0.9693274342894154,0.002684177045224493,8.647673478277653,852.6175163398693,15.77765474817378,0.15397860496660395,0.05098962897841341,0.9411035312221971,0.002599942263356256,9.003894202937442,1233.8889640748034,20.635119340551185,0.12730985813603898,0.05348891348441707,0.9148775204154741,0.0028610638657434544,9.186533397203943,856.9915724721262,15.721353325643983,0.15830633743394099,0.05099530592317885,0.9408013945524781,0.0026005212261986,8.997794878814664,1027.9251507135825,18.731652928149607,0.12542076333635505,0.046772558592436994,0.9289063565206159,0.002187672237282952,9.163006506112293,852.6175163398693,15.77765474817378,0.15397860496660395,0.05098962897841341,0.9411035312221971,0.002599942263356256,9.003894202937442,1810.5853199110675,25.091310523715418,0.11873342467639614,0.05295926716426455,0.8750820359774889,0.0028046839785759495,9.30219729884211,1676.469402938806,24.04662409324819,0.11602723711309844,0.04605317710616721,0.8843771592354988,0.0021208951215720036,9.313135880623186,1534.4314630681815,23.126003582015812,0.11066224136809608,0.04222596378921266,0.8938699960450844,0.001783032017927899,9.319925775335415,1661.3223541447085,24.020940541881085,0.11355500712267283,0.046092122430807014,0.8854214579128561,0.0021244837501765033,9.313097472334636,2357.219478546627,28.549308655753972,0.11570847891214711,0.05280012323983501,0.8373676905197537,0.0027878530141417653,9.37374935380439,2445.687106500649,29.506850599134502,0.10201619004792672,0.04161380888077326,0.83130300105186,0.0017317090895655237,9.454037818039573,2012.4462890625,26.613048735119047,0.10082283882333928,0.03817198058746456,0.8607975161150832,0.0014571001019697708,9.425791464453487,2419.3983814776047,29.190598197128534,0.10176789897115629,0.041651660122710606,0.8331119674995265,0.001734860790977801,9.447996667083304,2956.679298431275,32.19554594123505,0.11235194571707008,0.05281802244730192,0.7960065233267071,0.002789743495243689,9.438584988290701,3187.4281934996225,34.260519022423786,0.09267640531586288,0.037604692087811274,0.7801264443732836,0.0014141128670190958,9.557592406862817,2531.9648281872514,30.137450199203194,0.0941234482020069,0.03452596655719829,0.8248320206117977,0.001192042366708775,9.50905046332549,3151.057508188461,33.71346686822878,0.09415907322716391,0.03771889341520993,0.7826193311748718,0.001422714920467967,9.545860926704943,spoiled_toast_2.jpg,spoiled_bread
422.97126225490206,8.200306372549022,0.283381849504344,0.056896358147412694,0.9707024376335189,0.0032371955704386546,8.296374347145463,849.2109034986545,14.241430219146483,0.18481008938021337,0.05171626383895403,0.9412511789776354,0.002674571945460304,8.798330751017772,488.3674479166667,10.084512867647058,0.23582302066005392,0.05276805354520421,0.9661375404322345,0.0027844674749495386,8.519039794295097,782.7175240292196,13.895686274509805,0.18520523556222834,0.051625130533400065,0.9458509502860204,0.002665154102590596,8.791072079830258,981.1058224655513,15.272222563976381,0.17158111935432044,0.05455406570729834,0.932198097134452,0.0029761460851962245,8.83576146162083,849.2109034986545,14.241430219146483,0.18481008938021337,0.05171626383895403,0.9412511789776354,0.002674571945460304,8.798330751017772,1099.0259750246062,18.746047613188978,0.13480731368336343,0.04694390481619048,0.923890796619036,0.0022037301993915515,9.03666579778197,782.7175240292196,13.895686274509805,0.18520523556222834,0.051625130533400065,0.9458509502860204,0.002665154102590596,8.791072079830258,1534.5941051136363,19.661545825098813,0.15352464512013106,0.05372880186184927,0.894095957769948,0.002886784149509858,9.00402787925063,1756.0945191890382,23.197346394692786,0.12605934046628922,0.04639004301313759,0.8789434015480866,0.002152036090760755,9.163570919881275,1598.3808979743083,22.790205039525688,0.11861329190843546,0.04242990053795511,0.8893284432796084,0.0018002964596607633,9.180442081146499,1513.7792485584973,22.111321222642445,0.1268676310891765,0.046448737580339704,0.895645262616312,0.0021574852228072616,9.14195199628595,2097.346648685516,23.505192832341272,0.14421372771890958,0.05326404893119469,0.8554592374639663,0.0028370589085447025,9.104359504314683,2619.0221062663063,28.78888906247559,0.11081371504751572,0.04169499598391644,0.8197454589630349,0.0017384726900988082,9.311935173686651,2078.9868551587306,26.075334821428577,0.10900361962227945,0.03811430598956035,0.8560790734572694,0.0014527003210658362,9.283959294989822,2205.650752237966,26.957568466934337,0.11277001803192646,0.04172481601717735,0.8481896420990549,0.001740960271667299,9.281418105435073,2677.067557893427,27.08321401892431,0.13814360214201016,0.052939005196423146,0.8157360600536215,0.002802538271186917,9.184918582656316,3461.2306783824642,33.66211577223483,0.09993797579253619,0.037499672811406565,0.7621628820555636,0.001406225460962545,9.41600772250035,2648.7250062251,29.67044322709164,0.10179055851962751,0.03473844728189192,0.8166786550526318,0.001206759719556784,9.380799962197024,2858.312405517763,30.919800327538425,0.10378657013132031,0.03747226029716911,0.8035818556806593,0.0014041702917787964,9.380865181922841,spoiled_toast_3.jpg,spoiled_bread
406.98117340686287,8.531908700980393,0.24827446955905536,0.050777944719495524,0.9752338890586192,0.0025783996699361433,8.282632274353698,724.9989696270666,12.332302960399849,0.1952039996122695,0.046061006422531525,0.9559063143400832,0.0021216163126564903,8.570110503979134,362.36011029411765,7.484191176470588,0.2862258895551041,0.04805194370138291,0.9779563176917958,0.0023089892934808724,8.144743469160103,618.8420915032679,11.312433679354093,0.2084140438805916,0.04630995565805379,0.9623623529273008,0.0021446119930509083,8.49188085137851,957.0960722194882,15.692867249015748,0.15710382724480637,0.04846292633631668,0.9417773186273544,0.0023486552290792567,8.762557578022957,724.9989696270666,12.332302960399849,0.1952039996122695,0.046061006422531525,0.9559063143400832,0.0021216163126564903,8.570110503979134,852.251614788386,13.750507504921263,0.18883075390449297,0.0418102346815614,0.9481855510322594,0.0017480957241272398,8.654907989616937,618.8420915032679,11.312433679354093,0.2084140438805916,0.04630995565805379,0.9623623529273008,0.0021446119930509083,8.49188085137851,1527.4676229001975,20.23531682312253,0.1438941395770193,0.04780744968851573,0.9071121901172031,0.0022855522457199628,8.914836023213716,1552.811333622667,20.046686093372184,0.13782877221629403,0.04047578092389092,0.9056422859595897,0.0016382888413988118,8.936039991682774,1360.7170979496045,18.104912919960473,0.1568614572947761,0.03722293630716199,0.9173195072433608,0.0013855469873270384,8.866005210701166,1151.6805443610883,17.2002914005828,0.15108862392967942,0.041032165587471935,0.9300148134215127,0.001683638612797716,8.828449853557661,2106.6578621031745,24.1004154265873,0.13718631598459108,0.047428642296646444,0.8719444866135917,0.00224947611010324,9.000871875903533,2483.2849911731164,26.22395288162602,0.1209424594652943,0.03608961170978894,0.8492247190621568,0.0013024600733633348,9.09986987548226,1881.1257130456352,21.950117807539684,0.13628789606518377,0.03320904408562113,0.8857689357299956,0.0011028406090807276,9.008194277520854,1804.4058335546565,22.066600009373687,0.13211988913917283,0.036502840620069525,0.8904344782147257,0.0013324573733341978,8.990709184828232,2729.005446962152,27.993557021912356,0.13130857227248738,0.04729150183085442,0.8341751263638066,0.002236486145417707,9.076676972649935,3396.1306531872015,31.68113819601915,0.11076772782661093,0.032275317972268874,0.7939867972851503,0.0010416961502110623,9.221442655010367,2435.161183391435,25.71107756474104,0.12360274747091328,0.03009292441050794,0.8522000373074138,0.0009055840995765446,9.115016839085687,2353.7221907281437,25.79324137062233,0.11969414263486959,0.0325953981375597,0.8571990025176527,0.0010624599797460302,9.102726836997856,spoiled_toast_4.jpg,spoiled_bread
297.2984528186275,7.7918658088235295,0.2532232179857921,0.039973825516885025,0.9787756214209633,0.0015979067264543685,8.370134853397575,663.6163321799307,13.035816993464051,0.16601326007299538,0.03356515797550781,0.9526683916409109,0.0011266198299207954,8.81832926572694,443.9991574754903,9.491283700980393,0.22808028518392814,0.03528451394127702,0.9682888400232034,0.001244996924072172,8.526012387541718,650.3191541714726,12.69211841599385,0.18134730998085036,0.033762836324371576,0.953617006613685,0.0011399291166663047,8.779244291894349,686.7652097687007,14.338659571850394,0.14860285258984396,0.03707637974526818,0.9510397307055108,0.0013746579350153324,8.89543671633718,663.6163321799307,13.035816993464051,0.16601326007299538,0.03356515797550781,0.9526683916409109,0.0011266198299207954,8.81832926572694,1027.3171598179135,17.51730130413386,0.12665565910044863,0.028106699855529254,0.9266986882418674,0.0007899865767688082,9.065565495323225,650.3191541714726,12.69211841599385,0.18134730998085036,0.033762836324371576,0.953617006613685,0.0011399291166663047,8.779244291894349,1013.2807868083005,17.55067317193676,0.13262017125987707,0.03639662865661241,0.9277676954996245,0.00132471457756734,9.029105955934984,1326.7216504433006,20.446617893235782,0.1106189500175666,0.02741087029209826,0.9055945738369874,0.0007513558101702348,9.167064498238242,1528.2784399703555,21.65254446640316,0.10730458273675902,0.024089810683603247,0.8910013256349321,0.0005803189787718452,9.218027393100911,1277.3174716349436,19.49224998449997,0.1275988791571426,0.027962242800246943,0.9091117901412432,0.000781887022419962,9.106867348075944,1318.176571800595,20.042054191468253,0.12413745332573303,0.03580327527528813,0.9060416898569377,0.0012818745204380582,9.109010803500771,1946.7964973675578,25.078957646580946,0.09637466372125444,0.0233861385856799,0.8615373242970045,0.0005469114779486264,9.31510827329584,2003.140221974206,25.016865079365076,0.09456165339733286,0.02074869599661601,0.857214064405515,0.0004305083855599892,9.32108380867697,1864.7700948304146,23.817603774469216,0.11073927728137897,0.023720699219834277,0.867376879014477,0.0005626715714778465,9.24780625487653,1641.2497043077692,22.416412475099605,0.119964431159037,0.0355638576827385,0.8830176556810424,0.0012647879732780782,9.176471844909138,2541.433704963467,29.111646510456037,0.08570231956473108,0.020077086386342233,0.8193561844082253,0.0004030893977646486,9.417906279330925,2511.3028822211163,28.39243027888447,0.08736811217368697,0.01893680261279059,0.8211016575944416,0.0003586024931957926,9.406640534716804,2438.2615425799954,27.77776203073823,0.09592863489223692,0.02027145888609669,0.8266988067119851,0.00041093204537070847,9.361671833372172,spoiled_toast_5.jpg,spoiled_bread
