Contrast_d1_a0,Dissimilarity_d1_a0,Homogeneity_d1_a0,Energy_d1_a0,Correlation_d1_a0,ASM_d1_a0,Entropy_d1_a0,Contrast_d1_a45,Dissimilarity_d1_a45,Homogeneity_d1_a45,Energy_d1_a45,Correlation_d1_a45,ASM_d1_a45,Entropy_d1_a45,Contrast_d1_a90,Dissimilarity_d1_a90,Homogeneity_d1_a90,Energy_d1_a90,Correlation_d1_a90,ASM_d1_a90,Entropy_d1_a90,Contrast_d1_a135,Dissimilarity_d1_a135,Homogeneity_d1_a135,Energy_d1_a135,Correlation_d1_a135,ASM_d1_a135,Entropy_d1_a135,Contrast_d2_a0,Dissimilarity_d2_a0,Homogeneity_d2_a0,Energy_d2_a0,Correlation_d2_a0,ASM_d2_a0,Entropy_d2_a0,Contrast_d2_a45,Dissimilarity_d2_a45,Homogeneity_d2_a45,Energy_d2_a45,Correlation_d2_a45,ASM_d2_a45,Entropy_d2_a45,Contrast_d2_a90,Dissimilarity_d2_a90,Homogeneity_d2_a90,Energy_d2_a90,Correlation_d2_a90,ASM_d2_a90,Entropy_d2_a90,Contrast_d2_a135,Dissimilarity_d2_a135,Homogeneity_d2_a135,Energy_d2_a135,Correlation_d2_a135,ASM_d2_a135,Entropy_d2_a135,Contrast_d3_a0,Dissimilarity_d3_a0,Homogeneity_d3_a0,Energy_d3_a0,Correlation_d3_a0,ASM_d3_a0,Entropy_d3_a0,Contrast_d3_a45,Dissimilarity_d3_a45,Homogeneity_d3_a45,Energy_d3_a45,Correlation_d3_a45,ASM_d3_a45,Entropy_d3_a45,Contrast_d3_a90,Dissimilarity_d3_a90,Homogeneity_d3_a90,Energy_d3_a90,Correlation_d3_a90,ASM_d3_a90,Entropy_d3_a90,Contrast_d3_a135,Dissimilarity_d3_a135,Homogeneity_d3_a135,Energy_d3_a135,Correlation_d3_a135,ASM_d3_a135,Entropy_d3_a135,Contrast_d4_a0,Dissimilarity_d4_a0,Homogeneity_d4_a0,Energy_d4_a0,Correlation_d4_a0,ASM_d4_a0,Entropy_d4_a0,Contrast_d4_a45,Dissimilarity_d4_a45,Homogeneity_d4_a45,Energy_d4_a45,Correlation_d4_a45,ASM_d4_a45,Entropy_d4_a45,Contrast_d4_a90,Dissimilarity_d4_a90,Homogeneity_d4_a90,Energy_d4_a90,Correlation_d4_a90,ASM_d4_a90,Entropy_d4_a90,Contrast_d4_a135,Dissimilarity_d4_a135,Homogeneity_d4_a135,Energy_d4_a135,Correlation_d4_a135,ASM_d4_a135,Entropy_d4_a135,Contrast_d5_a0,Dissimilarity_d5_a0,Homogeneity_d5_a0,Energy_d5_a0,Correlation_d5_a0,ASM_d5_a0,Entropy_d5_a0,Contrast_d5_a45,Dissimilarity_d5_a45,Homogeneity_d5_a45,Energy_d5_a45,Correlation_d5_a45,ASM_d5_a45,Entropy_d5_a45,Contrast_d5_a90,Dissimilarity_d5_a90,Homogeneity_d5_a90,Energy_d5_a90,Correlation_d5_a90,ASM_d5_a90,Entropy_d5_a90,Contrast_d5_a135,Dissimilarity_d5_a135,Homogeneity_d5_a135,Energy_d5_a135,Correlation_d5_a135,ASM_d5_a135,Entropy_d5_a135,Filename,Label
934.2110605314961,17.168860728346456,0.2428675500477439,0.06491469532053581,0.9127611354518912,0.004213917668557994,8.208058136854277,1249.3042346084692,20.63475726951454,0.2018221161937978,0.05727558233624698,0.8834725306978032,0.0032804923319562068,8.412900079066258,1037.3580216535433,18.687992125984252,0.2085437159242175,0.05815898380524726,0.9035583714431977,0.003382467397259013,8.344390932627288,1234.1962923925848,20.563085126170254,0.19008935559455276,0.057065733921320305,0.8848779506530771,0.0032564979879789267,8.413990669001405,1374.4412822420636,21.972160218253972,0.19789650886726806,0.06370581115145306,0.8711273971687328,0.004058430374464601,8.423631204672422,1249.3042346084692,20.63475726951454,0.2018221161937978,0.05727558233624698,0.8834725306978032,0.0032804923319562068,8.412900079066258,1719.6937003968253,25.092509920634917,0.15111917866724064,0.04765304482110125,0.8402729060225137,0.0022708126807218848,8.614748697020879,1234.1962923925848,20.563085126170254,0.19008935559455276,0.057065733921320305,0.8848779506530771,0.0032564979879789267,8.413990669001405,1821.7284375,26.0059375,0.17310052624664143,0.06287468936304974,0.8284296369607984,0.0039532265624999995,8.551617954336887,2069.109662383472,28.122637944066515,0.15155294037489606,0.04713406447407581,0.8064137111730886,0.0022216200338463356,8.69125099562062,2360.525625,30.406,0.11870269502924274,0.03963525103995179,0.780944451479934,0.0015709531249999994,8.788983999937097,2097.5137314184935,28.070924666162764,0.12940898845406937,0.04697854719498312,0.8037390101285631,0.0022069838965512564,8.694840672782536,2350.1774193548385,30.103956653225808,0.15213099982982664,0.06194767144996894,0.7776745377512816,0.0038375139980732966,8.659215187827684,2876.5217279999997,34.207616,0.12110968318341739,0.03954296336897375,0.72993748196801,0.0015636459519999999,8.850293848174614,2928.0926159274195,34.842237903225815,0.10045805637536498,0.03471161972340608,0.7284555350068784,0.0012048965438223537,8.908969486152701,2874.6594559999994,34.263296,0.09912540018253344,0.039227353721606045,0.7300837442458175,0.0015387852799999995,8.849886737450673,2725.0383003048782,32.993076727642276,0.13984340438668602,0.061766436100238895,0.7410387879997553,0.003815092628524895,8.735989052357754,3602.385210718003,39.540257544224765,0.09985591654918619,0.03483129914692661,0.6605214360240521,0.0012132194002626906,8.969607110612209,3386.9983485772364,38.63135162601627,0.086591247139011,0.03176432231298293,0.6860879973373573,0.0010089721720030651,8.99237558624547,3518.9233870967746,39.5355098855359,0.07869837605780527,0.03442936817492402,0.6683638738449796,0.0011853813929244708,8.97781495575653,crispy_toast_1.jpg,fresh_bread
623.8756766732283,12.548781988188976,0.27939626637719234,0.07315486017372097,0.9445596648706691,0.005351633567036666,7.4396071605708,921.1181722363444,15.754045508091018,0.25934507449135535,0.07219829917911341,0.9182984830206907,0.005212594404356768,7.5627502427915285,625.8855191929135,12.564653051181104,0.29637097169786486,0.07630138980188175,0.9442745305131965,0.0058219020856987045,7.372238488793187,898.6405232810467,15.588133176266354,0.25050125020960035,0.06899152772119595,0.920292135201401,0.00475983089730455,7.595032867845907,1292.4846230158728,19.439980158730158,0.21238699334176958,0.06578631258594297,0.8855960774266729,0.004327838923655399,7.753512194774968,921.1181722363444,15.754045508091018,0.25934507449135535,0.07219829917911341,0.9182984830206907,0.005212594404356768,7.5627502427915285,1325.6624503968255,19.367187500000004,0.2405573435459527,0.07071358899258223,0.88213827397126,0.005000411668211847,7.66210066863141,898.6405232810467,15.588133176266354,0.25050125020960035,0.06899152772119595,0.920292135201401,0.00475983089730455,7.595032867845907,2003.3445625000002,25.6985625,0.1741743192115952,0.060147117813325025,0.8233605111664064,0.0036176757812500003,7.950300578719348,1930.7414336104816,24.853174603174608,0.1946756201526362,0.06373721590425392,0.8296514841429722,0.004062432691225478,7.894096782897571,2015.8613125000002,25.1905625,0.20335382084098041,0.06592405076108415,0.8209624092608605,0.00434598046875,7.839950225460022,1932.755039052658,24.81475182665659,0.18925716269090215,0.061816916721156,0.8294773814698404,0.0038213311929103364,7.927612299458372,2686.8936491935488,31.32144657258065,0.14560342462573952,0.05497109938239215,0.7639886533929203,0.003021821767308834,8.09848235297821,2897.3482879999997,32.35168,0.15758038084199,0.0569288184314412,0.7455923573690595,0.0032408903679999996,8.097000757913383,2692.3004662298395,30.164251512096783,0.18359927446532331,0.06240694897476956,0.7610145856683984,0.0038946272803394915,7.975808232438674,2982.267264,33.128704,0.14635107953232,0.05506654243730943,0.7381525051178989,0.0030323240960000004,8.135648651503615,3325.8259019308944,36.3072281504065,0.12773408864826724,0.050812472208810015,0.7089569163994999,0.0025819073319710904,8.216542423269019,3758.030306971905,38.73686264308013,0.13421609010673805,0.051875912518271575,0.6713858530823161,0.0026911102996033656,8.258566927967665,3374.8706173780492,34.665459857723576,0.1588971827455226,0.058723006749615024,0.7007286032084431,0.003448391521715332,8.09293369776869,3960.397632674298,40.16753381893861,0.12359116733912946,0.04968967664255992,0.6537395817588184,0.0024690639648421646,8.28089266865467,crispy_toast_10.jpg,fresh_bread
793.3246186023622,15.06994340551181,0.21067887872724164,0.07643128081739586,0.9255761574746408,0.005841740687387624,7.753997607200082,1214.104408208816,19.76886353772707,0.17210491699677982,0.06741214207818515,0.8855697878499599,0.00454439689956942,8.01710790086862,981.7146284448818,17.635888287401574,0.18303006717400333,0.06790179491410743,0.9075062680894326,0.004610653752557505,7.9346826252118365,1075.1801103602209,18.643189286378572,0.1800247159717731,0.06756595612152207,0.8986601380487942,0.004565158426615446,7.9826795451992405,1199.7227182539684,19.60044642857143,0.1809758700592547,0.07564008917710677,0.8874268543060454,0.005721423090720665,7.96180157146716,1214.104408208816,19.76886353772707,0.17210491699677982,0.06741214207818515,0.8855697878499599,0.00454439689956942,8.01710790086862,1558.6409350198412,23.632874503968253,0.1480925153539861,0.05969418961781303,0.8524140764156799,0.003563396274127417,8.20415731656788,1075.1801103602209,18.643189286378572,0.1800247159717731,0.06756595612152207,0.8986601380487942,0.004565158426615446,7.9826795451992405,1570.4669375,23.4359375,0.16542468134456564,0.07504799245732692,0.8525149264210393,0.005632201171874999,8.105277881939742,1962.2042076089697,27.07281431090955,0.1373871452822439,0.05899637143901065,0.8141084699006702,0.003480571842969712,8.30044478757345,2107.3229375,29.0050625,0.124196710088263,0.05112480898497324,0.7994373947759237,0.0026137460937500005,8.402214431056336,1828.6942554799698,26.388636936255985,0.1384989877228393,0.05880783734126044,0.8267319973400302,0.0034583617327561458,8.299900076418863,1946.5907258064517,26.854460685483872,0.15684981407072776,0.0745421578001435,0.8170135523381872,0.0055565332895014955,8.207986482017683,2637.516416,33.038592,0.11418922231803998,0.050681676373221914,0.7486678177847131,0.0025686323200000004,8.485457535009997,2544.8314642137098,33.27765877016129,0.10396977333845937,0.045155829877397455,0.7565524216042966,0.0020390489719164604,8.533236320619615,2498.416576,32.755776000000004,0.11421640841193267,0.05029380049270486,0.7618402334542144,0.002529466368,8.497217805427404,2303.9245426829266,29.946646341463417,0.1483719310229456,0.07385504565008846,0.7832354479681177,0.0054545677679766515,8.294983371149627,3188.8444328824144,37.8665452653486,0.0951655690681237,0.044736619662502204,0.6943150341695108,0.002001365138827379,8.607986085302533,2933.010861280488,36.97757876016261,0.08935919435394106,0.03951359766612135,0.7178851756669402,0.0015613244005201108,8.631729108400819,3038.9371748178983,37.75793444328824,0.09571687858841893,0.04453076521767406,0.7085239777634313,0.00198298905087161,8.615752875673905,crispy_toast_11.jpg,fresh_bread
212.99895423228344,9.355007381889763,0.18619326082292892,0.023747429290353242,0.9804525026275532,0.000563940397900327,8.132671350997839,411.6051832103664,13.742947485894973,0.12560617751391834,0.020208616814397284,0.9621864782134493,0.0004083881935511407,8.471928332936267,237.90846456692918,10.479084645669293,0.16025736177041958,0.022294473207299107,0.9781804113355619,0.0004970435355909777,8.273288438205473,319.5141670283341,11.937875875751752,0.14263676049485208,0.021301622169088746,0.9706474064729556,0.00045375910703461314,8.365921662591875,523.8280009920634,15.255580357142858,0.12223485454232473,0.01957494835987369,0.9518738691774323,0.0003831786032917218,8.528492357028746,411.6051832103664,13.742947485894973,0.12560617751391834,0.020208616814397284,0.9621864782134493,0.0004083881935511407,8.471928332936267,647.4399181547619,18.039124503968253,0.09811843414712915,0.017938981408786518,0.9405338844003578,0.00032180705398478834,8.69354559125603,319.5141670283341,11.937875875751752,0.14263676049485208,0.021301622169088746,0.9706474064729556,0.00045375910703461314,8.365921662591875,871.1619375,20.0789375,0.09267579694713264,0.017408017190363754,0.9198914915068639,0.0003030390624999999,8.737636816412476,1050.7088687326782,22.729780801209372,0.0740541592046,0.016612343093240414,0.9031870586111155,0.00027596994304753247,8.849732944382012,1135.648375,24.361875,0.07287608652700725,0.015995360655515087,0.8954777508127584,0.0002558515625,8.90377563750848,792.4061476442429,19.685059208868733,0.08533455424433178,0.01734005765836443,0.9269899481641712,0.000300677599595403,8.749534895821608,1237.962386592742,24.39522429435484,0.07373342100978615,0.01604278639866603,0.8860505279836435,0.00025737099543322384,8.874323723918208,1771.674944,30.221248000000006,0.052614283580712025,0.014827848394153485,0.8361571419860233,0.0002198650880000001,9.032765044133532,1671.8129410282259,29.976625504032256,0.058508669886739466,0.014722196854630403,0.8457464852942173,0.00021674308022648933,9.03216781835744,1320.4682240000002,26.176000000000002,0.060554342317863226,0.015479667179884717,0.8778829427519044,0.00023962009600000006,8.937972896697069,1612.3806529471549,28.23266006097561,0.06492060889619188,0.015037063777859495,0.851440439825728,0.00022611328705941406,8.978408013744207,2538.3572450572324,36.85399323621228,0.04196568106257059,0.01374624403517086,0.7641793172091297,0.00018895922507447045,9.144763421524495,2240.5874618902444,35.076791158536594,0.048421114896508965,0.013821319184835614,0.7926439385329325,0.00019102886400910503,9.12890063544486,1882.4877081165455,31.909924557752348,0.04845542036168181,0.014315844276002918,0.8251147781057702,0.00020494339733476553,9.06129544464891,crispy_toast_15.jpg,fresh_bread
1067.0306963582677,10.785248523622046,0.6459353683438147,0.5306945952221659,0.9463013685477234,0.2816367533980185,4.019863394559199,1656.998263996528,15.144212288424576,0.6120659166515557,0.5190797214801897,0.9163087763132193,0.26944375725195124,4.130726883642857,1128.1360728346458,11.633366141732283,0.6303933641165986,0.5310253979591789,0.9429607424693704,0.2819879732777043,4.040197929880382,1355.2504805009612,13.1997643995288,0.6197595969429027,0.5256577559678924,0.9315493723924259,0.27631607640920036,4.110799154977055,1870.8978794642856,15.871465773809522,0.6210907197853672,0.5153875728816504,0.9059456301448081,0.26562435028083853,4.1477697770279764,1656.998263996528,15.144212288424576,0.6120659166515557,0.5190797214801897,0.9163087763132193,0.26944375725195124,4.130726883642857,2144.119171626984,17.670262896825395,0.5969778540371857,0.5164696137274226,0.891186327350916,0.2667408619037531,4.20316678883806,1355.2504805009612,13.1997643995288,0.6197595969429027,0.5256577559678924,0.9315493723924259,0.27631607640920036,4.110799154977055,2544.7049374999997,19.7026875,0.604769753033122,0.5041353171210583,0.8722426970730682,0.25415241796875,4.233623163203028,2943.8263416477703,22.297996976568406,0.5758320484268599,0.49944337213416123,0.8509298153887954,0.24944368196874225,4.316676262083752,3105.238625,22.90875,0.5720308465950108,0.5040573329710372,0.8418008494492059,0.25407379492187504,4.311235783420887,2528.2040186444947,19.630070546737212,0.5853307238276605,0.508459899595271,0.8719761983027942,0.25853146949643313,4.296564239735659,3120.5748487903224,22.858618951612904,0.5917875910243464,0.49485949720547956,0.8435647551844577,0.24488592197446002,4.296569929880212,4068.37536,28.094528,0.5495132512230267,0.484003337509154,0.7935006023442434,0.23425923072000002,4.444977216816174,3925.659400201613,27.141129032258064,0.5520781806857005,0.4944667317557238,0.7992972694919834,0.24449734881318694,4.391341549910496,3719.731904,25.821247999999997,0.5576744326735247,0.4912529295261251,0.8111967727538049,0.24132944076800003,4.4328500795363945,3631.4867886178863,25.45617378048781,0.5827156006925717,0.48694295848413266,0.8182378795759715,0.23711344481727972,4.356327106079493,5039.002341311134,32.8294745057232,0.5280535838188909,0.4718524073916636,0.7437786639296887,0.22264469436130851,4.545345335603679,4695.939405487805,30.939913617886177,0.5401515232152984,0.48567705529862665,0.7591944168792253,0.23588220204354526,4.446043753421764,4800.447775754423,31.26619406867846,0.5350454080654931,0.47671181312371735,0.7558866702022098,0.227254152771702,4.545121927091716,crispy_toast_16.jpg,fresh_bread
921.6117125984254,15.575295275590554,0.16849254468070385,0.017262813976872887,0.9148558306256603,0.0002980047464001179,8.673228293434432,1306.5960071920144,20.117862235724473,0.11933167663701065,0.014643846549595817,0.8790699385184692,0.00021444224176810932,8.930864272682584,1206.056409940945,18.923166830708666,0.13455739668882571,0.015583287990150836,0.8887958492100545,0.00024283886458397927,8.853341250767656,1350.5435550871102,20.197718395436794,0.1281946840830681,0.015102917148402596,0.8750092371230703,0.0002280981063915132,8.904977984536824,1489.653831845238,21.423549107142858,0.1084687586380205,0.014271422542056877,0.8618870559358112,0.0002036735013739292,8.975294841996583,1306.5960071920144,20.117862235724473,0.11933167663701065,0.014643846549595817,0.8790699385184692,0.00021444224176810932,8.930864272682584,2061.300161210317,27.278335813492063,0.08660705958867695,0.012637482649234822,0.8096973463104482,0.0001597059677097112,9.163679493829967,1350.5435550871102,20.197718395436794,0.1281946840830681,0.015102917148402596,0.8750092371230703,0.0002280981063915132,8.904977984536824,2103.4695,27.059875,0.08082870127216935,0.012745633443458195,0.8043221360982,0.000162451171875,9.163666995338303,2243.7373393801968,29.368732678256492,0.06830358797552272,0.011908260732730104,0.7913387148313816,0.00014180667367868173,9.23422961370358,2904.704375,34.675000000000004,0.060837028431771606,0.011132897477745854,0.731490746158266,0.00012394140625,9.338405755620972,2421.178697404888,30.05788611740993,0.08500076136866073,0.012409786199067525,0.7748842039433398,0.0001540027935065668,9.226467458923317,2713.3248487903224,32.199722782258064,0.06741926434521593,0.011799092651935105,0.7467823129148212,0.00013921858740894902,9.287469763266742,3163.038784,37.330112,0.0464408850130566,0.010654125961335355,0.7045147634811136,0.0001135104,9.389446805195064,3681.2475428427424,41.176348286290334,0.04520126945277686,0.01032535946267544,0.6594888727990732,0.00010661304803346127,9.441881549469667,3320.0966399999998,37.706239999999994,0.06280562220095372,0.011214162474300076,0.6899762163785266,0.00012575744000000003,9.373423322135512,3293.1478023373984,36.87404725609757,0.057573775704369834,0.011076897062351633,0.6917998482058234,0.00012269764852993424,9.385133362048062,3982.097424557752,43.81412591050988,0.03586311790478937,0.009913095176249886,0.6266591364255344,9.826945597338877e-05,9.48841598885327,4338.362995426829,46.4453125,0.03659312410094385,0.00979757614760917,0.5984816925210209,9.599249836820015e-05,9.519557028910624,4034.9473855359006,43.84631893860562,0.047704638516336925,0.010390471402522219,0.6219592072364085,0.00010796189596663205,9.472074085141294,crispy_toast_2.jpg,fresh_bread
975.1689222440945,17.946112204724407,0.1956440630439503,0.02618505086670451,0.9095682925048654,0.0006856568888919028,8.446438603406637,1532.951577903156,23.410130820261642,0.1640721009594978,0.023323751156006104,0.857571722999063,0.0005439973679872961,8.653909729045216,1269.1977731299212,20.817482775590552,0.18399767941268627,0.024440687449316708,0.8823425845066135,0.0005973472029951872,8.560679847687396,1406.1060822121642,23.016492032984065,0.1423950717404292,0.02158401439669753,0.8693598526866487,0.00046586967747684626,8.692056989931153,1532.4985739087304,24.262214781746035,0.12721188358101493,0.02065862986653211,0.8575950688579226,0.00042677898796237256,8.752385781010748,1532.951577903156,23.410130820261642,0.1640721009594978,0.023323751156006104,0.857571722999063,0.0005439973679872961,8.653909729045216,2216.1094990079364,29.671502976190474,0.1194525415886019,0.019281838488769062,0.7942102770510123,0.00037178929550697596,8.881766204343748,1406.1060822121642,23.016492032984065,0.1423950717404292,0.02158401439669753,0.8693598526866487,0.00046586967747684626,8.692056989931153,2054.2565625,29.478812500000004,0.09137422220838395,0.01794441286654428,0.8087274362438511,0.00032200195312499997,8.919942381320835,2611.4382086167802,33.196963970773496,0.10957597015769774,0.01854308688499097,0.7564552947608542,0.0003438460712243241,8.952582235842533,3083.258,36.7535,0.08854949489092637,0.01685340052852836,0.7133103054577096,0.000284037109375,9.047747311563839,2429.1203073822126,32.52897455278408,0.08482340921172177,0.01734451880019725,0.7734691291498185,0.00030083233241039577,8.996027918575876,2640.052104334678,34.51997227822581,0.07178962292649753,0.016413185268431343,0.7537334456642117,0.0002693926506558517,9.044735424458825,3593.4725120000003,40.591488,0.08556819375288584,0.016153376860582432,0.6637545132716464,0.000260931584,9.104529380052433,3826.961315524194,42.1655745967742,0.06952973350936145,0.015379050685163596,0.643774033996976,0.00023651519997683085,9.149284243157839,3435.284672,40.486847999999995,0.06040372725882817,0.015213770604291363,0.6785874081947836,0.00023145881599999997,9.14217753455172,3176.9485518292677,38.72726117886178,0.06044306335902463,0.015371066190731872,0.7031436486704099,0.00023626967583986042,9.126569430941835,4343.085718002081,45.52809573361082,0.07087598322736408,0.014836217355489383,0.5924417863203181,0.0002201133454193244,9.182095438877148,4391.870363313008,46.00349339430895,0.05639204310619431,0.014428680015907698,0.5906899342697631,0.00020818680700145418,9.221270712656402,4342.115634755462,47.190426638917785,0.0466323107909834,0.014102709506136906,0.5926123743712182,0.00019888641541448428,9.244720954746516,crispy_toast_27.jpg,fresh_bread
887.25,11.955339566929133,0.5534321178613779,0.4378821959884489,0.9519264408085295,0.1917408175636664,4.924396822040066,1711.6070432140864,16.847789695579394,0.5252947127016944,0.42656983538521565,0.9068640827346366,0.18196182446057,5.073326180381898,1229.77718996063,13.117864173228348,0.5462896841403524,0.4373773600069402,0.9331375951183223,0.19129895504664057,4.943682738928871,1380.227540455081,14.411556823113647,0.5363559494104577,0.43244480929166473,0.9248958699224504,0.18700851308330427,5.01971512237993,1600.582837301587,17.089285714285715,0.5283448500993897,0.4246013003552547,0.9132131004546947,0.18028626426337319,5.085988845872832,1711.6070432140864,16.847789695579394,0.5252947127016944,0.42656983538521565,0.9068640827346366,0.18196182446057,5.073326180381898,2369.3907490079364,20.218129960317462,0.5088813509812371,0.4222662209307047,0.8706137354363805,0.17830876133909873,5.14928807730017,1380.227540455081,14.411556823113647,0.5363559494104577,0.43244480929166473,0.9248958699224504,0.18700851308330427,5.01971512237993,2271.2476875,21.2221875,0.5066590667705704,0.4125700863754848,0.8767981901045369,0.170214076171875,5.1968540590168,3335.2111363063746,25.978584026203073,0.4824655536276258,0.40311916372184664,0.817594921003535,0.162505060159801,5.30554912325079,3567.855125,26.7295,0.48187114706033807,0.40769229789833533,0.8043237252511417,0.166213009765625,5.280357177058489,2594.430839002268,21.779667422524568,0.49572288500902395,0.4130401828645679,0.8581087245159637,0.17060219266079568,5.252224788350652,2893.8191154233873,24.952179939516128,0.4922342124695701,0.4020408594870435,0.8429702615672797,0.16163685269708067,5.296980407726869,4825.598144,33.775296,0.44855410015448993,0.3839059084723756,0.734848623165473,0.14738374656000003,5.481093580340399,4715.839150705646,32.61636844758064,0.4570340210581957,0.3954482326942139,0.7403390773817426,0.15637930474097717,5.381186860010984,3760.0927359999996,28.448832000000003,0.46296930501003564,0.3955050819193099,0.7933947800407841,0.156424269824,5.42295581269648,3482.8878302845533,28.379700203252035,0.4783676471205437,0.3921957927415705,0.8109741665668095,0.15381753984418894,5.382856763062602,6297.513397502602,41.13904786680541,0.42213438076141374,0.36606243330099913,0.6525211932341695,0.13400170507424844,5.604721027898887,5838.272548272358,38.1912474593496,0.440890240083324,0.3830923745632514,0.6773709435449997,0.14675976744851052,5.4491729465511405,4891.701547866805,34.49473204994797,0.439342353536122,0.3800578333739342,0.730075608837904,0.14444395670888913,5.555905766585974,crispy_toast_29.jpg,fresh_bread
2494.4992618110236,31.84719488188977,0.14200942186323293,0.06290604123385168,0.767207190696418,0.003957170023715048,8.615563750729331,2848.787649575299,35.30076260152519,0.12383683914806826,0.05516159429525009,0.7349009679374062,0.0030428014851937675,8.72566798519043,1759.1287524606298,26.52380659448819,0.15350346115034008,0.05610150219178685,0.8369275535917629,0.0031473785481750645,8.541867527459761,2522.4352408704813,32.65831731663463,0.1319538025236623,0.05523614325886523,0.7652732948671366,0.003051031522113883,8.681449893732363,3464.339285714286,39.31646825396825,0.11956642455475486,0.062265692658393074,0.6753193773977942,0.0038770164822294647,8.766883951861416,2848.787649575299,35.30076260152519,0.12383683914806826,0.05516159429525009,0.7349009679374062,0.0030428014851937675,8.72566798519043,2736.768539186508,35.09133184523809,0.11573172309195243,0.04588404670069362,0.7470548179966892,0.0021053457416314327,8.782128082838973,2522.4352408704813,32.65831731663463,0.1319538025236623,0.05523614325886523,0.7652732948671366,0.003051031522113883,8.681449893732363,4161.37075,44.034125,0.10720345961815275,0.06152044883613903,0.6080101224980747,0.003784765625,8.838146413937604,4020.702569916856,43.961955152431344,0.08987389399950968,0.045006747061626814,0.6253431872886772,0.002025607281069254,8.924840489774784,3510.393499999999,40.97887499999999,0.09236931939226502,0.03806137108342261,0.6765196402401267,0.001448667968749999,8.919926316599183,3694.583774250441,41.45754598135551,0.10137993545549132,0.04529884389824347,0.6557566717109977,0.0020519852585174298,8.890240661476055,4833.975050403227,48.299395161290334,0.09930781050686867,0.06143348695887568,0.5423975936249779,0.003774073319926348,8.882047245163886,4939.000896,49.961792,0.07465136309920464,0.037746899422336666,0.5386885447327665,0.001424828416,9.030419832317547,4134.022366431453,45.11082409274194,0.08325295137976695,0.03371954969851903,0.6199927515174412,0.0011370080318708947,9.006357701224761,4674.751168,48.00735999999999,0.08157108792003025,0.03789664766176555,0.5634860509010972,0.0014361559040000002,8.999863202602153,5328.973894817074,51.44099339430895,0.09533236990732223,0.061313410904090884,0.49313401297805776,0.0037593343566938906,8.922530142164248,5698.549557752342,54.87122788761707,0.06599927636925215,0.03376799673247833,0.46617997383858634,0.0011402776033246672,9.097958497477618,4705.609883130082,48.95503048780488,0.07167853480238112,0.031109159351884148,0.568249786919144,0.000967779795580921,9.065942300902208,5434.6556971904265,52.71553069719043,0.06837890159524196,0.033515596568964724,0.4911733414262166,0.0011232952133735999,9.06327107149888,crispy_toast_3.jpg,fresh_bread
1332.9028666338581,19.962044783464567,0.25629726009063897,0.08005238839086737,0.8754877435020093,0.006408384887082276,8.130155065181725,1604.909107818216,23.075020150040306,0.22690386669977394,0.0703647052771998,0.8502303514023513,0.00495119174874719,8.282237021675616,1174.2377583661416,18.04484498031496,0.29357091045998746,0.07403952481410564,0.8907580419293449,0.005481851234698565,8.027819822472303,1468.8434496868992,20.42060884121768,0.25714230962133705,0.07169186428649389,0.8629280266648307,0.005139723404873058,8.117928495099775,1950.3151041666665,26.383184523809526,0.18223233039591918,0.07683794077581202,0.8174183284067527,0.005904069142667195,8.37476956752619,1604.909107818216,23.075020150040306,0.22690386669977394,0.0703647052771998,0.8502303514023513,0.00495119174874719,8.282237021675616,1739.4040178571427,24.044642857142854,0.2081869809328992,0.061247462093064045,0.8383590020002296,0.003751251612841317,8.346524904284404,1468.8434496868992,20.42060884121768,0.25714230962133705,0.07169186428649389,0.8629280266648307,0.005139723404873058,8.117928495099775,2460.6186875000003,31.413187500000003,0.15281085812050382,0.07616619369838563,0.7690632648959692,0.005801289062499999,8.515794426451855,2525.981733434114,32.20307382212144,0.15819566428022278,0.05851427001289518,0.7640079874715537,0.003423919795142004,8.592003238756604,2221.255375,28.984875000000002,0.1581102066244667,0.04968590799336368,0.793824508943183,0.0024686894531250002,8.572727953787648,2017.4373267825645,25.90898211136306,0.17688056235468225,0.05921896942947132,0.8115525366623011,0.003506886340288659,8.411834979678531,3034.2145287298395,36.32440776209678,0.1365881548969748,0.07565889784395974,0.7146665867583536,0.005724268822962736,8.610920618332127,3404.072512,39.65152,0.1194076125860791,0.0478559973253092,0.6815593193609011,0.002290196480000001,8.789903376266354,2677.275642641129,33.50044102822581,0.1256674356876887,0.042577186175496363,0.7518062234381713,0.0018128167826228785,8.716091436194784,2420.824384,30.101312,0.13435879833999748,0.048448380447647564,0.7736012653088762,0.002347245567999999,8.597563466582038,3564.5208333333335,40.454268292682926,0.12472300134419612,0.07546092586529274,0.6641489741168458,0.005694351332447206,8.675803484000781,4261.989724245578,46.136446409989595,0.09450899364849008,0.041379061516490685,0.601021395356735,0.0017122267319855207,8.904234469684269,3098.8424161585367,37.29808180894309,0.10510166620844032,0.039901357486224774,0.71291624677634,0.001592118329243506,8.818686963482264,2858.8666103017695,34.236927679500525,0.10792883003908649,0.04177427037861256,0.7324953520809022,0.0017450896656654267,8.73111804908186,crispy_toast_6.jpg,fresh_bread
175.60629921259846,8.449064960629924,0.19941222050094473,0.035720897699159454,0.9840262299662016,0.0012759825324338153,8.197750901467385,640.0859321718644,14.783061566123134,0.1542483630687097,0.03346944488351252,0.941402800170119,0.0011202037408104824,8.564865484261908,630.5824926181103,14.400529035433072,0.1527947030405818,0.03271339578624763,0.9424069633799503,0.001070166263867684,8.544284204476865,678.7168454336909,14.68175336350673,0.15971664025422241,0.03250911926470962,0.9378639997501125,0.0010568428353671141,8.556355833780616,360.4645337301588,11.982762896825399,0.16570483858203783,0.03414530440128608,0.967133428629963,0.0011659018126564866,8.435799423554071,640.0859321718644,14.783061566123134,0.1542483630687097,0.03346944488351252,0.941402800170119,0.0011202037408104824,8.564865484261908,1533.2512400793653,22.323040674603178,0.12472404697334226,0.030340791492210674,0.8589913705761927,0.0009205636283738035,8.802522055423996,678.7168454336909,14.68175336350673,0.15971664025422241,0.03250911926470962,0.9378639997501125,0.0010568428353671141,8.556355833780616,562.6090624999999,14.898812500000002,0.14891428906472587,0.03298235797361978,0.9485774201898001,0.0010878359375,8.57536275064147,1539.4605694129505,22.726379440665156,0.12352257225674806,0.030405996153279092,0.8577562882585495,0.0009245246020732229,8.812225364976907,2505.4654375,29.3450625,0.10512992177502115,0.0274720383412844,0.7678577004577677,0.0007547128906250001,8.964043003818862,1622.294784580499,22.48122952884858,0.12677361517221372,0.02903327082367948,0.8500845182017577,0.0008429308147211181,8.793781837445362,776.9253402217744,17.55840473790323,0.13518067390803512,0.0317959135709978,0.9288112064349967,0.0010109801198143619,8.688518105680075,2529.75424,29.860352,0.10800913000127667,0.0285262725220103,0.7639435032002263,0.000813748224,8.968868851088233,3454.0669732862907,35.72221522177419,0.09075666956860655,0.025756862124952325,0.6775164850156019,0.0006634159465238037,9.072652863453285,2584.8342399999997,29.279807999999996,0.10317794132034516,0.02649534298702321,0.7587119229014854,0.0007020032,8.944699737089664,1005.9674796747968,20.022484756097562,0.12490374050337129,0.030879388682363274,0.9075910133691146,0.0009535366453964652,8.766464644409572,3514.1525754422482,36.41493236212279,0.09223142881608656,0.02699493299765443,0.6687879188669724,0.0007287264075478521,9.077553551878324,4311.938579776423,41.3671875,0.0767627596845861,0.024362025697824148,0.5936132293840026,0.0005935082961014442,9.156308374104064,3448.863878772113,35.08370187304891,0.086327234188527,0.024558203596226177,0.6746965154886021,0.0006031053638736963,9.049876076727822,crispy_toast_7.jpg,fresh_bread
1791.8960999015746,25.140932578740156,0.15807192837886078,0.05099076681814601,0.8335446807911552,0.00260005830070254,8.979292387118791,2958.584413168826,34.33901667803335,0.11329658088586621,0.04125454893395906,0.7267456154029662,0.0017019378077444223,9.2385513157863,2554.8114542322837,31.14056348425197,0.12468649095149546,0.04132926730115435,0.7645587538845995,0.0017081083356502657,9.173478460181698,2475.5943331886665,30.844503689007382,0.12086597873847092,0.0411071576150294,0.7713508466536976,0.00168979840718687,9.185742714926485,2773.69208829365,33.30419146825397,0.12227591450270442,0.050314128563527426,0.7416108688668435,0.0025315115331071662,9.184161367715241,2958.584413168826,34.33901667803335,0.11329658088586621,0.04125454893395906,0.7267456154029662,0.0017019378077444223,9.2385513157863,3984.508742559524,41.44822668650793,0.0850873232083544,0.03262003961088278,0.6348898418154012,0.0010640669842155615,9.386979238359014,2475.5943331886665,30.844503689007382,0.12086597873847092,0.0411071576150294,0.7713508466536976,0.00168979840718687,9.185742714926485,3489.3563125,38.5754375,0.10729726740575593,0.05033111068837046,0.6741187508169708,0.0025332207031249997,9.272856958027035,4421.493764172336,45.103741496598644,0.08033175586965338,0.03262491705798294,0.5928065473695922,0.0010643852130402661,9.447460254736116,4902.109,47.941125,0.06608728799605289,0.02667417700229944,0.5528389679542444,0.0007115117187500002,9.506032969681886,3855.265432098766,41.18052406147645,0.08385732119609515,0.0324231812146258,0.6449325406660438,0.001051262680076463,9.39372785894754,4056.0714465725805,42.74546370967742,0.0997745149556657,0.049979494873964095,0.6204292122148006,0.0024979499078566034,9.322477212490899,5194.388416,51.166144,0.061293554361648614,0.02669429182428333,0.5225823577634628,0.000712585216,9.535457498040511,5478.845640120968,52.684097782258064,0.05800642735316437,0.024322575887479016,0.5021178375077502,0.0005915876978021756,9.567179175230727,4765.773056,47.88672,0.06571526246442957,0.026718792787100244,0.5619194252586357,0.0007138938880000001,9.498974632314543,4560.933816056911,46.25381097560976,0.09603879803236233,0.050074807214196604,0.5724162489046438,0.0025074863175389562,9.368229518705819,5793.543314255982,55.87656087408948,0.05278986844394643,0.024303876225219158,0.4684366464655421,0.000590678399570773,9.578893588759097,5832.7370426829275,55.95947662601627,0.046329855042639534,0.018708638687789426,0.4722883025105095,0.0003500131615502512,9.608890253853529,5432.889763267431,52.71962799167534,0.05611597169285473,0.024256884734250667,0.5014378031949248,0.000588396457010723,9.546027815860485,crispy_toast_8.jpg,fresh_bread
566.0097810039371,11.212536909448819,0.2525652290255947,0.05002985437930882,0.948997625596591,0.002502986329214846,7.339412023981434,979.7578895157791,16.503131006262013,0.19384207919517457,0.04126295738940436,0.9119528695024745,0.0017026316525197995,7.732067680949155,820.8721087598425,15.452325295275589,0.18723129970246882,0.040432041422632986,0.9261920831359948,0.0016347499736015098,7.746156167346302,981.0694401388803,17.250356500713004,0.17098612779068084,0.038811260521268154,0.9118317867869179,0.0015063139432497478,7.826144717276412,738.750248015873,14.054935515873014,0.22036076102370242,0.04659747755721692,0.9334663267965798,0.0021713249146953343,7.550957216978083,979.7578895157791,16.503131006262013,0.19384207919517457,0.04126295738940436,0.9119528695024745,0.0017026316525197995,7.732067680949155,1552.1220858134918,22.834759424603174,0.13659940400943138,0.03368045624861169,0.8609240062842467,0.0011343731331146464,8.060131662061938,981.0694401388803,17.250356500713004,0.17098612779068084,0.038811260521268154,0.9118317867869179,0.0015063139432497478,7.826144717276412,894.4274375,16.1771875,0.1951092197406931,0.043699993742848525,0.9195064846781381,0.0019096894531250002,7.686040043950477,1620.7768329554044,23.01228269085412,0.1448497947388916,0.034661720161223125,0.8549329035832515,0.0012014348445349417,8.029976052864974,2262.969625,29.115375,0.10243271640103077,0.029387796414923662,0.7981080370603725,0.000863642578125,8.237184383266438,1758.5944822373394,25.020156210632404,0.12274004741386584,0.032141648088156574,0.8425808568766446,0.001033085541822899,8.123857511771975,1042.6732610887098,17.950352822580644,0.17852543517934505,0.0414357263922508,0.9062434211137828,0.0017169194216534694,7.782733578900065,2267.441024,28.631808,0.11318184349067509,0.030466655346460335,0.7980938991309691,0.000928217088,8.209197651818108,2894.0761718750005,34.28320312500001,0.08302744424295765,0.02671174072885008,0.743024948957174,0.0007135170927653081,8.354880321793564,2518.7101439999997,31.528575999999997,0.08817451303295609,0.02802111204074528,0.7756816399502486,0.0007851827200000001,8.286214025843446,1175.3997713414635,19.425558943089435,0.16972065564480646,0.039816970106630996,0.8943728697655827,0.0015853911084723464,7.858959133820303,2821.170915712799,33.231789802289285,0.09156941525871032,0.027809705684634898,0.750185877835539,0.0007733797302660145,8.328978750545728,3454.3676956300815,38.819931402439025,0.06732752970907718,0.024665662763790758,0.6948052941867893,0.000608394919577054,8.44033275280199,3192.393795525494,36.875455254942764,0.07174556592739095,0.02538941388382731,0.717238330516271,0.000644622337364283,8.394797517031826,crispy_toast_9.jpg,fresh_bread
2198.4954478346463,28.437130905511815,0.26524865949961307,0.15290475154129707,0.8090550513523159,0.023379863043905786,7.7338019266534594,2546.7988715977435,31.658193316386637,0.23967505248035537,0.14566826547635345,0.7765689222296138,0.02121924356688939,7.873143006937535,2014.66061761811,27.50756643700787,0.2512965829698355,0.14802421082809156,0.8234589259085666,0.021911166991279298,7.776959031336895,2645.6421972843946,32.51788703577408,0.2388030940784008,0.1465081952469528,0.7678973812473758,0.021464651274519245,7.887609671050393,2545.008184523809,31.68117559523809,0.24801355159406843,0.14953775469605435,0.7786991776067458,0.02236154007953732,7.8262573448560335,2546.7988715977435,31.658193316386637,0.23967505248035537,0.14566826547635345,0.7765689222296138,0.02121924356688939,7.873143006937535,2781.7403273809527,33.497891865079374,0.2296169235862235,0.13952813470087824,0.7539409856814191,0.019468100373106423,7.945347094527554,2645.6421972843946,32.51788703577408,0.2388030940784008,0.1465081952469528,0.7678973812473758,0.021464651274519245,7.887609671050393,2728.0723749999997,33.3295,0.23863061415681555,0.1465877909948506,0.7624856424591063,0.02148798046875,7.878078947448777,3274.304988662132,37.51108591584783,0.21449239501908257,0.13523708659766653,0.7096857156641657,0.018289069591424754,8.045229971308814,3423.2507499999997,38.33075,0.213162544134354,0.13233252239859633,0.6943587877510965,0.017511896484375,8.07194174373035,3430.1652809271854,38.59372637944067,0.2146305581494283,0.1373435955198575,0.6958664565047459,0.018863263230322225,8.03826467491131,2990.4650957661297,35.5210433467742,0.23325706902855087,0.14422538151020872,0.7395014576520994,0.020800960671765255,7.921637058648349,3879.274112,42.034431999999995,0.19686688677466357,0.1260732343362381,0.6523819700176605,0.015894460416000004,8.16226232438925,4015.922820060484,42.387663810483865,0.19812958992750687,0.12560724905851064,0.6382028273067021,0.01577718101604672,8.170095845702058,4051.427136,43.346751999999995,0.19917662622418403,0.1295295334354293,0.6368693557054073,0.016777900031999998,8.14612962755061,3181.121316056911,37.097179878048784,0.22734537962446083,0.14158388452928208,0.7226392771331236,0.020045996358401083,7.953361701162331,4401.148608220604,45.894055671175856,0.18226675944802,0.11751437801957093,0.6018574045575547,0.013809629041326616,8.249028286685213,4378.518673780488,45.302337398373986,0.1843451091621581,0.11935239363561066,0.602128767057108,0.014244993866549756,8.24509839065995,4605.706230489073,47.414086888657636,0.18407222234365084,0.12251870827161139,0.5831178019044121,0.015010833876544219,8.235902452826975,freshly_baked_bread_loaf_10.jpg,fresh_bread
910.437069389764,15.449495570866144,0.25164011088225696,0.07029086121037556,0.9152834376474605,0.004940805169696279,7.996017810739001,1733.3664827329658,21.705499410998826,0.19288390346791057,0.06022621964539716,0.8392940933558136,0.003627197532775622,8.268542076494217,1406.1977731299212,18.776759350393704,0.21779560392470335,0.0615484810796204,0.8693072660111685,0.003788215523208391,8.152409487073113,1322.9146878293755,18.95957591915183,0.21095693134148935,0.060989169339319804,0.877348575420714,0.003719678776700227,8.18050459817918,1413.2882564484125,20.037760416666664,0.20159707809724828,0.0688255917645745,0.8687821921391233,0.004736962081743867,8.193739977185228,1733.3664827329658,21.705499410998826,0.19288390346791057,0.06022621964539716,0.8392940933558136,0.003627197532775622,8.268542076494217,2232.31392609127,26.03391617063492,0.1541010535734909,0.050307595102147516,0.7932687842317636,0.0025308541249616165,8.45940705476972,1322.9146878293755,18.95957591915183,0.21095693134148935,0.060989169339319804,0.877348575420714,0.003719678776700227,8.18050459817918,1811.9320625,23.5174375,0.17794118038862353,0.06816789074135271,0.8321602383146982,0.004646861328125001,8.32011144549626,2588.674414210129,29.28842277651802,0.1368615087028385,0.049486469226914555,0.7613898190390241,0.0024489106365463615,8.551951649941024,2939.2785000000003,31.936750000000004,0.1199918463492074,0.04115759061977511,0.7287454914494668,0.0016939472656249998,8.660593513248266,2184.8500881834216,26.413202317964224,0.15718661834320619,0.050119559155263886,0.7986122848841473,0.0025119702099179963,8.471893130609494,2174.604397681452,26.486958165322584,0.16141862609974356,0.06736779619125137,0.7989862512078567,0.004538419963665983,8.407652107752085,3407.36128,35.586816,0.10891310209769159,0.040721128471593225,0.6877738543584645,0.0016582103040000003,8.729060236523576,3580.952494959678,36.938382056451616,0.10148310004190819,0.03641360545529205,0.6704760805603646,0.0013259506622536749,8.777705323277164,2845.098112,31.849600000000002,0.12853448380302868,0.04132869066399273,0.7392985404641147,0.0017080606719999999,8.652956244774472,2403.4676702235774,28.500698678861788,0.15427121798396495,0.06727766285500787,0.7782542370548746,0.004526283919232105,8.465725958137938,4291.099765868887,41.77744536940687,0.09136457154951083,0.036205460389663616,0.6087788846778258,0.0013108353620275013,8.860968495859833,4175.1012449187,41.2318343495935,0.08817527025111546,0.03349014905525727,0.616816161049737,0.001121590083743349,8.869039158957492,3495.964880332987,36.75663371488034,0.10592070173850637,0.03680061582174904,0.6812994053686579,0.0013542853248599655,8.7610519200256,freshly_baked_bread_loaf_14.jpg,fresh_bread
1585.9774237204724,22.991449311023622,0.31392937363159173,0.20913179002641516,0.8798891109750372,0.0437361055996526,6.853344380120118,2208.146506293013,26.800483600967205,0.2853166834673944,0.19635740263805704,0.8320308960462226,0.03855622957076405,7.001461598532822,1724.6080831692916,22.278481791338585,0.3111731638860782,0.2074811143646984,0.8695224904244466,0.04304841281801706,6.844984519291398,2146.9005518011036,26.257734515469036,0.296351186250176,0.20325768834803332,0.8366897481955169,0.041313687872586234,6.984477523116643,2077.462549603175,27.11036706349207,0.2812302904728746,0.1927462491794597,0.8417693657423775,0.037151116572750366,6.992865811220881,2208.146506293013,26.800483600967205,0.2853166834673944,0.19635740263805704,0.8320308960462226,0.03855622957076405,7.001461598532822,2727.9207589285716,29.494047619047617,0.2562221785112969,0.18556848707112406,0.7926910466439047,0.03443566339386593,7.075113332743597,2146.9005518011036,26.257734515469036,0.296351186250176,0.20325768834803332,0.8366897481955169,0.041313687872586234,6.984477523116643,2474.766625,29.98375,0.26967675871721347,0.18465431173885435,0.810494812339705,0.03409721484375,7.0933974442173024,3310.337427563618,34.1242756361804,0.2433380778809036,0.17526909180471856,0.7455571035910425,0.030719254542050857,7.23273572704087,3566.626875,34.890875,0.22946272464880219,0.17112680331409222,0.7277189411921371,0.029284382812500006,7.209074866623687,3207.9281934996225,33.18820861678005,0.2622940484593191,0.1838661507519813,0.7534315447528298,0.03380676139235031,7.198973383410292,2925.465599798387,32.892389112903224,0.25814343376621074,0.17634228178452402,0.7747329187926733,0.031096600344972476,7.1749065390890525,4338.8229759999995,40.459584,0.21553255069781357,0.15718719214999674,0.6630459807035178,0.024707813375999997,7.395729190482815,4306.849231350806,39.240234375,0.21400816497873026,0.1595415244959487,0.6698726923644175,0.025453498038491396,7.297170040125943,4235.3423999999995,39.631423999999996,0.23088431036081447,0.16546304210910665,0.6710966329865883,0.027378018304,7.375617649885495,3321.1794969512202,35.15497967479675,0.25537441662180205,0.17085987911224423,0.7428245718277933,0.029193098290250713,7.244427606723574,5339.021592091571,46.18392299687825,0.1937002644964686,0.14080365489649124,0.5810722075722634,0.0198256692322102,7.52849238036023,4918.7734375,42.815104166666664,0.19954871721738995,0.14989724360535622,0.621428213743067,0.022469183640483507,7.378253663856887,5170.83890478668,44.8764958376691,0.2067322583602343,0.1483477399027531,0.5942980333090967,0.02200705193425488,7.500214984025202,freshly_baked_bread_loaf_15.jpg,fresh_bread
424.9841289370079,7.494217519685039,0.6588430591964946,0.540363067078801,0.9783483294683473,0.29199224426280884,4.013051714040998,872.8030876061753,10.838303676607353,0.6338933724296949,0.5319520348064639,0.9553725259644671,0.2829729673347374,4.120626688065684,752.9466043307086,10.044906496062993,0.6389725301409807,0.5362747594859413,0.9614784514204382,0.28759061766170413,4.076428689311617,901.1409882819767,11.299708599417201,0.6322092756089871,0.5315368948970075,0.9539235749415055,0.28253147063675244,4.137586076337145,699.8107638888889,9.432043650793652,0.6489581073677866,0.5336422110860194,0.9643647827115623,0.28477400945277564,4.102006938031367,872.8030876061753,10.838303676607353,0.6338933724296949,0.5319520348064639,0.9553725259644671,0.2829729673347374,4.120626688065684,1694.8020833333335,15.331721230158731,0.6157993286720148,0.524043709284571,0.9129690134043814,0.27462180924073193,4.2225680139817765,901.1409882819767,11.299708599417201,0.6322092756089871,0.5315368948970075,0.9539235749415055,0.28253147063675244,4.137586076337145,1013.8680625,11.3101875,0.638280243529416,0.5268402012529511,0.9484018274113214,0.27756059765625,4.173584445559101,1868.8698664651047,16.29541446208113,0.6071743237850309,0.5164371032856734,0.9041434213365933,0.2667072816500973,4.2944142889811685,2689.9946250000003,20.434625000000004,0.5930011419915004,0.511825594761658,0.8613377834037721,0.26196543945312495,4.337616987109198,1965.2237339380194,17.038548752834465,0.6034891558073313,0.5154777618104088,0.8992013158199524,0.2657173229210686,4.314023163530292,1315.7151587701615,13.029548891129034,0.6319069954166755,0.5203709390918994,0.9330597322860111,0.2707859142513852,4.235100939579752,2929.966848,21.659391999999997,0.5821153686924593,0.5005814526328357,0.8492538226399474,0.25058179072,4.432530774381577,3714.594128024194,25.594254032258064,0.5730081520352824,0.4998204149902066,0.8077833315979648,0.24982044724098232,4.435596767865241,3067.3194240000003,22.651904,0.5780470845293553,0.49945224601357036,0.8421870615273807,0.24945254604800002,4.453232846646197,1621.547637195122,14.791285569105693,0.6223529311811189,0.5141008981452632,0.9175190037758049,0.26429973347376623,4.296145835021429,4002.1190816857443,27.03466441207076,0.5576854515587759,0.48521199569765344,0.7933976817115767,0.23543068076889964,4.554483096378254,4718.060022865853,30.34686229674797,0.5540759189775678,0.4879003870642212,0.7550613666174257,0.23804678769741683,4.513831162803724,4153.176573881374,28.06354058272633,0.5541341014447465,0.4836908777516625,0.7855996058808828,0.23395686522017367,4.576402916934623,freshly_baked_bread_loaf_17.jpg,fresh_bread
1188.6176796259842,17.816867618110237,0.48146291551417597,0.38838789499153875,0.931343992326719,0.15084515697595852,5.65610501679053,1944.9598859197718,22.477524955049912,0.45774431409562105,0.37533432315317644,0.8872184179605052,0.14087585413685308,5.784162359959765,1504.6731053149608,18.055610236220474,0.47859226066678695,0.3860843539739563,0.912938970010193,0.1490611283834872,5.639931281957997,1824.8277016554032,21.293942587885176,0.4629291973247701,0.37985791855584106,0.8941844730926851,0.14429203828957599,5.762642849521741,1747.4210689484125,22.387710813492063,0.46064168180060716,0.3746855681343511,0.898865292577275,0.14038927496816145,5.7913787690804766,1944.9598859197718,22.477524955049912,0.45774431409562105,0.37533432315317644,0.8872184179605052,0.14087585413685308,5.784162359959765,2625.4640997023807,25.542224702380953,0.4452390973514155,0.3719738387198157,0.847485070637327,0.13836453669195545,5.835296429302123,1824.8277016554032,21.293942587885176,0.4629291973247701,0.37985791855584106,0.8941844730926851,0.14429203828957599,5.762642849521741,2221.4251249999998,25.722250000000003,0.4436816876942257,0.3620434139626766,0.8712260829978866,0.13107543359375,5.886506676697178,3200.148652053414,30.10393046107332,0.4208348592882844,0.35288077773904597,0.8133148410276457,0.12452484329771396,5.988032892810574,3680.323125,31.356500000000004,0.42080303180714357,0.3578665297635419,0.7853280010746608,0.128068453125,5.948287247870601,3029.551524313429,28.47581254724112,0.4289196778994368,0.3591104882305013,0.8232668636913212,0.128960342757149,5.96361658358725,2650.637726814516,28.296370967741936,0.4323519644923018,0.3521097067656747,0.8461559828315511,0.12398124559860944,5.958285840424537,4341.776959999999,36.051520000000004,0.39270624148286887,0.3339499516993527,0.7452496196973007,0.11152257024000002,6.139453650344493,4598.212953629032,35.991557459677416,0.3995766696709244,0.3459592201312954,0.7307804371815793,0.11968778199385409,6.03722539631847,4206.278272,34.878976,0.39840789354008477,0.33827433241084076,0.753199679714983,0.114429523968,6.128269640088655,3043.3099593495936,30.58447662601626,0.4230915160838032,0.3430362179068141,0.8231113572623269,0.11767384679581126,6.028040866029526,5417.6726066597275,41.68301248699271,0.36758723822798184,0.3162010397706796,0.6805089946549807,0.09998309755205889,6.262484352016403,5461.944105691058,40.279598577235774,0.3861267430502381,0.33463374240592897,0.6790703174625675,0.11197974155659761,6.104216358378597,5378.06451612903,40.83324661810613,0.3720245348305899,0.31886634653263574,0.6828266098395355,0.10167574695107093,6.253378419880585,freshly_baked_bread_loaf_19.jpg,fresh_bread
764.523499015748,15.917445866141732,0.18491874808819003,0.0557944273910193,0.9287256632443069,0.0031130181278917245,8.628528222717769,1619.2142104284212,25.630603261206524,0.11624344915316777,0.046474686675408244,0.8481799060429921,0.0021598965015773683,9.042759543101386,1458.9107406496064,23.55604084645669,0.12838103671295414,0.0469404661344163,0.8632763710496674,0.002203407360916283,8.979706612560731,1505.492776985554,23.77177754355509,0.1299927543446005,0.04661529120291758,0.8588424012662462,0.0021729853739328054,8.96810547172646,1125.0741567460318,20.674603174603174,0.14596690858885886,0.05505309960019453,0.8950773459234365,0.003030843775588939,8.830605015060677,1619.2142104284212,25.630603261206524,0.11624344915316777,0.046474686675408244,0.8481799060429921,0.0021598965015773683,9.042759543101386,2367.3387896825398,32.464781746031754,0.08981325594910315,0.03760823081084603,0.7768921917424269,0.0014143790247218685,9.239844003766652,1505.492776985554,23.77177754355509,0.1299927543446005,0.04661529120291758,0.8588424012662462,0.0021729853739328054,8.96810547172646,1365.5295625,23.5426875,0.13387535776860238,0.05437701145704865,0.872654285587359,0.0029568593750000003,8.931248713965783,2585.0409423028473,34.68027210884354,0.08345593701076581,0.03707044425850242,0.7562192677991736,0.0013742178375227353,9.28334106051419,3070.5756875,38.842187499999994,0.06926295041780098,0.03150474294649934,0.7088786072121958,0.000992548828125,9.37488019984152,2367.1627614008567,32.34341143864953,0.0915048799105719,0.037206998964185625,0.7767654739863622,0.00138436077192091,9.2299821259729,1624.2908896169356,26.168031754032263,0.12142930883353148,0.05349891972256418,0.8485232504291312,0.002862134411481367,9.005375917503137,3234.919744,40.699839999999995,0.0656977176513518,0.030842090720312722,0.6932025701047684,0.0009512345600000002,9.386003688325527,3570.609879032258,43.46963205645161,0.056339375900068454,0.02654283683885864,0.6596304580702255,0.0007045221874542713,9.465201891690056,3006.403648,38.120000000000005,0.07233495059958837,0.03095897052551974,0.7148714238333359,0.0009584578560000001,9.353529967265793,1821.1996951219512,28.028582317073173,0.11594613698626732,0.053030162667380885,0.8301151064744046,0.0028121981525288777,9.05612271560997,3739.152055150884,45.14815296566076,0.05550974302325066,0.0263424399007021,0.6436242225406416,0.000693924139922102,9.458613958418573,3927.8013211382117,46.64507113821138,0.049541134690619146,0.02279419737172645,0.6221763877765175,0.000519575433821221,9.510701631224919,3477.820564516129,42.626886056191466,0.06016222253206045,0.026244230457248066,0.6685169761851452,0.000688759632293147,9.438674900092163,freshly_baked_bread_loaf_2.jpg,fresh_bread
1046.749815452756,13.22041092519685,0.5846407457339445,0.4818538340424111,0.9455321796260769,0.23218311738137148,4.595186978377848,1719.954987909976,18.31210862421725,0.5531464105688343,0.46874992734409954,0.9101563035021184,0.21972649438509861,4.729907865945654,1137.847933070866,14.231176181102363,0.5719955409494798,0.48244699693693965,0.9405543573106744,0.23275510485347148,4.62415869190441,1198.45954491909,14.644057288114576,0.5672256654825321,0.47896231843715253,0.9373971781961913,0.2294049024826923,4.653996942313995,1690.572234623016,17.50576636904762,0.5663819882717265,0.4682361906267382,0.9120584079883066,0.21924513021263914,4.715410639271369,1719.954987909976,18.31210862421725,0.5531464105688343,0.46874992734409954,0.9101563035021184,0.21972649438509861,4.729907865945654,2091.0127728174602,20.025421626984127,0.541057565348288,0.46804212201841205,0.8903220377862684,0.2190634279834981,4.774500946778241,1198.45954491909,14.644057288114576,0.5672256654825321,0.47896231843715253,0.9373971781961913,0.2294049024826923,4.653996942313995,2375.0014375,21.703937500000002,0.5479305160352634,0.4544449610857733,0.8765305642096552,0.20652022265625,4.7982999152557015,3214.0347064751827,26.631582262534646,0.5143688439607481,0.4447626590734159,0.8315068896653611,0.19781382290605556,4.936727528030567,3124.333625,25.823124999999997,0.5167367837195896,0.4528699023312324,0.8354389599406874,0.2050911484375,4.895900893441019,2173.041005291005,20.417674477198286,0.5337107552444292,0.46202308901926253,0.8860801231770957,0.21346533478690138,4.826867305068906,2947.476814516129,24.88545866935484,0.536299354516142,0.4442678037224608,0.8468889476029776,0.19737388142437892,4.875043949670419,4637.684992,33.982079999999996,0.48316382484278053,0.4245299679598603,0.7560377600075481,0.180225693696,5.0835469589994755,4077.326108870968,30.884324596774192,0.49355509181542156,0.44085690031648817,0.7844148366188859,0.19435480655666199,4.982820690989522,3133.34976,25.801728000000004,0.5092709109366448,0.44687639210860086,0.8351752445378051,0.199698509824,4.962685675373536,3469.4444232723577,27.701537093495936,0.523708671923643,0.4354309928907442,0.8199401318827201,0.18960014956981935,4.938456891731148,5937.3420265348595,40.305215920915714,0.4583365806935915,0.4077711416479514,0.6867717091193329,0.16627730396087367,5.202335230998178,4994.504636686992,35.47834095528456,0.4793033241881716,0.42963822864955065,0.735119806317559,0.18458900751712357,5.052401877401049,4052.960913111342,30.543899583766915,0.4884634324541492,0.43331050384910924,0.7861624075152419,0.18775799274596894,5.06502684981107,freshly_baked_bread_loaf_24.jpg,fresh_bread
1099.1660925196848,19.779035433070867,0.16074834192995358,0.06342983608885117,0.8967548507721538,0.004023344106258525,8.25841281812335,1601.6757393514788,24.308016616033235,0.13472310158577525,0.055641752129187455,0.8491256524727888,0.0030960045800059364,8.440603320108286,1174.9501107283465,19.850701279527563,0.15611726544540083,0.056740900191036774,0.8892741720543891,0.0032195297544891973,8.278601160178216,1413.5919771839544,22.759687519375042,0.13590241740006406,0.05565744950134122,0.8668390744480584,0.0030977516849943487,8.402773827043227,1721.7384672619046,26.444692460317455,0.13066163295329075,0.062221391485097775,0.8383085200163111,0.0038715015583417976,8.494519170611413,1601.6757393514788,24.308016616033235,0.13472310158577525,0.055641752129187455,0.8491256524727888,0.0030960045800059364,8.440603320108286,1994.3288690476195,27.88132440476191,0.11012911788163515,0.04635496451717676,0.8115715345558121,0.002148782735388716,8.581285488859535,1413.5919771839544,22.759687519375042,0.13590241740006406,0.05565744950134122,0.8668390744480584,0.0030977516849943487,8.402773827043227,2251.8914375,31.398812500000002,0.11361995565433484,0.061882512170240794,0.7886147226052294,0.0038294453125,8.615291290709632,2694.1055681531875,33.786596119929456,0.0972450175701303,0.04544040125170399,0.7455710876136236,0.0020648300659158614,8.714851283080337,2724.0502500000002,34.3085,0.08817060236714998,0.03818824160491027,0.7419002491857856,0.0014583417968749997,8.758927529576075,2307.446145124717,31.303665910808775,0.09662621763391747,0.04561910564985455,0.7820764882751288,0.002081102800292592,8.676861649450235,2717.7266885080644,35.32913306451613,0.10549825370845786,0.061887761209065625,0.7450424956564814,0.0038300949874703278,8.686958532309486,3573.985984,40.620352000000004,0.08037060873174777,0.03800794527463961,0.6615921974708313,0.0014446039039999995,8.86486342936465,3373.076045866936,39.44348538306453,0.07657243036354021,0.033472519084035694,0.679441330473532,0.0011204095338311335,8.874797003147911,3086.4330879999998,37.820223999999996,0.08062799294272795,0.037878404190250674,0.7077356718153498,0.001434773504,8.825394858210297,3087.444296239838,38.51924542682927,0.10198006282203888,0.06178800283051618,0.7108032683365124,0.0038177572937838754,8.745088235473059,4344.298907388136,46.22489594172736,0.06971972996085093,0.03357407174432459,0.5876227555040747,0.0011272182934930549,8.96695141977643,3930.3320630081307,43.82151930894309,0.06519292488628944,0.030122749608750277,0.6252568142258835,0.0009073800439914649,8.959810090680904,3809.908688865765,43.486082206035384,0.0664571008969029,0.033156776482084024,0.6382581944102783,0.0010993718266828802,8.935710514129163,freshly_baked_bread_loaf_27.jpg,fresh_bread
755.5260211614174,8.790907972440944,0.6351170116764736,0.49130050031004674,0.960872668196803,0.24137618160490226,4.2943418934305395,1189.1067642135285,12.753487506975015,0.5859283054791165,0.4818612701932021,0.9381744810175314,0.2321902837122061,4.451839915783363,854.14468503937,9.755167322834644,0.6112414799927618,0.48980541400460087,0.9555920848483431,0.23990934358821844,4.3457633832086975,923.2749085498172,10.26195052390105,0.6186086364708403,0.4881391548384383,0.9519959417417517,0.23827983448638484,4.364472301697602,1149.1711929563492,12.120845734126984,0.6046655980686162,0.4822950083839247,0.9404882397577965,0.23260847511205002,4.419582754792997,1189.1067642135285,12.753487506975015,0.5859283054791165,0.4818612701932021,0.9381744810175314,0.2321902837122061,4.451839915783363,1540.3163442460318,14.65798611111111,0.5671776666570868,0.47882214117268607,0.9195931156994506,0.2292706428771957,4.541218881094313,923.2749085498172,10.26195052390105,0.6186086364708403,0.4881391548384383,0.9519959417417517,0.23827983448638484,4.364472301697602,1433.7924375000002,14.400187500000001,0.5877547688764242,0.4765514506915806,0.9257711643714464,0.22710128515624997,4.488338850878304,2054.102733686067,18.885802469135804,0.5443797899238263,0.4669346560736901,0.8927717499167551,0.21802797304265528,4.6536097519589905,2239.584625,19.446375,0.5373821704572259,0.4676366298507047,0.8825922471397144,0.218684017578125,4.668023788654796,1659.0504535147393,15.159423028470648,0.5774410890753175,0.47617882823780594,0.9133942650419609,0.2267462764619299,4.550475522250585,1707.7295236895166,16.4909904233871,0.5774239001423354,0.47186468585396885,0.9116307834464827,0.2226562817560647,4.543774377959794,2745.45952,23.582016,0.5190114263872783,0.45765742408924165,0.8561156679759971,0.20945031782399998,4.77364207445325,2856.900012600807,23.377709173387103,0.5197765774742584,0.4591651808519813,0.8496559789131651,0.21083266330683273,4.760436609568111,2366.844544,19.597952,0.5493150884159518,0.4658432464252326,0.8759603096947066,0.21700993024,4.676147288645135,1922.8762068089432,18.075774898373986,0.5691860928865662,0.46834620305188884,0.9005090223211241,0.21934816591312112,4.5823998115704025,3452.770746618106,28.285444849115507,0.49954569925608605,0.44890910412168766,0.818447367215107,0.2015193837633362,4.860117480463055,3402.315231199187,26.78728404471545,0.5041350826766793,0.45234670256847137,0.8204295247502444,0.20461753932456908,4.832918072013972,3061.7441467221643,23.711108220603542,0.526890839401916,0.4569569233556694,0.838989012084678,0.20880962980267911,4.773877677968406,freshly_baked_bread_loaf_28.jpg,fresh_bread
437.34405757874015,9.767039862204724,0.47336988347432307,0.28298472042532635,0.9701506508673947,0.0800803519942001,6.057692277301836,769.1584103168207,13.164362328724657,0.40777285992733736,0.27450330320408256,0.9471218655118206,0.07535206346995248,6.250088963140694,637.4579232283465,11.486958661417326,0.43515816123549333,0.28265489835218754,0.9563388117067175,0.07989379156248548,6.139037505521214,729.9766879533761,12.725525451050903,0.4098345285605377,0.2771347876547708,0.9498155321958518,0.07680369052845488,6.25150817145899,672.6760912698412,12.697544642857142,0.4319315475435158,0.27168203849042827,0.9539412300074799,0.07381113003831453,6.2455704369964735,769.1584103168207,13.164362328724657,0.40777285992733736,0.27450330320408256,0.9471218655118206,0.07535206346995248,6.250088963140694,1084.759548611111,15.7625248015873,0.38043446835900974,0.27258515655315063,0.9251526661536436,0.07430266757310564,6.356199727483302,729.9766879533761,12.725525451050903,0.4098345285605377,0.2771347876547708,0.9498155321958518,0.07680369052845488,6.25150817145899,872.4625625000001,14.8753125,0.4105180818790407,0.26210927393813255,0.9401095428359891,0.068701271484375,6.3631690257840905,1307.033131771227,18.36797682035777,0.3471495295925338,0.2581411382804235,0.9091751056309286,0.06663684727271274,6.497400628486183,1554.4515625000001,20.237812500000004,0.3474455233320415,0.26086668200682506,0.8919183174824838,0.06805142578124998,6.52657823527052,1313.1631393298057,18.42365835222978,0.3524564129752366,0.26005226195420933,0.9087491353357191,0.0676271789475007,6.526706746595667,1102.956023185484,17.129788306451612,0.3910023787598299,0.2548687975915094,0.9241004727109065,0.06495810398574177,6.463516699203122,1837.681728,23.150399999999998,0.3167936636804839,0.24543087544968745,0.8709607409208439,0.060236314624,6.6832888269404815,1989.360824092742,24.147492439516128,0.32465283111520116,0.25209704078526535,0.8606806228291249,0.06355291797268775,6.638976563364042,1917.65088,23.833536,0.31616139037575763,0.24452204036446284,0.8653482258583743,0.059791028223999995,6.738450136399245,1311.6763846544716,19.122141768292686,0.3794492278393733,0.24806557369607912,0.9095309359587098,0.061536528853164865,6.547280417893418,2358.841311134235,27.50624349635796,0.2933208863001058,0.2349485311697009,0.8327078084223462,0.05520081229879992,6.837704669873906,2386.694169207317,27.52508892276423,0.30999229734090233,0.24487176991233134,0.8318443069631174,0.059962183699997736,6.741421570896776,2536.3241415192515,29.03655046826223,0.29156325686466156,0.23027139086184922,0.8201013222189683,0.05302491344945053,6.894565371006702,freshly_baked_bread_loaf_30.jpg,fresh_bread
1369.773499015748,21.206569881889763,0.17723496919191262,0.06107471392037955,0.8729947172276971,0.0037301206804562044,8.686394631163193,1859.461342922686,25.21421042842086,0.15696015206144198,0.05331203159399838,0.8273358712240491,0.002842172712679482,8.83309998822986,1284.9071112204724,20.915477362204722,0.171335699189958,0.05389755545218255,0.8805499190592002,0.002904946483721093,8.719411431590844,1448.9947299894602,22.483476966953937,0.16295849764121395,0.052994966401108526,0.8654473157145367,0.0028084664638546217,8.774778992226546,2130.224578373016,27.178075396825395,0.15223729484539794,0.06055542256278921,0.8025141798408719,0.00366695920175796,8.845014709071382,1859.461342922686,25.21421042842086,0.15696015206144198,0.05331203159399838,0.8273358712240491,0.002842172712679482,8.83309998822986,1937.5440848214284,26.923177083333332,0.13760967071648425,0.04325409002191112,0.8195888933383347,0.0018709163036235911,8.947741540050707,1448.9947299894602,22.483476966953937,0.16295849764121395,0.052994966401108526,0.8654473157145367,0.0028084664638546217,8.774778992226546,2771.5983125000002,32.175312500000004,0.13221049587317923,0.059581942000072476,0.7431213099429738,0.0035500078125000004,8.960534958316014,2926.927437641724,33.74414210128496,0.11741890657987827,0.042494208308511236,0.727831195931759,0.0018057577397671456,9.062832873650345,2473.1396250000003,31.938125000000003,0.10988106736779817,0.035113154141290126,0.7693218430377708,0.00123293359375,9.108704893332654,2139.5952380952385,29.074074074074076,0.12393238519270273,0.04220246556144838,0.8010242844789921,0.0017810480994652367,9.019284278867083,3346.86857358871,36.314768145161295,0.11996799283742211,0.059446516380094475,0.6898913604248548,0.0035338883097288405,9.023474866624527,3840.672896,40.512896,0.09279387036697441,0.03500326110521704,0.6423696118033358,0.001225228288,9.21951460816025,2929.48576108871,36.0163810483871,0.09672238573795319,0.030555396742742776,0.7261291746494213,0.0009336322701064159,9.214015074783598,2679.073152,34.094848,0.09971229302706838,0.034594412496818036,0.7504826832298889,0.001196773376,9.147686749011628,3851.8688389227646,39.86388465447155,0.11307916556934397,0.0594406664618369,0.643168673381302,0.003533192829427342,9.07606344133254,4679.848920395421,46.37233350676379,0.07616326091562836,0.030598408995191888,0.5633859841019279,0.0009362626330370398,9.311288709316397,3375.838224085366,39.622903963414636,0.08494021672806278,0.02944894945263645,0.6833673815209945,0.0008672406238639368,9.274117690608941,3241.076417793965,38.82875910509886,0.08029889541308485,0.03001879962851661,0.6975528676606388,0.0009011283311370289,9.257967803338309,freshly_baked_bread_loaf_7.jpg,fresh_bread
1098.9613681102362,19.40009842519685,0.15942549800532393,0.05024051813503855,0.8978490673622755,0.002524109662477137,8.714442413429815,2258.8782317564637,29.092256184512376,0.10754091011901434,0.04195704648289673,0.7885813502945873,0.0017603937495679568,9.034775518427805,2267.063299704724,28.595410925196852,0.11642599978825288,0.042480532602674904,0.7875390866689187,0.0018045956502069254,9.00959631004427,2671.1278442556886,31.39208878417757,0.10649587819910462,0.04192794771753284,0.7499826355256622,0.0017579527998041672,9.066486042408375,1702.3497023809527,25.235739087301592,0.12687687240792228,0.04904116059683293,0.8420177765949658,0.0024050354326843586,8.913484059269312,2258.8782317564637,29.092256184512376,0.10754091011901434,0.04195704648289673,0.7885813502945873,0.0017603937495679568,9.034775518427805,3896.4965277777783,40.57911706349207,0.07750058356608355,0.03432094672179581,0.6323391078214994,0.0011779273838803464,9.278527792745805,2671.1278442556886,31.39208878417757,0.10649587819910462,0.04192794771753284,0.7499826355256622,0.0017579527998041672,9.066486042408375,2239.1063125,29.9378125,0.11454678812192147,0.04820863268777699,0.7925178260978414,0.0023240722656250002,9.02839971322943,3868.820861678005,41.15243134290753,0.07639468112283568,0.033820594000148134,0.6359723774080646,0.001143832578522856,9.298129199275111,4792.7014375,47.9831875,0.06084706467756441,0.02868440206584408,0.5446905500907469,0.0008227949218750002,9.41584953344406,4230.490614764424,42.93039808515999,0.07541343427493882,0.03376250478387121,0.6018618821154024,0.0011399067292809262,9.30502492346283,2723.7466607862907,33.97574344758065,0.10416971499531491,0.04754172976342968,0.7480859885050388,0.0022602160688989753,9.113920753518533,4966.68672,49.697024,0.059044443865221855,0.02810977338933916,0.5300945979997125,0.00079015936,9.436789811682303,5494.920299899193,53.234185987903224,0.049292977984544926,0.023128830871652652,0.4747456733862187,0.0005349428174895128,9.506239188323338,5057.827327999999,49.694592,0.06142998414147646,0.02809253737204954,0.5213413985657702,0.0007891906560000001,9.427107700708962,3192.9031377032525,37.44785315040651,0.09745558939062998,0.04693621706994216,0.7053106564784962,0.0022030084728367296,9.158289100120655,5776.065556711757,55.81880853277835,0.04681440116927122,0.02286365510802053,0.45105089706614765,0.0005227467248985132,9.504412465973875,5995.5745680894315,57.32164634146342,0.04050142512540248,0.018993220451098174,0.42308102128949343,0.0003607424231040139,9.55972685539248,5654.917989073881,54.44231269510926,0.04938882887635808,0.022856439037878165,0.4624098978873873,0.000522416805492241,9.492744483358944,freshly_baked_bread_loaf_9.jpg,fresh_bread
400.8241879921259,6.923966535433071,0.6266118240260652,0.5617747175960344,0.9802856647146115,0.3155908333301041,3.9006535558117283,770.9391778783558,10.518197036394072,0.5888974876125963,0.5523419794325148,0.9621599637317911,0.3050816622434286,4.08044740686813,487.96604330708664,8.102608267716535,0.6050810048122413,0.5576290859181562,0.9760316211814963,0.31095019746191843,3.982299160989882,436.4301568603138,7.398598797197595,0.6158864183000741,0.5580623635967228,0.9785786824200805,0.31143360166316086,3.9612243064535657,744.3472842261904,9.783916170634921,0.6022558106365038,0.55584422113813,0.9634226221776252,0.30896279817265443,4.034583801402772,770.9391778783558,10.518197036394072,0.5888974876125963,0.5523419794325148,0.9621599637317911,0.3050816622434286,4.08044740686813,956.3492063492064,12.347470238095237,0.5782969307730558,0.5473645946174579,0.9531204400114002,0.2996079994407341,4.149507939750975,436.4301568603138,7.398598797197595,0.6158864183000741,0.5580623635967228,0.9785786824200805,0.31143360166316086,3.9612243064535657,1097.7839375,12.484437500000002,0.5836093833136929,0.5498471556089474,0.9461057186726785,0.30233189453125,4.131494587403427,1561.7988788107837,16.32886117409927,0.5639146200838758,0.5367824235506746,0.9235598647424529,0.28813537023293584,4.263440816208473,1452.84625,16.1365,0.5625930220776362,0.5368172626113099,0.9289222700376137,0.28817277343750003,4.263466275735357,789.6742882338121,10.540627362055933,0.5885035752386204,0.5486648630645737,0.9613504592550595,0.3010331319616674,4.1209473753391705,1473.0784400201612,15.006867439516132,0.5721512633337918,0.54376291157058,0.9277486692459775,0.29567810399971445,4.202640896366804,2414.6759039999997,21.871808,0.5394916038358007,0.5206561452936094,0.8821424325445305,0.27108282163200004,4.406829151529061,1981.1082409274195,19.810609879032256,0.5471317015573655,0.5261621242748352,0.903261498379532,0.2768465810214072,4.364694970186996,1188.231232,13.674688,0.5687795629694091,0.5387346863457002,0.942003793409231,0.290235062272,4.249314140487209,1868.9213033536585,17.457126524390247,0.5626356938301776,0.5375811182928835,0.9084068063107369,0.28899345874502713,4.269156551846151,3258.9234521331946,27.217416753381897,0.5213654187090395,0.5042103676445879,0.8413495946416522,0.2542280948402905,4.533886523567421,2533.8194867886177,23.27413617886179,0.5357204769733209,0.5153397121003638,0.876497415324791,0.2655750188676858,4.45179655785384,1634.271006763788,16.77529916753382,0.5517183708009556,0.5284803376499,0.9204406726648475,0.27929146728255233,4.350162211625759,fresh_baguette_1.jpg,fresh_bread
955.7955216535433,20.191806102362204,0.1540264212791969,0.08712848506542852,0.9087867517154506,0.0075913729097966,8.450114984036158,1162.8175336350673,21.810279620559243,0.14868880609667368,0.07903288127583546,0.8883707208379288,0.0062461963227603045,8.518429369380556,863.7416953740158,18.575971948818896,0.1571223659142038,0.07982954818905225,0.9171321168666935,0.006372756764068214,8.413130912518866,1293.0673941347884,24.463264926529853,0.13124564539828343,0.07896260434121077,0.8758708322005362,0.006235092884346598,8.627199487244994,1651.5376364087304,28.153583829365083,0.13049616836840927,0.08662756562525807,0.8423311568393066,0.007504335126158394,8.667878501690188,1162.8175336350673,21.810279620559243,0.14868880609667368,0.07903288127583546,0.8883707208379288,0.0062461963227603045,8.518429369380556,1513.9061259920634,26.518105158730155,0.12008512238053125,0.0711623247023595,0.8538882282984779,0.005064076457044045,8.720624802087642,1293.0673941347884,24.463264926529853,0.13124564539828343,0.07896260434121077,0.8758708322005362,0.006235092884346598,8.627199487244994,2240.24975,34.01025,0.12009741928805856,0.08574274522882387,0.7860823364482258,0.007351818359374999,8.776040175441146,1687.672524565382,27.655517762660626,0.12276972761792254,0.07046068058147302,0.8369296542109013,0.004964707508004369,8.734751302577926,2111.0037500000003,32.511625,0.10175976089829357,0.06348297323397037,0.7950323987603679,0.004030087890624999,8.881161589412423,2527.1131267321744,36.58125472411187,0.09934832829830835,0.07016774808730591,0.7558467931284307,0.004923512871643622,8.909708976069268,2871.854775705645,39.33675655241935,0.11338726438716622,0.08550034850037141,0.7255322227199557,0.007310309593684963,8.856740667395282,2088.757952,31.612095999999998,0.10659568216723365,0.06263707170677761,0.7968656834377706,0.003923402752,8.843077027474386,2704.3205015120966,37.62191280241935,0.08672729010495892,0.056622330552287055,0.7358585516350417,0.0032060883171724603,9.000991119397238,3663.1345279999996,45.355199999999996,0.08721709640249674,0.06256337995984552,0.6438194459666234,0.003914176512,9.049395669233501,3464.7809959349597,43.72662601626017,0.10893256099960583,0.0849057631677597,0.6684532748965046,0.007208988619099701,8.901178589825735,2431.17280176899,34.871292924037455,0.09358887865003943,0.055978226406044364,0.7618726811357409,0.003133561831566362,8.935761864010363,3173.915459857724,41.75031758130082,0.07755982999610694,0.05074225733714876,0.6881209959656301,0.002574776679669427,9.07638696831052,4769.252601456815,52.70239334027054,0.07686202605112326,0.05573219004473351,0.5329707820299467,0.0031060770071822926,9.133274125407668,fresh_baguette_11.jpg,fresh_bread
942.2900467519685,20.091596948818896,0.09645217074063299,0.013513387151750976,0.9125440532361081,0.00018261163231310834,8.881840020855558,866.216380432761,19.27236654473309,0.10208825382593918,0.013859350790193925,0.9196641039762566,0.00019208160432564896,8.845989419532115,722.9781619094488,17.318220964566933,0.11572048195907952,0.014614748758816383,0.9328846288443509,0.00021359088128332504,8.761878523099597,1183.9636679273358,22.468844937689877,0.08410753928111384,0.012971516528158577,0.8901944691569253,0.00016826024104029113,8.961291882350924,1334.9149925595239,24.168588789682538,0.07288220779618725,0.012435235528818697,0.8762511273713469,0.0001546350826571948,9.032079004594479,866.216380432761,19.27236654473309,0.10208825382593918,0.013859350790193925,0.9196641039762566,0.00019208160432564896,8.845989419532115,1154.7598586309527,22.373325892857146,0.08497564933866233,0.012990682211118848,0.8928593238635322,0.00016875782431027969,8.964655009910892,1183.9636679273358,22.468844937689877,0.08410753928111384,0.012971516528158577,0.8901944691569253,0.00016826024104029113,8.961291882350924,1704.5771874999996,27.615687499999993,0.06252750449848407,0.01181374001427998,0.8420836530031082,0.00013956445312499993,9.123695583202963,1178.3395691609978,22.813618039808517,0.07838480960683548,0.012685586756095752,0.8909150296447631,0.00016092411134643197,8.994873211232953,1432.4695625,25.1151875,0.07335610909284204,0.012331283261485805,0.8671836325751465,0.000152060546875,9.059200026308392,1785.7128369866466,28.019337364575463,0.06517090417191454,0.0118187170667374,0.834659454356171,0.00013968207310358988,9.130878287913443,2063.458669354839,30.864037298387096,0.05310660472358503,0.01130874115860718,0.8088249253501671,0.00012788762659237608,9.199160696690956,1462.2958079999999,25.804032,0.06507292808029316,0.012049434177586929,0.8648146774047507,0.000145188864,9.08134788059629,1662.3266759072585,27.166771673387103,0.06615174383554973,0.011997678391218528,0.8459797328480952,0.00014394428677911198,9.112626372301806,2324.3301119999996,32.660864000000004,0.052999252517259524,0.011223928723936197,0.7850434480835641,0.000125976576,9.229283709634274,2381.727324695122,33.32869664634147,0.051236319251585775,0.011061680848856701,0.7793396943260569,0.00012236078320196312,9.246766671023952,1723.774973985432,28.183402705515093,0.0591362492606283,0.011697428948938233,0.8407738168934661,0.0001368298440154582,9.135339530229523,1899.8349212398375,29.24764989837399,0.060580282076533376,0.011644195374930274,0.8241324281120619,0.00013558728592954756,9.159366238571184,2847.9975936524456,36.971839229968786,0.04436006251280081,0.01079594783877939,0.7367802712112866,0.0001165524897376454,9.300129016228087,fresh_baguette_12.jpg,fresh_bread
411.84141240157476,9.615280511811024,0.36992507109372236,0.08885227405577696,0.9626626942792146,0.007894726604882897,6.939097993393611,923.0009920019841,13.908425816851636,0.2893861708444393,0.07600767635340756,0.9160932105921169,0.005777166864644351,7.214618645910797,794.8209891732284,11.718750000000004,0.34906617225062064,0.08137609280957996,0.9275912757252089,0.00662206848095337,7.0218289958675895,906.8893917787836,13.251844503689009,0.323104601830672,0.07904476025816959,0.9175579746576199,0.006248074124271506,7.141233754552106,624.0923859126985,13.646949404761909,0.2742522795926446,0.0804250028081078,0.9435118501594004,0.006468181076684147,7.246717988604726,923.0009920019841,13.908425816851636,0.2893861708444393,0.07600767635340756,0.9160932105921169,0.005777166864644351,7.214618645910797,1503.6160714285713,18.58234126984127,0.2376081647342081,0.06470775835153382,0.8626181012714742,0.004187093990880495,7.439120398395415,906.8893917787836,13.251844503689009,0.323104601830672,0.07904476025816959,0.9175579746576199,0.006248074124271506,7.141233754552106,800.3423750000001,16.717625,0.2244739929681868,0.07621058151185438,0.927684026728712,0.005808052734374999,7.432834057152604,1677.1588561350466,21.565003779289494,0.1887138782470069,0.06053293092902369,0.8473445142509387,0.0036642357268579532,7.61411532235698,2188.341875,24.520125,0.17447118792100158,0.054210671228089403,0.7993962030541283,0.002938796875,7.68198625839743,1671.8121693121695,20.42592592592593,0.22932408180371694,0.06333691869813096,0.8478341656085083,0.004011565270173651,7.536249970825596,996.3433089717744,19.361328125000007,0.19238692548199082,0.07349789655014426,0.9101410496137214,0.005401940797295707,7.558127025189534,2395.148352,27.715904,0.14170335480707738,0.05131866249231364,0.7816685037982729,0.0026336051199999993,7.837887980710471,2851.7230972782263,29.623676915322584,0.13707723769802616,0.04763296513787138,0.7376716029468926,0.0022688993678256705,7.839653685067493,2423.84512,26.440959999999997,0.17324654366628428,0.05266929762204922,0.7790705057474763,0.002774054912,7.766043525514367,1192.84375,21.641133130081304,0.17382323148517043,0.07176831498826536,0.8926017576722607,0.005150691036254875,7.648858880232632,3096.6993366285124,33.156672736732574,0.11654595240542992,0.04542685724477839,0.717297510747564,0.002063599359137475,7.982931087422676,3461.052972560976,34.09578252032521,0.11278689358999452,0.04362263269553955,0.6804841306854845,0.0019029340832899565,7.964747651575737,3172.7629422476593,31.797021331945892,0.13925094032155755,0.046230763293932435,0.7103530758038643,0.0021372834747396107,7.9228270977339434,fresh_baguette_15.jpg,fresh_bread
761.1476993110235,17.440268208661415,0.14474966979728734,0.02422845979174652,0.9304487381401354,0.0005870182638802778,8.473643194390775,1075.950771901544,22.007812015624033,0.09737963955383369,0.020010630067533133,0.9015407376757302,0.0004004253156996611,8.730150906302429,1076.773622047244,22.054256889763778,0.09757232349262715,0.020134640918305254,0.901447709868578,0.00040540376490909226,8.727419647398701,1201.269824539649,23.459544919089844,0.09480989814585877,0.019542779374474222,0.8900581578763229,0.00038192022567937504,8.780645359316711,1024.8073536706352,21.245845734126988,0.11560736829408874,0.021570832125728214,0.9063859444699267,0.00046530079859634837,8.667704530798716,1075.950771901544,22.007812015624033,0.09737963955383369,0.020010630067533133,0.9015407376757302,0.0004004253156996611,8.730150906302429,1631.9654637896824,28.067770337301585,0.06936714777922326,0.016836275352358012,0.8505037337470531,0.0002834601677404179,8.93574400848219,1201.269824539649,23.459544919089844,0.09480989814585877,0.019542779374474222,0.8900581578763229,0.00038192022567937504,8.780645359316711,1281.8538749999998,24.102,0.09797619290475029,0.02025684683631685,0.8829302443357852,0.00041033984375,8.775548229108043,1556.5990803728898,27.656903502141596,0.06943275839980931,0.017248925022401735,0.8575094026676648,0.0002975254144284367,8.920737802083554,2129.2054375000002,32.7213125,0.05274852842704878,0.015208254851395672,0.8049397877466629,0.000231291015625,9.050429335366768,1904.7645502645505,30.344167296548253,0.0637555407074423,0.01619500147189614,0.825538351363101,0.00026227807267471814,8.98770773370349,1467.1325604838707,25.91922883064516,0.08964468293455984,0.019138349834385743,0.8660168482189385,0.00036627643438333276,8.83256874219575,2011.1429759999999,32.154560000000004,0.057412806693184604,0.015766228210957748,0.8159755033561492,0.00024857395199999997,9.033672832477587,2593.571572580645,36.655493951612904,0.04668977258269205,0.01448565329599946,0.7626381157428561,0.00020983415141190002,9.124328184567554,2489.777728,35.321023999999994,0.051392531602668434,0.014611495748211406,0.7719090239044706,0.000213495808,9.091915624208927,1659.4981580284557,27.799606199186996,0.08038038727214473,0.01847422591974303,0.8484885227601893,0.00034129702333370515,8.88538788540233,2384.0117065556715,35.58857960457857,0.048792924636100056,0.015238173474666173,0.7821889791004092,0.00023220193084401978,9.092426816690718,3025.374618902439,39.91539634146342,0.04086838117144685,0.013964190999455272,0.7233316727193172,0.00019499863026926762,9.174601889671756,3033.634495317378,39.479708636836634,0.04260813453790396,0.013727692518742526,0.7222582323890375,0.0001884495418891395,9.169539078775857,fresh_baguette_16.jpg,fresh_bread
1643.7755290354335,22.513841043307092,0.1951967160989474,0.0974958527996382,0.8408321103555441,0.009505441313128719,8.326332848034548,2083.5957591915185,26.891437782875567,0.1648512065224775,0.08934905178556898,0.7974519289883581,0.007983253054980289,8.496978959708072,2082.100701279528,26.07141978346457,0.17327205916898786,0.09066751406228847,0.7975959588877024,0.008220598106235277,8.451914154152568,2735.6117552235105,31.24446648893298,0.1576887950109865,0.08939956737646228,0.7340583612757341,0.007992282647098618,8.579875759296657,2548.4995039682544,29.677331349206355,0.1674870111737799,0.09535975481594128,0.7532818656778971,0.009093482838556436,8.505047300951436,2083.5957591915185,26.891437782875567,0.1648512065224775,0.08934905178556898,0.7974519289883581,0.007983253054980289,8.496978959708072,3390.461371527778,36.275111607142854,0.13996531564681275,0.08101160736478448,0.669127349251789,0.0065628805278260035,8.699281418447404,2735.6117552235105,31.24446648893298,0.1576887950109865,0.08939956737646228,0.7340583612757341,0.007992282647098618,8.579875759296657,3213.5262500000003,34.732124999999996,0.15593439545247,0.09360297846823573,0.688907417220175,0.008761517578125003,8.610976533432158,3373.2382212144125,36.91660367850845,0.1308952063686544,0.07893897791369436,0.6708587810985936,0.006231362234058726,8.735566576525162,4190.408375,42.2915,0.12293868115652072,0.07312353096815004,0.589366532753514,0.005347050781249997,8.836277691656035,4003.1307004283194,41.26322751322752,0.12667828269162734,0.07870326891029404,0.6093249986769419,0.006194204537166057,8.805413565536718,3692.3107988911297,38.30008820564517,0.14807550221809618,0.09209500060192853,0.6427206525422314,0.008481489135869217,8.684328402316671,4289.082431999999,43.623232,0.11089726991073093,0.07050167203690988,0.579724794224027,0.00497048576,8.875350954789681,4789.4952746975805,46.19348538306451,0.10893437323536517,0.06534909310783261,0.528670250899818,0.004270503970016177,8.925968373035722,4765.1169279999995,46.99059199999999,0.1091975204201645,0.0702305888911662,0.5328581538700979,0.004932335615999998,8.911904334817333,4081.7133511178863,41.09406758130082,0.1396425771003044,0.09071768643149357,0.6049685135591203,0.008229698631482792,8.732839768860302,4970.165192507804,48.06152445369407,0.1005498940409834,0.0625663716133238,0.511098345262174,0.003914550856856531,8.957685711577483,5150.090447154472,48.536966463414636,0.09793268745927813,0.05834576138907626,0.4910461558129758,0.0034042278720710223,8.982149765936308,5396.292728928199,51.35958636836628,0.09478720013498117,0.06195858355495927,0.46868938036995955,0.003838866076136869,9.017128210884023,fresh_baguette_17.jpg,fresh_bread
3242.9535556102364,38.34971702755905,0.07213535241759575,0.010678963767287268,0.7024214155412657,0.00011404026714303427,9.416957830904009,3423.669105338211,41.00086800173601,0.04182009281088442,0.009824036545452696,0.6852653076474265,9.651169404639014e-05,9.477021591650361,1333.26937746063,22.987635334645674,0.08502623736502489,0.012685078261260196,0.8774766031336505,0.00016091121049429603,9.051292711721839,3644.2713125426253,42.731849463698936,0.04012342731413698,0.009642962819930182,0.6649883488637254,9.298673194655585e-05,9.50474746054426,5708.225384424602,54.65370783730158,0.04625005089485415,0.009407761391649078,0.4758117945855024,8.8505974402203e-05,9.598203536261956,3423.669105338211,41.00086800173601,0.04182009281088442,0.009824036545452696,0.6852653076474265,9.651169404639014e-05,9.477021591650361,2447.701078869048,32.83699156746032,0.06142153336776835,0.01081689392504163,0.7749120643119012,0.00011700519418560252,9.31350238667277,3644.2713125426253,42.731849463698936,0.04012342731413698,0.009642962819930182,0.6649883488637254,9.298673194655585e-05,9.50474746054426,7470.097625,64.97550000000001,0.03524884461776222,0.00890663376366178,0.31424284061286284,7.9328125e-05,9.670067587165622,6083.344734189973,59.02122700932225,0.025877132851343153,0.008693963214201496,0.44000893063245444,7.558499636988882e-05,9.665095848471399,3270.5178125,39.3365625,0.04702632618334897,0.010000585920334868,0.6994301208264603,0.00010001171875,9.428514899139913,6240.578672209625,60.32155454774502,0.021416034958708693,0.008625008779055905,0.42556093620911495,7.439077643879142e-05,9.672823966284579,8874.59261592742,72.87827620967744,0.028016367151806512,0.008724978006795609,0.18581678855709835,7.612524121906707e-05,9.690347711668746,8152.701824,71.116288,0.01735820603027262,0.008309778336393818,0.25020258051124494,6.905241600000001e-05,9.725942587866594,3875.4410912298395,43.495274697580655,0.041754056825762415,0.009569563805288341,0.6444260373871137,9.157655142348468e-05,9.495796136236455,8333.805312,72.22771200000003,0.017035418085211834,0.008300284332479221,0.23365914544288005,6.889472000000003e-05,9.724103771398735,9835.314786585366,78.09705284552845,0.023104253198515747,0.00850086306804127,0.09875859591535589,7.226467290158802e-05,9.714222565730497,9774.615829864722,79.60997658688865,0.015296317747700355,0.008273823900320403,0.10283146377602935,6.845616193351313e-05,9.727739615217157,4265.1541539634145,46.13459095528455,0.038137704524055,0.009383869146742189,0.6094207826191008,8.805700016317999e-05,9.532868801428954,9914.224700832467,80.91265608740895,0.013630596992257228,0.008225114716386737,0.09037601526522139,6.765251209772166e-05,9.735835417114567,fresh_baguette_2.jpg,fresh_bread
1105.1029158464567,19.3671875,0.17301371400109478,0.07155505887909255,0.8956819696995545,0.005120126451190402,8.476868504940935,1481.5394010788025,21.515345030690064,0.1612734122801748,0.06304348703798937,0.8589601904145464,0.0039744812579091335,8.560074836659101,1241.109190452756,19.72041092519685,0.167718141239837,0.06374947637318097,0.8818317956347292,0.004063995737854758,8.505527670162952,1866.6240312480627,26.23677847355695,0.14071163900024028,0.0628824929596137,0.8223016187726852,0.003954207920815867,8.731342442536398,2020.7039930555559,28.33618551587302,0.13567143611169824,0.06990340415302902,0.8093967134349225,0.004886485912181716,8.75956468289296,1481.5394010788025,21.515345030690064,0.1612734122801748,0.06304348703798937,0.8589601904145464,0.0039744812579091335,8.560074836659101,2380.279575892858,30.193886408730165,0.12130796779695568,0.05469855344530531,0.7713985758534483,0.0029919317490089215,8.85924427811683,1866.6240312480627,26.23677847355695,0.14071163900024028,0.0628824929596137,0.8223016187726852,0.003954207920815867,8.731342442536398,2808.8761875,35.2049375,0.11903624330296597,0.06877435648099516,0.7351729435880093,0.0047299121093750006,8.892441578227999,2601.796926177879,30.959561602418745,0.11851167964398968,0.05372474513245119,0.7503090153782948,0.0028863482395468385,8.860345512852053,3403.36075,38.633,0.0953826178264916,0.0481047238129999,0.6703664087739303,0.0023140644531249996,9.051471519712532,3480.645187704712,40.02273872511968,0.10089316282330954,0.053505780311558095,0.6659647723578793,0.0028628685267487177,9.0498527495975,3531.9415952620966,41.06672127016129,0.10786257393947143,0.06798225586298488,0.6670233387280852,0.004621587112220342,8.98095900610283,3590.923328,38.753088,0.09180484422750584,0.04672563253718456,0.6525765570037307,0.0021832847360000003,9.036672587976922,4259.926663306453,45.29574092741937,0.07708922757958989,0.04197617348178361,0.584300031479781,0.0017619991401727937,9.177634654928735,4769.129215999999,49.732096,0.08028221223940206,0.046562540136895446,0.5384915065401158,0.0021680701439999992,9.194577323959804,4154.283663617887,45.64443597560975,0.10254865660669293,0.06759328366911367,0.6079548444799503,0.004568851997173268,9.03329697154595,4422.287265868887,45.18138657648283,0.07484594944299369,0.04107115601789734,0.5688778581191569,0.0016868398566464648,9.155914809456235,4966.795096544716,50.72497459349594,0.06549886109762912,0.0351253245777446,0.511924918974064,0.0012337884266919088,9.267489597508948,5788.846709157126,57.01788501560873,0.06580534962047443,0.04075861575245648,0.4354093749685844,0.0016612647580563935,9.273211764189409,fresh_baguette_25.jpg,fresh_bread
411.84141240157476,9.615280511811024,0.36992507109372236,0.08885227405577696,0.9626626942792146,0.007894726604882897,6.939097993393611,923.0009920019841,13.908425816851636,0.2893861708444393,0.07600767635340756,0.9160932105921169,0.005777166864644351,7.214618645910797,794.8209891732284,11.718750000000004,0.34906617225062064,0.08137609280957996,0.9275912757252089,0.00662206848095337,7.0218289958675895,906.8893917787836,13.251844503689009,0.323104601830672,0.07904476025816959,0.9175579746576199,0.006248074124271506,7.141233754552106,624.0923859126985,13.646949404761909,0.2742522795926446,0.0804250028081078,0.9435118501594004,0.006468181076684147,7.246717988604726,923.0009920019841,13.908425816851636,0.2893861708444393,0.07600767635340756,0.9160932105921169,0.005777166864644351,7.214618645910797,1503.6160714285713,18.58234126984127,0.2376081647342081,0.06470775835153382,0.8626181012714742,0.004187093990880495,7.439120398395415,906.8893917787836,13.251844503689009,0.323104601830672,0.07904476025816959,0.9175579746576199,0.006248074124271506,7.141233754552106,800.3423750000001,16.717625,0.2244739929681868,0.07621058151185438,0.927684026728712,0.005808052734374999,7.432834057152604,1677.1588561350466,21.565003779289494,0.1887138782470069,0.06053293092902369,0.8473445142509387,0.0036642357268579532,7.61411532235698,2188.341875,24.520125,0.17447118792100158,0.054210671228089403,0.7993962030541283,0.002938796875,7.68198625839743,1671.8121693121695,20.42592592592593,0.22932408180371694,0.06333691869813096,0.8478341656085083,0.004011565270173651,7.536249970825596,996.3433089717744,19.361328125000007,0.19238692548199082,0.07349789655014426,0.9101410496137214,0.005401940797295707,7.558127025189534,2395.148352,27.715904,0.14170335480707738,0.05131866249231364,0.7816685037982729,0.0026336051199999993,7.837887980710471,2851.7230972782263,29.623676915322584,0.13707723769802616,0.04763296513787138,0.7376716029468926,0.0022688993678256705,7.839653685067493,2423.84512,26.440959999999997,0.17324654366628428,0.05266929762204922,0.7790705057474763,0.002774054912,7.766043525514367,1192.84375,21.641133130081304,0.17382323148517043,0.07176831498826536,0.8926017576722607,0.005150691036254875,7.648858880232632,3096.6993366285124,33.156672736732574,0.11654595240542992,0.04542685724477839,0.717297510747564,0.002063599359137475,7.982931087422676,3461.052972560976,34.09578252032521,0.11278689358999452,0.04362263269553955,0.6804841306854845,0.0019029340832899565,7.964747651575737,3172.7629422476593,31.797021331945892,0.13925094032155755,0.046230763293932435,0.7103530758038643,0.0021372834747396107,7.9228270977339434,fresh_baguette_27.jpg,fresh_bread
761.1476993110235,17.440268208661415,0.14474966979728734,0.02422845979174652,0.9304487381401354,0.0005870182638802778,8.473643194390775,1075.950771901544,22.007812015624033,0.09737963955383369,0.020010630067533133,0.9015407376757302,0.0004004253156996611,8.730150906302429,1076.773622047244,22.054256889763778,0.09757232349262715,0.020134640918305254,0.901447709868578,0.00040540376490909226,8.727419647398701,1201.269824539649,23.459544919089844,0.09480989814585877,0.019542779374474222,0.8900581578763229,0.00038192022567937504,8.780645359316711,1024.8073536706352,21.245845734126988,0.11560736829408874,0.021570832125728214,0.9063859444699267,0.00046530079859634837,8.667704530798716,1075.950771901544,22.007812015624033,0.09737963955383369,0.020010630067533133,0.9015407376757302,0.0004004253156996611,8.730150906302429,1631.9654637896824,28.067770337301585,0.06936714777922326,0.016836275352358012,0.8505037337470531,0.0002834601677404179,8.93574400848219,1201.269824539649,23.459544919089844,0.09480989814585877,0.019542779374474222,0.8900581578763229,0.00038192022567937504,8.780645359316711,1281.8538749999998,24.102,0.09797619290475029,0.02025684683631685,0.8829302443357852,0.00041033984375,8.775548229108043,1556.5990803728898,27.656903502141596,0.06943275839980931,0.017248925022401735,0.8575094026676648,0.0002975254144284367,8.920737802083554,2129.2054375000002,32.7213125,0.05274852842704878,0.015208254851395672,0.8049397877466629,0.000231291015625,9.050429335366768,1904.7645502645505,30.344167296548253,0.0637555407074423,0.01619500147189614,0.825538351363101,0.00026227807267471814,8.98770773370349,1467.1325604838707,25.91922883064516,0.08964468293455984,0.019138349834385743,0.8660168482189385,0.00036627643438333276,8.83256874219575,2011.1429759999999,32.154560000000004,0.057412806693184604,0.015766228210957748,0.8159755033561492,0.00024857395199999997,9.033672832477587,2593.571572580645,36.655493951612904,0.04668977258269205,0.01448565329599946,0.7626381157428561,0.00020983415141190002,9.124328184567554,2489.777728,35.321023999999994,0.051392531602668434,0.014611495748211406,0.7719090239044706,0.000213495808,9.091915624208927,1659.4981580284557,27.799606199186996,0.08038038727214473,0.01847422591974303,0.8484885227601893,0.00034129702333370515,8.88538788540233,2384.0117065556715,35.58857960457857,0.048792924636100056,0.015238173474666173,0.7821889791004092,0.00023220193084401978,9.092426816690718,3025.374618902439,39.91539634146342,0.04086838117144685,0.013964190999455272,0.7233316727193172,0.00019499863026926762,9.174601889671756,3033.634495317378,39.479708636836634,0.04260813453790396,0.013727692518742526,0.7222582323890375,0.0001884495418891395,9.169539078775857,fresh_baguette_29.jpg,fresh_bread
572.0265132874017,12.647207185039374,0.190702287860166,0.018457441155018937,0.9475471531487197,0.0003406771339909868,8.58150920354666,1422.455328910658,22.470084940169883,0.10684726779544068,0.013967445949686188,0.8689789115379007,0.00019508954635740508,9.04366569997299,1001.9804995078739,17.790538877952756,0.1458830307013237,0.015806734503455877,0.9077270687817185,0.00024985285566274254,8.849395270636748,1038.731849463699,17.557815115630234,0.14679535328973167,0.015767364156322874,0.9043257339222618,0.0002486097724380953,8.821728721286625,1270.831039186508,20.581039186507933,0.12468123589387783,0.014721144529576109,0.8834733581513343,0.0002167120962606686,8.973864894712074,1422.455328910658,22.470084940169883,0.10684726779544068,0.013967445949686188,0.8689789115379007,0.00019508954635740508,9.04366569997299,2055.315476190476,27.86123511904762,0.089045312140726,0.012705368074761575,0.8109501866415869,0.00016142637791517067,9.195434403667258,1038.731849463699,17.557815115630234,0.14679535328973167,0.015767364156322874,0.9043257339222618,0.0002486097724380953,8.821728721286625,1932.6646250000001,26.961125000000003,0.09312262547686542,0.013040127371885597,0.8228718376937357,0.00017004492187499998,9.175701583376092,2849.550327538423,35.10084404132023,0.06186285630968336,0.011267752313996598,0.7378445673418592,0.00012696224220957571,9.367851816025834,2996.065,35.601749999999996,0.06318202349851273,0.011266394304523518,0.7247906908655267,0.00012693164062499998,9.370176357484679,2079.4905517762663,27.275636180398088,0.0930859342142426,0.012818747920921044,0.8087075515187391,0.00016432029826011758,9.162455964979491,2556.800151209677,32.53314012096774,0.0776333511222004,0.011965044658805048,0.7657825864085755,0.0001431622936871992,9.3096870267606,4030.8037759999997,44.058688000000004,0.04414023896033111,0.01010511157781051,0.6298559295081172,0.00010211328,9.507449628150377,3812.754851310485,41.92559223790323,0.048729083680191444,0.010542026263364377,0.6503023287307903,0.00011113431773746428,9.468300796042035,3033.5611519999993,35.02368,0.06673110405376034,0.011355446974910323,0.7214945150562768,0.000128946176,9.343169737067111,3132.177654979675,37.37430132113821,0.06428477183308068,0.011209495282611009,0.7132632570612503,0.00012565278449087845,9.4031553015717,5047.772437565036,51.281412591050994,0.035492418219699895,0.009481721268271997,0.5374368808143377,8.990303820920153e-05,9.58920472841012,4533.633384146342,47.196265243902445,0.040165197453650624,0.010161708389352434,0.5849248825458773,0.00010326031739023566,9.52883471021513,3826.2171566077004,41.06419094693028,0.05335772043374436,0.01052555744841269,0.6495180919442962,0.00011078735959983585,9.447117411523312,fresh_baguette_3.jpg,fresh_bread
1643.7755290354335,22.513841043307092,0.1951967160989474,0.0974958527996382,0.8408321103555441,0.009505441313128719,8.326332848034548,2083.5957591915185,26.891437782875567,0.1648512065224775,0.08934905178556898,0.7974519289883581,0.007983253054980289,8.496978959708072,2082.100701279528,26.07141978346457,0.17327205916898786,0.09066751406228847,0.7975959588877024,0.008220598106235277,8.451914154152568,2735.6117552235105,31.24446648893298,0.1576887950109865,0.08939956737646228,0.7340583612757341,0.007992282647098618,8.579875759296657,2548.4995039682544,29.677331349206355,0.1674870111737799,0.09535975481594128,0.7532818656778971,0.009093482838556436,8.505047300951436,2083.5957591915185,26.891437782875567,0.1648512065224775,0.08934905178556898,0.7974519289883581,0.007983253054980289,8.496978959708072,3390.461371527778,36.275111607142854,0.13996531564681275,0.08101160736478448,0.669127349251789,0.0065628805278260035,8.699281418447404,2735.6117552235105,31.24446648893298,0.1576887950109865,0.08939956737646228,0.7340583612757341,0.007992282647098618,8.579875759296657,3213.5262500000003,34.732124999999996,0.15593439545247,0.09360297846823573,0.688907417220175,0.008761517578125003,8.610976533432158,3373.2382212144125,36.91660367850845,0.1308952063686544,0.07893897791369436,0.6708587810985936,0.006231362234058726,8.735566576525162,4190.408375,42.2915,0.12293868115652072,0.07312353096815004,0.589366532753514,0.005347050781249997,8.836277691656035,4003.1307004283194,41.26322751322752,0.12667828269162734,0.07870326891029404,0.6093249986769419,0.006194204537166057,8.805413565536718,3692.3107988911297,38.30008820564517,0.14807550221809618,0.09209500060192853,0.6427206525422314,0.008481489135869217,8.684328402316671,4289.082431999999,43.623232,0.11089726991073093,0.07050167203690988,0.579724794224027,0.00497048576,8.875350954789681,4789.4952746975805,46.19348538306451,0.10893437323536517,0.06534909310783261,0.528670250899818,0.004270503970016177,8.925968373035722,4765.1169279999995,46.99059199999999,0.1091975204201645,0.0702305888911662,0.5328581538700979,0.004932335615999998,8.911904334817333,4081.7133511178863,41.09406758130082,0.1396425771003044,0.09071768643149357,0.6049685135591203,0.008229698631482792,8.732839768860302,4970.165192507804,48.06152445369407,0.1005498940409834,0.0625663716133238,0.511098345262174,0.003914550856856531,8.957685711577483,5150.090447154472,48.536966463414636,0.09793268745927813,0.05834576138907626,0.4910461558129758,0.0034042278720710223,8.982149765936308,5396.292728928199,51.35958636836628,0.09478720013498117,0.06195858355495927,0.46868938036995955,0.003838866076136869,9.017128210884023,fresh_baguette_30.jpg,fresh_bread
723.9015132874017,17.084338090551185,0.10764179217043106,0.022302194883716313,0.936489964975296,0.0004973878966312621,9.115468052603983,976.5315270630542,19.82856965713932,0.09287913366366402,0.02007890073304328,0.9141204991647751,0.0004031622546474059,9.208609310356588,540.3518085629923,14.107468011811026,0.13978080048175304,0.024765647301148525,0.9524957697575572,0.0006133372862448853,8.966070534035058,789.1069502139005,17.590551181102363,0.10507559959577573,0.0224804960240824,0.9306131032425401,0.0005053727014887845,9.12436521232723,1428.0104786706352,24.5257316468254,0.07501765920386994,0.017182708116281482,0.8744996671525911,0.0002952454582093255,9.344935626695325,976.5315270630542,19.82856965713932,0.09287913366366402,0.02007890073304328,0.9141204991647751,0.0004031622546474059,9.208609310356588,1174.9246031746034,21.69382440476191,0.09656577157175436,0.01995872970112174,0.8964643311486741,0.0003983508912824391,9.254102168901337,789.1069502139005,17.590551181102363,0.10507559959577573,0.0224804960240824,0.9306131032425401,0.0005053727014887845,9.12436521232723,2048.3211874999997,30.17193749999999,0.059900609098914426,0.014164215474215291,0.8194653513382586,0.0002006249999999999,9.473436531500326,1833.642794154699,28.46693121693122,0.06277230475561235,0.014634821095811686,0.8380342624959338,0.00021417798850641474,9.442230684888923,1747.182,27.278000000000002,0.07565604165603873,0.01653122046311161,0.8456501940093437,0.0002732812500000001,9.403177566060187,1485.5273998488287,24.74092970521542,0.07451267817083485,0.01793410141330426,0.8688595433268756,0.0003216319935026818,9.347102895229328,2628.413369455646,34.871408770161295,0.051782741185854034,0.012252624029770903,0.7675569873849376,0.00015012679561491937,9.56179485097044,2546.7116160000005,34.700864,0.049092345004393065,0.012082193178392738,0.7737478003440756,0.00014597939200000003,9.552438574429555,2216.7571194556454,31.55714465725807,0.06187348696254734,0.013886923402259495,0.8037589506199245,0.00019284664158022245,9.493218932373097,2020.97056,29.797568,0.05825219264172024,0.014946500861405657,0.8206651421961425,0.00022339788800000005,9.452550034914053,3128.1440548780492,38.92860772357724,0.0444195276405541,0.010923134858942987,0.7224234885426452,0.00011931487514665542,9.616590028709304,3107.587929240375,39.18405306971904,0.0421562577885861,0.010407351442744383,0.7223011061707326,0.0001083129640527936,9.625371854006715,2586.664380081301,34.913236788617894,0.05233333062492351,0.012188421129714124,0.7706342922617574,0.00014855760963526174,9.549948536263024,2415.7061004162324,33.41863943808532,0.05113129794356427,0.012804579481943133,0.7845480486973156,0.00016395725570939908,9.531263476890025,fresh_baguette_4.jpg,fresh_bread
648.5273129921261,14.014517716535437,0.17441761275821094,0.05689810983261378,0.9394334183604642,0.0032373949025241806,8.35164884321444,1016.8904457808914,19.201810403620804,0.12750952970082363,0.0479383459281904,0.9042938595977597,0.002298085010330849,8.660405671029977,869.1128813976378,17.634411909448822,0.13514302794685346,0.04825080153894639,0.9182267660375735,0.0023281398491507913,8.591472557555747,1074.5251410502822,19.75807551615103,0.12851490892157796,0.047904695818159065,0.898868343838926,0.0022948598814303465,8.675379763698295,1003.3806423611111,19.426525297619047,0.13464330343067124,0.055980845104429355,0.9062208736610091,0.003133855018606112,8.63264692165645,1016.8904457808914,19.201810403620804,0.12750952970082363,0.0479383459281904,0.9042938595977597,0.002298085010330849,8.660405671029977,1414.9530629960316,24.394903273809526,0.098009198477753,0.039819559565154164,0.8658245411364823,0.0015855973239628604,8.881581064812377,1074.5251410502822,19.75807551615103,0.12851490892157796,0.047904695818159065,0.898868343838926,0.0022948598814303465,8.675379763698295,1284.7198750000002,23.241625,0.12178281275861556,0.05546444525549679,0.8798095517740532,0.0030763046875000003,8.769195819285203,1505.7881078357268,25.40967498110355,0.09628349709449698,0.03951935978854376,0.8570331910403132,0.0015617797980963695,8.90931315937776,1893.6108749999999,29.372125000000004,0.08046710112206469,0.0338919468679508,0.8189635797739339,0.0011486640625000002,9.033827157665549,1677.9105568153186,27.16288737717309,0.08946128370606327,0.03933959699511669,0.8406853830815704,0.0015476038917381937,8.965870613045066,1601.9357988911293,26.64295614919355,0.10988387823178114,0.05489123035327483,0.8499798625521674,0.0030130471696962805,8.868550363185443,1914.031808,30.010303999999998,0.08086299102476588,0.03335229071593134,0.8165489709389726,0.0011123752959999998,9.046036145352547,2163.069241431452,32.59746723790323,0.06731121045509045,0.0284487450349751,0.791584804558184,0.0008093310940650204,9.143053640091036,2176.808896,32.636096,0.07033898428590736,0.03326716675642817,0.7913481456936818,0.0011067043839999996,9.108032581647612,1865.2910950203252,29.41431656504065,0.10254543548705601,0.05450414999381903,0.8251249363282985,0.002970702366548723,8.92744289714952,2161.522307492196,33.387291883454736,0.06305219176231766,0.028300559289275273,0.7909205663525366,0.0008009216560857849,9.133710253008722,2389.4586509146347,35.19048526422765,0.05748663075065902,0.023964365944999892,0.7677663045121946,0.0005742908351458706,9.207370003066293,2468.0395421435996,36.01612903225806,0.05910962171972306,0.028114470498104015,0.7612384657647151,0.000790423451388761,9.189513902776152,fresh_baguette_8.jpg,fresh_bread
1415.2760211614172,20.994402066929133,0.17060357906932005,0.061575527671255556,0.8680287212552473,0.003791545607993559,8.659596489996957,2321.0315580631163,28.433008866017733,0.12452001139143043,0.053311400679501963,0.7843012248405375,0.0028421054424104023,8.898060236689508,1415.208476870079,21.416031003937015,0.1508764892365141,0.0546491516564575,0.8684033988392672,0.0029865297767704916,8.715914286632517,1732.8427056854116,24.267964535929075,0.13765406800460583,0.053424179699462775,0.8389527865666478,0.00285414297656049,8.81371847619824,2669.5509052579373,30.84244791666667,0.1313855265782346,0.06057146681816461,0.7513180685166349,0.0036689025925040163,8.906878980555362,2321.0315580631163,28.433008866017733,0.12452001139143043,0.053311400679501963,0.7843012248405375,0.0028421054424104023,8.898060236689508,2725.803695436508,32.14818948412698,0.10511364933173353,0.04367166215739592,0.747476149823343,0.001907214075589727,9.019196931488313,1732.8427056854116,24.267964535929075,0.13765406800460583,0.053424179699462775,0.8389527865666478,0.00285414297656049,8.81371847619824,3771.6261875,38.25506250000001,0.11789581379273131,0.05985720312230601,0.648784517302813,0.003582884765625,9.025784201764958,3984.61646510456,41.002204585537925,0.08784089370344601,0.04297844557477214,0.6314653307819151,0.001847146784023651,9.170989950526458,3623.675375,39.47475,0.08245239985625336,0.03592331241686936,0.6656803515873732,0.0012904843750000004,9.194491948882083,3294.927248677249,36.116717057193256,0.09812977515682647,0.043036356611753195,0.6951749900694892,0.0018521279904139926,9.093333423528323,4717.0382434475805,44.289125504032256,0.11183436245583742,0.059815717651089326,0.5609313690773977,0.003577920078114839,9.093287789602574,5115.265408,49.333631999999994,0.06920723621112626,0.03548400338180572,0.5290820738754752,0.0012591144959999997,9.308768222348851,4298.224546370968,44.83329133064515,0.06936027296494199,0.031258509466748796,0.6049113037314071,0.000977094414082824,9.294348831951002,4620.430976,44.81408,0.08065357859313854,0.03583522825377285,0.5743874880387243,0.0012841635839999997,9.235546875959434,5325.855754573172,48.21551067073172,0.10314916089141707,0.059725332729670066,0.5044844687524884,0.0035671153696697983,9.144018506860562,6222.067832986472,56.404201352757546,0.05899358926419171,0.031349443598338404,0.42966351106607387,0.0009827876139254007,9.380307374635311,4838.459159044715,48.860835873983746,0.06430394178842005,0.028927211418809665,0.556455832701195,0.0008367835604685123,9.359007264488206,5688.4815296566085,51.64828303850156,0.06739558363484777,0.0312237815573735,0.47806902374197063,0.0009749245347425775,9.325113497011596,fresh_baguette_9.jpg,fresh_bread
2201.572957677166,32.76710137795277,0.0816638417032221,0.01666213965933648,0.7982327986161413,0.00027762689802723363,9.279959724638037,2622.137454274908,36.359786719573435,0.06808856429294503,0.015881050684072338,0.7592079575483821,0.0002522077708300744,9.34332713411963,2048.361405019685,31.45281742125984,0.08516676945896988,0.017789967194195525,0.8124324717261904,0.000316482932770553,9.236075735408187,2372.0606981213964,34.277326554653115,0.06874424638563092,0.01581513668841321,0.7821703319669814,0.0002501185484731935,9.306740676744232,2988.1963045634925,39.15252976190477,0.06419610386164101,0.01466744463981852,0.7253100256286336,0.00021513393226214102,9.393394154116148,2622.137454274908,36.359786719573435,0.06808856429294503,0.015881050684072338,0.7592079575483821,0.0002522077708300744,9.34332713411963,2742.267609126984,37.20287698412699,0.061706638787760774,0.015310335432490257,0.7483621667812221,0.0002344063710553666,9.351306754921614,2372.0606981213964,34.277326554653115,0.06874424638563092,0.01581513668841321,0.7821703319669814,0.0002501185484731935,9.306740676744232,3598.4044375,43.7168125,0.05369684529061664,0.013313893706388075,0.668310062210405,0.00017725976562499998,9.473621129450162,3532.7715419501137,43.202884857646765,0.051791602904882314,0.013509748574491992,0.673880551729914,0.00018251330654598844,9.453930157659041,3195.0616874999996,40.74081249999999,0.05327004348367268,0.014223385233480807,0.7062819672525112,0.0002023046874999999,9.423479044810234,3097.4996850592092,40.33163265306123,0.05172626061976423,0.013613750577579544,0.7140151242591433,0.0001853342047885474,9.428336635638804,4051.616746471774,47.066217237903224,0.04689739284745439,0.012351361648027063,0.6256872837725916,0.00015255613456035378,9.52105398921261,4271.92512,48.552576,0.04339327153999739,0.012291666119774,0.6037401614552405,0.00015108505600000001,9.535451051789146,3625.3830015120975,43.73116179435485,0.04938358078431296,0.01354315602562198,0.6662627672048185,0.00018341707513434092,9.45449517411629,3699.40384,45.03648,0.04227920226270589,0.012238734575110289,0.6567549824975292,0.000149786624,9.499882406825419,4495.449822154472,50.1083587398374,0.04171016707647156,0.011477741464614728,0.5837730893856554,0.00013173854912853627,9.566297547278207,4959.813215400624,53.25663371488034,0.03489610106183056,0.01122372985064757,0.5380447518475172,0.0001259721117603173,9.580899794450332,4023.8157393292686,46.59051067073171,0.04439838934862218,0.01278255859245552,0.6290670179956178,0.00016339380416955846,9.498739783537491,4144.5005853277835,48.27178720083247,0.03572595563093396,0.011330158292263493,0.6138947263356146,0.0001283724869277472,9.537009163910264,fresh_bread_1.jpg,fresh_bread
872.1024237204724,17.47164124015748,0.12812972904015762,0.013694958516755446,0.9195905612583711,0.00018755188877565251,8.961214284412954,1282.4196788393579,22.653047306094617,0.08522319625788312,0.011898048338011186,0.8813978559927094,0.00014156355425365077,9.165245122572125,849.2245324803149,16.221333661417322,0.162755366305549,0.015379552153051673,0.9213878491658403,0.00023653062442843635,8.821382998243482,1262.0358360716723,22.1740963481927,0.09025169262817825,0.012072205885919809,0.8832850220736213,0.00014573815495203687,9.149383730281745,1592.6489955357142,25.574218749999996,0.08000545969827136,0.01132883936364527,0.8533807010590175,0.0001283426013272786,9.255330807607109,1282.4196788393579,22.653047306094617,0.08522319625788312,0.011898048338011186,0.8813978559927094,0.00014156355425365077,9.165245122572125,1574.9504588293653,23.96695188492064,0.10220166789087151,0.012301499795675713,0.853686884090294,0.00015132689722300961,9.157375126835401,1262.0358360716723,22.1740963481927,0.09025169262817825,0.012072205885919809,0.8832850220736213,0.00014573815495203687,9.149383730281745,2106.5165625,30.619187499999995,0.06193125158405742,0.010533428928891102,0.8063318353154777,0.00011095312499999994,9.368892022342024,2256.590891912321,32.21220710506425,0.05057508117807553,0.010051398381321486,0.7908780590622896,0.0001010306094200322,9.424452173296263,2097.241875,28.871875000000003,0.07556044247720653,0.011108045366985139,0.8043155953425961,0.000123388671875,9.303812484067414,2165.728898966994,31.464096749811034,0.052930383484612945,0.010180531100515462,0.7993189682930743,0.00010364321348856257,9.409462793190858,2544.745967741936,34.41192036290323,0.05454875197927505,0.010095695827233768,0.7663502137793354,0.0001019230742360253,9.433520159820295,2924.755072,38.077695999999996,0.038473566160745744,0.009484640214578517,0.728129432690445,8.995840000000001e-05,9.515428799086731,2514.8322202620975,32.64837449596775,0.06373753664409332,0.01048302658883502,0.7642010823469223,0.000109893846462222,9.392343066960347,2725.596224,36.711104000000006,0.03836987347481668,0.00957447272699651,0.7467468349609733,9.1670528e-05,9.496312301180872,2913.833460365854,37.40231199186992,0.04921881155171084,0.009757553033369675,0.7327598319375851,9.520984119902175e-05,9.484436855469529,3403.592546826222,42.10256243496357,0.0335783584426611,0.00921052113833676,0.6824695862076398,8.483369963974828e-05,9.564852643991564,2822.401041666667,35.586636178861795,0.05568274577746162,0.010125715101661848,0.7340250049801634,0.00010253010632002281,9.445021086652968,3090.6164802289286,40.30196409989595,0.03422767216546338,0.00924501351564262,0.711920303615031,8.547027490441474e-05,9.554739729967826,fresh_bread_12.jpg,fresh_bread
1080.705093503937,19.05511811023622,0.11849236798773552,0.0156020358131563,0.9001599883610318,0.00024342352151501175,8.878521346669375,1222.1800483600969,21.493830987661976,0.0938844401897676,0.014190648734192547,0.8866643782458531,0.00020137451149724052,9.00359066394016,816.7264394685039,16.12862942913386,0.134745274261923,0.01669730505430606,0.9242016203934177,0.00027879999607655466,8.739933371479548,1341.1724843449686,22.145142290284575,0.0960499258325877,0.014231628443582358,0.8756211088100015,0.0002025392481561824,9.004611441013967,1904.840587797619,27.293216765873012,0.07808278480628719,0.01286391833045936,0.8241525494646738,0.00016548039481272832,9.155897623562042,1222.1800483600969,21.493830987661976,0.0938844401897676,0.014190648734192547,0.8866643782458531,0.00020137451149724052,9.00359066394016,1383.5752728174605,23.123263888888893,0.08383657743181763,0.013578585921524677,0.8711691348869104,0.00018437799562822816,9.042855580042461,1341.1724843449686,22.145142290284575,0.0960499258325877,0.014231628443582358,0.8756211088100015,0.0002025392481561824,9.004611441013967,2672.310875,34.135875000000006,0.05986204625402042,0.011529174948798373,0.7534204580734416,0.00013292187499999998,9.310977227315911,2259.6960821365583,31.520975056689345,0.056121745537426965,0.011662849004544357,0.7899503247193034,0.00013602204690280132,9.270144385160137,1923.6799375,28.6646875,0.0668879075818532,0.012189503040526304,0.8203593566015708,0.000148583984375,9.200828849878945,2372.356449987403,32.52676996724616,0.05844037967785271,0.011660637602541456,0.7794261503388268,0.00013597046929780376,9.295482827824951,3335.567477318549,39.62191280241936,0.04740505821328505,0.010791728201815714,0.6922197188745894,0.00011646139758186463,9.408642340321434,3244.686912,39.486272,0.04432529479126893,0.010585859247127745,0.6977312599917475,0.000112060416,9.409790689134358,2439.5037802419356,33.462575604838705,0.056440557684229314,0.011282648387784712,0.7718363185102243,0.00012729815464238096,9.315669475187466,3368.154176,40.872,0.04439490492682165,0.010582666582671874,0.6860931874716657,0.000111992832,9.432792907291077,3943.1018800813013,44.314659552845534,0.04346865699319844,0.010304620128194539,0.6359580396710439,0.00010618519598639203,9.468582166616756,4097.18093132154,45.828954214360046,0.034055364844194,0.010029640865615148,0.6178382485921929,0.00010059369589321738,9.49001420434615,2903.334667174797,37.443661077235774,0.0469712428697655,0.01073077092264103,0.7281859927538648,0.00011514944459419824,9.387408115022183,4268.075052029137,47.75819458896983,0.03732718573007528,0.009898150052153146,0.6016179494344848,9.797337445493931e-05,9.520832895106906,fresh_bread_15.jpg,fresh_bread
597.1845472440943,13.799581692913385,0.1515744093316725,0.017332655594656972,0.9449253312427859,0.00030042094996299366,8.504453121058853,816.7076074152147,16.797135594271182,0.12469606294302575,0.01568364185721874,0.9245701886787819,0.0002459766219055036,8.672064653035807,403.6685531496064,11.0748031496063,0.1773887935307096,0.01898914519502578,0.962811797061563,0.0003605876352377706,8.319188015609353,732.3060326120652,15.328538657077313,0.131539476956556,0.016510028840771872,0.9323581631183677,0.00027258105232311897,8.587986798076894,1313.0985243055557,21.952442956349202,0.09613033506407703,0.014067455616876607,0.8785752658818757,0.0001978933075327932,8.876466984762011,816.7076074152147,16.797135594271182,0.12469606294302575,0.01568364185721874,0.9245701886787819,0.0002459766219055036,8.672064653035807,931.6421130952381,18.04017857142857,0.1128424066836643,0.015193376267500015,0.9140747920359329,0.00023083868240583266,8.725179800322806,732.3060326120652,15.328538657077313,0.131539476956556,0.016510028840771872,0.9323581631183677,0.00027258105232311897,8.587986798076894,2007.144125,28.636125000000003,0.07469556386642208,0.012471373470873208,0.8139206502853229,0.00015553515625000002,9.08908230300343,1786.9994331065761,27.149722852103807,0.07908373369089998,0.01266774705406151,0.8343286930760341,0.0001604718154256841,9.045532339283767,1454.8195624999998,23.826437500000004,0.08380052310327786,0.013387114840397837,0.8656860222302005,0.00017921484375,8.946700834386027,1589.1293146888388,24.544028722600153,0.07967289723896279,0.013300274390529289,0.8526106506700278,0.00017689729886336924,8.962684689181817,2659.2641759072576,34.22788558467742,0.06264077284021925,0.011648591963200523,0.7529153998383671,0.0001356896947251398,9.196302586881025,2733.4058240000004,35.71097600000001,0.054552906253996114,0.01117711948580671,0.7456906042653568,0.00012492800000000006,9.243095440651597,1964.7339339717746,28.915259576612904,0.06639945451650346,0.012174866980721738,0.818390675583475,0.00014822738599826844,9.096228251728121,2372.898112,31.822656,0.0562935718917867,0.011872388133817056,0.7790292750214826,0.00014095360000000002,9.156189862203108,3257.8504192073174,38.89576981707317,0.051315083845461115,0.01100308071163239,0.6970725133558383,0.00012106778514669676,9.284516563344091,3602.6233740894895,42.85841571279916,0.03984012616875249,0.010331378775412526,0.6636088146549131,0.00010673738740104444,9.361394089722957,2463.7092860772354,33.59711636178861,0.05547235797087014,0.011352187811356142,0.7719541175904585,0.00012887216810430295,9.208257661745973,3077.319263787722,37.81497138397502,0.04653462656181817,0.011112572012874399,0.7123903668636582,0.00012348925674131938,9.260754774759842,fresh_bread_16.jpg,fresh_bread
1556.128875492126,24.565268208661415,0.1359788320105599,0.0637413880208733,0.855430329861936,0.004062964546827531,8.98256766828122,2154.786037572075,30.038068076136152,0.1078793683430112,0.05449777395470006,0.8003154472326385,0.0029700073660175845,9.175027127964444,1657.342212106299,25.80764025590551,0.12234543679993018,0.05501855499227743,0.8469420664350807,0.003027041393438256,9.075337398090698,1835.2527745055488,27.41099882199764,0.11841899637913758,0.054553979218153165,0.8299378892608845,0.0029761366485346876,9.111130767398652,2350.8898189484125,31.070126488095237,0.12032454828673644,0.06318026382585118,0.7809820023832921,0.003991745737104159,9.12675644019938,2154.786037572075,30.038068076136152,0.1078793683430112,0.05449777395470006,0.8003154472326385,0.0029700073660175845,9.175027127964444,2754.556361607143,35.0913318452381,0.09122676435805843,0.04510491445164556,0.7462706275431936,0.002034453307690264,9.311817304741805,1835.2527745055488,27.41099882199764,0.11841899637913758,0.054553979218153165,0.8299378892608845,0.0029761366485346876,9.111130767398652,3077.9421875,36.5300625,0.11006116168443406,0.0631344516438925,0.7123430947169697,0.003985958984375,9.216244301777174,3545.7814940791136,40.79585537918871,0.08231901245890971,0.04488702947858221,0.6713015387805255,0.0020148454154111086,9.376683166388545,3781.1241875000005,42.7051875,0.07429944793241068,0.0367026693511521,0.652715134255496,0.0013470859374999995,9.446423764656524,2942.0814436885867,36.28602922650542,0.09052552347009293,0.044939325150406564,0.727335665569024,0.002019542944973964,9.308916305767166,3788.3225176411297,41.56974546370969,0.10173947872053962,0.06295231622438274,0.644802667040344,0.003962994118014682,9.272036119470464,4941.250112,50.566976,0.06497089278555034,0.036677165430278276,0.5417182651989815,0.001345214464,9.516844439523432,4732.8452620967755,49.27242943548388,0.061961579733650476,0.032441265040931096,0.5661591068092392,0.001052435677455938,9.528771818236024,3911.299008,43.118784,0.07196426643152551,0.036757401431548445,0.6374734737135743,0.0013511065599999999,9.425359891381277,4399.916412601626,45.7938262195122,0.09652386302166993,0.0629687242316316,0.5865783803917436,0.00396506023135927,9.314925649259143,6204.996683142559,58.52699011446409,0.05443359023570762,0.032574190887993126,0.42355251559009344,0.0010610779120074146,9.582902052667407,5682.317454268294,55.46493902439025,0.05462034074908225,0.029743180109662263,0.48012350647699564,0.0008846567630358088,9.593107597956138,4727.609911550468,48.57284079084287,0.06391658114850579,0.032577209744396235,0.5613455581578265,0.0010612745947303848,9.499515788855632,fresh_bread_17.jpg,fresh_bread
2982.530142716535,37.55413385826772,0.05925793012903388,0.009721629324113624,0.7260830465581133,9.451007671546592e-05,9.65025076938893,3352.911091822183,40.18953437906876,0.0532704393546225,0.00924592115193991,0.6911356556696238,8.548705794788982e-05,9.692132267459497,2350.8833046259842,32.160248523622045,0.07273728433489351,0.010537793076826361,0.7835885293033581,0.0001110450829300096,9.5481737294459,3165.622233244466,38.859879719759434,0.054824219911612515,0.009464314359351493,0.7083760775137546,8.957324629262685e-05,9.661367590700767,4501.649677579365,48.28422619047619,0.03925133588845213,0.00837478305674831,0.5861980661685955,7.013699124759856e-05,9.791713906607386,3352.911091822183,40.18953437906876,0.0532704393546225,0.00924592115193991,0.6911356556696238,8.548705794788982e-05,9.692132267459497,3491.091641865079,41.35181051587302,0.04976455370306803,0.00913733191280888,0.6777138120565361,8.349083448483559e-05,9.706950215825405,3165.622233244466,38.859879719759434,0.054824219911612515,0.009464314359351493,0.7083760775137546,8.957324629262685e-05,9.661367590700767,5754.4211875,56.2106875,0.03119181001158952,0.007803369664766626,0.47055747043839224,6.0892578125000006e-05,9.865107903196732,5117.747480473671,52.58434114386496,0.03367053039147389,0.00807833872774499,0.526896671543111,6.525955660018456e-05,9.826472461095207,4454.227687499999,48.4148125,0.0383724417267674,0.00838269236283904,0.5876104248166484,7.026953124999997e-05,9.794785124342681,4693.391093474427,49.71296296296297,0.03776282214854759,0.008287432190755407,0.5660226731396917,6.868153231636898e-05,9.802107220863732,6827.970829133065,62.542401713709694,0.02315308622870267,0.007580408892487417,0.37053674055466357,5.74625989773023e-05,9.896368889286148,6479.14272,61.091519999999996,0.02531867657255388,0.007667589973387987,0.39893221210133945,5.8791936e-05,9.879167495414425,5348.502646169354,54.70425907258065,0.031891251645980764,0.008003620221719064,0.5033923751780084,6.405793665351033e-05,9.83968094172728,5957.274880000001,57.67628800000001,0.02869288911002044,0.007866795027201359,0.4470527475887352,6.188646400000003e-05,9.85015711164877,7607.09743394309,67.10454776422765,0.021265681985763802,0.00750715443119444,0.29737025677771417,5.6357367653802316e-05,9.90748863293386,7441.366090010405,66.77308792924036,0.021858361874391122,0.007548008264015774,0.30641931499605973,5.697242875365041e-05,9.89893881564024,6079.626397357725,59.62118902439025,0.025905124432262158,0.00776198845435347,0.4343952544495356,6.024846476551657e-05,9.874347304214728,6857.017689906346,62.91363163371487,0.023690284185923102,0.007672368317784169,0.3604493266639037,5.886523560373829e-05,9.877625328865081,fresh_bread_2.jpg,fresh_bread
870.2351131889766,17.919045275590555,0.12906683167760075,0.03515868525038769,0.9255320287711838,0.001236133148535829,8.595747873799805,1309.1637423274847,22.627317254634512,0.10463855029886185,0.03181721080383326,0.888039235103945,0.001012334903335564,8.779457362464074,1045.9236589566929,19.76027312992126,0.12040915925835113,0.03314143440976406,0.9106880426263287,0.0010983546747366933,8.676230366399789,1371.9678839357675,23.01035402070804,0.11021007021455168,0.032199769025512484,0.882682574488556,0.001036825125296353,8.75978296531035,1580.709945436508,25.310267857142854,0.09945188387603787,0.032247905644398354,0.8645449335129769,0.0010399274184500192,8.832490234375943,1309.1637423274847,22.627317254634512,0.10463855029886185,0.03181721080383326,0.888039235103945,0.001012334903335564,8.779457362464074,1905.699032738095,27.702008928571427,0.0893835418631829,0.027702003288263416,0.8373419428147602,0.000767400986182957,8.913251773355578,1371.9678839357675,23.01035402070804,0.11021007021455168,0.032199769025512484,0.882682574488556,0.001036825125296353,8.75978296531035,2088.1768125,29.599062500000002,0.09048670093959918,0.030794714694651743,0.8208011707862525,0.0009483144531250001,8.936231892324134,2302.5013857394806,31.0199042579995,0.0793798776462527,0.02605742530416865,0.8028993771590851,0.0006789894134823287,8.994622866456197,2604.1600625,32.9591875,0.07652043706398987,0.02338038875051054,0.7778496417715407,0.0005466425781249999,9.026204274817536,2427.953451751071,31.71409674981104,0.08414785665176747,0.026684240190264514,0.7922419350634982,0.000712048674531728,8.984990285366997,2538.69921875,33.21446572580645,0.07956558470460183,0.02908337376220288,0.7817397024627739,0.0008458426293919909,9.01412559987105,3160.50368,36.959744,0.0681801696862221,0.021705060055203715,0.7292300882288352,0.00047110963199999996,9.08711717490875,3220.4084551411293,37.056262600806456,0.0675144056420304,0.020080206468783803,0.7254435252674091,0.00040321469182898683,9.090098420852009,3341.579328,37.764416,0.07187089822337425,0.022759537429394294,0.7139237664537501,0.0005179965439999998,9.085781788270449,2965.5818089430895,36.29408028455285,0.07297365761294392,0.026975685459122847,0.7445451675343121,0.0007276876059895317,9.068815484639794,3963.3385145681586,42.112708116545264,0.05723901086913995,0.018377939154521638,0.6600407420652659,0.0003377486475672995,9.17050995271465,3801.4443597560976,40.846671747967484,0.061935816864401576,0.017853323681130306,0.6760210169187125,0.0003187411664632081,9.149202154898482,4144.037460978148,42.965270551508844,0.06249892454668001,0.019725826134241953,0.6449516807952135,0.00038910821667834285,9.166167236814594,fresh_bread_21.jpg,fresh_bread
1156.0069512795276,21.157172736220474,0.10448154624484723,0.014449262240028331,0.8937504936380255,0.00020878117928110855,9.000660396884108,1745.685473370947,26.25686651373303,0.08863701534014509,0.013399774558369057,0.8396642406950532,0.00017955395821511467,9.132970565966897,1257.4671505905512,21.560162401574807,0.11705275521633372,0.014632991891148011,0.8844049897811006,0.00021412445168640345,8.987349042492408,1525.7774195548393,25.2744745489491,0.08322890337264001,0.013377020661493027,0.8598488868286855,0.00017894468177801135,9.133977776430063,1961.9433903769846,28.220300099206355,0.08132934656925173,0.01310324449359083,0.8198726874233592,0.0001716950162588184,9.17649827451239,1745.685473370947,26.25686651373303,0.08863701534014509,0.013399774558369057,0.8396642406950532,0.00017955395821511467,9.132970565966897,2154.881510416667,29.846540178571434,0.08296300473002334,0.012826956196586794,0.801902077007101,0.00016453080526915634,9.207922959102895,1525.7774195548393,25.2744745489491,0.08322890337264001,0.013377020661493027,0.8598488868286855,0.00017894468177801135,9.133977776430063,2623.2103125000003,33.3796875,0.06719761288112468,0.012427131356431378,0.7593613776850355,0.00015443359375,9.26775164917499,2722.971277399849,34.464096749811034,0.06316842166025267,0.0120295839325744,0.7502366067761937,0.00014471088959085217,9.308778682813717,2628.2653124999997,33.96893749999999,0.0668114456656723,0.012129589981734747,0.7581651883640478,0.00014712695312499993,9.286068799667513,2605.251259763165,34.23954396573444,0.06297381869331659,0.011963605387517373,0.7609472710966144,0.0001431278538682347,9.310223567039804,3218.392200100807,37.65039062500001,0.06003058187260032,0.01194487331265531,0.7050896640814309,0.00014267999845538504,9.338709695429984,3435.673472000001,39.88288,0.05358430966666583,0.011270180122784199,0.6849756097193935,0.00012701696000000005,9.390362330707077,2941.0581527217746,36.40858114919356,0.060785388390301356,0.011702225195432896,0.729014400747757,0.00013694207452462446,9.33680714217272,3423.2209919999996,40.289536,0.050342842520659806,0.011267726656251474,0.6858681689815164,0.000126961664,9.393644050794462,3765.9371189024387,41.39634146341463,0.055051259474951264,0.011518879983208821,0.6552908499599533,0.00013268459606756883,9.393357939544398,4115.356789802288,44.64802289281997,0.0436383362157482,0.010815519559199656,0.6227577305606193,0.00011697546333543034,9.45521729817657,3230.674796747968,38.44588414634147,0.05476075057572467,0.011352187811356143,0.7018244105029864,0.000128872168104303,9.376031711036346,4086.7388787721125,45.00318678459938,0.04410250447328099,0.010794674448717264,0.624857841172355,0.00011652499645378937,9.45015462788388,fresh_bread_22.jpg,fresh_bread
958.249938484252,19.7767593503937,0.09628486097153452,0.02002604526851712,0.9115510663722464,0.00040104248909669695,8.714139291286994,1391.0566061132124,25.79539959079918,0.06771600059153088,0.01856549171739203,0.871067558525998,0.0003446774827085521,8.925444067186014,1142.286724901575,23.483452263779533,0.07337099300686384,0.020077660210434393,0.8950116209429689,0.0004031124395256604,8.851697979165944,1521.0455700911402,26.997829995659995,0.06855673111801398,0.01844094651238577,0.8590182552379356,0.0003400685082726728,8.953446354226802,1487.8331473214284,24.960999503968253,0.07898824667338747,0.018217616350072654,0.8615286953808247,0.00033188154547843446,8.899137526805438,1391.0566061132124,25.79539959079918,0.06771600059153088,0.01856549171739203,0.871067558525998,0.0003446774827085521,8.925444067186014,1703.8070436507937,28.468253968253975,0.06400322524999044,0.018557011855729475,0.842697873219362,0.0003443626890136843,8.97341824063334,1521.0455700911402,26.997829995659995,0.06855673111801398,0.01844094651238577,0.8590182552379356,0.0003400685082726728,8.953446354226802,1899.4762500000002,28.81,0.06716226705654735,0.016174161975972667,0.8215423044002367,0.000261603515625,9.009433994218906,2126.840702947846,31.734126984126984,0.0590508064949832,0.01642868343611762,0.8001676736895922,0.00026990163944416544,9.075988925824078,2217.1313125,32.7843125,0.055566776083346626,0.017663742879129554,0.7944051332124561,0.0003120078125,9.075299340623427,2343.891219450744,33.649092970521544,0.05421145636337322,0.016733287632964843,0.7797572970271069,0.00028000291500753416,9.116940030709522,2262.2823210685488,31.999936995967747,0.05862339861513286,0.01497336922373405,0.7853910813148994,0.00022420178591026606,9.093193610159487,2793.9793280000004,37.007552000000004,0.05013474713865005,0.014464637154107946,0.7334451704150221,0.000209225728,9.196079012712186,2736.79240171371,36.71314264112904,0.05296580700791239,0.016939943725448527,0.7449306081939775,0.0002869616934213629,9.15332218353413,3106.5793280000003,39.647487999999996,0.045604645150407866,0.014282614886637532,0.703502870419137,0.00020399308800000002,9.23742281486081,2645.4064405487807,35.29897103658537,0.05086403340949875,0.013528814314610286,0.7465310883939418,0.00018302881675920417,9.17003055943013,3492.0198361082207,42.46754682622269,0.0422940347239127,0.012662409001148223,0.6611566768591223,0.00016033660171235954,9.289544515721525,3245.2908409552847,40.731008638211385,0.04570876987153572,0.016026689292671897,0.6959944733745764,0.000256854769683844,9.213691765534062,3861.653550988554,45.205710197710715,0.03864441133724528,0.012770841380657648,0.6250185549344724,0.00016309438956991774,9.329475554972332,fresh_bread_23.jpg,fresh_bread
2778.7696850393704,32.50418307086614,0.13396576815530178,0.06110478807983592,0.7417291443705083,0.003733795126281658,8.944387187933506,3609.584723169447,38.7995535991072,0.11041062188117846,0.053893248927092,0.6650473898242549,0.002904482279917503,9.096730082283411,2816.7802657480324,33.15514271653544,0.12936676778501727,0.05483565674999426,0.7381900017153818,0.003006949251203191,8.995943765868219,3364.6582553165103,37.43747287494575,0.1129173442608162,0.0538904492903008,0.6877701354758035,0.0029041805247104814,9.090111572776053,3703.3307911706347,39.290736607142854,0.11286227532310086,0.06100535114498772,0.6563013089905291,0.0037216528683232547,9.076577101062618,3609.584723169447,38.7995535991072,0.11041062188117846,0.053893248927092,0.6650473898242549,0.002904482279917503,9.096730082283411,4190.41300843254,43.169332837301596,0.09526009280738611,0.04470931124378832,0.6111463935315966,0.0019989225118939363,9.22678751851568,3364.6582553165103,37.43747287494575,0.1129173442608162,0.0538904492903008,0.6877701354758035,0.0029041805247104814,9.090111572776053,4211.63725,43.1655,0.1045702303153937,0.06091942039489542,0.6096808397278992,0.0037111757812499997,9.134875006346952,4777.997228521039,47.27790375409423,0.08477790297716942,0.044070267074319505,0.5579855904423815,0.0019421884400018501,9.278972766823355,5196.5515000000005,50.091875,0.07501279240513867,0.03677231465382618,0.5184829845714355,0.0013522031249999995,9.347919856462344,4757.534643487024,47.102292768959444,0.08483803152657385,0.04425120972962142,0.5598529306624137,0.0019581695625349414,9.281797764921897,4829.576675907259,47.50258316532259,0.09772748103232434,0.06016904872455206,0.5528570683033643,0.0036203144244175197,9.191914277130259,5771.3726080000015,53.979200000000006,0.06999181511969438,0.03678792149605629,0.46761750185458684,0.0013533511680000004,9.376501237126723,6106.689831149193,55.9699470766129,0.06291241303492472,0.032040694255498485,0.43466906690235146,0.0010266060883743335,9.429445988859245,5908.853184,54.46368,0.07058524796920677,0.03671324730938412,0.4548653346699866,0.0013478625280000003,9.385962064261648,5347.8750635162605,50.80811737804879,0.0937398691305066,0.06042426383417449,0.5053489423884887,0.0036510916599019273,9.216250630399347,6746.841441207075,60.179890738813725,0.05844095509081243,0.03279219255427718,0.37883090757941373,0.0010753278925167914,9.446920373076651,6867.9193343495945,60.7298018292683,0.05529869597205717,0.02952122758260088,0.36455843558795786,0.0008715028779837152,9.478135897320414,6888.120902705516,60.35854578563996,0.06017399807193714,0.03207743017649014,0.36571688443387473,0.0010289615267276,9.442187342572643,fresh_bread_24.jpg,fresh_bread
2239.3542691929138,31.48271407480316,0.08983136440642792,0.014512176454440326,0.7931140232990656,0.0002106032654448122,9.06671532127439,2631.153140306281,34.70463140926282,0.08092932819276212,0.013994116097144472,0.7564496831524745,0.00019583528534035803,9.139561957457698,2329.5267593503936,32.30173474409449,0.09342478116435976,0.01500328613099275,0.7848354982140674,0.00022509859472843945,9.071616685199183,2654.7419554839116,34.712195424390856,0.07923899608634884,0.013951612257698384,0.7542781305589562,0.0001946474845891598,9.14098358507226,2828.9590153769836,35.68656994047619,0.07464566308282483,0.013356711147997885,0.7380869787612421,0.00017840173269105097,9.156779645821022,2631.153140306281,34.70463140926282,0.08092932819276212,0.013994116097144472,0.7564496831524745,0.00019583528534035803,9.139561957457698,2932.4213789682544,36.67819940476191,0.0777563781731985,0.013931175440146767,0.7285850534118198,0.00019407764914414845,9.170596913122885,2654.7419554839116,34.712195424390856,0.07923899608634884,0.013951612257698384,0.7542781305589562,0.0001946474845891598,9.14098358507226,3421.6360624999998,39.5864375,0.06351037208658467,0.01236986951729888,0.6826716518955375,0.000153013671875,9.239405063171917,3412.3288611740995,40.04541446208113,0.06692950664567612,0.012826637952793051,0.6827667842270371,0.0001645226411720311,9.240478251960447,3467.2960624999996,40.3260625,0.0678083253754997,0.013281507350447839,0.6782888410364497,0.0001763984375,9.241423816404465,3532.5474300831447,40.688145628621825,0.06334376412705706,0.012593615509990169,0.6716337271317474,0.00015859915161346494,9.257356101302168,3872.8217615927415,42.56546118951613,0.05866468679428874,0.0117415921047107,0.6402952442578657,0.00013786498515340465,9.279156215476391,4096.659584,44.800768,0.05481819706799739,0.011875492747671567,0.6174832095159235,0.000141027328,9.321509783200959,3964.6791834677424,43.585811491935495,0.062488919673759594,0.012730868585373617,0.6314157319740573,0.00016207501493805282,9.286956084148688,4243.444800000001,45.48064000000001,0.05123648292764213,0.011571971655685994,0.603881882767119,0.00013391052800000006,9.329027657626703,4282.49599847561,45.53791920731708,0.05190496901671985,0.011203105207822937,0.601989933426075,0.00012550956629754943,9.334058928635715,4784.253381893861,49.35965140478668,0.04389526384282025,0.011258722958319803,0.5516617255792678,0.0001267588426521974,9.374338468664858,4378.023119918698,46.34006605691056,0.05637645646965305,0.012183289615732089,0.5921202038879239,0.00014843254586080536,9.328702918865218,4947.811329344433,50.14288501560874,0.04490154734796667,0.01086147163869676,0.5364967131420207,0.00011797156615821406,9.385538815028536,fresh_bread_25.jpg,fresh_bread
1330.3973917322837,23.30302657480315,0.09656219178941272,0.01300705361854243,0.8769412041268813,0.00016918344383563773,9.118373840240068,1574.1705623411244,25.599913199826396,0.08665385310227397,0.01226788042014422,0.8546235661384468,0.00015050089000295794,9.19102215818365,1221.6972810039372,21.787832185039374,0.10232329009778018,0.013341899280938572,0.8872641129192965,0.00017800627642270916,9.071800815501868,1836.0454460908918,27.706181412362824,0.08243879077014914,0.012030740249638208,0.8304430129678794,0.0001447387109542648,9.23985752669983,2394.2244543650795,32.46986607142857,0.06830612503514942,0.011064103874290583,0.7782346556863381,0.0001224143945410919,9.354556285300962,1574.1705623411244,25.599913199826396,0.08665385310227397,0.01226788042014422,0.8546235661384468,0.00015050089000295794,9.19102215818365,2178.208519345238,30.416852678571423,0.07194284410242027,0.011392459363503232,0.799252295364479,0.00012978813034907248,9.307351215002715,1836.0454460908918,27.706181412362824,0.08243879077014914,0.012030740249638208,0.8304430129678794,0.0001447387109542648,9.23985752669983,3364.65225,39.674125000000004,0.05477820824134281,0.010043557481042263,0.6882707848301771,0.000100873046875,9.486485360503236,2726.5206601158984,34.87805492567398,0.061554926233687975,0.010541816789783559,0.7481300752802129,0.00011112990122936253,9.40171437061859,2981.9513125000003,36.7638125,0.055446317267816105,0.010287374695470171,0.7255718261817793,0.000105830078125,9.439886280552043,3236.2125850340135,38.949798437893676,0.057445866127446676,0.01025972498578157,0.7010739935115814,0.00010526195678387066,9.464792996562082,4165.458921370968,45.310861895161295,0.04318431278140141,0.009443776935358946,0.6138934738538292,8.918492280481759e-05,9.561162600586014,3778.9984640000002,42.455104,0.04800065509777573,0.009586016482355953,0.6512510774823869,9.1891712e-05,9.532500140210992,3736.537424395162,42.55418346774194,0.04652547509157618,0.00962560585695128,0.6565353012913256,9.265228811337477e-05,9.533842649465008,4344.945664,47.224191999999995,0.04443210446893607,0.009451220450291063,0.5990494971499117,8.9325568e-05,9.575822792821203,4795.852896341465,49.816946138211385,0.039165146751157946,0.008984464245627492,0.5552624904633005,8.072059778095877e-05,9.625763368678408,4782.791168054111,49.42202133194589,0.03746208473330712,0.009074736614401014,0.5588610317818389,8.235084462075037e-05,9.601493346788263,4430.745299796748,47.68279979674797,0.037127303621751755,0.009089152416976188,0.5930673223888099,8.261269165902408e-05,9.604355755919102,5193.698296045784,53.51281217481789,0.03605089387244725,0.00896571343458233,0.5209400889582237,8.038401739105009e-05,9.634611486348685,fresh_bread_27.jpg,fresh_bread
1558.372662401575,23.303764763779533,0.1398075125374201,0.030011206518183585,0.8531722856027206,0.0009006725166770649,8.415170211159037,1953.239754479509,27.21917043834088,0.1123665527418197,0.026326737632788554,0.8156237146353814,0.0006930971143856851,8.56415578143956,1490.4891117125987,22.13994832677166,0.16951799241232535,0.034508552726393305,0.8594214308309955,0.0011908402112702666,8.332156967412613,2334.956041912084,30.345588691177383,0.10560163493823538,0.025969579197081285,0.7795891991328441,0.000674419043673477,8.64076939251169,2665.357080853175,32.96670386904762,0.09739017229947822,0.02468630199994859,0.748583852388618,0.0006094135064326658,8.70282212807821,1953.239754479509,27.21917043834088,0.1123665527418197,0.026326737632788554,0.8156237146353814,0.0006930971143856851,8.56415578143956,2565.1316344246034,31.454799107142854,0.12088780952267703,0.02873086193990124,0.7577908305082088,0.0008254624278096656,8.625670933494781,2334.956041912084,30.345588691177383,0.10560163493823538,0.025969579197081285,0.7795891991328441,0.000674419043673477,8.64076939251169,3520.3811875,39.91068750000001,0.07937493750792188,0.021664568207674945,0.6674452673557785,0.000469353515625,8.862082451060271,3270.503968253968,38.06078357268834,0.07315851978614046,0.020980588703456742,0.6905614242824953,0.0004401851023436166,8.844784516851753,3477.1485000000002,38.824375,0.09556792845382764,0.025310107911662487,0.6715178775799038,0.0006406015625,8.8125493220228,3917.3079491055687,43.127928949357525,0.06840999689771313,0.02070998534831493,0.629335304509361,0.00042890349312741906,8.92776335099668,4178.149634576614,44.79580393145162,0.06478370803209958,0.019853369345999124,0.6047958114795663,0.00039415627438865774,8.948051821134234,4352.372160000001,46.277056,0.05288791760244403,0.018274549734535184,0.5873901758060451,0.00033395916799999997,8.996971533542244,4293.150831653226,44.87626008064517,0.07599609411270164,0.02306519882324232,0.5944080742575711,0.0005320033967556989,8.921152384414736,5136.978815999999,51.889408,0.04923189080308956,0.017862536438031415,0.5128667147469329,0.00031907020800000006,9.071943477159284,4739.784108231707,48.62849339430895,0.05857437877789477,0.018689544877852387,0.5507755932501233,0.00034929908774125845,8.995457103037513,5235.078433922998,52.77094172736733,0.03914494557662608,0.01657178529410354,0.5030462536588539,0.0002746240678338663,9.090456349624457,4933.715828252032,49.708079268292686,0.06530229822299383,0.02123438919261557,0.5341024435132409,0.00045089928438346886,8.999572909878104,6048.253967221643,58.332791363163366,0.03804668083961721,0.016280228214371716,0.4255016612326707,0.0002650458307120249,9.143415205047987,fresh_bread_3.jpg,fresh_bread
2106.3091781496064,30.922121062992126,0.06620322711246497,0.010552864760789036,0.8058281731740594,0.00011136295465950306,9.36562517447455,2329.738545477091,33.12722425444851,0.057058357596940446,0.01022466450181318,0.7851183941251648,0.00010454376417463853,9.41205407456733,1596.581385334646,26.61460383858268,0.0761823374704625,0.011366189371197715,0.8528724682757275,0.0001291902608219279,9.26411097985072,2330.1163742327485,32.946183892367785,0.05775862839745227,0.010246352909722164,0.785058194130298,0.00010498774795057187,9.410157922064272,3314.399057539682,40.39360119047619,0.04590628061804095,0.009441007711633274,0.694074974173482,8.913262661111896e-05,9.541692024923742,2329.738545477091,33.12722425444851,0.057058357596940446,0.01022466450181318,0.7851183941251648,0.00010454376417463853,9.41205407456733,2406.9286334325398,33.49125744047619,0.05883461878595264,0.010283036146655903,0.7782134324073734,0.00010574083239343189,9.40823904811813,2330.1163742327485,32.946183892367785,0.05775862839745227,0.010246352909722164,0.785058194130298,0.00010498774795057187,9.410157922064272,4338.6503125,47.3875625,0.03543296462750152,0.008916605821443494,0.5991343954350493,7.9505859375e-05,9.625294825004138,3645.3771730914586,42.8944318468128,0.042047478369726485,0.00923909823905803,0.6634262577118638,8.53609362709652e-05,9.571155883577326,3199.4435000000003,39.408875,0.04947555405935394,0.009700092621980473,0.7052908662513672,9.409179687499999e-05,9.505145870406533,3697.1171579743013,43.09171075837743,0.040124098981641085,0.009247575511451434,0.6585184610603584,8.551765283999624e-05,9.570020751677792,5220.416519657258,53.15530493951613,0.028652035742656234,0.008607144085671403,0.5168766830125491,7.40829293115082e-05,9.682843385723633,4718.302847999999,49.99679999999999,0.03339571344284048,0.008819701582253222,0.5641072523779003,7.7787136e-05,9.640247121144593,3859.4601814516136,43.89881552419356,0.043047812837786935,0.009273585745006916,0.6444543700131807,8.599939256999549e-05,9.569265454568423,4842.812224,50.33913600000001,0.03288746392227004,0.008861747006093101,0.5523323533586673,7.853056000000003e-05,9.638215418832004,6034.2494918699185,58.00558943089432,0.02727691403298146,0.00845792403542546,0.44024759747288955,7.15364789890277e-05,9.709080479272615,5666.758779916753,55.82862903225805,0.027647094810546745,0.008586531769573972,0.47561956153957,7.372852782990314e-05,9.678109901439578,4474.249301321139,47.83225355691057,0.038262124456229056,0.009065152266017344,0.5879790420914958,8.217698560607938e-05,9.604932942987249,5821.928394901145,56.385600936524455,0.030153322813155494,0.008613091159131602,0.46076813541661565,7.418533931551097e-05,9.680864950223281,fresh_bread_5.jpg,fresh_bread
630.2583661417323,15.109005905511811,0.21540021985833144,0.04360904701688194,0.9426730834263451,0.0019017489817206195,8.349313598412746,979.9209498418998,19.481244962489928,0.17184680718789208,0.0377870029166729,0.9104561038207323,0.001427857589424646,8.545972937956638,550.6852239173228,14.588767224409448,0.20086356938428346,0.04064699309922493,0.9497638460374982,0.0016521780480084395,8.356140126208466,638.1059582119165,15.574741149482302,0.17971249680922338,0.03948220276746355,0.9416922282288505,0.0015588443353711063,8.4208076265378,1243.1542658730161,22.20647321428572,0.15194292851194657,0.03735367302269705,0.886711750483704,0.0013952968882865655,8.64976837557255,979.9209498418998,19.481244962489928,0.17184680718789208,0.0377870029166729,0.9104561038207323,0.001427857589424646,8.545972937956638,1219.120287698413,21.83792162698413,0.14929101668326608,0.0350470266158266,0.8883153545653245,0.0012282940746104582,8.657563441486438,638.1059582119165,15.574741149482302,0.17971249680922338,0.03948220276746355,0.9416922282288505,0.0015588443353711063,8.4208076265378,1779.811625,27.518,0.12121665123195931,0.033453500844455725,0.8374745952256527,0.0011191367187499998,8.80555908494638,1915.1118039808518,28.17668178382464,0.12174415204826618,0.031609482442120654,0.823915636023015,0.0009991593802587337,8.825389778178875,1903.80525,27.618125,0.12076203033553712,0.03075327091343293,0.8248931354705669,0.0009457636718749999,8.83350330801035,1277.4756865709246,22.82350718065004,0.13159734371090917,0.03396598104847654,0.8825562451565475,0.0011536878685854677,8.717324351999277,2271.899949596774,32.04410282258064,0.10497142354348915,0.030743353221645585,0.7920361850067862,0.000945153767310866,8.922700941209879,2705.8707200000003,35.013248000000004,0.0894029524263138,0.02734231007065789,0.7496804986087746,0.0007476019199999999,8.991913647820295,2537.315776209678,32.29397681451614,0.10337432017743306,0.028286460013081563,0.7658226433907881,0.0008001238200716623,8.935138274420213,1934.9371520000002,28.967360000000003,0.10142274110758623,0.029738727881333464,0.8210422661823322,0.0008843919360000003,8.900161535582576,2706.8025279471544,36.0344893292683,0.08703069782298731,0.02833288008150283,0.7515809415412236,0.0008027520937128197,9.006703505244666,3321.211108220604,40.187304890738815,0.0740443627242785,0.024843274136311985,0.690917568817281,0.000617188269811948,9.08709690980236,3114.198234247968,36.4740218495935,0.08690439659170297,0.026063268727231526,0.7116305588587026,0.0006792939767478849,9.027109181351484,2546.872333506764,34.247203433923,0.08510706503101564,0.027064998357953337,0.7630456403147439,0.0007325141361160169,9.011855690948831,fresh_bread_7.jpg,fresh_bread
1983.09375,22.906619094488185,0.1642848377668831,0.026676990529560723,0.8153477745018297,0.0007116618237142725,8.52305942795664,2815.519313038626,30.498170996341997,0.093209998273783,0.01930649416547129,0.7367720233379831,0.0003727407169613769,8.823714263418598,2643.5319881889773,29.724901574803155,0.1035894011482799,0.021736396105264472,0.7526826772526565,0.00047247091564495646,8.79727510715579,3432.342178684358,34.55558311116623,0.08828566031560847,0.01894857076910817,0.6790843737227026,0.0003590483341919006,8.894665118306875,3502.698908730158,33.58618551587301,0.09634405229471568,0.019892743870573493,0.6740924422777436,0.0003957212587002393,8.822128821389176,2815.519313038626,30.498170996341997,0.093209998273783,0.01930649416547129,0.7367720233379831,0.0003727407169613769,8.823714263418598,3632.3541046626992,38.40135168650794,0.06708632056344446,0.017176666022166425,0.6589962471560792,0.00029503785563704657,9.032679641818941,3432.342178684358,34.55558311116623,0.08828566031560847,0.01894857076910817,0.6790843737227026,0.0003590483341919006,8.894665118306875,4129.4421250000005,38.415625,0.0721789311357422,0.017538517878515278,0.6159361454635316,0.000307599609375,8.93590418763468,4388.739921894683,41.359977324263035,0.05827333829168295,0.015087077446291402,0.5886313407817859,0.00022761990587039468,9.047229097866197,4213.4709375,43.28756250000001,0.05246361985759516,0.015283965760724539,0.6036059001252432,0.00023359960937500003,9.127390492622606,4446.788422776518,43.00774754346183,0.05368166636222864,0.014983570862254289,0.58300388065721,0.00022450739578419574,9.086455970117271,3980.1001134072585,39.31949344758064,0.06812102722513749,0.016729913770712083,0.6300309118561224,0.00027989001477546176,9.00950599992871,4974.026304,46.226879999999994,0.050967144193938635,0.014012931170886412,0.5331023676671238,0.00019636224000000002,9.130091770011289,4624.398059475806,46.55443548387097,0.04773649803124214,0.014093341542648796,0.5640150389241989,0.00019862227583775037,9.18538916777905,4981.869183999999,47.382400000000004,0.04489967347248484,0.013998966819019182,0.5318998639938283,0.00019597107200000004,9.156177185075686,3940.8278709349597,40.21582825203252,0.06157280070517572,0.016370815496771413,0.6340863904852378,0.0002680036000293311,9.042509296364589,5034.110041623309,47.82778355879293,0.04382178012645731,0.013329293295204695,0.5268277792744094,0.00017767005974958882,9.17730528700844,5027.118457825204,49.43464176829269,0.041524169583352505,0.013326537855008081,0.525397300479847,0.0001775966112009634,9.224238923901652,5044.785900104058,48.75351196670134,0.04062432579751901,0.013568863714837849,0.525063025126327,0.0001841140625118432,9.190251813448441,fresh_sandwich_bread_1.jpg,fresh_bread
1028.5497662401576,17.729023129921263,0.12805287843978252,0.019016277928790282,0.9064694909112674,0.0003616188262649964,8.578665149246484,1213.8306156612311,20.378572757145513,0.10101323959614208,0.016668119609114095,0.8899187014023121,0.00027782621130373385,8.71996524335242,850.6611712598425,16.905265748031496,0.11741051318235692,0.01782025325685573,0.9225669706464561,0.00031756142613847727,8.594025997674567,1408.320106640213,22.197098394196786,0.0914636221824181,0.01612337036265208,0.8722775962130404,0.0002599630718512475,8.78550536517715,1801.9095362103174,24.984933035714285,0.09091996850479882,0.01642631286489323,0.8367790754845249,0.0002698237543353568,8.830548455749428,1213.8306156612311,20.378572757145513,0.10101323959614208,0.016668119609114095,0.8899187014023121,0.00027782621130373385,8.71996524335242,1538.3010912698414,23.949280753968257,0.08399804917991693,0.015340563667820791,0.8599896693196211,0.0002353328936464633,8.85806109762947,1408.320106640213,22.197098394196786,0.0914636221824181,0.01612337036265208,0.8722775962130404,0.0002599630718512475,8.78550536517715,2424.3571875000002,30.278062499999997,0.07363015651534788,0.015156539945680215,0.7813542588749683,0.000229720703125,8.977518212848082,2138.694129503653,28.768581506676746,0.07233867723926057,0.014336899061006065,0.8067957454990387,0.0002055466746854766,8.977683495373764,2178.5034374999996,29.472812500000003,0.0659977037182155,0.014039703745093769,0.80164657013945,0.00019711328125,9.004818716354016,2407.399470899471,31.062988158226254,0.062013597222037906,0.014047771504005506,0.7825069178049547,0.00019733988422874913,9.02711664491806,2995.0115297379034,34.792527721774206,0.06340521844034902,0.014295321971205484,0.7311204574563102,0.00020435623026043026,9.073220203646262,2868.72896,34.72768,0.05608465669370001,0.01319455887856809,0.7418263078485675,0.00017409638400000003,9.113053822681444,2725.6975176411297,33.66261340725807,0.05786134410671551,0.01328840028819293,0.7516742023615642,0.00017658158221924594,9.10044947508605,3201.9109759999997,37.580608,0.048434664823153444,0.0128927837180339,0.7118043695460513,0.000166223872,9.168253465260394,3494.1305259146347,38.758447662601625,0.05530618861362686,0.013575922714616873,0.6877323577249103,0.00018430567755325038,9.148066751289921,3504.714360041623,39.41168054110301,0.050377721076995154,0.012455365965221291,0.6857627370284177,0.0001551361413275929,9.198344123903125,3205.567263719513,37.29668445121952,0.05023862641122137,0.012728157749832596,0.7079148707989481,0.00016200599970462356,9.168006374892414,3796.153290842872,42.32251560874089,0.042867458399204986,0.01223644305948018,0.6595537311685764,0.0001497305387479007,9.246574176752645,fresh_sandwich_bread_12.jpg,fresh_bread
479.58316929133866,12.535802165354333,0.18010859670493184,0.022488654870956092,0.9554543742686856,0.0005057395979049772,8.09646018839391,1102.5561411122824,19.359290718581438,0.1336914258369257,0.019176188330930752,0.8974680701433357,0.00036772619890332477,8.442651151892836,1039.7723302165355,18.092212106299215,0.14551414500849102,0.020165205624066408,0.9035807052740229,0.0004066355178608795,8.367681471362934,1170.528427056854,18.965527931055863,0.14911086708208263,0.02006817692081891,0.8911339968631617,0.00040273172492528883,8.375210758235433,853.680431547619,16.953000992063494,0.14378753807505684,0.0200512627321759,0.9204843728983895,0.00040205313715474615,8.337266553507703,1102.5561411122824,19.359290718581438,0.1336914258369257,0.019176188330930752,0.8974680701433357,0.00036772619890332477,8.442651151892836,1863.0720486111109,25.3624751984127,0.10917564143041997,0.017527557853221777,0.8270335241777681,0.00030721528429803634,8.62033605409316,1170.528427056854,18.965527931055863,0.14911086708208263,0.02006817692081891,0.8911339968631617,0.00040273172492528883,8.375210758235433,1202.768125,20.22125,0.11977006877142064,0.018731605560522568,0.8876612514041846,0.000350873046875,8.459263770030853,1928.6735953640718,26.75044091710759,0.08652134287444443,0.016526381099576413,0.8199620150475732,0.00027312127224843644,8.696647130366598,2469.7280625,30.5459375,0.08291698407470359,0.01575303790146523,0.770368472082882,0.000248158203125,8.78188704553621,2122.1387629125725,26.922965482489296,0.1160611696606811,0.01764050816985371,0.801797029979699,0.00031118752849067547,8.63291647204073,1511.9808467741937,22.993825604838708,0.10266605348456564,0.017772610008423853,0.8583973632526679,0.0003158656665115277,8.56105171140024,2579.312384,32.43584,0.060018650003192314,0.014935466514307478,0.7582740713052752,0.00022306816,8.83709888927698,3047.4762474798395,35.44474546370968,0.06372606360706004,0.014532368644563242,0.7161877053443174,0.00021118973842148485,8.902242929243126,2788.2861439999997,32.428736,0.09610609027429065,0.016115169499573995,0.7383710279539069,0.000259698688,8.768940790082418,1813.780805386179,25.506669207317078,0.09194895964472796,0.016857016808094396,0.8297180925183282,0.00028415901566837694,8.642400791074657,3166.13156867846,37.4218912591051,0.043186525483674076,0.013928502619738296,0.7021087612824874,0.00019400318522805657,8.94106487587593,3566.1702235772364,39.65358231707317,0.05175054437390212,0.013668767071302098,0.6674732816197915,0.00018683519324951253,8.994002250702565,3391.496162851197,37.12194328824141,0.07957162098295935,0.015040577425862046,0.6802150406697166,0.00022621896930335097,8.865113779429201,fresh_sandwich_bread_13.jpg,fresh_bread
285.90631151574803,9.845287893700787,0.24869511785445753,0.05057282938746255,0.9737405580825844,0.0025576110722533955,8.042005461270012,610.3994047988097,14.140492280984564,0.1819200321852596,0.04644498356698348,0.9437511064088868,0.002157136498537366,8.355564872734533,491.4058193897639,12.583845964566931,0.19900461669845437,0.04974937559773014,0.954987115189196,0.002475000372364027,8.258855755455164,524.5254510509021,13.306156612313227,0.18716547337619965,0.0477804389041398,0.9516638360692119,0.002282970341872236,8.308963651344918,476.8726438492064,12.754464285714285,0.19971599556434577,0.0459831645400913,0.9559424683933669,0.00211445142112111,8.272331986772137,610.3994047988097,14.140492280984564,0.1819200321852596,0.04644498356698348,0.9437511064088868,0.002157136498537366,8.355564872734533,902.5108506944446,17.184213789682545,0.15760606234790253,0.04531953556366464,0.9170891970250347,0.0020538603037062635,8.48885716109853,524.5254510509021,13.306156612313227,0.18716547337619965,0.0477804389041398,0.9516638360692119,0.002282970341872236,8.308963651344918,640.3675625000001,14.9421875,0.17682727222332584,0.04202956548669044,0.9404806047957172,0.0017664843750000003,8.413167796792397,1066.5610985134795,19.17120181405896,0.14125837009088135,0.03958526371908113,0.9008182032888482,0.001566993103709201,8.607365388196284,1267.458625,20.716125,0.1310268278801559,0.04166786456611378,0.8833077537606983,0.0017362109375000001,8.621598855879821,974.8687326782566,18.35034013605442,0.14476026515835871,0.041808719196783035,0.9093410455701186,0.0017479690008754545,8.558157534391626,778.8734248991938,16.717300907258068,0.1582162690034863,0.03872467898840826,0.927158647119493,0.0014996007627552685,8.508348198378695,1465.0074880000002,23.287424,0.11433732339884478,0.033587167073154595,0.8625890463342715,0.001128097792,8.755888749256071,1441.719506048387,23.214087701612904,0.11389177919903548,0.03875562340662392,0.8660510775417174,0.0015019983456360558,8.715639411844231,1388.2079359999998,22.430784000000003,0.1143676213493009,0.037077548139001854,0.869775339694307,0.0013747445759999999,8.704942771055066,898.3908790650407,18.17695630081301,0.14705666172698453,0.03653449542466399,0.9155107766020577,0.0013347693559347942,8.579675510595617,1713.7643730489076,26.800923517169615,0.09165081053253787,0.028623857834425635,0.8366726573617924,0.0008193252373254098,8.881492180147585,1633.0557037601625,25.565993394308936,0.10264405787427455,0.036328052677234705,0.8470821177090835,0.0013197274113199396,8.7933143522843,1591.659989594173,25.156087408949013,0.0982975466497317,0.03337008526942307,0.8482411573065095,0.0011135625908885664,8.821011186566817,fresh_sandwich_bread_15.jpg,fresh_bread
1550.0375861220473,25.424151082677167,0.08302084338204076,0.013084719183504033,0.8577913278835195,0.00017120987611115847,9.026626562696947,1941.0850641701284,28.716039432078865,0.06510123084882728,0.012160246028997212,0.821788041357323,0.00014787158348574246,9.124937330062881,1766.9622908464567,26.73935777559055,0.07392671995729475,0.012685600307028894,0.8372258792204318,0.00016092445514969154,9.064706399406285,1968.942835885672,28.8259036518073,0.06529947315043948,0.012213867066314343,0.8192406343655173,0.00014917854871359813,9.12045237422032,1804.2325148809523,28.031994047619044,0.0704042828835028,0.01234610958795004,0.8350437412082446,0.00015242642195767192,9.112291877256105,1941.0850641701284,28.716039432078865,0.06510123084882728,0.012160246028997212,0.821788041357323,0.00014787158348574246,9.124937330062881,2645.739211309524,32.747147817460316,0.06174197142141447,0.011869590514496943,0.7560652798822349,0.00014088717898183578,9.185266760956365,1968.942835885672,28.8259036518073,0.06529947315043948,0.012213867066314343,0.8192406343655173,0.00014917854871359813,9.12045237422032,2069.1460625,30.1195625,0.06339700566533074,0.011974990213983476,0.8115763323534955,0.00014340039062500003,9.153392451756442,2727.0854749307127,34.149974804736715,0.0543490501411248,0.011472666666721457,0.7502839892821445,0.0001316220804457016,9.222548796794845,3449.44675,37.807625,0.050970832915934614,0.011285620690728533,0.6816822125310474,0.00012736523437499998,9.266471616376137,2855.8349710254474,34.86570924666163,0.054829165259088014,0.01139441680399194,0.7385116231299782,0.0001298327343030939,9.235534823590328,2472.432018649193,33.213394657258064,0.057849036788331996,0.011518887841627462,0.7757973391225739,0.00013268477710799296,9.212376238653865,3547.000768,39.403968,0.04495694015529043,0.010985185660697774,0.6762333631485249,0.00012067430400000001,9.301177730144166,4213.8927671370975,42.32774697580646,0.045611269451931925,0.011038658865802376,0.6112797649916837,0.00012185198955555738,9.316127715510117,3689.7761920000003,39.877696,0.044997840898511055,0.010966526523927255,0.6631904291267263,0.000120264704,9.296014120643445,2674.5508765243903,34.68260924796748,0.05487782061976007,0.011281514175227249,0.7583833786525225,0.00012727256208585334,9.245158959236477,4339.508844953173,44.09859521331945,0.04079621035515849,0.010609710815027982,0.6057551192869121,0.00011256596357852173,9.350604281561964,4992.960238821138,46.74250508130081,0.04106133072458805,0.010654462166308923,0.5395337086457519,0.00011351756405330823,9.366784822060854,4484.159599375651,44.59716441207076,0.03948495101301536,0.010616784786635521,0.5924856098499746,0.00011271611920573543,9.358109996871054,fresh_sandwich_bread_18.jpg,fresh_bread
1115.0709891732286,18.64247047244094,0.175161092943805,0.0281700485610408,0.8991470292589969,0.0007935516359313968,8.16669593823351,1445.0588381176765,22.945625891251787,0.12096324092016197,0.024096880807198594,0.8690210371345723,0.000580659664636336,8.3711855920047,855.0323572834645,15.903051181102363,0.2036752432196579,0.031130645858607992,0.9226247971021313,0.0009691171115740669,7.990478886871699,1400.500837001674,22.42966085932172,0.13967138673888616,0.02449824888955115,0.8730519144459024,0.0006001641986543941,8.346828570597232,1927.1225818452378,26.835255456349202,0.11270673469560336,0.022849450810227084,0.8252917872413955,0.0005220974023289871,8.485169523327379,1445.0588381176765,22.945625891251787,0.12096324092016197,0.024096880807198594,0.8690210371345723,0.000580659664636336,8.3711855920047,1507.2815600198414,23.13907490079365,0.13436451469257094,0.025232491836095564,0.8634054543003307,0.0006366786442586293,8.326272816171262,1400.500837001674,22.42966085932172,0.13967138673888616,0.02449824888955115,0.8730519144459024,0.0006001641986543941,8.346828570597232,2580.5679375,32.697562500000004,0.08770921980242379,0.019952482614952957,0.7652730544736853,0.0003981015625,8.66060248763655,2483.83912824389,32.87351977828169,0.07693765746957366,0.019374670104654164,0.7739871417470465,0.00037537784166417985,8.681570356698984,2040.8125,28.377000000000002,0.1019789055860334,0.022076305878701716,0.8149220281528943,0.00048736328125,8.515596693088632,2484.112307886118,32.50258251448728,0.08783179591587423,0.019575894714412696,0.7739349604153299,0.00038321565386977095,8.667614862392846,3117.495085685485,37.32762096774194,0.07181994497992589,0.018205549050234377,0.715281169538375,0.00033144201622048984,8.76758610102749,3317.921152,40.145920000000004,0.05592571010095433,0.016934017833934153,0.6967761638167371,0.00028676096,8.842669089043731,2568.3801033266127,32.993636592741936,0.08286039639207492,0.019926712293502596,0.7670235888765817,0.00039707386282802746,8.644265212797624,3354.574976,39.49952,0.061880611937835735,0.016980093757102757,0.6934003162024959,0.000288323584,8.821954552190055,3564.973386686992,41.079077743902445,0.058774563350757154,0.01693170044300576,0.6730581896813803,0.00028668247989168153,8.841886422496529,3929.384040062435,45.43346774193549,0.047616349283923304,0.015461100984605885,0.6391721594646376,0.00023904564365618107,8.940220548801417,3057.438579776423,37.107278963414636,0.07344667017757539,0.018542288241792184,0.7226351493597192,0.0003438164532417047,8.740425080497644,4086.9535639958376,45.01391779396462,0.05101953990661877,0.01532315204957582,0.6247341482979607,0.00023479898873441968,8.92671877119076,fresh_sandwich_bread_19.jpg,fresh_bread
412.4934793307087,9.912893700787402,0.4532165659980173,0.13408395559656103,0.9629850654958386,0.017978507148420548,6.442862971656222,629.1520863041726,12.435488870977743,0.40863525985097143,0.12371203096952699,0.9429454112761073,0.015304666606605205,6.652572811334082,486.18756151574803,10.672305610236219,0.43609810169965646,0.1268754660260922,0.9558526968876857,0.016097383879338074,6.527085476761862,598.5542811085622,11.996031992063985,0.4146688939880431,0.12444089045839768,0.9457187545251803,0.015485535218078932,6.626307094092792,642.441158234127,12.507378472222221,0.414884432218676,0.12804440970348596,0.9423951723639079,0.01639537085631417,6.631139639945426,629.1520863041726,12.435488870977743,0.40863525985097143,0.12371203096952699,0.9429454112761073,0.015304666606605205,6.652572811334082,790.678695436508,13.886036706349206,0.37575072938259657,0.11291419729431393,0.9274258072712336,0.012749615950619252,6.778773276270645,598.5542811085622,11.996031992063985,0.4146688939880431,0.12444089045839768,0.9457187545251803,0.015485535218078932,6.626307094092792,856.1313124999999,14.764812499999998,0.3804617361479995,0.12255659566349338,0.923287003590421,0.015020119140625003,6.762890926257817,1047.5942932728647,16.709561602418745,0.34381933234398243,0.10855138768210529,0.904044870990913,0.01178340376771072,6.933309332741036,1074.395875,16.761375,0.32209899591582297,0.10163105378647808,0.9002993798029318,0.01032887109375,6.9604340797391435,979.1189846308894,15.939594356261026,0.34841518445777975,0.10948283238658296,0.9103078471879658,0.01198649058738862,6.894042092438649,1045.3421748991937,16.753843245967744,0.352353816784117,0.11801088323638943,0.906407165664358,0.013926568562232742,6.866792464460771,1408.571648,20.396032,0.28953033276918605,0.09672539802967989,0.8696533690305949,0.009355802624,7.126178490114224,1337.2429435483873,19.373109879032263,0.28008923754884624,0.09159355155036225,0.8745286007482198,0.008389378685608866,7.096880271433453,1316.377984,19.415295999999998,0.29587895388999025,0.09775148899121691,0.8781568820364883,0.0095553536,7.08878840084823,1223.6706046747968,18.554751016260163,0.32663851135368516,0.11415478301190815,0.8904850143885512,0.013031314484495835,6.953862416505789,1703.7325052029137,23.417989073881376,0.24284650359606824,0.08644377659096315,0.8407193275011283,0.00747252651130835,7.277289184560477,1477.9820248983742,21.271532012195124,0.2423847315696135,0.08299367391596948,0.8597791632085462,0.006887949910070274,7.204432594980948,1601.1206425598334,22.40159989594173,0.25274974689658886,0.08736669415897749,0.850249391141275,0.007632939248268312,7.243390291776649,fresh_sandwich_bread_2.jpg,fresh_bread
1193.6531742125985,22.53555610236221,0.09899989262966236,0.013110216823600607,0.8903741664994951,0.00017187778516182037,9.022101199775598,1642.0728501457002,27.370016740033474,0.06863686531076071,0.011641586150760138,0.8488052886581614,0.00013552652810557025,9.191315008542187,1563.1803026574803,26.42931840551181,0.08312767780184906,0.01210313548940531,0.8558833191588799,0.00014648588867490235,9.14508452610475,1767.4304668609336,28.352904705809408,0.06965054740598214,0.01159518356010759,0.8372512876484824,0.00013444828179258933,9.201666320120125,1717.771143353175,27.30474950396826,0.07630282504967886,0.011985865843442719,0.8424326554730451,0.00014366098001700683,9.16026115221164,1642.0728501457002,27.370016740033474,0.06863686531076071,0.011641586150760138,0.8488052886581614,0.00013552652810557025,9.191315008542187,2245.3532986111113,32.28521825396825,0.0628915696356214,0.011094379586480674,0.7924675816510238,0.0001230852584089191,9.283614944498282,1767.4304668609336,28.352904705809408,0.06965054740598214,0.01159518356010759,0.8372512876484824,0.00013444828179258933,9.201666320120125,2145.508625,30.459,0.07227123649364797,0.011719541639927732,0.8034458371897378,0.00013734765625,9.214755519893044,2354.9496724615774,33.108528596623835,0.05411660111153413,0.010877363748186828,0.7829031566660528,0.00011831704211036898,9.308238450183788,2837.5505000000003,36.900125,0.050912930245623454,0.010471594762737908,0.7371181689192693,0.000109654296875,9.373516998242135,2584.643927941547,35.02601410934744,0.0528223329894663,0.010726496829129756,0.7616590507896989,0.00011505773422533073,9.337123852077331,2546.1835307459673,33.354019657258064,0.07182117598319422,0.011601641263326782,0.767010126423832,0.00013459808000292663,9.250071244269119,3057.8873599999997,38.166784,0.05161404441172646,0.010373233247160695,0.7178334345744657,0.00010760396800000001,9.386283246821248,3441.6894531250005,41.042023689516135,0.04576725117963762,0.010057977601812249,0.6804243040234181,0.00010116291343855685,9.434211694301954,3278.9079680000004,40.02873600000001,0.04422754289634505,0.010224788701973261,0.6972367369225952,0.00010454630400000004,9.412161797059,2908.897103658537,36.06948678861789,0.06534676839661326,0.011089273284155151,0.7341719221807484,0.00012297198197067717,9.312201736700167,3678.637226847035,42.561784599375656,0.04456019604980824,0.010006947550357127,0.6602365108393291,0.00010013899927559849,9.444959200938408,4032.0927972560976,45.04998729674797,0.0381077252469059,0.009738619067845825,0.6247449246995064,9.48407013486103e-05,9.486700092976234,3915.005202913632,44.45499479708637,0.03930354711721845,0.00980638375367844,0.6380116058329833,9.616516232440844e-05,9.474907364121133,fresh_sandwich_bread_22.jpg,fresh_bread
1370.7290846456692,22.602608267716533,0.10978758019041804,0.016079632901830378,0.8755292571687873,0.000258554594257626,8.619632913264141,1897.5788951577904,28.638973277946562,0.07270595610475586,0.014138475433551907,0.8274996834001758,0.00019989648758515077,8.832624012352586,1722.4370078740158,27.34202755905512,0.07469663679942022,0.014251885873773493,0.8427751928201497,0.00020311625095906444,8.809255872820863,1828.4452848905694,27.933907867815734,0.07818293834668862,0.014284067002694448,0.8337928667072161,0.00020403457013746433,8.815025184562227,1842.5842633928569,26.917596726190474,0.0867764992911772,0.01489160549976763,0.8333480316020944,0.00022175991436070955,8.769348681363784,1897.5788951577904,28.638973277946562,0.07270595610475586,0.014138475433551907,0.8274996834001758,0.00019989648758515077,8.832624012352586,2124.7535962301586,30.873511904761905,0.0658500737855725,0.013639322828582837,0.8058833376581952,0.0001860311272223009,8.91152162390017,1828.4452848905694,27.933907867815734,0.07818293834668862,0.014284067002694448,0.8337928667072161,0.00020403457013746433,8.815025184562227,2169.1463750000003,29.868125,0.07608085439102588,0.014186673984764716,0.8046355425876563,0.00020126171875,8.86139800037769,2324.548941798942,32.404195011337876,0.06145133118701688,0.013412336996484475,0.7893379413496888,0.0001798907837072662,8.94012338937235,2440.39775,33.58775,0.055117435351715614,0.013237833447169518,0.7766047622603368,0.000175240234375,8.97663796279648,2249.5560594608214,31.757243638196016,0.06343160324352684,0.013500494566391043,0.7961672780231231,0.0001822633535371541,8.9292559647143,2492.804435483871,32.57283266129033,0.06941013081138023,0.013697183841057267,0.7764366351058196,0.00018761284517572032,8.92504969379543,2586.661632,34.893952,0.0538778449218857,0.01303464920893539,0.7660967065713365,0.00016990208,9.009233746659163,2669.4118573588703,35.87909526209677,0.04743536676843163,0.01286694440335129,0.7552312533459168,0.00016555825827893307,9.027281701580774,2622.7632000000003,35.172672,0.05400938495495199,0.013039047817996528,0.7629163373462777,0.00017001676800000001,9.004370138089337,2702.694867886179,34.365853658536594,0.06444906128984654,0.013387624574279538,0.7586798678697754,0.0001792284917418534,8.963831797748568,2926.336953694069,37.931516649323626,0.046969345222804444,0.012590805755861245,0.7360493052801371,0.00015852838958182867,9.066498954773431,2848.256161077236,37.67168445121951,0.041162501157916545,0.012647393705015338,0.7384422889188572,0.00015995656752966158,9.070885077415848,3044.1019120707597,38.48263527575442,0.045814970239728095,0.012653721011683139,0.7255721351523879,0.00016011665544151136,9.061547266673234,fresh_sandwich_bread_23.jpg,fresh_bread
1586.218319389764,22.25387549212599,0.25887707807577715,0.06883910431448356,0.8553997793635648,0.004738822282820349,8.155830061132317,2043.5777171554344,26.99479198958398,0.2043129267001882,0.06127394181843343,0.8131388866332074,0.003754495945968765,8.38781105242735,1799.6445620078744,24.992864173228348,0.2146872397978774,0.06173259332288841,0.8361401327322833,0.003810913078369127,8.346886654632979,2122.5623411246816,27.39587079174158,0.19320613174293572,0.0606032104346112,0.8059081422697048,0.0036727491149817675,8.425361867515416,2391.407242063492,28.908978174603178,0.2072006683737881,0.06367695847036704,0.7811679750581403,0.004054755040036849,8.37309194317821,2043.5777171554344,26.99479198958398,0.2043129267001882,0.06127394181843343,0.8131388866332074,0.003754495945968765,8.38781105242735,2710.7818080357147,32.06057787698413,0.17507579713481375,0.057952900438141004,0.752478627956288,0.0033585386691930836,8.545049381391678,2122.5623411246816,27.39587079174158,0.19320613174293572,0.0606032104346112,0.8059081422697048,0.0036727491149817675,8.425361867515416,2872.3452500000003,32.57675,0.18335913001153742,0.05999957682142432,0.7361972615408824,0.0035999492187499993,8.473762201224668,2967.48437893676,34.394557823129254,0.16769104379701627,0.05778151670660645,0.726846834882444,0.0033387036729158404,8.583137973011727,3400.057,36.977500000000006,0.15670109915130326,0.05482057024397866,0.688780357422879,0.003005294921874999,8.659047381217665,3245.9184303350976,35.801776266061985,0.1548279870709114,0.05587085140845728,0.7011621528035037,0.003121552037105913,8.62510949711789,3190.140940020161,35.041897681451616,0.1675582651937636,0.057230918789378464,0.7059643465601182,0.0032753780654764327,8.552208126462485,3707.256512,39.559872,0.14579814433208504,0.05467269065996295,0.6566283701884397,0.002989103104,8.696937482214135,4050.278036794355,40.952053931451616,0.14332502171115866,0.05227451808326878,0.628322900477233,0.0027326252408379943,8.73493293076977,4090.3196159999998,41.421824,0.13489397430110373,0.05138201646490724,0.6210389432937036,0.002640111615999999,8.737243850130119,3434.7321519308944,36.88306656504066,0.1534607677060358,0.054878177430169525,0.682399751320308,0.0030116143580571682,8.61046245661296,4359.579149323621,43.83513267429761,0.12967125957439907,0.05155819397460951,0.5936701146269664,0.0026582473659234607,8.767871602009922,4665.240853658537,45.007494918699194,0.13305753039616827,0.04905680317082384,0.5707848659138538,0.0024065699373409517,8.805675551495037,4902.176313735693,46.72912330905307,0.1168439854839668,0.04661487416733903,0.542905766736367,0.002172946493636852,8.821522475319071,fresh_sandwich_bread_24.jpg,fresh_bread
536.398499015748,14.791584645669293,0.14051904158649237,0.015159981682410659,0.9505458799002316,0.0002298250446110267,8.835060577873453,1221.4786409572819,22.0253580507161,0.09893223085578928,0.012989358910011866,0.8872504879397646,0.00016872344489310463,9.088407040332697,901.0300196850396,19.280019685039377,0.11020920519156437,0.013512196961317339,0.9168469266068103,0.00018257946672143352,9.02162430249337,863.7471014942032,19.5488250976502,0.08942153179197018,0.012930482233420932,0.9202710244893634,0.00016719737078881437,9.061703149305245,1147.7888144841272,22.22743055555556,0.09572572988600017,0.012670826086767359,0.8942008989687252,0.0001605498337211042,9.127860532058438,1221.4786409572819,22.0253580507161,0.09893223085578928,0.012989358910011866,0.8872504879397646,0.00016872344489310463,9.088407040332697,1908.8812003968253,28.753596230158728,0.07250614016226686,0.01138748075004893,0.8237928650635129,0.0001296747178327349,9.288774934712789,863.7471014942032,19.5488250976502,0.08942153179197018,0.012930482233420932,0.9202710244893634,0.00016719737078881437,9.061703149305245,1731.2473124999997,27.74468749999999,0.07399151990916436,0.011690591168756176,0.8404797753569911,0.0001366699218749999,9.258728060962973,2682.1044973544977,33.97234819853868,0.06386695090839319,0.011097898595053996,0.7524048440895144,0.00012316335322610144,9.346216759321607,2877.037625,35.9865,0.05713147870888489,0.010535468368800696,0.7344203905459462,0.00011099609375,9.413639947505972,1525.17756361804,26.70326278659612,0.06365080185642562,0.011352119343738662,0.8592021202332357,0.0001288706135944855,9.270981746001882,2322.7135836693546,32.467867943548384,0.0626780427543217,0.010994700067934923,0.7860504583457335,0.00012088342958384819,9.35403724092739,3930.274368,43.023424000000006,0.04965051951433283,0.010226891609868564,0.6372837359049953,0.00010458931200000001,9.469805540560932,3755.101814516129,42.34085181451613,0.04561200027999611,0.009919784300496542,0.6530668903301837,9.840212056837767e-05,9.504352893274884,2140.613248,31.902848,0.052499156897514665,0.010692310508023979,0.8024504664917166,0.000114325504,9.365351896561227,2898.201092479675,36.74631605691057,0.055399705327780734,0.010548767790664304,0.7331726795485757,0.00011127650190135667,9.421791594505045,4901.689516129033,49.91753381893861,0.03992923039914317,0.009712770788090144,0.547292245816697,9.433791638197725e-05,9.543036998116214,4507.485772357724,47.68877032520326,0.03816908552976047,0.009470740846260527,0.5830095550372163,8.969493217702757e-05,9.567147227749974,2743.325962539022,36.458376690946935,0.04621431611944466,0.010254327691728538,0.7466944692014058,0.00010515123640935074,9.432858828348909,fresh_sandwich_bread_25.jpg,fresh_bread
285.90631151574803,9.845287893700787,0.24869511785445753,0.05057282938746255,0.9737405580825844,0.0025576110722533955,8.042005461270012,610.3994047988097,14.140492280984564,0.1819200321852596,0.04644498356698348,0.9437511064088868,0.002157136498537366,8.355564872734533,491.4058193897639,12.583845964566931,0.19900461669845437,0.04974937559773014,0.954987115189196,0.002475000372364027,8.258855755455164,524.5254510509021,13.306156612313227,0.18716547337619965,0.0477804389041398,0.9516638360692119,0.002282970341872236,8.308963651344918,476.8726438492064,12.754464285714285,0.19971599556434577,0.0459831645400913,0.9559424683933669,0.00211445142112111,8.272331986772137,610.3994047988097,14.140492280984564,0.1819200321852596,0.04644498356698348,0.9437511064088868,0.002157136498537366,8.355564872734533,902.5108506944446,17.184213789682545,0.15760606234790253,0.04531953556366464,0.9170891970250347,0.0020538603037062635,8.48885716109853,524.5254510509021,13.306156612313227,0.18716547337619965,0.0477804389041398,0.9516638360692119,0.002282970341872236,8.308963651344918,640.3675625000001,14.9421875,0.17682727222332584,0.04202956548669044,0.9404806047957172,0.0017664843750000003,8.413167796792397,1066.5610985134795,19.17120181405896,0.14125837009088135,0.03958526371908113,0.9008182032888482,0.001566993103709201,8.607365388196284,1267.458625,20.716125,0.1310268278801559,0.04166786456611378,0.8833077537606983,0.0017362109375000001,8.621598855879821,974.8687326782566,18.35034013605442,0.14476026515835871,0.041808719196783035,0.9093410455701186,0.0017479690008754545,8.558157534391626,778.8734248991938,16.717300907258068,0.1582162690034863,0.03872467898840826,0.927158647119493,0.0014996007627552685,8.508348198378695,1465.0074880000002,23.287424,0.11433732339884478,0.033587167073154595,0.8625890463342715,0.001128097792,8.755888749256071,1441.719506048387,23.214087701612904,0.11389177919903548,0.03875562340662392,0.8660510775417174,0.0015019983456360558,8.715639411844231,1388.2079359999998,22.430784000000003,0.1143676213493009,0.037077548139001854,0.869775339694307,0.0013747445759999999,8.704942771055066,898.3908790650407,18.17695630081301,0.14705666172698453,0.03653449542466399,0.9155107766020577,0.0013347693559347942,8.579675510595617,1713.7643730489076,26.800923517169615,0.09165081053253787,0.028623857834425635,0.8366726573617924,0.0008193252373254098,8.881492180147585,1633.0557037601625,25.565993394308936,0.10264405787427455,0.036328052677234705,0.8470821177090835,0.0013197274113199396,8.7933143522843,1591.659989594173,25.156087408949013,0.0982975466497317,0.03337008526942307,0.8482411573065095,0.0011135625908885664,8.821011186566817,fresh_sandwich_bread_26.jpg,fresh_bread
1550.0375861220473,25.424151082677167,0.08302084338204076,0.013084719183504033,0.8577913278835195,0.00017120987611115847,9.026626562696947,1941.0850641701284,28.716039432078865,0.06510123084882728,0.012160246028997212,0.821788041357323,0.00014787158348574246,9.124937330062881,1766.9622908464567,26.73935777559055,0.07392671995729475,0.012685600307028894,0.8372258792204318,0.00016092445514969154,9.064706399406285,1968.942835885672,28.8259036518073,0.06529947315043948,0.012213867066314343,0.8192406343655173,0.00014917854871359813,9.12045237422032,1804.2325148809523,28.031994047619044,0.0704042828835028,0.01234610958795004,0.8350437412082446,0.00015242642195767192,9.112291877256105,1941.0850641701284,28.716039432078865,0.06510123084882728,0.012160246028997212,0.821788041357323,0.00014787158348574246,9.124937330062881,2645.739211309524,32.747147817460316,0.06174197142141447,0.011869590514496943,0.7560652798822349,0.00014088717898183578,9.185266760956365,1968.942835885672,28.8259036518073,0.06529947315043948,0.012213867066314343,0.8192406343655173,0.00014917854871359813,9.12045237422032,2069.1460625,30.1195625,0.06339700566533074,0.011974990213983476,0.8115763323534955,0.00014340039062500003,9.153392451756442,2727.0854749307127,34.149974804736715,0.0543490501411248,0.011472666666721457,0.7502839892821445,0.0001316220804457016,9.222548796794845,3449.44675,37.807625,0.050970832915934614,0.011285620690728533,0.6816822125310474,0.00012736523437499998,9.266471616376137,2855.8349710254474,34.86570924666163,0.054829165259088014,0.01139441680399194,0.7385116231299782,0.0001298327343030939,9.235534823590328,2472.432018649193,33.213394657258064,0.057849036788331996,0.011518887841627462,0.7757973391225739,0.00013268477710799296,9.212376238653865,3547.000768,39.403968,0.04495694015529043,0.010985185660697774,0.6762333631485249,0.00012067430400000001,9.301177730144166,4213.8927671370975,42.32774697580646,0.045611269451931925,0.011038658865802376,0.6112797649916837,0.00012185198955555738,9.316127715510117,3689.7761920000003,39.877696,0.044997840898511055,0.010966526523927255,0.6631904291267263,0.000120264704,9.296014120643445,2674.5508765243903,34.68260924796748,0.05487782061976007,0.011281514175227249,0.7583833786525225,0.00012727256208585334,9.245158959236477,4339.508844953173,44.09859521331945,0.04079621035515849,0.010609710815027982,0.6057551192869121,0.00011256596357852173,9.350604281561964,4992.960238821138,46.74250508130081,0.04106133072458805,0.010654462166308923,0.5395337086457519,0.00011351756405330823,9.366784822060854,4484.159599375651,44.59716441207076,0.03948495101301536,0.010616784786635521,0.5924856098499746,0.00011271611920573543,9.358109996871054,fresh_sandwich_bread_29.jpg,fresh_bread
970.6649852362206,20.071727362204726,0.1051372052523673,0.013865491312876323,0.9107543792264321,0.00019225184934744876,8.912418295757984,1418.841713683427,25.130510261020518,0.07283631564577725,0.012200405132574333,0.8691799569034461,0.00014884988539894613,9.093578935708031,1329.6122662401576,24.131336122047244,0.0916533461633515,0.012698867973778779,0.8772531306182972,0.00016126124781546436,9.04917507555045,1541.335730671461,26.186248372496742,0.07317983674097231,0.012101464943602046,0.8578753068995698,0.0001464454537812293,9.120872996927167,1496.9746403769843,24.980220734126988,0.08277197758394761,0.01263230996211766,0.8625234324626685,0.00015957525497901708,9.063786541033984,1418.841713683427,25.130510261020518,0.07283631564577725,0.012200405132574333,0.8691799569034461,0.00014884988539894613,9.093578935708031,2035.9675099206347,30.39657738095238,0.0659447937893838,0.011470315173601822,0.8115284519210648,0.00013156813018176019,9.217064450215506,1541.335730671461,26.186248372496742,0.07317983674097231,0.012101464943602046,0.8578753068995698,0.0001464454537812293,9.120872996927167,1928.1815625000002,28.3608125,0.07702411187366774,0.012253746238395832,0.8231407454966535,0.000150154296875,9.134183176350861,2149.8531116150166,31.282186948853617,0.060097988042191824,0.011304926809484672,0.8014804286001566,0.0001278013701678053,9.241013588875903,2656.9790625,35.3650625,0.0516476308203615,0.010809699781908839,0.7534040112699959,0.000116849609375,9.31210876164152,2378.6757999496094,33.20187704711515,0.05326757229734372,0.011113528250866858,0.7802863664598333,0.00012351051018281577,9.264952392545428,2318.064012096774,31.322580645161292,0.07667485010377406,0.012097758591498795,0.7876156848875457,0.00014635576293818288,9.175552008484484,2868.0296959999996,36.610431999999996,0.05013141786755477,0.010767893015813261,0.7348367181156193,0.00011594752000000002,9.325552710389363,3269.213205645161,39.684475806451616,0.04578364666933618,0.010388789881800375,0.695824069872848,0.00010792695520819783,9.380065076000916,3092.3070719999996,38.452864000000005,0.046614212778147354,0.01052727049144269,0.7139077966403863,0.000110823424,9.362528176073493,2692.8581681910573,34.18553099593496,0.0672882813548442,0.01151266163292572,0.7535716095423473,0.0001325413778742399,9.243384688223086,3503.1668184183145,41.12012226847035,0.048248970519276464,0.010358160204116503,0.6757175888082542,0.00010729148281414283,9.389829555078085,3876.886115345529,43.89526168699187,0.03906620753194166,0.010013233157988532,0.6384023271163594,0.000100264838276241,9.440238395856156,3754.9417924037466,43.19972684703434,0.040483632570356316,0.010148286872998836,0.6520358390288497,0.00010298772645668048,9.418051058919557,fresh_sandwich_bread_4.jpg,fresh_bread
1513.2003567913384,23.871616633858267,0.10533775564339534,0.015575515291623683,0.8624466670888129,0.00024259667659960317,8.679771474107024,2015.1616963233928,29.65968131936264,0.06976441433481004,0.013785236455361092,0.8166323985971181,0.00019003274413021643,8.878405676447507,1858.5903666338581,28.404219980314963,0.07449772928849467,0.013936338070459233,0.8301802712691759,0.00019422151881413137,8.847353452228898,1954.2566185132373,28.98139996279993,0.07492850655802284,0.013873627424339379,0.822184186591015,0.00019247753790938173,8.868403019703898,1964.0008680555559,27.95386904761905,0.08301494342897425,0.014457099782939645,0.8221787999014719,0.0002090077341338735,8.823304099404528,2015.1616963233928,29.65968131936264,0.06976441433481004,0.013785236455361092,0.8166323985971181,0.00019003274413021643,8.878405676447507,2243.9322916666665,31.808779761904756,0.0633915578377882,0.013323136493956226,0.7947974445962004,0.0001775059660365882,8.943747894064888,1954.2566185132373,28.98139996279993,0.07492850655802284,0.013873627424339379,0.822184186591015,0.00019247753790938173,8.868403019703898,2283.8543124999997,30.8515625,0.07327387533787441,0.01381115660887965,0.7940874252257804,0.000190748046875,8.90948990385206,2442.3987150415724,33.36570924666163,0.05944484389542901,0.013147184370467337,0.778445559908115,0.00017284845687106062,8.979637672382344,2548.31025,34.37275,0.05371302887834974,0.012919144587587833,0.7665015764626052,0.000166904296875,9.013800330802917,2364.6244646006553,32.705719324766946,0.05919800822576233,0.013156008364756753,0.7855369554229513,0.00017308055609354964,8.971210935630637,2604.4266003024195,33.46389868951613,0.06531329286463036,0.013512345408454378,0.766199464436165,0.00018258347843737812,8.954644137488494,2712.283456,35.821248,0.053246804398152145,0.012796239447587718,0.7545022251499232,0.000163743744,9.03454175399209,2779.380922379032,36.66645665322581,0.04779549873400271,0.01254207583396628,0.7449096360574327,0.00015730366622496096,9.065241130175963,2725.87072,35.866367999999994,0.05326527301263376,0.012669333052690659,0.7533640248637372,0.000160512,9.045327833795776,2806.5851753048782,35.19099339430895,0.06225003062706929,0.013105761103889323,0.749157608979692,0.00017176097411221827,9.002921345519237,3037.664932362123,38.76521852237253,0.0466019434403489,0.01235281162881213,0.7257750108528985,0.00015259195513691622,9.093457036150774,2950.5971798780492,38.41438008130081,0.042400019174991414,0.012304789855916876,0.7287717915729547,0.00015140785339827484,9.102848983274033,3152.773803329865,39.25897502601457,0.04619916048868464,0.012360855663257102,0.7155399395402897,0.00015279075272787518,9.09171009643827,fresh_sandwich_bread_5.jpg,fresh_bread
799.4100639763781,16.794783464566933,0.10914100304435473,0.014299996885767037,0.9260327057305465,0.00020448991093294694,8.99993651077929,1138.6850393700788,19.333684667369337,0.1001564053945317,0.013532299379328462,0.8948990904964234,0.00018312312649177348,9.070348487111978,829.1655388779528,16.50695127952756,0.11516347763897831,0.014477780634575495,0.9235865831379583,0.00020960613210288921,8.966109748850734,1094.6741893483788,19.091326182652367,0.10300504878747131,0.013633191462562769,0.8989560581478127,0.00018586390945489437,9.055248105121056,1228.7110615079364,20.56956845238095,0.09604702903719327,0.013332655493704847,0.8861122422015804,0.00017775970251381802,9.117813196208772,1138.6850393700788,19.333684667369337,0.1001564053945317,0.013532299379328462,0.8948990904964234,0.00018312312649177348,9.070348487111978,1323.1889880952383,21.01178075396826,0.09666963977562346,0.013212593181511675,0.8783709769472905,0.00017457261858012883,9.115829271177748,1094.6741893483788,19.091326182652367,0.10300504878747131,0.013633191462562769,0.8989560581478127,0.00018586390945489437,9.055248105121056,1590.9719375,23.6441875,0.08611323752809222,0.012576251801510655,0.8522863950565303,0.000158162109375,9.2051145029989,1844.7130259511214,25.13756613756614,0.08382544643014561,0.012256255833137733,0.829876139063631,0.00015021580704732273,9.220334584837182,1715.0155,24.491,0.08207301118931995,0.012441346766930018,0.8427377236975382,0.000154787109375,9.219550967405276,1713.6133786848072,24.257999496094737,0.08456052705671369,0.012299879439573436,0.8419428672996612,0.00015128703422804133,9.212449993336346,1954.5791960685483,26.783581149193548,0.07621595688858732,0.011884988864123782,0.8182210305044254,0.00014125296030034632,9.282305078187097,2461.7938560000002,29.997248,0.07320658220002638,0.011395145633119394,0.773146627456736,0.000129849344,9.328875626190374,2082.544606854839,27.55657762096774,0.07385154435585042,0.011955502790454053,0.809489247618473,0.00014293404697255464,9.286025210435088,2217.457344,28.645823999999998,0.0646955145994729,0.011339835624910971,0.7955964358389418,0.00012859187200000001,9.321922875543489,2300.654979674797,29.433561991869922,0.07062520503143381,0.011395815445563501,0.7855196874421497,0.00012986460966934364,9.340784304518547,3047.3846253902184,34.518340270551505,0.06367384754798223,0.010765050223809174,0.7193955390290582,0.00011588630632113395,9.413791084100405,2305.836826727643,29.802782012195124,0.06684804647719708,0.011529207287171417,0.789567183914,0.00013292262067056648,9.340712581116907,2675.2438865764825,32.51938085327783,0.058431690001905005,0.010736329208270761,0.7535168119491427,0.00011526876486836787,9.403037532928623,fresh_sandwich_bread_6.jpg,fresh_bread
1770.0077509842522,23.668307086614178,0.22121607916953911,0.06308230755628831,0.8443004745319477,0.003979377526626149,7.7229099045890965,2669.458428916858,32.19412238824478,0.17025378996606091,0.05766053198622518,0.7649618921376758,0.003324736948934497,7.998697978674642,2210.1881151574808,27.451525590551185,0.2731916491701745,0.0799812842857869,0.805177946298607,0.006397005836003861,7.717313681148042,2533.6262632525263,31.21607043214086,0.1862981980370755,0.060867214600772,0.7769138244599322,0.003704817813256432,7.950399680199708,2503.8568948412703,30.43018353174604,0.15982628149922032,0.052213176827887335,0.7797809322104283,0.002726215834460231,7.9542222056322345,2669.458428916858,32.19412238824478,0.17025378996606091,0.05766053198622518,0.7649618921376758,0.003324736948934497,7.998697978674642,3297.7027529761904,35.74950396825396,0.21777310812102058,0.07073928636530599,0.7093207393114683,0.005004046635472766,7.941711770390835,2533.6262632525263,31.21607043214086,0.1862981980370755,0.060867214600772,0.7769138244599322,0.003704817813256432,7.950399680199708,3092.287875,35.278625000000005,0.1225864290587885,0.045716005129494856,0.7281244861133007,0.0020899531250000002,8.078862436590931,3963.5179516250946,42.366402116402114,0.11164359493977456,0.04616948213521206,0.6511145310131892,0.0021316210806336658,8.228128727886272,4279.746375000001,42.0235,0.1887383642824489,0.06419177505237723,0.6233017900068748,0.0041205839843750005,8.074949094431654,3740.611803980852,40.85040312421265,0.13105650802036226,0.04993824966132796,0.6706875271983606,0.0024938287792371223,8.179253830837338,3532.943800403226,38.615297379032256,0.1046534322689773,0.042078605052924406,0.6894829254236138,0.0017706090031999952,8.16078309511063,5079.096063999999,49.744896,0.08211863931643731,0.03941940232930986,0.5538226350539184,0.0015538892799999999,8.342418880208175,5175.83455141129,47.558089717741936,0.15990947265537236,0.0582663490826905,0.5452562920466248,0.003394967435425948,8.165324993413112,4730.191744000002,47.663488,0.10385724396383804,0.04345288943211948,0.584269621777488,0.001888153600000001,8.291626113538058,3971.943407012195,41.820947662601625,0.09025069585426737,0.04040385585661598,0.6511699752185066,0.0016324715680822014,8.218017534244751,6078.399908949012,55.65120967741936,0.06367151901040302,0.035896687127200025,0.46731920039228214,0.001288572146708088,8.413715872391826,5970.969448678863,52.29388973577236,0.13982341616926117,0.05329608476562113,0.4765621656389728,0.002840472651344273,8.252423432468106,5536.635991155047,52.75045525494277,0.08545537637142919,0.038633713948413466,0.5143366920115912,0.001492563853447837,8.376175474607086,fresh_sandwich_bread_7.jpg,fresh_bread
1253.6023622047244,22.371186023622045,0.12973800249104567,0.022098628133225953,0.8849876784173614,0.0004883493653706056,8.891542253322909,1891.6450492900988,28.681443362886732,0.07772534096202842,0.016479150106982664,0.8260143043942098,0.0002715623882484668,9.112493898692716,1895.1131889763783,27.732652559055122,0.0895956276029235,0.01757854882386328,0.8261200986269104,0.0003090053787529451,9.065021980526508,2104.009734019468,30.090334180668364,0.0767307422282894,0.016900635624875048,0.8064964482338214,0.0002856314845247956,9.124371090917293,2097.958395337301,29.871713789682538,0.08748333370878418,0.01843604350812424,0.8071039707789609,0.00033988770023344987,9.099452617408561,1891.6450492900988,28.681443362886732,0.07772534096202842,0.016479150106982664,0.8260143043942098,0.0002715623882484668,9.112493898692716,2701.5588417658737,34.77858382936509,0.06321722050473089,0.014109138877443968,0.7515355701536086,0.00019906779986300082,9.25080033256824,2104.009734019468,30.090334180668364,0.0767307422282894,0.016900635624875048,0.8064964482338214,0.0002856314845247956,9.124371090917293,2565.9321874999996,34.2145625,0.07923766169901117,0.0168564713092628,0.7635463180662151,0.000284140625,9.191899996518078,3249.717624086672,39.600466112370874,0.05336744036701141,0.013167312527592897,0.6997246741773248,0.00017337811919930482,9.33041141201369,3417.9751875,40.283312499999994,0.04948543516016787,0.012492966771347789,0.6847537086334536,0.00015607421875000002,9.350426968101402,3038.239292013102,38.59441924918116,0.05456435091785368,0.013399611114232643,0.7193224261202118,0.00017954957801266696,9.320991308907985,3425.063508064516,40.53137600806452,0.0656626641995696,0.015258686934654323,0.6836042847429281,0.00023282752696979057,9.30371874223868,4328.9205759999995,47.772288,0.03907043251034798,0.01143157172045909,0.5979264784878123,0.000130680832,9.455812663174171,4335.6892641129025,46.75793850806451,0.042408309174383804,0.011455477626111819,0.5988628056276937,0.00013122796764234847,9.449995331133959,4300.673408,47.512704,0.04159180963523981,0.011700540842200416,0.6006884663382333,0.000136902656,9.442471389951463,3860.432164634147,43.65053353658537,0.060486734077301686,0.014464146123741117,0.6426473436888679,0.00020921152308893518,9.339715385360513,5247.680215920916,54.408493756503645,0.03226409483988488,0.010404099589928386,0.5097569522883802,0.00010824528827714801,9.527794239747045,4815.330983231708,50.23405741869919,0.0390189830086374,0.010749552368573426,0.5532285378538273,0.00011555287612470257,9.497225192576927,5290.9290452653495,54.4034209157128,0.03376805544629885,0.01069636589374416,0.5061723065362702,0.00011441224333285329,9.51969758587131,fresh_sandwich_bread_8.jpg,fresh_bread
1200.7083538385828,21.901144192913392,0.11069933859004924,0.014883951029205174,0.8889873472226558,0.00022153199823977778,9.022071813900034,1594.714117428235,26.81120962241925,0.07353099247729342,0.013432867369515017,0.8524693036623644,0.0001804419257669813,9.192933832393114,977.375,19.399114173228348,0.13752286126155688,0.017366844637633813,0.9095767249780543,0.00030160729266771034,8.91219230039205,1669.3297166594334,27.769297538595083,0.0732868384946545,0.013390089140003196,0.845552515512089,0.00017929448717723153,9.212465477830767,2344.9031498015875,32.444816468253975,0.06794299956285149,0.0117992590407841,0.7835281710250653,0.0001392225139115253,9.304113776017406,1594.714117428235,26.81120962241925,0.07353099247729342,0.013432867369515017,0.8524693036623644,0.0001804419257669813,9.192933832393114,2033.2355530753969,30.16660466269841,0.08953822670236959,0.01446872928735647,0.8118215056222016,0.00020934412719080686,9.245324589072709,1669.3297166594334,27.769297538595083,0.0732868384946545,0.013390089140003196,0.845552515512089,0.00017929448717723153,9.212465477830767,3215.9381875,39.2679375,0.051048872875424554,0.010471688020562874,0.703004834830362,0.00010965625,9.431831294062384,3120.9471529352486,40.032564877802976,0.043649794846109854,0.010595124988557494,0.7116495689156405,0.00011225667352315544,9.46476316170333,3048.9633125,38.6454375,0.06521980825950652,0.012849261287132424,0.7177256312662667,0.00016510351562500002,9.410901293128555,3273.45704207609,41.51083396321492,0.04003648631011153,0.01058697723251625,0.69747129345779,0.00011208408692181743,9.479431282171113,3931.0982232862907,44.63186743951614,0.041113085593580304,0.009836602270242339,0.6367383084870765,9.675874422293673e-05,9.509383928325096,4358.1623039999995,49.021823999999995,0.03260069509962057,0.009472972923005744,0.5971832396027315,8.9737216e-05,9.570436352957511,3955.0919858870975,45.17641129032259,0.052588293895960134,0.011848443897183165,0.6336660178519008,0.000140385622784697,9.50069184861319,4554.356608,50.592512,0.03048600875563869,0.009456527904045966,0.5788062915341856,8.942592e-05,9.585429987995845,4475.252540650406,48.46176321138212,0.03537111820039793,0.009487020464711952,0.5864564750240652,9.000355729786339e-05,9.557398051339959,5353.577718522372,55.56874349635795,0.026731377817538947,0.009070424163464468,0.5048615400561067,8.227259450516011e-05,9.620472972802316,4783.60118140244,50.66584095528455,0.044553956252228105,0.011129219709296189,0.5566507010236276,0.00012385953133778674,9.551264411754516,5599.1725416233085,57.38937304890739,0.025441454659702944,0.009018865656059203,0.48179663813718754,8.133993772204418e-05,9.635018865794187,fresh_sandwich_bread_9.jpg,fresh_bread
1489.8016117125985,24.15631151574803,0.08662180362025347,0.017417812273563163,0.8610094545396545,0.00030338018439708756,8.80276717745328,1807.2858825717653,27.511191022382047,0.07215107664313533,0.01641891586926844,0.8310164894650132,0.000269580798322115,8.901578525917984,1440.8506397637796,23.061146653543304,0.10165994728573707,0.019607221927106434,0.8650729779170211,0.00038444315169880336,8.743368828544668,1719.763221526443,26.478206956413906,0.07729861261132201,0.016858505237287748,0.8392090076291937,0.0002842091988356584,8.866578159712699,2061.5710565476193,29.742435515873016,0.06827174326813183,0.015739118371934674,0.8079025709931348,0.0002477198471257716,8.96172135567837,1807.2858825717653,27.511191022382047,0.07215107664313533,0.01641891586926844,0.8310164894650132,0.000269580798322115,8.901578525917984,2068.2404513888896,29.53199404761905,0.07148656303332948,0.01681788347312647,0.8061403674957942,0.0002828412045156605,8.934486899992415,1719.763221526443,26.478206956413906,0.07729861261132201,0.016858505237287748,0.8392090076291937,0.0002842091988356584,8.866578159712699,2497.792125,33.58275,0.05626024442320304,0.015091129430894164,0.7674428101236211,0.0002277421875,9.02993777988661,2570.4343663391282,34.47329302091207,0.05791498626059763,0.014950700778932248,0.759724094616767,0.0002235234537811653,9.046048300190305,2519.6239375,33.730937499999996,0.06021927936493629,0.015793652304802713,0.7635751447354744,0.000249439453125,9.032293463966582,2411.9273746535655,32.78955656336609,0.05733226455475135,0.015164325508494995,0.7745695533756272,0.00022995676812759201,9.023027529541588,2853.752646169355,36.508946572580655,0.052881520875403404,0.014716061552222935,0.7346943045881921,0.00021656246760881411,9.091570128377452,3119.97408,38.774336,0.048328397196485795,0.014307113755052066,0.7082797365076215,0.000204693504,9.118806914378125,2860.5561365927415,36.59393901209677,0.05387022587386686,0.0151433962945723,0.7314284954969136,0.00022932245133446607,9.086379837700038,2951.582528,37.334464,0.05158206080478657,0.014391748747112005,0.7240818381923769,0.000207122432,9.111305662711551,3223.456110264228,39.330856199187,0.05053438875010177,0.014292075964229255,0.7007814042252468,0.00020426343536729958,9.13297099643043,3619.6146592091573,42.37233350676379,0.043050952595805395,0.013756701898382628,0.6618800886156158,0.0001892468471209642,9.167183053877196,3179.463541666667,39.11877540650407,0.05024951742877702,0.014714470800838065,0.7012782610893128,0.00021651565094871601,9.126661089275466,3475.9633844953178,41.49447190426639,0.04477526913446965,0.013876096035401572,0.6754072591096292,0.0001925460411836872,9.16831007728697,multigrain_bread_1.jpg,fresh_bread
694.4072342519686,14.515009842519687,0.2701492887754791,0.053092901819828495,0.9370123171258937,0.0028188562236499477,8.17010230613527,850.2639965279932,16.514725029450062,0.24605117524715114,0.05007163563001263,0.9227515082522044,0.0025071686946647504,8.265876917220414,600.2503075787404,13.076710137795278,0.32073977053935004,0.055435144253226785,0.9455877450316841,0.0030730552183760628,8.032493613766958,816.2939425878852,15.805505611011224,0.2728315472318411,0.05097447194014632,0.9258385700453078,0.002598396789576765,8.211359732525272,1056.1723090277776,19.115265376984127,0.19953997315066346,0.0460733293730786,0.9039548977688482,0.0021227516795201875,8.43972973304691,850.2639965279932,16.514725029450062,0.24605117524715114,0.05007163563001263,0.9227515082522044,0.0025071686946647504,8.265876917220414,943.0683283730159,17.57936507936508,0.2570701962803334,0.049144863108530716,0.9143770245153983,0.0024152175699562236,8.294328915784472,816.2939425878852,15.805505611011224,0.2728315472318411,0.05097447194014632,0.9258385700453078,0.002598396789576765,8.211359732525272,1360.2674375000001,22.6999375,0.16098890242932623,0.04069577968751797,0.8759431195580786,0.001656146484375,8.606410537235421,1236.6055681531873,21.50944822373394,0.17296232731865252,0.041322272139892396,0.88715062923716,0.0017075301748033273,8.540383237274561,1133.4755624999998,20.269312499999995,0.2161864870959829,0.0448856402775431,0.8969229800475285,0.002014720703124999,8.435291612749674,1254.0394935752079,20.696334089191232,0.20189265842368265,0.042793558560149436,0.8855653191834142,0.0018312886542409393,8.482306447200052,1675.9087701612902,26.056199596774192,0.1344601481334386,0.03667549086541546,0.8466562604122186,0.001345091630219173,8.73908297515695,1568.1541120000002,25.41056,0.13200405163539003,0.03537009086785048,0.856161285372048,0.001251043328,8.716007615251392,1322.403288810484,22.442477318548384,0.188826759389794,0.041072709898787786,0.8795387956945407,0.00168696749842998,8.54137349362769,1570.227072,24.080768,0.15358183588102892,0.036407872555259256,0.8559892687817124,0.001325533184,8.65427172521632,1974.121379573171,29.028391768292686,0.11152715214429097,0.0330075615980548,0.8187126150137094,0.0010894991226493818,8.837596240652715,1911.581620707596,28.863098335067637,0.10437135774635997,0.03133405869213962,0.8236401646533358,0.0009818232341224505,8.833001509914325,1483.9709095528456,24.146595528455286,0.16379144630138726,0.038188910429956445,0.864622053543206,0.001458392879827236,8.619184810243567,1897.8174427679496,27.359326222684697,0.12697632201583442,0.03179030522652513,0.8249472182912903,0.001010623506395631,8.786272140190164,multigrain_bread_13.jpg,fresh_bread
1487.2426796259847,24.17476624015749,0.08602888828420921,0.0174119452757373,0.8612044110822099,0.0003031758382852704,8.796654065395579,1804.6227912455827,27.506417012834028,0.0731898163837364,0.01648655461959368,0.8312117359048882,0.0002718064832248457,8.896660908218545,1438.466104822835,23.068590059055122,0.10159399955371193,0.019665661984013948,0.8652602697277388,0.00038673826126949136,8.737546198181352,1716.917415834832,26.483414966829937,0.07672209587134678,0.01680197640828351,0.8394241781959176,0.00028230641122451567,8.86475609802903,2059.892981150794,29.736359126984134,0.06641304573957856,0.015744796473992805,0.8079956077415978,0.0002478986160074563,8.953189209692521,1804.6227912455827,27.506417012834028,0.0731898163837364,0.01648655461959368,0.8312117359048882,0.0002718064832248457,8.896660908218545,2065.7531622023807,29.529823908730158,0.07086111883562674,0.016894004941947677,0.8063222403776471,0.0002854074029785525,8.931583248920468,1716.917415834832,26.483414966829937,0.07672209587134678,0.01680197640828351,0.8394241781959176,0.00028230641122451567,8.86475609802903,2495.1898125,33.57168750000001,0.05584097636727291,0.015114795111082385,0.7676064035950629,0.00022845703124999998,9.029553506036866,2567.41868228773,34.466931216931215,0.05808736984870479,0.015000375638961217,0.7599254061287245,0.00022501126930994116,9.050879139609817,2516.8956875,33.728562499999995,0.06158794087432905,0.01581478491396579,0.7637693198733457,0.000250107421875,9.028825233116518,2407.439657344419,32.77223481985387,0.058230462400019584,0.015246647688066125,0.7749149983039822,0.00023246026572401214,9.009979275702193,2849.8937121975805,36.50258316532258,0.051009310809082456,0.014642982909610835,0.7349558157109577,0.00021441694849115502,9.090179794101399,3114.302016,38.750783999999996,0.049891594197028495,0.01431891839490679,0.7087114147024944,0.00020503142400000004,9.120339030113826,2857.297505040323,36.58530745967742,0.05335485067229971,0.015211984036371872,0.7316599491264769,0.0002314044583228327,9.078286662481581,2947.603584,37.319552,0.05083819323510603,0.01445876011281742,0.7243621054037314,0.000209055744,9.10517289222239,3222.4865345528456,39.34692581300813,0.048041106352341816,0.014364437804317015,0.7007583216956879,0.00020633707343409183,9.12494833497097,3617.885080645162,42.38364984391259,0.0425949836190679,0.013812930368203781,0.6619132491886256,0.00019079704535684625,9.167943128621786,3174.068978658537,39.1073424796748,0.04950849954248672,0.014747676847903504,0.7017042455198845,0.00021749397241018905,9.12228207107997,3473.2485691987517,41.50169094693028,0.044473804248205275,0.013939961631740033,0.6755378773684199,0.00019432253029438422,9.161592949332572,multigrain_bread_16.jpg,fresh_bread
465.56102362204723,6.049335629921259,0.7058845139774285,0.6620470960026977,0.97724550405071,0.4383063573256053,3.2542891772957283,538.251472502945,6.916857833715668,0.7019882913948633,0.658818802275042,0.9737977636578001,0.4340422142311209,3.3278257394182233,400.3795521653543,5.669660433070866,0.7059868232214723,0.6632110023794535,0.9804312765981864,0.4398488336771595,3.251695974408346,692.5385330770662,7.766135532271066,0.6911072937706708,0.6560455238405304,0.9662870252163287,0.43039572935119585,3.327107970150589,897.1246279761905,9.2687251984127,0.6857051661697419,0.6532308508252544,0.9563290886666378,0.4267105444698858,3.388526156640867,538.251472502945,6.916857833715668,0.7019882913948633,0.658818802275042,0.9737977636578001,0.4340422142311209,3.3278257394182233,777.6930803571428,8.797867063492063,0.6846715279492683,0.6554533375094064,0.9621428678939938,0.42961907765221974,3.387512972464851,692.5385330770662,7.766135532271066,0.6911072937706708,0.6560455238405304,0.9662870252163287,0.43039572935119585,3.327107970150589,1370.9207499999998,12.233500000000001,0.6726548255679538,0.6442768126575137,0.9335328662986476,0.415092611328125,3.487939174512702,1041.5936004031241,10.701688082640464,0.6782104310548027,0.6468345898170507,0.9496952402550265,0.41839498658379215,3.481335951059069,1181.5636250000002,11.584375,0.6741588668891038,0.6475814741212105,0.9427135759382668,0.41936176562499994,3.4757872481479355,1420.4497354497357,12.661627614008568,0.6674499208325728,0.6408144754428217,0.9313980206445633,0.4106431919370587,3.5073053095964766,1903.1145413306451,15.364289314516128,0.658625734382206,0.6351783813962933,0.9080987327042734,0.40345157619321514,3.5800259768375873,1610.8992,14.335488000000002,0.6591285499746019,0.6346417440036544,0.9228043583430953,0.402770143232,3.5993279576781627,1630.3453881048388,14.42905745967742,0.6605650044043045,0.6395809144338007,0.9212707359212244,0.40906374610797674,3.5571621900398505,2263.1316479999996,17.416448,0.6485761312662927,0.6252034835475567,0.8915488320303295,0.39087939584,3.643630342520248,2469.12106199187,18.37766768292683,0.6470237217823067,0.625933393862912,0.8812404893970044,0.3917926135527433,3.654164536212,2230.0096253902184,17.661550468262227,0.6439184231122798,0.622167858996931,0.8939513518030319,0.38709284476882494,3.702645734689541,2089.348450203252,17.023373983739837,0.6495573677195271,0.6314513367539587,0.8995067502987901,0.39873079068836137,3.620423416998614,3185.585197710718,22.14620187304891,0.6300731314185295,0.6091352346049106,0.8485087238695759,0.37104573403717944,3.7716182369935853,multigrain_bread_20.jpg,fresh_bread
2687.984621062992,32.405388779527556,0.26157329212766034,0.21994711184139304,0.8108080284918557,0.048376732007370256,7.719385122877176,2864.193874387749,33.71548143096287,0.25821931518435215,0.21937768122595236,0.7982018235486232,0.048126567020075575,7.73513604453581,1613.66812253937,24.65569635826772,0.2828298838869303,0.2307340989025477,0.8866281148904689,0.05323822439637066,7.538403173641555,2763.3173166346332,32.9744559489119,0.25564810285435025,0.21899866927330117,0.8053091306283934,0.04796041714347674,7.73532313008821,3731.208953373016,39.341269841269835,0.23621875237817616,0.20652537575039176,0.7365884997362082,0.04265273082884051,7.88900517728651,2864.193874387749,33.71548143096287,0.25821931518435215,0.21937768122595236,0.7982018235486232,0.048126567020075575,7.73513604453581,2449.3133060515875,31.284908234126988,0.26901170017764425,0.22811343345229007,0.8277674207497986,0.05203573852139237,7.648620103783973,2763.3173166346332,32.9744559489119,0.25564810285435025,0.21899866927330117,0.8053091306283934,0.04796041714347674,7.73532313008821,4540.33,44.459875000000004,0.2179281043601558,0.1915317573210771,0.6784237483822037,0.036684414062499976,8.035901341089225,4041.658163265307,41.437956664147144,0.235043673062433,0.20619952634582128,0.714112684711616,0.042518244665241046,7.909104055469303,2986.1238125,35.0630625,0.26191451904680524,0.22685507402166477,0.7898787141422337,0.051463224609375,7.699929012202549,3769.759322247418,39.80467372134039,0.2308531740284857,0.20540927076344404,0.7333454912847048,0.04219296851556986,7.914876032910593,5296.6997227822585,49.18132560483872,0.19952064226270064,0.1766785119237872,0.623538386432384,0.03121529657560381,8.166714852443844,4954.96608,47.430208,0.21606103610674762,0.1917779035446993,0.6480929415130254,0.03677876428799999,8.05646033080555,3312.7551033266127,37.46515877016129,0.25720547847723507,0.22625318188617777,0.7668086805638697,0.051190502313619844,7.728302362062983,4632.1121920000005,45.432384,0.21154885327387657,0.19048249372580145,0.6710223743714563,0.03628358041599999,8.06276131194011,6094.257367886179,53.97421239837399,0.18151164827767113,0.16161783852448577,0.5652216119140692,0.026120325729326755,8.278438974147655,5936.824596774194,53.19413371488034,0.200354490149693,0.17664979477644144,0.5766748357371911,0.031205149994558874,8.174858202995864,3591.486089939025,39.18730945121952,0.2544650829132578,0.22609169758621994,0.7469345883265869,0.051117455717418735,7.749668589591057,5502.927094172735,50.70545005202913,0.19527119887583178,0.17570823631387414,0.6076138888568989,0.030873384308532235,8.1846883147592,multigrain_bread_25.jpg,fresh_bread
1459.445989173228,19.888287401574804,0.3084550543662442,0.06663376626662662,0.8700073516646427,0.004440058806875427,7.56809626791167,2386.193378386757,29.30442060884122,0.18577362329060929,0.052849623596764476,0.7858205585138627,0.0027930827143196847,7.981861422646253,2182.332615649607,27.65274360236221,0.20775216103765867,0.056511364168058874,0.8041919645852992,0.003193534280134968,7.919292373991673,2218.0150040300086,28.348440696881397,0.18857641341931985,0.05274326898665427,0.8009089254403018,0.0027818524233985662,7.974003184050273,1841.2932167658728,24.430245535714285,0.20953570058961413,0.051755154654591996,0.8359516152065941,0.0026785960333207356,7.83696061857856,2386.193378386757,29.30442060884122,0.18577362329060929,0.052849623596764476,0.7858205585138627,0.0027930827143196847,7.981861422646253,3039.19072420635,34.830605158730165,0.12804086935927636,0.04423953805686364,0.7256092946335368,0.0019571367274846866,8.170390281859415,2218.0150040300086,28.348440696881397,0.18857641341931985,0.05274326898665427,0.8009089254403018,0.0027818524233985662,7.974003184050273,2147.5366875,27.824687500000003,0.15990583991887097,0.04464350981665756,0.8086038099202879,0.00199304296875,7.99199295093408,3248.3573318216177,36.82898715041573,0.11354208939406589,0.04151751102219568,0.7064960313098417,0.00172370372147814,8.231836814574063,3657.9875,39.525625000000005,0.10029151758988164,0.03885110298466441,0.6677587337483663,0.001509408203125,8.296504676399726,3194.775132275133,36.376039304610735,0.11241243549828155,0.040966594534098746,0.7112584398457306,0.0016782618677212494,8.230407160586559,2378.994455645162,30.400705645161295,0.13298367985338855,0.04023839715159554,0.7878999846364307,0.001619128605329532,8.101402757203942,3944.804032000001,41.95577600000001,0.08614620111428714,0.03679112240745042,0.6411770988884642,0.0013535866880000004,8.361696790542787,4278.041267641129,43.81483114919355,0.08068001578007769,0.03551209297907138,0.6094221708690203,0.0012611087477542111,8.401000263255936,3854.505408,41.349824,0.08427674563504747,0.035668015924634776,0.649195176093221,0.00127220736,8.360079038297545,2618.590002540651,32.788173272357724,0.11573344791171894,0.037368106291334295,0.7664625559219429,0.0013963753678004579,8.188894096734883,4602.49193548387,46.36849635796045,0.07235099854407401,0.03392782439172909,0.5788046659717677,0.0011510972679560072,8.453483982953886,4824.37525406504,47.37893800813007,0.07162805197293187,0.03341954369109702,0.5575543565876041,0.0011168659005211428,8.454092914752717,4416.730879292404,45.274063475546306,0.06917243168972673,0.03246793069198603,0.5954142210099043,0.0010541665234196085,8.454831196308714,multigrain_bread_4.jpg,fresh_bread
1981.7197957677172,28.469549704724415,0.09821888267462127,0.02798466252772198,0.8256613458439334,0.0007831413367904868,9.065688016717043,2219.8704817409634,30.952011904023813,0.08735928220731284,0.025703594431449157,0.8038041255668218,0.0006606747666964242,9.14365521700349,1584.9584768700786,24.747354822834644,0.11182418479271192,0.026383694844060196,0.8602726400277348,0.0006960993536244886,8.983664701335393,2247.754665509331,30.43431086862174,0.0937065185008574,0.025227156392172555,0.8013550613627414,0.0006364094196351326,9.126714965121325,2623.750806051587,34.89056299603175,0.07782147086691524,0.026372978093110774,0.7684869668974723,0.0006955339734997009,9.2266321790253,2219.8704817409634,30.952011904023813,0.08735928220731284,0.025703594431449157,0.8038041255668218,0.0006606747666964242,9.14365521700349,2455.5516493055557,32.356088789682545,0.08791329335379056,0.022578640961657154,0.7824544038678499,0.0005097950276754222,9.17970505104126,2247.754665509331,30.43431086862174,0.0937065185008574,0.025227156392172555,0.8013550613627414,0.0006364094196351326,9.126714965121325,3215.759125,39.59,0.0666776891692661,0.02500273422548022,0.7153556170627786,0.00062513671875,9.298207731944528,2984.0176996724617,37.93732678256488,0.0669040144300975,0.02195659141133103,0.7340021884038539,0.00048209190640413553,9.308233648324318,3020.1289375,37.0073125,0.07507153070146114,0.019548567322824454,0.7311144285905813,0.000382146484375,9.291857618756636,3134.884668682288,38.0136684303351,0.06648281701059591,0.020791197446001178,0.720634761576964,0.00043227389123860586,9.29306991024986,3578.4964087701624,42.66173135080646,0.05923563385165346,0.023698562853059327,0.6822957908761179,0.0005616218813004034,9.352754145984408,3555.2232320000003,42.500288,0.05442429823900361,0.019157072010095904,0.6801739025178228,0.00036699340799999986,9.382947173303526,3457.363659274193,40.43737399193548,0.06845686331942917,0.017573833879053126,0.6906898692189846,0.00030883963720855544,9.352968397637326,3772.911424,42.860736,0.05781669653714874,0.01729374268341009,0.6608091044295239,0.00029907353600000004,9.364590983267517,4041.2534298780492,45.87982723577236,0.05563489731251817,0.022562536639510095,0.6398728245723568,0.0005090680596092355,9.393631174139035,4028.693223204995,46.135470863683665,0.049988138569856524,0.017329673944749106,0.6341933580941408,0.00030031759903131606,9.43037101006735,3806.152883638212,42.9770706300813,0.06316145806692619,0.016027129805034075,0.6581476655152408,0.0002568688897874116,9.388109623253465,4329.7326352757555,47.19803590010406,0.04897061906601443,0.014713331270733364,0.607300410694021,0.0002164821170823403,9.430226076851197,multigrain_bread_8.jpg,fresh_bread
1679.6864542322835,23.72410187007874,0.12902264943393377,0.016160153053580772,0.8458811688058804,0.0002611505467151559,8.73901310830864,2307.98542997086,29.097464194928392,0.09101583667309279,0.0139910255161799,0.7890906528582565,0.000195748794994397,8.952766637350587,2119.707062007874,26.82750984251968,0.11364001439549472,0.0151850474562794,0.805818809637298,0.00023058566624945746,8.84411546292623,2377.3323826647656,29.581251162502326,0.09004530279143269,0.013918717143543539,0.7827391445672375,0.00019373068692197278,8.9499766049775,2446.091827876984,30.049045138888886,0.09121404822366942,0.014146080003397201,0.7761246975563814,0.00020011157946251415,8.951508300822672,2307.98542997086,29.097464194928392,0.09101583667309279,0.0139910255161799,0.7890906528582565,0.000195748794994397,8.952766637350587,3002.044022817461,33.612227182539684,0.07838335409912023,0.013151127904812179,0.7252592966788365,0.00017295216516872958,9.048674221344724,2377.3323826647656,29.581251162502326,0.09004530279143269,0.013918717143543539,0.7827391445672375,0.00019373068692197278,8.9499766049775,2982.896375,34.118625,0.07306968339528905,0.013099156103543464,0.7276649109125012,0.000171587890625,9.055887004074279,3375.586986646511,36.917800453514744,0.06360504141690476,0.0122828523611556,0.6926526414535643,0.0001508684621259457,9.150917929867628,3726.0725,38.671625000000006,0.06598004307540556,0.012358416919249812,0.6582984100575617,0.00015273046875,9.146220786593027,3200.305618543714,36.1477702191988,0.06099000588642975,0.012331852439162306,0.7085532857176877,0.00015207458458127332,9.1288520767407,3431.377331149194,37.57327368951614,0.06362451975575531,0.012363086534124495,0.6875177087045655,0.00015284590865025042,9.141824105372724,4189.762304,42.52902400000001,0.050848991764507,0.011526664738769841,0.6187532878133064,0.000132864,9.2443386176794,4399.173702116936,43.26883820564516,0.05460561877635096,0.01163572072821625,0.5956914477498462,0.00013538999686504128,9.23131813401246,3982.507968,41.621055999999996,0.04808690874075814,0.011445089776843168,0.6374695574407363,0.00013099008,9.224179980372881,3843.290332825203,40.61248729674797,0.05498477091503859,0.011910442018297952,0.6508873695421818,0.0001418586290712374,9.193429260577398,4957.699856919875,47.67150104058273,0.043634493807172506,0.010986536105611502,0.5491647888349817,0.00012070397559990516,9.313384797973736,5040.475800304879,47.49828506097562,0.04598232104900046,0.01115248585986482,0.5360029302007143,0.00012437794085448477,9.29416388907335,4712.492455775233,46.59638397502601,0.04051853691012634,0.010890930683778053,0.5711852357011898,0.0001186123711588583,9.298408787265263,multigrain_bread_9.jpg,fresh_bread
728.4192913385826,12.001476377952756,0.5660439895250864,0.4370853355149766,0.9591859363044194,0.19104359052223965,4.7177554723179735,1242.8303676607354,15.967821935643872,0.532841988906272,0.4276115066525585,0.9300633324192034,0.18285160062167105,4.8552976321532455,946.3981299212601,14.063853346456694,0.5420028593936825,0.4351750802084011,0.9468381133547219,0.18937735043438836,4.770529748922583,1279.1701283402567,16.331018662037327,0.5306574798085008,0.4272338706263711,0.928018417981368,0.18252878021039076,4.856966334709859,1241.8160962301586,15.09858630952381,0.5493566668146919,0.4273004023298593,0.930288900882187,0.18258563383125961,4.831845080555047,1242.8303676607354,15.967821935643872,0.532841988906272,0.4276115066525585,0.9300633324192034,0.18285160062167105,4.8552976321532455,1995.2836061507937,19.43613591269841,0.5174577737773954,0.42312909908049806,0.8874273988376635,0.17903823448867393,4.914015666704909,1279.1701283402567,16.331018662037327,0.5306574798085008,0.4272338706263711,0.928018417981368,0.18252878021039076,4.856966334709859,1688.569375,17.688125,0.5360948145812767,0.41725235684999434,0.905019552777609,0.17409952929687503,4.928308396469509,2576.442176870748,22.83371126228269,0.4985506594792091,0.4079848060162352,0.8541052362587378,0.16645160194010505,5.057330653272644,3060.118625,24.495000000000005,0.4939338557736246,0.41139664938475135,0.8265724929606482,0.16924720312500002,5.022750673237111,2640.5211640211637,23.153439153439148,0.49707953092254925,0.40713116355925794,0.8504766709546082,0.16575578434111524,5.057619189653002,2130.060735887097,20.188886088709676,0.5263308742221726,0.40737312516627167,0.8799298829721429,0.16595286310773483,5.007102461824422,3901.3755520000004,29.601344,0.46669163715360246,0.38777577025905063,0.7776297673885326,0.150370048,5.218778345135778,4097.38671875,29.530871975806452,0.4743287711037788,0.39989835805321833,0.7667426797048371,0.15991869677366,5.115108127185842,3969.974464,29.789631999999997,0.46696547688435164,0.3871808920905059,0.7737197731275306,0.14990904319999995,5.219128543162022,2561.3535315040654,22.695121951219512,0.5123804956409134,0.3973585789543392,0.855289835347643,0.1578938402686118,5.08589140497843,5202.66610301769,36.12265868886577,0.4380277471334154,0.36778140298770207,0.7014686569891672,0.1352631603836025,5.36516812283834,5041.940167682927,33.90548780487805,0.457803830281014,0.3886202787238765,0.7117928478806418,0.15102572103542347,5.190465451999585,5291.071800208117,36.46370967741936,0.439353055230396,0.36699753238411115,0.6963958979480365,0.13468718877602673,5.361796934513418,white_bread_slices_1.jpg,fresh_bread
1974.0775713582677,32.52663631889764,0.09395356969594669,0.05122982227089363,0.818061394643117,0.0026244946899073485,8.452732105453858,2218.422406844814,34.946927893855786,0.08175895332683421,0.04206040157086527,0.7958590177602393,0.0017690773803024453,8.545217853700033,1984.9913877952754,31.424950787401578,0.10086660715579597,0.04247578880096489,0.8182388740540535,0.0018041926342641744,8.422088866932905,2265.4979229958462,35.457126914253834,0.07873067846236134,0.0420211071853983,0.7915275735649558,0.001765773449086733,8.554003853060031,2329.9841889880954,35.73133680555556,0.08662909688549461,0.05092105856634921,0.7843373202476968,0.002592954205517566,8.50235986547823,2218.422406844814,34.946927893855786,0.08175895332683421,0.04206040157086527,0.7958590177602393,0.0017690773803024453,8.545217853700033,2331.963541666666,35.02455357142857,0.0839922332713839,0.03454800798038363,0.786806759877987,0.001193564855412651,8.539721794861078,2265.4979229958462,35.457126914253834,0.07873067846236134,0.0420211071853983,0.7915275735649558,0.001765773449086733,8.554003853060031,2511.993625,37.05475,0.08790734959042877,0.051046662170508274,0.7665100624027438,0.0026057617187500003,8.527341732323645,2558.854686318972,38.242315444696395,0.06707671616010077,0.0342252694412979,0.7637880346219511,0.0011713690683294398,8.643582094396756,2574.6853125,37.4133125,0.07288795078380492,0.028873647154455565,0.764974992841139,0.0008336875,8.609168353904135,2611.9341773746537,38.78653313177123,0.06849526486470782,0.034150039445188816,0.7588896762275888,0.0011662251941079523,8.646294680475581,2722.8591229838707,38.912298387096776,0.0848196128875684,0.05101527569570974,0.7452219335147173,0.002602558354309273,8.559798879326644,2944.632256,41.365055999999996,0.06054606999685077,0.028655173634092677,0.7272406229194315,0.0008211189760000001,8.704779172020153,2872.062436995968,39.709488407258064,0.06631687776094375,0.026727191218796437,0.7382339314898633,0.0007143427504461093,8.667164171436584,2961.617792,41.682176,0.05913223077427217,0.028605279512705344,0.725641245168877,0.0008182620160000001,8.702873478245728,2918.978340955285,39.63916412601626,0.08931255752383818,0.050835531561726786,0.7247898538848919,0.00258425126916332,8.578511091694583,3447.4527185223724,45.08747398543184,0.0529848906111023,0.02664946189627292,0.6786242349237928,0.0007101938193609022,8.754154606264233,3167.546303353659,42.08771595528455,0.05815144178804503,0.021661233215018203,0.7118439406162969,0.00046920902439540784,8.724799055259547,3405.2895421436006,45.060483870967744,0.05230402047526886,0.02649322267366473,0.6825603964410142,0.0007018908476363829,8.76745038558061,white_bread_slices_12.jpg,fresh_bread
699.009596456693,10.617987204724407,0.5525389949295931,0.40494594865737904,0.9605652724218219,0.16398122133402468,5.068508377835812,1133.5643251286501,15.262880525761048,0.5017650182711224,0.3918707059375405,0.9357582203267018,0.15356265017198634,5.244382556093573,865.4678887795277,12.536663385826772,0.5232574477537306,0.4018680973270405,0.951033463931929,0.16149796764925567,5.127056974640722,975.0389360778722,14.1498542997086,0.5062187648814169,0.39725958116585186,0.944742230223862,0.15781517482806803,5.226488239243586,1124.1807415674605,14.870721726190478,0.5181244134728233,0.3911975364528386,0.9364880436066423,0.15303551252677,5.244034818101037,1133.5643251286501,15.262880525761048,0.5017650182711224,0.3918707059375405,0.9357582203267018,0.15356265017198634,5.244382556093573,1582.9503968253966,19.20610119047619,0.4780927647452196,0.38572765578592016,0.9100231765963734,0.14878582443810132,5.349690177727455,975.0389360778722,14.1498542997086,0.5062187648814169,0.39725958116585186,0.944742230223862,0.15781517482806803,5.226488239243586,1483.1052499999998,18.194625000000002,0.4959639041232482,0.38101089069490524,0.916113217099868,0.14516929882812502,5.360137774576373,1951.3078231292518,22.4558453010834,0.4564238413756755,0.37104879190073065,0.8887393215203505,0.13767720597099173,5.49094705809264,2460.4523125,25.2686875,0.4468542951779322,0.37077619966008474,0.8594697708643746,0.137474990234375,5.5116980908635265,1790.4490425799952,21.43253968253969,0.4602236068990584,0.37711141840097195,0.8979112506497169,0.14221302188839294,5.481862239131763,1834.774382560484,21.216922883064512,0.4788914485254635,0.3711363260890714,0.8961056211914827,0.13774217254289353,5.453985815246821,2940.119296,29.152639999999998,0.4183213250214387,0.35165731391796756,0.8313519274122861,0.12366286643199999,5.687123880392038,3277.8950982862907,30.301978326612904,0.42154254848110695,0.3586015066427736,0.8119618932357371,0.12859504056646723,5.624657758844096,2844.2661120000002,28.582016000000003,0.42491520815519873,0.3569751476839809,0.8368527917044053,0.127431256064,5.678099549558521,2157.690929878049,23.840828252032523,0.4679098088802806,0.3627977585311717,0.877725936786201,0.13162221359524237,5.538900502237258,3857.0672476586888,34.56789802289282,0.39414873317194776,0.3358057746558578,0.7775338943900588,0.11276551829222076,5.82042343144597,4128.194931402439,35.28232977642276,0.4018707468438724,0.3458534729821578,0.7622518340704805,0.11961462477382016,5.711020304842393,3899.9402965660765,34.84937565036421,0.39718912378064836,0.33879703386864746,0.7750545192007815,0.11478343015819345,5.827047315310111,white_bread_slices_13.jpg,fresh_bread
2687.893700787402,33.45607775590551,0.27781524591793966,0.23201166122096814,0.804813601854996,0.05382941094251329,6.521062052324735,3231.279434558869,36.61628123256247,0.2585026627360773,0.22150585347384444,0.7633320999875901,0.04906484312317624,6.606364072274928,2457.8762303149606,31.449926181102363,0.27520970334728756,0.23211834704037593,0.8215167480987587,0.053878927032756395,6.48627044333444,3353.290842581685,37.686279372558744,0.2551457283634897,0.22137166631134744,0.7543956448467926,0.04900541464546256,6.61803856370725,3777.3524305555557,39.31076388888889,0.25432914592069256,0.2184584019348176,0.7233169797638781,0.04772407337591432,6.6448010749992505,3231.279434558869,36.61628123256247,0.2585026627360773,0.22150585347384444,0.7633320999875901,0.04906484312317624,6.606364072274928,3693.0043402777783,38.3654513888889,0.25360367747843615,0.21891443851816483,0.7294952977255337,0.04792353139172337,6.635437715615085,3353.290842581685,37.686279372558744,0.2551457283634897,0.22137166631134744,0.7543956448467926,0.04900541464546256,6.61803856370725,4629.266625,43.417500000000004,0.2401755695855152,0.20527126678799934,0.6578028086207953,0.04213629296875,6.73872256402701,5018.753716301337,45.56916099773244,0.22500982245409978,0.1959564234516164,0.625528028314633,0.0383989198919492,6.803048536005274,4710.541625,43.482124999999996,0.23709961894831824,0.2052996904299298,0.6517949289754216,0.042147962890625,6.743137265671157,5094.902998236332,45.97253716301336,0.2252847150183415,0.19582996106593833,0.6198461851000515,0.038349373651086927,6.804499532484519,5468.258064516129,47.33833165322581,0.2249888047115715,0.19165794510230053,0.5918620069578767,0.03673276792083644,6.82524754697922,6667.500672,53.200384,0.1970278376511134,0.1698632764078216,0.492190404365837,0.028853532672,6.958862618135903,5620.160786290322,47.961441532258064,0.22124387929029316,0.1914316583499564,0.5805243430672752,0.03664607981861443,6.840442963879385,6756.10304,53.701632,0.19827443736106518,0.1697483004451002,0.4854422786618146,0.028814485504000006,6.9622852678190945,6134.735137195123,50.452489837398375,0.21134279004297205,0.17796691084029514,0.5374208647635109,0.031672221354037564,6.917304185590528,8297.905697190427,60.845863683662856,0.16746252094545994,0.1432725550070403,0.353495547353477,0.020527025018245392,7.097298853663245,6438.150660569106,51.79192073170732,0.2052749453607455,0.17756366151620734,0.5145423398914764,0.03152885389104225,6.923558228992751,8389.873829344433,61.48452133194589,0.1688928876230916,0.14326116632548572,0.34633014814204943,0.02052376177693848,7.10403126875439,white_bread_slices_15.jpg,fresh_bread
1651.6358267716537,26.955831692913392,0.1177831419014765,0.04954155023066742,0.8470176474206061,0.002454365199257743,8.799774330565242,2451.92838985678,33.96422592845186,0.08548432779116967,0.039100308276665975,0.7721523561814196,0.0015288341073303139,9.026724922902407,2297.014948326772,32.653481791338585,0.08720912802546162,0.03930516937127224,0.7867272345370283,0.0015448963393043975,8.996155907038872,2239.1376402752803,32.113026226052455,0.08974026719650405,0.039196020401386616,0.7919276097614879,0.0015363280153059156,8.98817534370644,1914.5127728174607,29.404389880952387,0.10756657024261808,0.04900981290789639,0.8227310990782882,0.0024019617612670075,8.87694526544118,2451.92838985678,33.96422592845186,0.08548432779116967,0.039100308276665975,0.7721523561814196,0.0015288341073303139,9.026724922902407,3347.945498511905,40.450582837301596,0.06608204326576822,0.029975472006653122,0.6881306228015145,0.0008985289220216449,9.157843674492819,2239.1376402752803,32.113026226052455,0.08974026719650405,0.039196020401386616,0.7919276097614879,0.0015363280153059156,8.98817534370644,2325.9483750000004,32.987375,0.0976328265812221,0.04868888396620937,0.7846055219565543,0.002370607421875,8.944533924762286,3753.2963592844544,43.35884353741497,0.06496591648966972,0.02972307005474048,0.6501844834693353,0.0008834608934790102,9.197485508614314,4330.67375,46.977375,0.054314900018574516,0.02472552451415339,0.5949473924117602,0.0006113515625000002,9.264126057084246,3300.004031242127,39.90967498110356,0.06896215803506646,0.02985784871397005,0.6924475848986267,0.000891491129826323,9.149963988468151,2632.6481854838707,35.41544858870968,0.09394700220451557,0.04867144069335489,0.756294249506475,0.002368909139166762,8.995855567402703,4804.481216,50.314048,0.0525847354821836,0.02454681600533968,0.5502482949885846,0.0006025461760000002,9.304058919765463,5091.973916330645,52.29296875,0.04901388456671782,0.023849335690838084,0.5214949861671035,0.0005687908128942833,9.34000591151569,4249.372352,46.21753600000001,0.056528466538530456,0.024622622443598495,0.6022742334638614,0.0006062735360000003,9.25275107247139,2771.337080792683,36.553036077235774,0.09081548589552987,0.04857094270386262,0.7435165435535087,0.0023591364751419054,9.013633829972555,5673.856399583766,56.02783558792923,0.04642051346629894,0.02379813171436297,0.46651225892393827,0.0005663510730941686,9.363529164651652,5735.679115853659,56.3422256097561,0.040938464591270624,0.01900240488406402,0.4586807237918435,0.00036109139137790016,9.398078301777865,4946.0965140478675,50.867715920915714,0.05182571106041049,0.02390811704368815,0.5350489422313401,0.0005715980605746918,9.309408750258868,white_bread_slices_17.jpg,fresh_bread
247.10303887795277,7.985420767716537,0.33759263378721427,0.1108306972420739,0.9789805501688134,0.012283443451164246,6.932882680920452,461.1572943145886,12.798685597371195,0.26978402679671376,0.10544845955947398,0.9607839344996418,0.011119377623466018,7.3208876455817125,439.55973179133855,12.859682578740157,0.2644777970335042,0.10825502816889902,0.9627461895882485,0.01171915112384912,7.307270917397608,549.8936697873396,14.057598115196232,0.25242943214361413,0.10690462960205983,0.9532380160652483,0.011428599830353606,7.36489365816776,437.71657986111114,11.057973710317462,0.27968370197890835,0.10586263821132642,0.9626391898394371,0.01120689816906219,7.194468501017138,461.1572943145886,12.798685597371195,0.26978402679671376,0.10544845955947398,0.9607839344996418,0.011119377623466018,7.3208876455817125,981.6228918650794,20.458209325396822,0.21670610115486777,0.10253716791680054,0.91684547580267,0.010513870804398149,7.614369460935715,549.8936697873396,14.057598115196232,0.25242943214361413,0.10690462960205983,0.9532380160652483,0.011428599830353606,7.36489365816776,630.112125,13.75875,0.2506755024252105,0.10342725591267035,0.9460219329031632,0.010697197265625003,7.363286619637293,1011.0624212648025,20.4155328798186,0.21650023295878285,0.09819255885993382,0.9137500663818398,0.009641778615461567,7.650709644994244,1616.2968125,27.495937500000004,0.1874924437186677,0.09742016964225118,0.863144215979534,0.009490689453125,7.804926700579732,1214.8619929453262,22.72530864197531,0.20454557312379396,0.10042370982530165,0.8963655238832392,0.010084921495076386,7.688924634413352,845.2791078629032,16.468119959677416,0.23097731350466713,0.10016054014947788,0.9273238927074773,0.01003213380303517,7.489721544177019,1644.0990080000001,27.294016,0.18461356585588728,0.0900400280764061,0.8592481682299705,0.008107206656,7.858029075412588,2315.178364415323,34.151272681451616,0.1708027619955794,0.09283389204667518,0.8040120588116052,0.00861813151253374,7.948318046874061,1941.52288,30.321984,0.17704545617774017,0.09465025540377585,0.8337892419883602,0.008958670847999999,7.8881517534272865,1039.1276041666665,18.694931402439025,0.21574193327885027,0.09742143778199033,0.9103484094798654,0.009490936539510213,7.593706124726909,2367.343587408949,34.078108740894905,0.1602954508039648,0.08224682738031835,0.7965198718370755,0.006764540614127885,8.029243283068615,3024.766196646342,40.06129319105691,0.1485633782688525,0.08856249836955578,0.7440985040091351,0.007843316117457571,8.044912752558124,2709.423126951093,37.32778355879293,0.15631903269060926,0.08976794312597842,0.767128527406965,0.008058283613068897,8.046803218964609,white_bread_slices_18.jpg,fresh_bread
843.4256274606302,18.031434547244096,0.15888756818307723,0.0623032911263724,0.9213677269948469,0.003881700085177514,8.248810434963985,1054.0192820385641,20.55521111042222,0.1390818895073929,0.055509573527804085,0.9018208023042346,0.003081312753238688,8.380085379069662,903.9096948818898,18.880905511811022,0.15507000528597706,0.05591077641226265,0.9159826363539225,0.003126014919022026,8.318755502172447,1037.9290098580198,20.404054808109617,0.14201991759043853,0.055453660946972204,0.9033125459006899,0.0030751085124217504,8.367379746754864,1151.9901413690477,21.51829117063492,0.14293142111557955,0.061941281555574566,0.8923772278532388,0.0038367223607469617,8.386439247773794,1054.0192820385641,20.55521111042222,0.1390818895073929,0.055509573527804085,0.9018208023042346,0.003081312753238688,8.380085379069662,1354.88423859127,23.58897569444445,0.12097766371401218,0.046196930258116185,0.8741486775064347,0.0021341563652732508,8.516169431518923,1037.9290098580198,20.404054808109617,0.14201991759043853,0.055453660946972204,0.9033125459006899,0.0030751085124217504,8.367379746754864,1400.115875,24.01625,0.1310750318420154,0.06167111294500044,0.868851373448142,0.0038033261718750004,8.465993084942282,1643.7134668682288,26.105631141345427,0.11566033236785728,0.04559089680303327,0.8466972273623732,0.002078529871304829,8.590088146125387,1745.5235625,27.343062500000002,0.10357583936847392,0.0386024661210265,0.8379336113024093,0.001490150390624999,8.64761347585789,1401.1673595364073,24.054358780549258,0.11716103702037436,0.04551991688414808,0.86927820416581,0.00207206283313975,8.528669461922192,1696.0322580645166,26.50289818548388,0.13002544132693467,0.06174142818555622,0.8407564211498536,0.0038120039543921955,8.530188101588005,2220.129472,30.953024,0.10031968562625009,0.0386734794917654,0.7925258168356059,0.0014956380159999994,8.725664362544004,2141.885710685484,30.815902217741936,0.0908631104952611,0.03413042465487617,0.8010940037014876,0.0011648858871221787,8.748876645414317,1708.136384,26.942016000000002,0.10335965278593136,0.03842836285870112,0.8402649849726903,0.0014767390719999996,8.636773037859916,1967.9769435975609,28.79325457317073,0.12141778923941901,0.061398297686593176,0.8148082354183006,0.0037697509588115125,8.577307032466049,2779.133714880333,35.36043184183143,0.0874819341362108,0.03440697101112715,0.7397010044878319,0.001183839654160544,8.821920021890783,2508.565104166667,34.103213922764226,0.08117377818315183,0.03096533312933772,0.7669549066085228,0.00095885185581086,8.83146872903544,2026.368756503642,29.9702133194589,0.0906363246412038,0.03404446956623774,0.8099846684792827,0.0011590259080464873,8.724885042464269,white_bread_slices_19.jpg,fresh_bread
477.00246062992125,10.115649606299211,0.519549766101427,0.2648179647261099,0.9654177377651821,0.0701285544416792,5.584034357317101,887.7490854981711,13.624341248682498,0.46816679948706597,0.2553922267307621,0.935144595540843,0.06522518947449701,5.787833741706507,749.5611466535433,11.83058562992126,0.49562846407724587,0.258320879753041,0.9452262492868813,0.06672967691638508,5.678540915083113,905.9427738855478,13.715109430218861,0.4733034576436833,0.2525490633834593,0.9338154372930425,0.06378102941586254,5.789992745960399,796.1266741071428,13.911644345238095,0.4721230759025353,0.25659225124893464,0.9422888758100411,0.0658395834009964,5.799403531629791,887.7490854981711,13.624341248682498,0.46816679948706597,0.2553922267307621,0.935144595540843,0.06522518947449701,5.787833741706507,1414.056361607143,18.017423115079364,0.43757684807977826,0.24329595512365912,0.8958553576058713,0.05919292177953356,5.963501259303534,905.9427738855478,13.715109430218861,0.4733034576436833,0.2525490633834593,0.9338154372930425,0.06378102941586254,5.789992745960399,1101.3025,17.268625,0.44316145072595686,0.25030779880104614,0.9201743698956811,0.062653994140625,5.945383931513258,1649.257243638196,20.712773998488284,0.4063036234018064,0.24003430940388434,0.8785802892550764,0.05761646969099968,6.093685991587812,2090.753125,23.778750000000002,0.39266607381555396,0.22958055333313837,0.8447769912220102,0.05270723046875,6.1695842827337515,1721.8509700176369,21.11854371378181,0.40798115549163794,0.23486271079626211,0.8732358778281215,0.05516049292256865,6.106840442490454,1386.594380040323,20.21522177419355,0.42044948130220544,0.24477613047620725,0.8995014983630147,0.05991535405090523,6.058200020548218,2388.964544,27.068224,0.36404650554662754,0.2265763474328245,0.822725596281554,0.051336841216000004,6.31250613731923,2699.9919984879034,28.819619455645164,0.35933167847312314,0.21874737784066042,0.7978780000045993,0.04785041531216465,6.322276168195957,2487.679936,27.378496,0.36801165274093706,0.22131332330431444,0.815400367324689,0.04897958707200001,6.31979648153402,1645.228150406504,22.803861788617887,0.4032112362999925,0.24068894904328472,0.880696292853634,0.0579311701915609,6.15116435083238,3050.7451222684704,32.665127471383975,0.3340802578888725,0.2147859858435032,0.7717501872932685,0.04613301971476555,6.469238649347285,3261.608104674797,33.24161585365854,0.33473098435228316,0.20873894390914818,0.7538774026593925,0.04357194670430651,6.444049438537002,3166.8434573361083,32.78050208116545,0.33754675821065566,0.21073727125061556,0.7630639738691044,0.04441019749415552,6.474802021995146,white_bread_slices_21.jpg,fresh_bread
556.7038631889766,10.778543307086617,0.44951206998697424,0.10825707308881975,0.9485887311675161,0.011719593873758063,6.341156112522956,1097.6547213094427,15.897637795275593,0.3549309554330806,0.09412859356610544,0.8979624798305129,0.008860192126733066,6.658009111447155,1040.9346087598426,14.632566437007874,0.41919489555760203,0.10004552551922288,0.9027760961683385,0.010009107176417478,6.518535686596677,1307.0378820757642,17.148118296236596,0.3768972845442411,0.09587863636292952,0.8784995252607534,0.009192712910814872,6.656530839021043,909.15625,14.935887896825397,0.3376063500076859,0.09956034158683033,0.9164434866712943,0.009912261616886336,6.606104925464489,1097.6547213094427,15.897637795275593,0.3549309554330806,0.09412859356610544,0.8979624798305129,0.008860192126733066,6.658009111447155,1971.6398809523812,22.31795634920635,0.31708970626051747,0.08479813989284518,0.8145272365569777,0.0071907245292865424,6.88315368919357,1307.0378820757642,17.148118296236596,0.3768972845442411,0.09587863636292952,0.8784995252607534,0.009192712910814872,6.656530839021043,1236.1916875,18.396812500000003,0.2729987111535358,0.09497942828252337,0.886894385396573,0.009021091796875,6.783537084333405,2051.981355505165,24.26417233560091,0.2397526611620755,0.0786288144993265,0.8088171914346035,0.006182490469569498,7.043274837119181,2937.6520625000003,29.8176875,0.24845844229492964,0.0739905240976843,0.7215501623673608,0.00547459765625,7.150093165442488,2508.4367598891413,26.875031494079114,0.2591144972678405,0.08011238240115173,0.7662972370787394,0.006417993813988367,7.061898263887563,1593.3019153225805,21.698714717741936,0.23368669555896193,0.0918168723859637,0.85487895794938,0.008430338054740343,6.9117851609756125,2991.751744,31.790272,0.178099707306068,0.06828620053861542,0.7204248259573944,0.004663005184000001,7.295458554764377,3845.5650201612902,36.556451612903224,0.19460973482649513,0.06503945036150455,0.6325544456073374,0.004230130103326613,7.339051665465981,3643.93152,35.375616,0.196633782037443,0.06959344520858268,0.6594979813811016,0.004843247616,7.319149880631654,1923.568661077236,24.69848831300813,0.2085893487848235,0.0895665641736695,0.825445327983138,0.008022169417876056,7.022325922066753,3930.4321019771073,38.93353277835588,0.14005376138441072,0.05994507805044755,0.6314929106084979,0.0035934123824742483,7.483748196820761,4551.69524898374,41.99021849593496,0.1613794630648671,0.05803261052858913,0.5612988032874463,0.003367783884762914,7.47508127833842,4619.517299687825,42.44966181061395,0.15852038319807843,0.06117080721900625,0.5669064745041771,0.003741867655824827,7.500122298053245,white_bread_slices_22.jpg,fresh_bread
526.5120570866142,10.803272637795274,0.4242941652329181,0.2869240360161094,0.963395340503934,0.08232540244377365,6.1242853914675885,787.3282286564574,13.234980469960941,0.40479760764575534,0.2813525630072386,0.9448632757599363,0.07915926471074218,6.279990795199092,496.6320127952756,10.552780511811022,0.4191207722193258,0.28568279974415006,0.9653697312517273,0.08161466206965613,6.152811679127287,668.5367350734701,12.116622233244467,0.4103249074770742,0.28118034410894976,0.9531822634265252,0.07906238591322741,6.232201490270085,998.7663690476189,14.829365079365077,0.40503874466106793,0.2805195376915701,0.930273016287458,0.07869121102669223,6.2831457455159185,787.3282286564574,13.234980469960941,0.40479760764575534,0.2813525630072386,0.9448632757599363,0.07915926471074218,6.279990795199092,955.8364335317459,14.555059523809524,0.3935493881789438,0.27744340212448376,0.9328559986283977,0.076974841382408,6.361676901801821,668.5367350734701,12.116622233244467,0.4103249074770742,0.28118034410894976,0.9531822634265252,0.07906238591322741,6.232201490270085,1459.1185,18.33275,0.39228163308910496,0.2741975579418059,0.8977477902621248,0.07518430078124999,6.413366110464713,1507.7389770723107,18.959561602418745,0.3745701955763927,0.26942051717325205,0.8931667098735714,0.07258741507390261,6.523252593387843,1402.97175,18.116,0.3720020123796711,0.2698039218580783,0.9006998821019154,0.07279415625000002,6.516733530847567,1264.2520786092214,16.96762408667171,0.37889203291749984,0.2690674747589231,0.9104193688954942,0.07239730597314373,6.461600178818326,1881.8038054435483,21.402595766129032,0.38187481006519797,0.2681300501112589,0.8676203143356455,0.07189372377266622,6.501641616000343,2192.4814720000004,24.146112,0.3471146462110751,0.25772048263186226,0.8428282580005367,0.066419847168,6.704855496641041,1830.0820942540322,21.412865423387096,0.3529637859291175,0.26237516928703264,0.8694704257158584,0.06884072945839904,6.6403129546134245,1835.55104,21.222592,0.3536759190680803,0.2571738009673614,0.8684154196192331,0.06613836390400003,6.641954162479024,2274.829712906504,24.25552591463415,0.3692953097243066,0.26201436604019507,0.8393820264699742,0.06865152801144532,6.588428558683522,2811.90966441207,28.71338449531737,0.32786576418670943,0.2464039864232475,0.7959969696500219,0.060714924525267944,6.861237457472239,2203.0973069105694,24.24822154471545,0.3356117650841923,0.2552926823612188,0.8417188866259214,0.06517435366718617,6.749431531973526,2388.034014047867,25.2968912591051,0.3326328641435051,0.24549927692200332,0.826748994958753,0.06026989496922647,6.799942341136047,white_bread_slices_23.jpg,fresh_bread
1752.9860974409448,24.417322834645674,0.19892658388425613,0.07533304754087848,0.8353812950071158,0.005675068051796258,8.10100181275816,2204.677909355819,28.176824353648712,0.1651586211873173,0.06620987697446433,0.7920439656208194,0.004383747808973702,8.25610608797061,1820.4203986220473,25.21468996062992,0.18886828146764648,0.06702495745757579,0.8283637127500838,0.004492344922189844,8.172026955039637,2138.9149978299956,27.682683365366735,0.17713378573980076,0.06645716333248484,0.7982510152700821,0.004416554558200569,8.234570206937518,2372.07601686508,29.674603174603178,0.16298974898518992,0.07427256309263333,0.777116594472689,0.005516413628349199,8.258861658643971,2204.677909355819,28.176824353648712,0.1651586211873173,0.06620987697446433,0.7920439656208194,0.004383747808973702,8.25610608797061,2618.445498511905,31.64068700396826,0.14671240882889994,0.05690084606701905,0.7519493040104863,0.0032377062831425974,8.387804237451743,2138.9149978299956,27.682683365366735,0.17713378573980076,0.06645716333248484,0.7982510152700821,0.004416554558200569,8.234570206937518,2768.5891874999998,32.921687500000004,0.14707464124002656,0.07388044607675294,0.7395817329731298,0.005458320312499999,8.340854285833345,3056.553036029227,35.13227513227513,0.12493231925413366,0.05650553893027999,0.7101181276796684,0.003192875929801388,8.457415367443117,3240.822375,36.667249999999996,0.11965779609787637,0.04909871275043778,0.6914947542957438,0.0024106835937500013,8.524768171071955,2989.6570294784583,34.507117661879576,0.1412191996726992,0.056881585237245846,0.7164740347653734,0.003235514739102065,8.428036717837294,3066.256804435484,35.367943548387096,0.1366917057228978,0.07371971212316418,0.7113993957269703,0.0054345959555222,8.398907910872857,3754.016192,40.6544,0.1002469550270175,0.04852732211857563,0.6417700190670614,0.0023549009919999996,8.590786082066058,3755.686050907259,40.41210937500001,0.10269961109975789,0.043099524553358345,0.6405744909083088,0.0018575690167255388,8.60536048068144,3524.6946559999997,38.62336,0.11975385703135033,0.049251357910214004,0.663691306723481,0.0024256962559999996,8.537657131410661,3298.0669461382113,37.45769817073171,0.1265471130402584,0.073373350333955,0.6893659347562985,0.0053836485392292945,8.42893830963003,4370.171696149844,45.04344432882415,0.08761583335952297,0.04265219155064931,0.5804206300716107,0.0018192094440732803,8.681348217013714,4180.7782647357735,43.484057418699194,0.09104020297531677,0.039484871763259204,0.597648546336955,0.0015590550981610242,8.665556542691432,4045.4194849115506,42.422346514047874,0.10063840214428454,0.04322314823712541,0.6117005478573315,0.0018682405435285177,8.612887668499024,white_bread_slices_24.jpg,fresh_bread
1043.592089074803,18.017901082677167,0.4084388761715234,0.2830920170046314,0.9291136181737488,0.08014109009175051,6.29343292602325,1670.6449872899748,22.38719077438155,0.3658142061266298,0.2716458365179684,0.8856882950618463,0.07379146049754683,6.45565610867477,1436.9229822834645,19.973302165354333,0.38471741705917484,0.28013925507126514,0.9020598619885907,0.07847800223188336,6.36053307098164,1588.711203422407,21.35228470456941,0.37462921876907596,0.2749999093117996,0.8912945073913303,0.075624950121498,6.430182257852016,1442.067894345238,21.54197668650794,0.37654501435642973,0.2734270006003973,0.9017251810626465,0.07476232465732968,6.427422452469799,1670.6449872899748,22.38719077438155,0.3658142061266298,0.2716458365179684,0.8856882950618463,0.07379146049754683,6.45565610867477,2285.798859126984,26.332093253968253,0.3445036903480967,0.2662304227193855,0.8430395927159474,0.07087863798134271,6.565297399268184,1588.711203422407,21.35228470456941,0.37462921876907596,0.2749999093117996,0.8912945073913303,0.075624950121498,6.430182257852016,1848.85975,24.834625000000003,0.35514574722336,0.2643087202673703,0.8736148613993182,0.069859099609375,6.523096503527191,2664.6574074074074,29.376228269085416,0.32434454183563777,0.2521751780754969,0.8156842276365774,0.06359232043740856,6.680337197608967,3149.7596249999997,32.094750000000005,0.3149970943826464,0.252210733130551,0.7820630804642021,0.06361025390625,6.724180445001,2566.05788611741,28.189153439153436,0.33250712961656403,0.2563452555135251,0.8225044090492835,0.06571289002429448,6.658891408737036,2202.760269657258,27.151776713709676,0.3427873025701123,0.25624463750637855,0.848961988830847,0.06566131425077536,6.611170956279478,3604.1871359999996,35.366016,0.29728623585671593,0.23524150055634316,0.7479588995027695,0.055338563584,6.848356804497501,3962.494140625,37.041771673387096,0.2953253511290449,0.2406970083509061,0.7237349032547001,0.05793504982907616,6.834450207637449,3587.405568,34.699391999999996,0.30133303003345463,0.23989057772242744,0.7491324359222696,0.05754748928,6.837153795707907,2586.7084603658536,29.817708333333336,0.3296785924535308,0.24888752733040448,0.8221576999167447,0.06194500126064284,6.677453175262294,4555.685223725286,41.23270031217481,0.2743197958247636,0.22062552885871253,0.6779039427772318,0.0486756239841866,6.9952776752511285,4746.204141260163,41.90561483739838,0.27721028401709036,0.22963234618701023,0.6665044633854017,0.05273101441535091,6.9403287877295305,4572.490894901143,40.678069719042654,0.276446971248655,0.22392899468425267,0.6766875449982959,0.05014419466030007,6.984314970668901,white_bread_slices_25.jpg,fresh_bread
2734.087782972441,34.92390501968504,0.16297364537886616,0.07794400912981397,0.7494587487918307,0.006075268559228525,7.755967525545595,3747.664951329903,42.48955297910596,0.1398197967826852,0.070409460230487,0.6550865813920941,0.00495749208994853,7.908977416504619,2409.041523129921,32.69728100393701,0.16557083176014764,0.0753888354856262,0.7778443807179014,0.005683476515878812,7.720228465974856,2751.0588381176763,35.184822369644735,0.15606518060863028,0.07290998422330054,0.746806353743195,0.005315865799441934,7.785083169466571,4200.582527281746,44.94897073412698,0.1398495754242656,0.07371768580050984,0.6158232611703301,0.0054342971997826915,7.90830795368136,3747.664951329903,42.48955297910596,0.1398197967826852,0.070409460230487,0.6550865813920941,0.00495749208994853,7.908977416504619,3860.052827380953,43.72185019841271,0.13304031150894086,0.0653067373605787,0.6425065695780197,0.004264969944683604,7.945515408092467,2751.0588381176763,35.184822369644735,0.15606518060863028,0.07290998422330054,0.746806353743195,0.005315865799441934,7.785083169466571,5297.742437500001,51.4136875,0.1244746331723622,0.07058122260470556,0.5163564202146164,0.0049817089843749995,7.977340797097243,5779.916729654826,54.79478458049887,0.10786936963425768,0.05778398855649692,0.466860312751778,0.0033389893334973665,8.089406877818305,4906.706125000001,50.467625000000005,0.11332958827494115,0.057425427186047116,0.5433777109920853,0.003297679687499999,8.056783271139624,4103.566263542454,44.824766943814566,0.1258617728268062,0.06260547646886787,0.6214916508339122,0.003919445683893968,7.984771519866038,6229.54826108871,56.13293850806451,0.11870392726659958,0.06887955987424228,0.43229740499466124,0.004744393768469327,8.018716563331202,7250.428223999999,62.527808,0.08861782889187457,0.04799246874250166,0.32932947031062304,0.002303277055999999,8.182808803934606,5682.230342741936,55.068674395161295,0.10211523470232346,0.05267133328589098,0.4688668019219916,0.002774269350113407,8.12430989302927,5076.440768,50.860608,0.10890389857781,0.05498294717455586,0.5305055505811335,0.00302312448,8.078127636498882,7037.432990345529,60.138020833333336,0.10995581026567157,0.06705367995633865,0.3599265367060798,0.0044961959956870915,8.036602070671218,8493.877536420396,68.26749479708637,0.07414009413140275,0.04095195748598184,0.21229976386864358,0.0016770628219336644,8.237989884521408,6264.1187118902435,58.20039380081301,0.09343246450894899,0.04856830546889643,0.4119199393570322,0.0023588802961200346,8.175306413694965,5840.540127471384,55.06093912591051,0.09518268978872074,0.04952449750170096,0.4585292004751232,0.0024526758527959845,8.146721586158352,white_bread_slices_26.jpg,fresh_bread
578.2504921259844,14.767716535433074,0.15079353302055154,0.026477009682222823,0.9467979365850618,0.0007010320417125211,7.6342518962602846,706.6713993427986,15.987909975819953,0.13509422570437213,0.02566752717511311,0.9350578451770758,0.00065882195128517,7.7218806147296055,474.49440206692907,13.805179625984252,0.14715488082816308,0.026648676008371945,0.9563937565988866,0.0007101519329991785,7.631959712489481,723.3353586707174,16.257548515097035,0.13692676071369547,0.025705015133015756,0.933525542385094,0.000660747802988569,7.716858556386759,889.9701760912699,17.183717757936506,0.13293375304234625,0.025250388113794417,0.9181060635775208,0.0006375820998972504,7.7340378497959925,706.6713993427986,15.987909975819953,0.13509422570437213,0.02566752717511311,0.9350578451770758,0.00065882195128517,7.7218806147296055,710.7452256944443,16.097408234126984,0.13126559159336257,0.025435233969719175,0.9347512551936972,0.0006469511270943562,7.739465263306916,723.3353586707174,16.257548515097035,0.13692676071369547,0.025705015133015756,0.933525542385094,0.000660747802988569,7.716858556386759,1185.0529374999999,19.2668125,0.12294375724514543,0.024244965650109713,0.8909276474280536,0.000587818359375,7.817641850955399,1168.4620181405896,19.77204585537919,0.10717912723077458,0.024045022992882508,0.8926954107044114,0.0005781631307282486,7.8590023146488175,933.2655625000001,17.8805625,0.12216350187628959,0.02471106470288158,0.9144140112287695,0.00061063671875,7.8125888815591455,1185.039241622575,19.69759385235576,0.10708079958783653,0.024167884067224723,0.8911722546078936,0.0005840866202868147,7.84846149060893,1482.154548891129,21.265940020161292,0.11216224027053648,0.02350278422843469,0.8635240017856246,0.0005523808664883585,7.887710954840257,1607.965248,22.9264,0.09835860250096927,0.022863322593184045,0.8524061825983619,0.00052273152,7.969596936136911,1138.819052419355,19.590347782258068,0.1091060284024376,0.024002427795065943,0.89567651049454,0.0005761165400573542,7.86895503764711,1642.8233599999999,22.896320000000003,0.09403803409137772,0.023002769920163965,0.8492000147540922,0.000529127424,7.947353872703883,1795.1400533536585,23.3823043699187,0.10906655715029301,0.02294396873274509,0.8345676733372203,0.0005264257012091843,7.955562507148852,2043.6000260145681,26.09547346514048,0.08613946179639004,0.02200596446657236,0.8124550297961688,0.0004842624721040453,8.056650667770215,1340.8440675813008,21.361089939024392,0.09808394347031252,0.023362546288713155,0.877293318470977,0.0005458085690922649,7.92652698306358,2121.4379552549426,26.348855359001043,0.08195553267497843,0.022240268770537724,0.8052823054087425,0.0004946295549857556,8.028255740955723,white_bread_slices_27.jpg,fresh_bread
505.8959153543307,9.159325787401574,0.5815537869134536,0.4644189688322045,0.9729926079851208,0.21568497861116817,4.511390478252729,1218.9991319982641,13.15227230454461,0.5585877390645191,0.4561012647741977,0.9346302960127476,0.2080283637286228,4.6587494825662725,963.1285679133858,11.091412401574804,0.571050448046016,0.46258978877966517,0.9483978597405435,0.21398931268321522,4.560224081570873,1105.0791121582242,12.356190712381427,0.5610881164517536,0.4564114966989592,0.9407393388985759,0.20831145431898404,4.627188084498868,899.6340525793651,12.131820436507935,0.5635772112233602,0.4549533977323888,0.9519240464318084,0.20698259410824515,4.645655457538872,1218.9991319982641,13.15227230454461,0.5585877390645191,0.4561012647741977,0.9346302960127476,0.2080283637286228,4.6587494825662725,1922.256324404762,16.9703621031746,0.5356364117104998,0.4509284363991057,0.8965348518931976,0.2033364547533423,4.747605426728992,1105.0791121582242,12.356190712381427,0.5610881164517536,0.4564114966989592,0.9407393388985759,0.20831145431898404,4.627188084498868,1324.58925,14.96175,0.5453823236415386,0.44495953116547576,0.9291349799904336,0.197988984375,4.754054698248841,2409.5238095238096,19.891156462585034,0.5208494767138806,0.4382281954561031,0.8700637605580641,0.19204395129271248,4.885425637929875,2940.6596875,22.4894375,0.5096914368207338,0.43962703697637273,0.8409689325351113,0.193271931640625,4.880907285121936,2124.4740488788107,18.53867472915092,0.5244347735312184,0.43927492435693094,0.8854353845302526,0.1929624591687874,4.832962729334856,1744.1092489919354,17.579133064516128,0.5309657818059507,0.4351884940844733,0.9065749219105007,0.18938902538351163,4.854128351283802,3615.831424,26.531071999999998,0.4873910380226558,0.42014445789989896,0.8038764799848386,0.17652136550399997,5.065796031926228,3900.306325604839,27.587197580645164,0.4874053334704218,0.4284036671027884,0.7882098718488831,0.1835297019871167,4.9903205868727465,3230.151296,24.483968,0.49754831068125305,0.422044250191849,0.8247958579738658,0.17812134912000002,5.003372277044036,2175.3015752032525,20.349974593495936,0.5183040884799922,0.42504512526551724,0.8833170795519707,0.18066335851197926,4.940826158533215,4730.580124869927,32.566857440166494,0.4603398711412087,0.40207700881872155,0.7420594729163336,0.16166592102061028,5.201969534691642,4868.253620426829,32.478467987804876,0.4669666080719493,0.416907433624958,0.7345193170619705,0.1738118082117488,5.083676193293703,4295.839360041623,30.025104058272632,0.46865983552250357,0.4044378816543761,0.7657642319658703,0.16357000011707912,5.139281691079721,white_bread_slices_28.jpg,fresh_bread
990.1008858267716,16.16400098425197,0.5472602493426569,0.4622084026822007,0.9472142269196613,0.21363660751003138,4.889667187404554,1517.5411990823982,20.089156178312358,0.5196579186351593,0.45383712582789354,0.9187227806222064,0.20596813677972325,4.990783186744248,1208.843626968504,17.623646653543307,0.5315562351876937,0.4601792116852043,0.9353091442785174,0.21176490686721608,4.913893116428375,1353.2273544547093,18.658565317130634,0.5255704084939024,0.4543039233766242,0.9275231824858852,0.20639205479539363,4.975379840349621,1420.5510912698412,19.145585317460316,0.5342049527481971,0.4526108911881336,0.9241943063762357,0.20485661882211648,4.987128861108457,1517.5411990823982,20.089156178312358,0.5196579186351593,0.45383712582789354,0.9187227806222064,0.20596813677972325,4.990783186744248,2225.205357142857,23.234002976190474,0.5075083121153265,0.4488622311973699,0.8803581516945619,0.20147730259548113,5.051169076888147,1353.2273544547093,18.658565317130634,0.5255704084939024,0.4543039233766242,0.9275231824858852,0.20639205479539363,4.975379840349621,1935.826375,21.892625000000002,0.5210684812012364,0.44243260212361724,0.8965888103424113,0.195746607421875,5.077335068509424,2769.6208112874783,26.482237339380198,0.4928912847740959,0.4363970023554101,0.850830269439034,0.19044234366478785,5.1617894285147905,3300.3115,28.511375,0.4886043155311478,0.437272105823422,0.8216945852035533,0.19120689453125,5.154873804685702,2479.972411186697,24.733938019652307,0.4977792374467994,0.43740746310758905,0.8664305182616747,0.19132528878221688,5.149441911912859,2475.6633064516136,24.687373991935488,0.5096158065845063,0.43217810532700796,0.8675963830383998,0.18677791472404237,5.160056939777576,4014.509568,32.568832,0.46630192546481875,0.4184884122266708,0.7825188401328428,0.17513255116799997,5.306429186819403,4282.056262600807,33.087008568548384,0.4676226477601052,0.42584523045847683,0.7676578467582842,0.18134416030423325,5.247020819045961,3578.43648,30.172544,0.47110564295204055,0.42030803667786326,0.8061425678531733,0.17665884569600004,5.290321107552961,3004.6174415650407,27.280170223577233,0.4992631499088388,0.42177273474591026,0.8390968747197934,0.17789223977504398,5.235270556194816,5128.005918314256,37.86895161290323,0.4411450170862069,0.40024147327114695,0.7206939306022544,0.16019323692625825,5.431096328319342,5277.352705792683,37.75603404471545,0.44904579668133293,0.41441439365380833,0.7123394706429969,0.17173928966745364,5.321708602491073,4631.626495837669,35.318093132154004,0.4471403039698524,0.4030576889722753,0.7477301290057528,0.1624555006396714,5.411200827641346,white_bread_slices_3.jpg,fresh_bread
1564.0499507874015,27.15883366141732,0.13926193491757696,0.08041721305805294,0.8531668950071483,0.0064669281560242806,8.404349815627558,1788.9893979787962,29.52706305412611,0.12468464491650146,0.07349304679280962,0.8314821731184613,0.0054012279268901035,8.4980163659378,1410.5327263779527,25.24581692913386,0.1394781482925269,0.07395898217824903,0.8667766659980339,0.005469931044842558,8.367339040120935,1832.463946927894,29.96472192944386,0.11973559871832419,0.07323191041908825,0.8273954520861725,0.005362912703629365,8.502554321294035,2153.279637896825,33.01153273809524,0.12425126184378982,0.07938419898897958,0.7984181189821592,0.006301851049121906,8.53427816899902,1788.9893979787962,29.52706305412611,0.12468464491650146,0.07349304679280962,0.8314821731184613,0.0054012279268901035,8.4980163659378,1963.3727678571427,30.689484126984127,0.11876182232171287,0.06538123676464278,0.813911243085794,0.0042747061208742755,8.544992866970738,1832.463946927894,29.96472192944386,0.11973559871832419,0.07323191041908825,0.8273954520861725,0.005362912703629365,8.502554321294035,2705.0030625,37.6263125,0.1179239329992024,0.07876998754284528,0.7474461452361152,0.006204710937500001,8.6050961625861,2604.5423280423283,37.15243134290753,0.09873531583071023,0.06452871664342182,0.7544609417232084,0.004163955271647024,8.675932679208923,2375.366625,34.4755,0.10270017319118971,0.05845008220161029,0.774056447005245,0.003416412109375,8.660162426923772,2584.1369992441423,36.871819098009574,0.10044001759616995,0.06440301236086365,0.7564345845086397,0.004147748001153557,8.67183319035163,3291.72794858871,41.90183971774194,0.1125507029521582,0.0782399232366806,0.693306244545955,0.006121485588081671,8.646771815223133,3334.955904,42.95923199999999,0.08751682603406191,0.05760691514045861,0.6852629307639818,0.0033185566719999998,8.783411491948971,2740.200541834678,37.51682207661291,0.09183199231465619,0.05153084738714394,0.7384137075522386,0.002655428232437119,8.747374071183254,3324.583936,42.786303999999994,0.08616993077017435,0.05736413932065921,0.6863814470749013,0.00329064448,8.781097678499242,3876.6526930894306,45.87106199186992,0.11015951350989793,0.07800360511987191,0.6391810317470246,0.0060845624116969066,8.683541934259186,4142.9802289282,48.655306971904274,0.07774323985442011,0.05069049752093648,0.6082750102234638,0.002569526538920068,8.868223256002679,3059.0062881097565,40.33199949186992,0.08166535952080993,0.04537811178603646,0.7069362419349383,0.0020591730292660207,8.812361826435184,4038.721839229969,47.88612122788762,0.07730109656412903,0.05052331620292435,0.6184233621298881,0.0025526054801406784,8.855248746182133,white_bread_slices_6.jpg,fresh_bread
346.3363681102362,7.097194881889764,0.5665785436190305,0.42983373464160984,0.9806417991371609,0.18475703943595387,4.926412377759994,960.4276148552298,10.62266724533449,0.5437564499914185,0.42124358707751136,0.9460772980659805,0.17744615965392888,5.062605323574135,843.1456692913387,9.519315944881892,0.5550610453633152,0.42683274834631274,0.9527516617782203,0.18218619506086672,4.990458202151878,1010.3808667617336,11.404488808977618,0.5375500744247441,0.42038140176437977,0.9432726990816046,0.1767205229493849,5.107524247216305,663.7071552579366,10.164868551587304,0.5430571588121695,0.4211040256213571,0.9628277173723387,0.1773286003945126,5.089541719687072,960.4276148552298,10.62266724533449,0.5437564499914185,0.42124358707751136,0.9460772980659805,0.17744615965392888,5.062605323574135,1729.2731894841272,15.411954365079366,0.5183228312405332,0.4136914542944846,0.9026522977948759,0.17114061935628563,5.201071006980994,1010.3808667617336,11.404488808977618,0.5375500744247441,0.42038140176437977,0.9432726990816046,0.1767205229493849,5.107524247216305,1014.9915625000002,12.968687500000001,0.5272081344534458,0.4121767838826867,0.9430309020385512,0.16988970117187502,5.20728059401848,1947.278092718569,16.928634416729658,0.5038605371957945,0.4032183123709801,0.8899475884025784,0.1625850074313013,5.296692503901587,2656.9306875,20.8944375,0.49219209340806785,0.4008202015672052,0.8497334117928806,0.16065683398437502,5.347838363898032,2083.597064751827,18.55738221214412,0.49616730040641865,0.40071782124117633,0.8822433823752834,0.16057477226027536,5.3546184953492695,1379.892074092742,15.64913054435484,0.5112572655585533,0.40330202428290945,0.9223994390349629,0.1626525227906925,5.317893580573125,2990.8350080000005,23.073600000000003,0.47269059825084475,0.38448585796619367,0.8298079083618001,0.14782937497600004,5.483582804143766,3559.0428427419356,26.18737399193548,0.46486274577504705,0.38799133558791005,0.7977473035206426,0.15053727649129023,5.471112484131191,3239.855168,25.452736,0.46341933591684237,0.38076236721608925,0.815637530598695,0.144979980288,5.55304038933868,1743.0738058943093,18.14253048780488,0.49888853549049833,0.39521577206130976,0.9018166314789258,0.15619550648601713,5.403386213193347,4021.3783168574405,28.944263787721127,0.44427956813605435,0.36627258158071635,0.7696052129342894,0.13415560401780252,5.643040005197383,4460.9744664634145,31.23894817073171,0.44355852825216113,0.37519188480237275,0.7454758935011756,0.14076895042155693,5.576357201724058,4408.5675728407905,32.12545525494277,0.4313368279897399,0.36124701735701714,0.7474221753890613,0.13049940754934106,5.723556428549499,white_bread_slices_8.jpg,fresh_bread
441.93282480314963,12.340674212598426,0.3033699861077637,0.10410032336938306,0.9601752519436864,0.01083687732561012,6.646794164174702,648.5811891623785,14.385888771777545,0.28355575620732204,0.09642200401762166,0.9410343859805979,0.009297202858774247,6.761580733264344,535.9993233267718,12.649790846456696,0.31896901239006326,0.10025226005165613,0.9511519192126103,0.01005051564546489,6.641811115748525,648.503937007874,14.507657015314031,0.27924562786122276,0.09625723419973942,0.9410447359759806,0.009265455135783484,6.781898968628084,640.5183531746031,15.350570436507935,0.2587217748057849,0.0991473116124625,0.9424266821185731,0.00983018939997874,6.839356585248661,648.5811891623785,14.385888771777545,0.28355575620732204,0.09642200401762166,0.9410343859805979,0.009297202858774247,6.761580733264344,846.2754216269842,16.335441468253972,0.26692573871957925,0.09054299174806552,0.9222216777054978,0.00819803335469026,6.849659982499812,648.503937007874,14.507657015314031,0.27924562786122276,0.09625723419973942,0.9410447359759806,0.009265455135783484,6.781898968628084,831.181875,17.7735,0.23379194553914315,0.09639270062808179,0.9254542786881674,0.009291552734375,6.9598456156221475,1049.5262030738224,18.826530612244902,0.23505911332493307,0.08620069259604816,0.9040267359265771,0.007430559404038393,7.002300240218658,1166.1777499999998,19.666249999999998,0.2369480609416687,0.0834891810917738,0.8919294206320775,0.006970443359375,6.998868534057715,1082.2390400604686,19.643801965230537,0.22396297028200218,0.08502303662714256,0.901053182817172,0.007228916757300424,7.043473385082321,1065.7653099798385,20.420173891129032,0.21536118866953924,0.09400273400065333,0.9046264001301371,0.008836513999597586,7.084723597446004,1460.8309760000002,22.713088000000003,0.20631776953888753,0.07816612954470754,0.8656212435005936,0.006109943808000002,7.1690854672393005,1442.1461693548388,22.547001008064516,0.21202857100362604,0.07713449894624744,0.8653074182877136,0.005949730927688647,7.111243944920681,1523.6831359999999,24.240192,0.1880201971940647,0.07632486357668777,0.8598964392961108,0.005825484800000001,7.2295237985122505,1304.260543699187,22.819232723577237,0.2020583073201653,0.09210982330762918,0.8834007219788115,0.008484219549762667,7.176793059203023,1851.0779136316332,26.33701873048907,0.1798129846890635,0.07139983063284851,0.8288105834014639,0.005097935814399453,7.299646755994354,1640.534679878049,24.98945630081301,0.1903829973662819,0.07195242949574847,0.8455885075403807,0.005177152110340654,7.2103007432927395,1934.615699791883,28.536095213319452,0.1564733787383139,0.06900157322512843,0.8212090794240321,0.004761217107542761,7.379252895400333,bread_with_green_mold_11.jpg,spoiled_bread
2758.8745693897636,34.20121801181102,0.1404638330962007,0.08014741837646834,0.7375745860046492,0.006423608672412656,8.40571345270615,3278.5788951577906,37.70357740715482,0.12439691352059278,0.073163600906657,0.6871364843585704,0.00535291249762858,8.518298793812425,2861.424397145669,33.878998523622045,0.1369326435412419,0.07371499105260577,0.7266859161877363,0.005433899905885749,8.421622110822206,3255.0386880773767,37.89404178808358,0.12069242368606165,0.07315665216206668,0.68937926584819,0.005351895755561615,8.51701951027652,3403.614335317461,39.05567956349206,0.1321263349253941,0.07917413903537833,0.6764465857683456,0.006268544291993419,8.492622498318804,3278.5788951577906,37.70357740715482,0.12439691352059278,0.073163600906657,0.6871364843585704,0.00535291249762858,8.518298793812425,3468.313492063492,38.69481646825396,0.113246727382564,0.06525939013981193,0.6676389702610737,0.004258788001420183,8.562731526644926,3255.0386880773767,37.89404178808358,0.12069242368606165,0.07315665216206668,0.68937926584819,0.005351895755561615,8.51701951027652,3781.12175,42.1165,0.1245193930780463,0.07862632898320385,0.640833857052388,0.006182099609375002,8.541891944255472,3934.3136810279666,42.66238347190728,0.1039091102939262,0.06439166075220672,0.6236076386743059,0.00414628597442728,8.644882671131814,3850.3773125,41.2140625,0.09955584093213099,0.05852445068623029,0.6299071392845775,0.0034251113281250005,8.641435475383217,3971.9615772234824,42.9973544973545,0.10254733812126694,0.06438086177464841,0.6199951599315366,0.004144895362846386,8.645532017938994,4104.149319556451,44.32938508064516,0.12291216241800468,0.07773681484877563,0.6103865871910231,0.006043012382832823,8.563198492043977,4452.915584,46.485632,0.09145330550355538,0.05750534444727726,0.5730958172170225,0.003306864640000001,8.737831966224192,4181.607421875,43.34041078629032,0.08925139899483517,0.051685986766578866,0.5967817094073766,0.0026714412280349656,8.705927795395848,4591.554368,47.31475199999999,0.0891672790723384,0.057452130195494056,0.5597713142719575,0.003300747264,8.739034580062146,4438.319042174797,46.63357469512195,0.11984070198286309,0.07773998446640878,0.5784123459735652,0.00604350518483748,8.593634017952173,4937.641714360042,49.69634495317378,0.07984814765755192,0.05078178473342149,0.5254879169834688,0.0025787896607115594,8.801027567116659,4512.339049796749,45.37398373983741,0.08278214469598827,0.04548580285142171,0.563286172054821,0.0020689582610384036,8.74896579716857,5216.203759105099,51.40511186264308,0.07808487067754143,0.05052662297524869,0.4986378017411833,0.002552939629282929,8.817119135722063,bread_with_green_mold_15.jpg,spoiled_bread
1290.7125369094488,22.450110728346456,0.17654144873470065,0.07856329330749577,0.8774755074876306,0.0061721910553196105,8.522834317328911,1790.8332196664396,26.455266910533826,0.15364584391445998,0.07117090347304679,0.8288624243355133,0.005065297501169743,8.661133609891902,1383.3077017716537,22.630659448818896,0.18136673115152804,0.07222107322386367,0.8680985140812906,0.0052158834176066786,8.544101293807653,1696.271250542501,25.69378138756278,0.16064000844608126,0.07108778594015307,0.8378920192045098,0.005053473309873025,8.631885443503771,2012.4140004960323,28.922061011904766,0.1510372746827438,0.07709533369819366,0.8084965828669158,0.005943690478035834,8.677118807695223,1790.8332196664396,26.455266910533826,0.15364584391445998,0.07117090347304679,0.8288624243355133,0.005065297501169743,8.661133609891902,2205.1788814484125,29.46595982142857,0.1453395915227041,0.06451004122435446,0.7882407218946467,0.004161545418767911,8.743616519854665,1696.271250542501,25.69378138756278,0.16064000844608126,0.07108778594015307,0.8378920192045098,0.005053473309873025,8.631885443503771,2392.9976875,32.0778125,0.13927007535257493,0.07598334521459292,0.7716706818970506,0.00577346875,8.743514686724684,2648.4147770219197,33.611300075585795,0.12314417380526596,0.06358316848858775,0.7445043142575326,0.004042819315048137,8.839420477524786,2695.7546250000005,33.394000000000005,0.12669281800921078,0.058003451540619554,0.7392604692657155,0.0033644003906250007,8.856960464216328,2505.4228395061727,32.2094356261023,0.13338336361666736,0.06358040728544719,0.7582590661713244,0.0040424681905833456,8.798748772900797,2733.883505544355,34.88741179435485,0.13016133645631003,0.0756903576943961,0.7383455431463299,0.005729030247905625,8.794680954453582,3201.280832,38.08992,0.10777259062912269,0.0567825190001289,0.6881308181494858,0.0032242544639999996,8.954347754757293,3090.527154737904,36.32907006048387,0.11026514432284917,0.05055199111330595,0.6989142983650457,0.002555503805519764,8.939715880158996,3027.9266559999996,36.168576,0.11428278701221195,0.056725341356399075,0.7049171275418392,0.003217764351999999,8.913930920074755,3058.760289634147,37.70388719512195,0.12164671160004752,0.07507083225877176,0.7060209489508908,0.005635629856024646,8.839632821468399,3820.7168314255987,42.75260145681582,0.09061806688383905,0.04931965233727845,0.6239867171283888,0.0024324281066700156,9.063826074305634,3383.569994918699,38.86496443089431,0.10053400565215222,0.04471583059615946,0.6680316227170674,0.0019995055059044307,9.007110368692018,3441.372918834548,39.521982310093655,0.10126830715312514,0.04938885633697386,0.6611191633888709,0.0024392591302742433,8.987817833307075,bread_with_green_mold_16.jpg,spoiled_bread
1910.2579970472443,15.468011811023626,0.5943306961322756,0.5380432605595409,0.9068279396038208,0.289490550233542,4.190716799662944,2212.282596565193,17.495070990141983,0.5795513313615457,0.5305558155262909,0.8923660174415937,0.2814894733887677,4.2605099257208705,1825.839443897638,14.722687007874018,0.6043808607306548,0.5385767468830649,0.9109575455217892,0.29006491228314496,4.12813973217036,2205.244590489181,17.623907247814493,0.5767725767738208,0.5304514898122228,0.8927087671855604,0.28137878304400665,4.2639479022159925,2489.961681547619,19.40625,0.5694817818876788,0.5281925904535973,0.8788401483441936,0.27898741261008164,4.348838400329951,2212.282596565193,17.495070990141983,0.5795513313615457,0.5305558155262909,0.8923660174415937,0.2814894733887677,4.2605099257208705,2544.330419146826,19.71558779761905,0.5702988141967429,0.5246172553858295,0.8762340151067189,0.2752232646485606,4.280326825573483,2205.244590489181,17.623907247814493,0.5767725767738208,0.5304514898122228,0.8927087671855604,0.28137878304400665,4.2639479022159925,2975.81675,22.489375000000003,0.5563918936695202,0.5207362651213183,0.855548240638235,0.2711662578125,4.457136047812386,3078.1672965482485,23.03817082388511,0.5513477515557071,0.5141802563220152,0.8509495233386832,0.2643813359913733,4.452788115056059,3075.091875,23.2075,0.552823933675016,0.5154148170102892,0.8508112600792902,0.26565243359374996,4.377587162276342,3070.7792265054172,23.55335097001764,0.5442270299591099,0.5133068645966278,0.8513133415509352,0.26348393724202074,4.450981039417427,3736.931262600807,27.031817036290327,0.5357550166763908,0.5083360683647642,0.8190471850736909,0.2584055584005462,4.56341693746623,4078.104384,28.980800000000002,0.5253628896018059,0.49662561628655444,0.8034934072298257,0.246637002752,4.597533962810067,3765.1740171370966,27.445186491935484,0.5339060319959017,0.5020574084974329,0.8177616419792288,0.2520616414271582,4.475036621194809,3928.006143999999,29.058303999999996,0.5215589361306872,0.49791708173952015,0.8107393267058854,0.247921420288,4.58275256624097,4373.747078252032,30.67327235772358,0.5195786415745427,0.49771844419518474,0.7887047294050319,0.24772364969207522,4.646565348724692,5079.550468262227,34.70967741935484,0.5017299407325647,0.4778713244918486,0.7563362784320831,0.22836100277159369,4.730298435216625,4431.919651930894,31.412157012195124,0.5187346690352894,0.4893736715969898,0.7859809071029765,0.2394865904523184,4.559521541068689,4844.479708636836,34.84690426638918,0.4969074002252688,0.4797072855831764,0.7676184562190643,0.23011907984157914,4.716280973106062,bread_with_green_mold_18.jpg,spoiled_bread
626.8307086614172,14.117372047244093,0.30702831684044635,0.09045674781462139,0.9414257265959816,0.008182423225198012,7.742828338060426,1183.952321904644,18.681691363382726,0.26035351936274903,0.08045000487748431,0.8884076639363653,0.00647220328478725,7.962452631686752,1022.6663385826773,16.909694881889767,0.26854065348847733,0.08184171499677348,0.9035164496704556,0.006698066313613098,7.894327171537487,1154.7474734949467,18.826957653915308,0.24884284171806756,0.080527075225749,0.8911559951245211,0.006484609844413439,7.9636074253525235,863.0178571428571,17.006820436507937,0.2720487222892367,0.08804570041776012,0.9194466831544074,0.007752045362053964,7.880171138136657,1183.952321904644,18.681691363382726,0.26035351936274903,0.08045000487748431,0.8884076639363653,0.00647220328478725,7.962452631686752,1712.6579861111113,22.8343253968254,0.2127852625839715,0.07148898898107668,0.8369839121743228,0.005110675545536503,8.134115481755579,1154.7474734949467,18.826957653915308,0.24884284171806756,0.080527075225749,0.8911559951245211,0.006484609844413439,7.9636074253525235,1062.6785,19.140375,0.24619774614255946,0.08647460564740958,0.9009205731580836,0.007477857421875001,7.9499799793966766,1956.0660745779794,25.146951373141853,0.2005772596044384,0.07017950808465065,0.8142105704811166,0.004925163355003545,8.208085472822635,2370.1456875000003,28.0109375,0.18170000372256412,0.06347988116324732,0.7723870086437634,0.004029695312500001,8.286727833281317,1903.4583648274124,25.083333333333336,0.19694370406408648,0.07030559220156055,0.8191765334936223,0.004942876294812131,8.186392317772448,1208.905052923387,20.597971270161292,0.2277285438538726,0.08489145163665032,0.8874103922443585,0.00720655856097774,8.017241622397519,2666.636032,30.508415999999997,0.1682584339614298,0.06210031832446595,0.7447509584671007,0.003856449536000001,8.3623643455472,2943.711441532259,32.43271169354839,0.15695944161003406,0.05700293082779575,0.7148472111101667,0.0032493341229584667,8.406786676778065,2593.1965440000004,30.372736,0.16909432671622995,0.06257257776374568,0.7516841214223455,0.003915327488,8.331387160685118,1351.399961890244,21.981770833333336,0.2112597187463232,0.0840042942744087,0.8742091343996036,0.007056721456541454,8.060965036258153,3296.8872268470345,35.322710718002085,0.14034386918270017,0.055242055694689096,0.6820566712240792,0.0030516847173751318,8.485938608045167,3429.5389989837395,36.2046493902439,0.13859700574338457,0.05135532184328294,0.664738980657186,0.0026373690816271734,8.507056417576328,3208.125650364204,34.89763267429761,0.1436281390979416,0.05574968085530251,0.6903931645764667,0.003108026915468083,8.440619354966309,bread_with_green_mold_2.jpg,spoiled_bread
495.7978592519685,12.053395669291337,0.23882529042674977,0.08500704057612572,0.952821150137782,0.007226196947511084,8.362021207100199,882.9939239878481,17.470580941161884,0.16862854658836807,0.07569216014350173,0.9155995513537336,0.005729303107189512,8.69690789308408,745.5608390748031,15.491695374015748,0.19471581370991803,0.07665934705633719,0.9287505708844276,0.005876655491103952,8.588453239033278,933.4534069068138,17.765391530783063,0.18227906609644356,0.0761838365395481,0.9107794991395619,0.005803976949884585,8.684453246857618,788.022197420635,16.115451388888893,0.19599679281270388,0.08332889282667323,0.9250055662137776,0.006943704379719194,8.580864451430148,882.9939239878481,17.470580941161884,0.16862854658836807,0.07569216014350173,0.9155995513537336,0.005729303107189512,8.69690789308408,1409.993923611111,23.00719246031746,0.14411751233048883,0.06611619230572967,0.8644798137478823,0.004371350885008227,8.896309298570436,933.4534069068138,17.765391530783063,0.18227906609644356,0.0761838365395481,0.9107794991395619,0.005803976949884585,8.684453246857618,1016.3063125,18.8719375,0.1764392473697551,0.08231042375893227,0.903305030384556,0.0067750058593750015,8.691975510531478,1624.0587049634669,25.559334845049133,0.1244624376836801,0.06483700072361746,0.8438428382418084,0.004203836662834371,8.97896486212022,2082.9100625,29.2071875,0.11790180410420341,0.058420535639233925,0.7983584192931611,0.0034129589843750014,9.063855203747554,1765.572373393802,26.278596623834723,0.14212987586807468,0.06569195343619147,0.8302522447539753,0.004315432746262749,8.956861271102909,1270.5013860887098,21.412676411290324,0.16280229608112942,0.08163934526614756,0.8790697438996518,0.006664982695485252,8.768582511243434,2303.877248,31.893504,0.1027475194839181,0.05717618301355906,0.7769082562403653,0.003269115904,9.130315521363137,2707.935609879032,34.414944556451616,0.09890737019425755,0.05116330877544051,0.7358219266233211,0.0026176841648510676,9.17921612522538,2545.136448,32.877888,0.11781267116071274,0.057525195871026814,0.753577727617156,0.0033091481600000003,9.109661900811066,1520.519118394309,23.809387703252035,0.1494525068808907,0.08076326634730563,0.8552170930659497,0.0065227051910858305,8.82885058776603,2957.7542924037452,37.36680541103017,0.08548032799000838,0.0504326304748882,0.7111997428464848,0.0025434502166166214,9.22967623495274,3184.2485391260166,38.508955792682926,0.08804921139867268,0.044819037306825675,0.6869775729143299,0.0020087461051106316,9.260164591394508,3281.2276274713836,38.7272372528616,0.0966567175428796,0.050259773706889777,0.6796548256519549,0.002526044853067769,9.216748712753308,bread_with_green_mold_21.jpg,spoiled_bread
1028.613558070866,14.191067913385826,0.5868209279881376,0.4954034181929881,0.9474330727725472,0.24542454675729664,4.6663243941993064,1642.0813441626885,18.90520181040362,0.5520071714913145,0.48404032663943825,0.9158559937334384,0.23429503781321406,4.7921034899417245,1225.454970472441,15.434547244094489,0.5689719457976483,0.49403974364609954,0.9371689083555959,0.24407526830190376,4.700457364015405,1446.0861801723604,17.50424700849402,0.5590721847972858,0.4886174171854361,0.9258992345056716,0.23874698037696654,4.7800790532586275,1579.5217633928573,18.08835565476191,0.567328375259408,0.4836977570428325,0.9193388980166562,0.23396352016826705,4.771142274110767,1642.0813441626885,18.90520181040362,0.5520071714913145,0.48404032663943825,0.9158559937334384,0.23429503781321406,4.7921034899417245,2309.0844494047624,22.053323412698415,0.5391160430853764,0.4801798914290093,0.8812811408377651,0.23057272813277516,4.860569671489394,1446.0861801723604,17.50424700849402,0.5590721847972858,0.4886174171854361,0.9258992345056716,0.23874698037696654,4.7800790532586275,2046.1678750000003,20.957375,0.5549083879843079,0.4737582597400018,0.8956061423142871,0.224446888671875,4.854803209322609,2977.865142353238,26.414777021919882,0.5169369784506826,0.4632793831812811,0.8471088433050762,0.2146277868808283,4.983067601339443,3335.859375,27.483875,0.5167878587407679,0.4683096431582421,0.828016139613836,0.21931392187500004,4.9601025674383346,2618.8928571428573,24.166351725875536,0.5264967411452682,0.47108890490056643,0.8655393917965581,0.22192475632041495,4.96118538731789,2530.3641003024195,23.70785030241936,0.5453084013670985,0.46530497576256413,0.8710402146598194,0.2165087204694004,4.922202803348967,4229.161984,32.744575999999995,0.4914005164859263,0.4463642778538623,0.7824941449536915,0.19924106854399998,5.120158805134631,4328.248109879032,32.37789818548387,0.49838463383277126,0.45695337206591663,0.7764027016227765,0.20880638424241205,5.038450084946506,3839.250368,30.55328,0.4990253691494731,0.4534276582653511,0.8025525181542308,0.20559664128000002,5.101469516767148,3002.7119537601625,26.279916158536587,0.5352507946396136,0.45698813472133387,0.8471083295531388,0.208838155276084,4.986402041492601,5497.249609781478,38.766389177939644,0.46941452730486627,0.42978048745147546,0.7170655539880118,0.18471126739402785,5.233341428265406,5302.311420223577,37.069169207317074,0.48240412174539715,0.44599203402414733,0.7253637822487135,0.1989088944129962,5.104491654113659,5028.3130853277835,36.355098855359,0.47738888254380685,0.4374510217497959,0.7411927963405228,0.19136339642994038,5.212607712824948,bread_with_green_mold_22.jpg,spoiled_bread
1136.6622785433071,20.028174212598422,0.17801229256068668,0.07954720046183261,0.8925564040806531,0.006327757101314983,8.406785831399292,1654.3711947423894,23.86068572137144,0.15951437715376743,0.07240356323471177,0.8432067418338943,0.005242275969082906,8.54392166518934,1369.256397637795,21.274237204724407,0.16939657722074214,0.07312058204720906,0.8702819307649361,0.005346619518922631,8.463754365663952,1707.7572075144153,24.515345030690064,0.1549349354185738,0.07240462505736736,0.8381453235599715,0.005242429729697949,8.559251760131234,1689.5220734126988,25.349206349206355,0.1481515621456888,0.07797819315498186,0.840178338653053,0.0060805986077156595,8.562098391677782,1654.3711947423894,23.86068572137144,0.15951437715376743,0.07240356323471177,0.8432067418338943,0.005242275969082906,8.54392166518934,2238.673363095238,28.474826388888886,0.135899903824767,0.06547483999704566,0.7872758554815638,0.004286954672638731,8.675704671451472,1707.7572075144153,24.515345030690064,0.1549349354185738,0.07240462505736736,0.8381453235599715,0.005242429729697949,8.559251760131234,2102.9816249999994,28.948124999999997,0.1362208900793454,0.07745260647647693,0.8007651620823678,0.005998906249999997,8.64784141185089,2489.3089569160998,30.556500377928955,0.12755966150258458,0.06461393920085579,0.7632060277462223,0.0041749611390518885,8.733210420578192,2918.4086874999994,33.81581249999999,0.1144197211256795,0.05872981701188927,0.7217449380952016,0.003449191406249999,8.827110582235857,2687.32955404384,32.374401612496854,0.12510755545745395,0.06443941026809805,0.7443604092047023,0.004152437595700259,8.762457859939222,2460.1740801411297,32.079826108870975,0.13041930694730025,0.07661317524108785,0.7664971488118226,0.005869578620521636,8.712795937435937,3050.879808,34.903744,0.11364513598934636,0.057564557984926795,0.7083858434404994,0.0033136783359999995,8.860802421519871,3522.98046875,38.246849798387096,0.09967127441124078,0.05109306547838859,0.6628814830237261,0.002610501339978904,8.925144087292153,3464.907648,38.461439999999996,0.10544700473507894,0.057276335078285154,0.6687873826592852,0.0032805785599999988,8.910874702119566,2753.343114837399,34.52642276422765,0.12322253909629988,0.0764423534637188,0.737942357432072,0.005843433403072122,8.760283815714562,3534.74336628512,38.6264308012487,0.09975037090120206,0.05015132498541585,0.6603077806922992,0.002515155397792796,8.960800869728669,3910.377286585366,41.44512195121951,0.08943489265906664,0.0453513436565267,0.6242519234281085,0.002056744371452385,9.018078583436692,4124.6747528616015,43.581230489073874,0.08895745785439912,0.04968931486835324,0.603564738932887,0.0024690280120863504,9.01357516356962,bread_with_green_mold_23.jpg,spoiled_bread
1191.1006397637796,23.835629921259844,0.1399589099661456,0.08079159707895509,0.8867687701995716,0.006527282158568223,8.57610320409971,1700.7666315332626,27.930001860003713,0.12343328712297369,0.07365081082884317,0.837940427271289,0.005424441935746043,8.706981163569063,1182.972256397638,22.235297736220478,0.13854140553295383,0.07406737472603891,0.8874139881742318,0.005485975998807469,8.544375472460402,1616.8973897947799,26.876929753859507,0.12809916935072113,0.07367968063692758,0.8459326301744564,0.005428695338759641,8.67533845264461,1884.8431919642858,30.693762400793656,0.12629224564115277,0.07957732868487526,0.8207107490384938,0.006332551240620671,8.726767334285075,1700.7666315332626,27.930001860003713,0.12343328712297369,0.07365081082884317,0.837940427271289,0.005424441935746043,8.706981163569063,2053.606274801587,30.23722718253968,0.11507239589972382,0.0655417726268635,0.8040370052641738,0.004295723959071475,8.782183860700073,1616.8973897947799,26.876929753859507,0.12809916935072113,0.07367968063692758,0.8459326301744564,0.005428695338759641,8.67533845264461,2367.8250625000005,35.040312500000006,0.11835886539687802,0.07914494219468482,0.774714585717702,0.006263921875000001,8.810007704381,2769.1525573192243,36.85714285714286,0.10213281337950364,0.06470084316049708,0.7352508650456696,0.004186199105679242,8.906822516064341,2812.4488125000003,36.1619375,0.09971218187609067,0.0586100394023925,0.7307598102607697,0.0034351367187500014,8.917558860591612,2625.7725497606452,35.306311413454274,0.10681628983371161,0.06479605031965835,0.7489641377439404,0.0041985281370276965,8.87542145550092,2788.720703125,38.35704385080645,0.11376112990459404,0.07850818165759109,0.7346669450696545,0.006163534587181321,8.843201557991987,3613.4529279999997,42.967552,0.08921003729347278,0.05750299386988471,0.6532901530004794,0.0033065943039999987,9.017597404958586,3485.4461315524195,40.79340977822581,0.08856421891180936,0.051444634585294365,0.6651981869887624,0.0026465504276144652,9.015630103093537,3441.905216,41.291584,0.09321534651595989,0.05760165330960562,0.6697645838305116,0.003317950464,8.988146163474081,3119.250571646342,40.780932418699194,0.1105327278962207,0.07793401121157784,0.7030781070203449,0.006073710103526341,8.87229572960416,4320.869667013528,47.663241415192516,0.07736605471776538,0.05067025870242633,0.5839343375977621,0.002567475116970811,9.092138638852516,4047.1916285569105,44.570185467479675,0.07905660873852907,0.04528600221464223,0.6098454126282408,0.0020508219965845813,9.081924901522438,4176.175598335068,46.004812695109266,0.08273252075320348,0.050947578283204356,0.5978902373230611,0.002595655732923236,9.06889210603979,bread_with_green_mold_24.jpg,spoiled_bread
1555.516916830709,24.578924704724415,0.17727093714369957,0.09641691328872717,0.8511266390541949,0.009296221168125934,8.06991926953939,2085.44404488809,28.66966333932668,0.1554544137708857,0.08931272269401395,0.7997147197387802,0.007976762435017834,8.205820298284646,1581.032787893701,24.12260088582677,0.1805115099223351,0.09014980185221196,0.8479114248935863,0.008126986773993079,8.061646637947227,2105.3959327918656,29.0995721991444,0.15367193688615413,0.08917212962940273,0.7977959230043081,0.007951668702643005,8.225426498673029,2362.8849206349205,32.12140376984127,0.1493892757008973,0.09501914433763282,0.774168975083672,0.0090286377906559,8.264499888886727,2085.44404488809,28.66966333932668,0.1554544137708857,0.08931272269401395,0.7997147197387802,0.007976762435017834,8.205820298284646,2595.1561879960323,32.83141121031747,0.14329046032179008,0.0811087628550371,0.7494481353073013,0.006578631411874646,8.322711743740516,2105.3959327918656,29.0995721991444,0.15367193688615413,0.08917212962940273,0.7977959230043081,0.007951668702643005,8.225426498673029,3004.4584999999993,37.156749999999995,0.1396369526274583,0.09406106726483597,0.713168649172552,0.008847484374999997,8.35197908100747,3157.880574452003,37.29528848576467,0.12826043753010183,0.08005151870291922,0.6960161627675356,0.006408245646643826,8.429809719985487,3412.0103125000005,38.7394375,0.1260251711524568,0.0737362142835866,0.6694663645228472,0.0054370292968750015,8.46772025214118,3399.3930461073323,39.43663391282439,0.12263691360816734,0.07982657558534162,0.6727620812389602,0.006372282169682259,8.460747153235541,3586.627646169354,41.17048891129032,0.1306043407810598,0.09319474160964085,0.6579049787703117,0.008685259863687724,8.412069112698497,4089.883648,43.785728,0.10911204822348397,0.0724569464440781,0.605354697618991,0.005250009088000002,8.552249431421204,4126.948651713709,43.812563004032256,0.11047064616108057,0.06717633393521702,0.5987615923896057,0.0045126598409757895,8.566852547072527,4435.753855999999,46.580096000000005,0.10586438274895218,0.07186561681360565,0.571971106758291,0.005164666879999998,8.585632627072595,4125.200520833334,44.91088668699187,0.1268159784381982,0.09288645552889384,0.6064089723622528,0.008627893620721173,8.454173482822766,4862.376495837669,48.795070239334024,0.09767051436004223,0.0654999254667144,0.5294785650540882,0.004290240236145142,8.639066170107995,4752.755335365853,47.916031504065046,0.09933221097372996,0.061205950435361124,0.5361496413799737,0.0037461683686958827,8.636439965951391,5258.954994797086,52.0455254942768,0.0956331312329228,0.06540232655360242,0.49107047264248804,0.004277464318624048,8.670525334530467,bread_with_green_mold_25.jpg,spoiled_bread
700.443405511811,16.0847687007874,0.18297970863585689,0.07173170141333132,0.9340357935618718,0.005145436987651318,8.56824082713102,991.2910905821813,19.80717961435923,0.1430025724904181,0.06252857744484797,0.906275860720744,0.00390982299727635,8.787863829069867,816.0404773622047,17.373400590551178,0.16833233618800353,0.06318646587232062,0.9227352693329028,0.003992529469433939,8.680344147038618,1004.6345092690187,19.783247566495135,0.14377440968980126,0.06258865687442262,0.9050164805663091,0.00391733996934421,8.780688506974652,1039.5793650793648,20.296875,0.14970586770546424,0.07073902821496782,0.9022348160961475,0.005004010112798014,8.745239109475076,991.2910905821813,19.80717961435923,0.1430025724904181,0.06252857744484797,0.906275860720744,0.00390982299727635,8.787863829069867,1341.3043154761904,23.336185515873012,0.12352453905703989,0.05420519393891619,0.8724739174905657,0.0029382030499555158,8.934859108479326,1004.6345092690187,19.783247566495135,0.14377440968980126,0.06258865687442262,0.9050164805663091,0.00391733996934421,8.780688506974652,1341.4340625,23.664562500000002,0.13581701286563236,0.07006243030772627,0.8740370331818552,0.004908744140625001,8.850487859732077,1609.995527840766,26.390337616528093,0.11117126795420569,0.05356799392183319,0.8473571518404222,0.0028695299728095573,9.018186064607402,1856.4311874999999,28.145687499999994,0.10509782182369491,0.0481012928620427,0.8226969966186465,0.002313734375,9.078199458026218,1700.4143361048123,27.04560342655581,0.11024643047943122,0.05331146694891518,0.8387922970249715,0.0028421125082452757,9.02435768854421,1654.6456023185483,26.779674899193548,0.12446342450841812,0.06928534549673687,0.8448609480795072,0.004800459100602197,8.932266276848434,2206.4629760000003,31.97952,0.09210877605928085,0.04717357904590238,0.7901700842192815,0.00222534656,9.16076811154616,2314.4335937500005,32.203755040322584,0.08791175912499372,0.04218930370591363,0.778004896079154,0.0017799373471898178,9.186027694752518,2351.080384,32.696768,0.08844650777693147,0.047048489029935914,0.776431241199576,0.0022135603200000003,9.16597510835345,1946.9769435975609,29.4750381097561,0.11660217262602551,0.06884141519608052,0.8176685437704866,0.0047391404461991455,8.98772075829438,2702.008909989594,36.465595733610826,0.07826111610123165,0.04137596926911635,0.7423389655727232,0.001711970832958861,9.258632859828133,2694.9406122967484,35.631415142276424,0.0755996415791427,0.03542277399853223,0.7400980583593548,0.0012547729177510908,9.275976320958337,2907.755658168575,37.522697710718006,0.07727718865754363,0.04123327004723967,0.7227378883380557,0.0017001825587885926,9.265133682915762,bread_with_green_mold_27.jpg,spoiled_bread
2361.2660556102364,30.115342027559056,0.151451784921394,0.06972227284233365,0.7772585553254628,0.004861195330300816,8.86538288141892,2483.238080476161,30.93291586583174,0.13638299801658355,0.05973104624211157,0.7648036093929899,0.003567797885177271,8.93096429228505,2605.239111712598,31.655819389763774,0.1380272481002625,0.06002608536730982,0.7536820846386869,0.0036031309245235666,8.948365864754496,3544.7846115692237,38.55632711265423,0.11946385417751486,0.05944654529535636,0.664264672579585,0.0035338917475528555,9.065786882587304,3336.2621527777774,37.534970238095234,0.1293261815889767,0.06816118819577574,0.6847432263162384,0.004645947576259958,9.007929430387748,2483.238080476161,30.93291586583174,0.13638299801658355,0.05973104624211157,0.7648036093929899,0.003567797885177271,8.93096429228505,4040.253968253968,42.24813988095238,0.10502635958985174,0.05529431360003984,0.6164816934587309,0.003057461116499551,9.15459736145086,3544.7846115692237,38.55632711265423,0.11946385417751486,0.05944654529535636,0.664264672579585,0.0035338917475528555,9.065786882587304,4082.9380625,42.8971875,0.11307000511995864,0.06690469550973235,0.6135393556577666,0.00447623828125,9.089776427788797,3561.0576341647775,39.518833459309654,0.10344565200994332,0.05474102209674954,0.6607594707109067,0.002996579500196821,9.120981893577458,4943.917375,48.267,0.08735180944087587,0.04832810226721095,0.5287567402754872,0.0023356054687500003,9.260183770189492,4984.64348702444,48.44255479969766,0.09740022849370467,0.054539670886458835,0.5251489743335443,0.0029745757004032455,9.217389928902872,4759.463079637097,47.23122479838709,0.10602696427695998,0.06611559511492501,0.5489840822338329,0.0043712719174006966,9.128840583889682,4332.152576,44.968447999999995,0.08817828920030488,0.04754058544023201,0.5848338227748968,0.0022601072639999993,9.216360028625292,5700.047820060483,53.192855342741936,0.07666571499361452,0.04194377220920243,0.4542564858449882,0.0017592800271374624,9.341454460170329,6044.96768,55.36448,0.07869328857173971,0.0470418720715917,0.4206792160560253,0.0022129377279999996,9.317316196819156,5235.854611280487,50.48837652439023,0.10233946245625292,0.06584819865640372,0.5035205909901547,0.004335985266293209,9.159463082944606,4995.013007284079,49.60262747138398,0.0738174200868141,0.04134408775842891,0.5185250155005784,0.0017093335925766715,9.304840120054665,6237.988821138211,56.89011686991871,0.06489787063614177,0.03635203206880902,0.3998320564505811,0.0013214702355317193,9.386128712332578,6685.197710718001,59.747658688865755,0.06841284530464056,0.041012695853596286,0.3555814611676456,0.001682041221179594,9.371670442524957,bread_with_green_mold_29.jpg,spoiled_bread
804.1985728346457,14.92101377952756,0.3139977272746449,0.10945447797887485,0.9260736955335611,0.011980282749628,7.3621677140713775,1126.3172546345093,18.243350486700976,0.27091981855351127,0.10052755627745988,0.8959600396376857,0.010105789571117862,7.5389578346086505,1022.7009104330708,17.101008858267715,0.29025944237721785,0.10373025408109295,0.9058057510440107,0.010759965611728099,7.481590032169455,1213.5832971665945,18.878479756959514,0.2690921023406712,0.10127129557510463,0.8879070062450669,0.010255875307460206,7.544939258469672,1083.237785218254,18.17404513888889,0.2701858553096141,0.1051361251622897,0.9001414737183867,0.011053604814140645,7.516911082345942,1126.3172546345093,18.243350486700976,0.27091981855351127,0.10052755627745988,0.8959600396376857,0.010105789571117862,7.5389578346086505,1513.6148313492063,21.853546626984127,0.24396189230087245,0.09241287424841534,0.8599061693485431,0.008540139326853427,7.676249781828416,1213.5832971665945,18.878479756959514,0.2690921023406712,0.10127129557510463,0.8879070062450669,0.010255875307460206,7.544939258469672,1325.870375,20.439,0.24843003553892778,0.10287670867353796,0.877443663244574,0.0105836171875,7.60479032896208,1702.0333207357016,23.71686822877299,0.2292546670759922,0.09019051986194562,0.8415363340784588,0.008134329872968008,7.754199523799912,2015.1716875,26.342062500000004,0.21141729445647822,0.08434852593925397,0.8124961622296515,0.007114673828124999,7.83204925797969,1806.9383345930964,24.23626858150668,0.22764144219465499,0.09091580801279023,0.8318178924426264,0.008265684146618532,7.744070836573819,1551.2498109879032,22.557396673387096,0.23203224453968352,0.10127531226890699,0.8562258583886995,0.010256688875164623,7.674830430798188,2155.652736,27.697407999999996,0.20245347410571102,0.08194193456344559,0.7976381252179641,0.006714480639999999,7.890788946863756,2427.7436365927424,29.81483114919356,0.1905565577584709,0.07763965702913453,0.7728593388372704,0.006027916343601638,7.94270278546634,2334.7004160000006,28.747520000000005,0.1992065835336948,0.08236878321305956,0.780975598379067,0.006784616448000002,7.897899430115138,1791.6385289634147,24.519372459349597,0.22153589721815387,0.09990620134539346,0.8334179727337696,0.0099812490672663,7.7350605367581995,2644.2976066597294,31.776664932362117,0.17781305460754143,0.07463744630687373,0.749623986747013,0.0055707483912114586,8.019996841133423,2718.736852134147,32.65605945121952,0.17417357838091135,0.071962072752288,0.7442215608333935,0.00517853991480559,8.029306260827308,2833.55267950052,32.7968262226847,0.17967316111069803,0.0750757518455315,0.7320259389580859,0.005636368515171826,8.02465501045283,bread_with_green_mold_3.jpg,spoiled_bread
2301.6524975393704,31.329170767716533,0.11623755011730716,0.062035391325095064,0.7840560163326463,0.0038483897768576796,9.005162329952864,3037.3733647467297,37.4248248496497,0.09405148475552834,0.05274365161381998,0.7142706932916442,0.0027818927855600153,9.170130007529059,2663.4406988188975,34.48781988188976,0.09993308318036631,0.05396088344085877,0.7491477649875237,0.002911776941717946,9.124112728472937,2862.3563767127534,36.27552855105711,0.09800355357292485,0.05409916735836079,0.7307368555850209,0.002926719908867929,9.145559197649298,2885.2439856150795,36.36749751984127,0.10264804012675935,0.06063818501235583,0.7294981080088129,0.003676989481592695,9.102541670870671,3037.3733647467297,37.4248248496497,0.09405148475552834,0.05274365161381998,0.7142706932916442,0.0027818927855600153,9.170130007529059,3445.4264012896824,40.88002232142857,0.08037532674944736,0.044795968285815634,0.674716035323375,0.0020066787746638,9.27288227890938,2862.3563767127534,36.27552855105711,0.09800355357292485,0.05409916735836079,0.7307368555850209,0.002926719908867929,9.145559197649298,3176.224625,38.740750000000006,0.09728653828080543,0.05941197861647936,0.7022788982579494,0.003529783203125,9.140141680813421,3611.5178886369367,42.174225245653815,0.07654674161368966,0.042948941155313905,0.6597006470959811,0.0018446115463626167,9.292392584492003,3845.126875,43.901625,0.06785250450072608,0.03758895698872209,0.6360463144691176,0.001412929687499999,9.335122389827683,3473.9146510456035,41.38504661123709,0.07953479464397639,0.045377077505703634,0.6726716857214221,0.0020590791629586346,9.256718517345918,3489.0035282258063,40.930191532258064,0.09494861174365549,0.058360730644277735,0.6732362079721093,0.003405974881333938,9.179172407681698,4171.104703999999,46.500416,0.06459150710703487,0.03599617401891484,0.6060483648141662,0.0012957245439999998,9.358280101774737,4095.7665700604834,46.30626260080645,0.060497251571478144,0.030987769644262763,0.6114428006880532,0.0009602418675258928,9.399517646120673,3923.082176,44.876224,0.07010061857502191,0.03850080103062793,0.6294899689986057,0.0014823116800000006,9.335142676843814,3698.3541031504064,42.35041920731708,0.09355352401267507,0.057250228798565166,0.6537995941937621,0.0032775886974880605,9.195888013134143,4608.563670655567,49.72392039542144,0.05515234209187355,0.02943812343234243,0.5641366419700021,0.0008666031112178284,9.424959802110784,4432.70699949187,49.01289380081302,0.04960720860798721,0.02524026213741255,0.5782913899779737,0.0006370708327653016,9.456876723412273,4172.060288761707,47.23419614984392,0.06165389778766527,0.032208199685539354,0.6054553520291316,0.0010373681269835774,9.39516326936985,bread_with_green_mold_8.jpg,spoiled_bread
653.5473056102362,15.904096948818898,0.22628877856304822,0.07566063152933496,0.9437250695856974,0.0057245311634177955,7.311330189814393,874.7726455452912,19.108066216132435,0.17915982813048464,0.07076975359157371,0.9246085101009537,0.0050083580234120606,7.4616530505141085,738.1170029527559,17.48855807086614,0.19790372713443125,0.07345105251661017,0.9364460591100557,0.005395057115797826,7.387060181272174,877.7397234794471,19.123690247380495,0.18066878736382774,0.070516385544231,0.9243564687650139,0.00497256063022263,7.461426670247637,979.6852678571428,19.74652777777778,0.20151056954275637,0.0710566558283339,0.9155696105931905,0.005049048337506298,7.488687815555695,874.7726455452912,19.108066216132435,0.17915982813048464,0.07076975359157371,0.9246085101009537,0.0050083580234120606,7.4616530505141085,1124.0370163690477,22.011222718253972,0.15486465997135176,0.0666611147967052,0.9030873756451157,0.004443704225939509,7.5754717703861925,877.7397234794471,19.123690247380495,0.18066878736382774,0.070516385544231,0.9243564687650139,0.00497256063022263,7.461426670247637,1262.0786875000001,22.8465625,0.17559728390483909,0.06648844178220001,0.8911344501421261,0.004420712890625,7.628327221780745,1354.6507936507937,24.70231796422273,0.14536739903627244,0.06323226822168782,0.8829396077997151,0.003998319744459471,7.711322903150127,1460.0219375,25.435437500000003,0.1396825094836773,0.06273258286668101,0.8739007467443652,0.003935376953125,7.711810563934369,1368.5227387251198,24.49061476442429,0.14201599315045316,0.06302921312588002,0.8817660148157666,0.003972681707267605,7.69347599169952,1542.6444052419354,25.663684475806452,0.1627600330343465,0.0626516893020157,0.8668613616431091,0.003925234172396308,7.739525883416637,1777.1134720000005,29.139456000000006,0.12161079236846228,0.057619818812627316,0.8459083982839488,0.003320043520000001,7.893376395296892,1809.922883064516,28.766129032258064,0.12514798542976374,0.05960266366590598,0.8434701736050507,0.003552477516071109,7.816446080943555,1865.4353920000003,29.200384000000003,0.12147413884928297,0.05833363900872293,0.8382988861718538,0.0034028134400000015,7.862332114647748,1800.9528074186992,28.053036077235774,0.1462612921583026,0.05943754430004051,0.8444927555741275,0.003532821672419278,7.836131110632776,2209.327978668054,33.25917013527576,0.10730895178080227,0.05303370166989379,0.8078811329298489,0.0028125735128112952,8.04463808157464,2158.0915269308944,31.79858993902439,0.11532923558667235,0.05718564358166499,0.8130884186751219,0.0032701978318492217,7.911706161432263,2316.294810093652,32.996162851196665,0.1114517163533687,0.05437204221978918,0.798621349498778,0.002956318975150537,8.006731244491384,bread_with_mold_000002.jpg,spoiled_bread
1128.6907603346458,23.24267962598426,0.08287902047060891,0.018836730766071,0.8951455752075208,0.00035482242595344577,8.76565370117234,1285.0017360034717,24.457622915245825,0.08119951115202469,0.01827311006985047,0.8804232866239489,0.00033390655162487075,8.80068195541655,874.9653666338583,20.383796751968504,0.09464513322084946,0.01989218984152831,0.9187702452243848,0.00039569921669140213,8.667050437928694,1153.9376278752559,23.489118978237958,0.08347739850870706,0.018689412649283112,0.8926173208370473,0.00034929414517518355,8.775480044377044,1738.7160218253966,28.285714285714285,0.0694414118763859,0.017120563289547086,0.8382387183152811,0.0002931136873513873,8.907744856033778,1285.0017360034717,24.457622915245825,0.08119951115202469,0.01827311006985047,0.8804232866239489,0.00033390655162487075,8.80068195541655,1287.0065104166665,24.493613591269842,0.08054129821257093,0.01855359320388019,0.880381938584756,0.00034423582077506925,8.79760486187432,1153.9376278752559,23.489118978237958,0.08347739850870706,0.018689412649283112,0.8926173208370473,0.00034929414517518355,8.775480044377044,2315.7121875,32.3640625,0.061022815614077824,0.015779300622175876,0.7842540044158657,0.000248986328125,8.993378128439735,2010.3374275636181,30.14795918367347,0.06369702493531579,0.016252714742065008,0.8124120615274053,0.0002641507364869373,8.950266717841247,1562.092,26.7975,0.07417768274028395,0.01779192891102592,0.8545936371131819,0.000316552734375,8.850602355460069,1777.1125598387503,28.760833963214917,0.07137151048863527,0.017000736112710847,0.8341313197167083,0.00028902502837403076,8.908711445586166,2824.862273185484,35.65927419354839,0.056367306593850405,0.014941190722317886,0.7364130002385659,0.00022323918020067808,9.059065460707632,2686.2773119999997,34.714175999999995,0.05475989057416462,0.014914059943556619,0.7485475811009785,0.00022242918400000003,9.044478027107724,1793.7879914314517,28.66072328629032,0.06800482131009575,0.016979265241361396,0.832771986810463,0.0002882954481365033,8.903847233344326,2357.975488,32.754496,0.06285379246176423,0.015555818461270368,0.7791288698177585,0.00024198348799999998,9.008393074858684,3288.352959857724,38.64767530487805,0.048871924997396565,0.014340615641941142,0.6928308455260787,0.00020565325698988695,9.111736649692125,3258.5200962539025,38.41564776274714,0.049805966985404536,0.014030920015631939,0.6939521481676606,0.00019686671648506097,9.11369422093929,2058.3965955284552,30.57990345528455,0.06408206865335639,0.016219545823683477,0.8078627022160113,0.0002630736667265681,8.957809101693032,2936.6434703433924,36.76326742976067,0.052535768244036204,0.014367603650678525,0.7238368383169717,0.00020642803466299088,9.085311218097207,bread_with_mold_000003.jpg,spoiled_bread
1167.386011318898,18.32794045275591,0.20501546848421182,0.026344042783248322,0.8920660754326825,0.0006940085901656181,8.252064642676924,1332.6392212784428,20.13503627007254,0.17696920456180468,0.0244501873457905,0.8764239830567494,0.0005978116612442538,8.358448808389259,1010.113619586614,16.848978838582678,0.1895441381180537,0.025209525817413175,0.9059216921336519,0.0006355201919388214,8.25090263271248,1490.5513671027343,21.278504557009114,0.17195825292654518,0.02432211208464797,0.8617823173529834,0.0005915651362581788,8.388584329886982,1787.8302951388894,23.828435019841272,0.17488245789602197,0.025073917188867964,0.8354228400202293,0.0006287013231942083,8.417708885258538,1332.6392212784428,20.13503627007254,0.17696920456180468,0.0244501873457905,0.8764239830567494,0.0005978116612442538,8.358448808389259,1586.789558531746,22.40190972222223,0.13841451950402867,0.02193293425173729,0.8517901740282574,0.00048105360489103066,8.481364957142432,1490.5513671027343,21.278504557009114,0.17195825292654518,0.02432211208464797,0.8617823173529834,0.0005915651362581788,8.388584329886982,2236.473625,27.420875000000002,0.1561650759842637,0.023972925809650353,0.795022390214902,0.000574701171875,8.524433140024442,2132.7130889392793,27.143801965230537,0.12239678146647247,0.021123959521888166,0.8025565656672206,0.0004462216658823697,8.605808366003538,2066.364625,26.83025,0.09972046486886835,0.019728974171887396,0.8064609079166859,0.000389232421875,8.632068252568029,2250.4415469891665,27.69639707734946,0.11922704125677719,0.021040732044976404,0.7916649660201421,0.000442712404988497,8.615708010678315,2642.702431955646,30.236202116935488,0.14315369096506408,0.023425429587277363,0.7588740758082094,0.0005487507513484897,8.599680120741118,2735.353344,32.187392,0.09014285808270889,0.01891836102837664,0.7472207301959006,0.000357904384,8.753198482698615,2453.556010584677,30.303742439516128,0.07335367191456504,0.018568240718277392,0.7696108619027053,0.0003447795633718945,8.738875185970336,2804.8547200000003,32.329024,0.083151044911888,0.01893015710447222,0.7408173043770582,0.000358350848,8.762189717624612,2980.1261432926835,32.54192073170732,0.13366459844223655,0.02296233596801376,0.7293050533838302,0.0005272688731079384,8.652275663782344,3229.2973465140476,36.07180020811654,0.06582631957533655,0.017542843555489726,0.7022315039537266,0.0003077513600123874,8.860248116859347,2789.134082825203,33.31383384146342,0.05923146528298079,0.01793156382708737,0.7374893823939872,0.00032154098128490814,8.810087297074286,3235.2224245577527,35.96514047866806,0.06102726775007254,0.01757728831481274,0.7017304126630985,0.0003089610645020525,8.858531071224764,bread_with_mold_000004.jpg,spoiled_bread
1129.2195497047246,21.38256643700788,0.15075542674800002,0.020360411619593677,0.8956933097506972,0.00041454636131928527,8.985405816970747,1392.4880649761299,24.222580445160894,0.11806208207412894,0.017542145960694453,0.870909323536662,0.00030772688490630874,9.104552070569346,913.039247047244,19.219734251968504,0.1460682696506844,0.019549478249135405,0.9157620938554876,0.00038218209981341833,8.953002401253087,1550.5919771839544,25.84673569347139,0.11221811200389248,0.0179803031999997,0.8562515414285646,0.0003232913031639195,9.14077802462188,1952.7103174603178,29.029513888888896,0.11323264975623362,0.01762265786312992,0.8188029979925545,0.00031055807016093485,9.19268249867188,1392.4880649761299,24.222580445160894,0.11806208207412894,0.017542145960694453,0.870909323536662,0.00030772688490630874,9.104552070569346,1829.9350818452378,28.54408482142857,0.0985204823864176,0.015997864926515237,0.8306203805890142,0.0002559316822070263,9.22583471975017,1550.5919771839544,25.84673569347139,0.11221811200389248,0.0179803031999997,0.8562515414285646,0.0003232913031639195,9.14077802462188,2540.9277500000003,33.750625,0.09569510645234891,0.016068578616355588,0.7631792608923067,0.00025819921875,9.28206034224629,2467.3820231796426,33.74571680524062,0.07683344275583642,0.01418737479250428,0.7694430124103363,0.00020128160350298588,9.335870074242951,2610.0330624999997,35.1750625,0.07447635929018032,0.013901509023303909,0.7576979452944348,0.000193251953125,9.360875189201945,2721.0821995464853,35.58849836230789,0.07959474435110633,0.014939882927014902,0.7457161305025736,0.00022320010187291137,9.345768929723306,3041.2813760080644,37.67678931451613,0.0803864756601062,0.014682237766586531,0.71526609025481,0.00021556810583457986,9.358218671979039,3334.2685439999996,40.416896,0.05754808951000726,0.012169680357347105,0.6860819731969046,0.00014810112,9.455446291814972,3285.208921370968,40.364919354838705,0.060880823472874795,0.012517047732920032,0.694116421659629,0.0001566764839481985,9.450657455271005,3690.6874879999996,42.553984,0.06279979714832039,0.012986087324517727,0.6524036551663038,0.000168638464,9.44578970793136,3492.3445757113823,41.05824441056912,0.07030253601397203,0.013850404684068302,0.6715021979640466,0.00019183370991246115,9.407919416380793,4115.441077003123,46.197970863683665,0.04248192854585672,0.0107760461921752,0.6095393629351599,0.00011612317153589362,9.536254905947462,3878.498983739838,44.720401422764226,0.05265773334162577,0.01150819285700241,0.6378531987970137,0.00013243850283396129,9.506050564556903,4566.736732570238,48.48126951092611,0.048794369183111135,0.011763145105769311,0.5664201214872042,0.0001383715827793845,9.525408456600436,bread_with_mold_000006.jpg,spoiled_bread
1286.4310408464567,13.822034940944881,0.6574397477453588,0.5605844793302537,0.9362600286194976,0.31425495846597157,3.837027383232188,1898.1507223014446,18.130510261020525,0.6252162034175811,0.5491605991404047,0.9056932658258461,0.3015773636482483,3.930277148301431,1392.5335875984251,14.632997047244093,0.641871526534094,0.5604574420620927,0.9307005377880716,0.314112544362784,3.8557595184036275,1593.0497240994482,16.360158720317443,0.633902156620228,0.5552383382289229,0.9208517452846419,0.30828961223921575,3.918439452937189,1949.8651413690477,18.027963789682538,0.6384186689546709,0.5471916681017273,0.9035502576616236,0.29941872163995087,3.9271592031139235,1898.1507223014446,18.130510261020525,0.6252162034175811,0.5491605991404047,0.9056932658258461,0.3015773636482483,3.930277148301431,2410.4977678571427,20.49652777777778,0.613888838326748,0.5471864461063296,0.8797011724788125,0.2994130068024751,3.994298153225638,1593.0497240994482,16.360158720317443,0.633902156620228,0.5552383382289229,0.9208517452846419,0.30828961223921575,3.918439452937189,2505.899125,21.314999999999998,0.6247722973201895,0.5370065394736827,0.876269837802608,0.28837602343749996,3.9901377848367487,3260.3391912320485,25.703514739229025,0.5919766405899747,0.5284231546402401,0.8378461800623676,0.2792310303599431,4.0980139376478215,3460.5639375,26.0533125,0.5884420743811165,0.533803091255919,0.8267726371068321,0.28494574023437497,4.089891074390886,2775.819664902998,22.81034265558075,0.6027210051726196,0.5376806159341319,0.8619438850618705,0.28910044475130736,4.07944182160653,3024.9742313508063,24.079070060483872,0.6146510066373193,0.5283624096205444,0.8509279803782562,0.2791668359000279,4.051302639840072,4335.869248,31.095999999999997,0.5666329324073958,0.514386285104881,0.7841312108804003,0.264593250304,4.2042769123064465,4374.837134576613,30.507623487903224,0.5726704590991724,0.5234093074389006,0.7804361692671603,0.2739573031136695,4.158688656880748,3953.0789760000002,28.853312000000003,0.5756878948171134,0.5215564153569582,0.8031929429186714,0.27202109439999994,4.202512843607799,3490.7727388211383,26.417428861788615,0.6057948385697414,0.5208944467200455,0.828294800767148,0.27133102462378234,4.099642039095383,5353.571605098855,35.95141779396462,0.5486730397309025,0.5018654121603412,0.7333654615243883,0.25186889192286915,4.297106382123298,5188.498221544715,34.40955284552846,0.5597886932682999,0.5143892965818194,0.7390922334051825,0.26459634843793894,4.209120116159149,5115.30918314256,34.4049167533819,0.5560282607013397,0.5068993657640385,0.7452039826011961,0.2569469670119845,4.299343207353694,bread_with_mold_000008.jpg,spoiled_bread
1066.3150836614172,15.64677657480315,0.48174254087403556,0.45460522995435254,0.9437980240812553,0.20666591510184976,5.462030953106657,1353.6389112778227,17.23677847355695,0.473287757380028,0.4472140910290874,0.928616850679215,0.20000044321497287,5.527967901976277,739.2920767716535,12.184547244094489,0.4946742275850433,0.45768769691112493,0.9610343357865955,0.20947802790380973,5.367993607911759,1356.8544857089717,17.320850641701288,0.47229471144607704,0.4472136719997206,0.9284472797339218,0.20000006842347368,5.531073048608892,1711.1078869047617,19.414186507936506,0.4673124942355798,0.44209747892584483,0.9097655664453129,0.1954501808725878,5.580044262946932,1353.6389112778227,17.23677847355695,0.473287757380028,0.4472140910290874,0.928616850679215,0.20000044321497287,5.527967901976277,1366.805183531746,16.59511408730159,0.47732184811318285,0.44829440629657574,0.9279222003127489,0.20096787471679933,5.508668807001924,1356.8544857089717,17.320850641701288,0.47229471144607704,0.4472136719997206,0.9284472797339218,0.20000006842347368,5.531073048608892,2335.7647500000003,22.822625000000002,0.45414437594658097,0.4293298306845507,0.876741747173219,0.184324103515625,5.6879460195625065,2329.4504913076344,22.52443940539179,0.45203532647869504,0.42669983186560023,0.8769769752497704,0.1820727465141315,5.705241064709968,1900.074125,19.625500000000002,0.4662377647328526,0.438633380156481,0.8997331315626393,0.1923992421875,5.604441366285872,2369.817208364828,22.80259511211892,0.4519128971308721,0.4266354839934783,0.8748451267086044,0.1820178362023495,5.713633682110089,2968.686743951613,26.42956149193548,0.4391879274838137,0.41648448940235383,0.8432131918069692,0.17345932991273938,5.7844332318070775,3302.855168,27.943551999999997,0.4279076683868884,0.4056666088107327,0.8252064012135131,0.164565397504,5.872802140557723,2373.9582283266136,22.183656754032263,0.4556261926977765,0.4294469665166107,0.8746434137829269,0.18442469705031894,5.688368736370904,3372.3315199999997,28.20992,0.42856106242180536,0.40547558233758046,0.8215295758672807,0.16441044787200002,5.877128488438945,3551.518800813008,29.44359756097561,0.4268331926709583,0.4034367777180408,0.8122469406194655,0.1627612336155159,5.87373367830908,4225.413306451614,32.81627211238293,0.40680845580123715,0.38449311997209956,0.7758156944631835,0.14783495930587937,6.015237766295478,2787.263592479675,24.379700203252035,0.44595726916856915,0.4210031028936573,0.8527061979997849,0.17724361264608737,5.752544717067414,4321.651209677419,33.18593912591051,0.4058731688358284,0.3842971758599017,0.7707096785692933,0.14768431937389623,6.022330120818705,bread_with_mold_000011.jpg,spoiled_bread
655.0911663385826,14.124384842519685,0.32580809985356385,0.06720386428261119,0.9417894175696656,0.004516359374515624,7.577699290688709,762.0987661975325,15.415648831297663,0.2900835529932204,0.06386119616005628,0.9322881219854873,0.004078252374993188,7.673127451115925,491.84694881889766,12.007627952755906,0.3720353270510697,0.07197430586563298,0.9561094476486292,0.005180300704839691,7.453431817857522,794.5109430218861,16.03775807551615,0.3094194436477459,0.06557935443864717,0.9294134063621529,0.004300651728589712,7.674689824281192,1087.534908234127,18.882750496031747,0.2373688612666559,0.05912056426106457,0.9037653157950647,0.003495241118546666,7.815805238092011,762.0987661975325,15.415648831297663,0.2900835529932204,0.06386119616005628,0.9322881219854873,0.004078252374993188,7.673127451115925,814.3859126984128,16.2093253968254,0.3029188705789856,0.06541783024155517,0.9273450487948334,0.00427949251351293,7.6966240417571825,794.5109430218861,16.03775807551615,0.3094194436477459,0.06557935443864717,0.9294134063621529,0.004300651728589712,7.674689824281192,1502.5998125,23.0526875,0.18178596093883487,0.053490324767662425,0.867563218613893,0.0028612148437500004,7.9612418870874375,1319.6463214915595,21.44727891156463,0.18698644777840423,0.05401121628769125,0.8832548275550779,0.002917211484875764,7.964629874059966,1079.6520625,19.2248125,0.2567686399297888,0.060154439907832244,0.903703145317516,0.0036185566406250003,7.841758230267315,1387.5223607961705,22.243197278911566,0.22576623500900195,0.05635710360679807,0.8772864715566933,0.003176123126947372,7.946587225982735,1890.0578377016127,26.81413810483871,0.1447997577760755,0.04944911518928831,0.8340344392184998,0.002445214993003504,8.095076752076555,1817.077056,26.496063999999997,0.13149538086872037,0.04813123393390201,0.8398956273419688,0.00231661568,8.139721663474303,1329.6651335685483,21.708858366935484,0.22171774483771767,0.055483698919763555,0.8814318412847125,0.0030784408458189713,7.95349553206501,1939.746752,27.360064,0.17141809365735872,0.04952047301874246,0.829202433534883,0.002452277248,8.134635376991692,2269.0724085365855,30.354801829268297,0.117370451378476,0.04645288512080011,0.8014410716719305,0.0021578705360462526,8.18460148941395,2322.8123699271596,31.20779136316337,0.09824485226491951,0.04390131803719683,0.7960964273102576,0.0019273257254031038,8.275697362688806,1580.692517784553,23.978849085365855,0.1922847257942124,0.05179218441451233,0.859094067650851,0.002682430366426854,8.053260262945194,2472.998959417274,31.803329864724247,0.13460865808679193,0.0444160899062606,0.7831745107508437,0.0019727890425610245,8.266800847256299,bread_with_mold_000012.jpg,spoiled_bread
1100.3065329724411,19.637118602362207,0.18510104558798512,0.07750665681726625,0.8961678415254293,0.006007281850989484,8.442546992356743,1624.186744373489,23.83656767313535,0.15846319835961759,0.07041612052435356,0.8454880745705526,0.004958430029700286,8.581996275415037,1350.34313484252,21.371309055118115,0.17538054156956534,0.07120249201112026,0.8715151434821269,0.005069794868593646,8.492458545253077,1624.2759625519252,23.90792981585963,0.15999789330590894,0.07019464181211588,0.8454797426734441,0.0049272877391312465,8.589621362333567,1549.5025421626988,23.753658234126988,0.1609356894597569,0.07593652343830848,0.8537712492745171,0.005766355591896774,8.56982570696115,1624.186744373489,23.83656767313535,0.15846319835961759,0.07041612052435356,0.8454880745705526,0.004958430029700286,8.581996275415037,2054.0086805555557,27.158358134920643,0.1393186319059882,0.06344978499205182,0.802875671392908,0.004025875215537604,8.67333760317538,1624.2759625519252,23.90792981585963,0.15999789330590894,0.07019464181211588,0.8454797426734441,0.0049272877391312465,8.589621362333567,1832.7743125000002,26.2923125,0.14977844933385775,0.07515163057529091,0.8269766396903927,0.005647767578124999,8.639849523797423,2383.564247921391,29.892164273116656,0.12738762289972322,0.06263484304986404,0.7712452884585351,0.003923123563881101,8.754754199730694,2597.965125,31.4005,0.12186429573853183,0.0564682744169237,0.7484323176221416,0.003188666015625,8.777711689181388,2410.368543713782,29.970962459057695,0.12999360340267152,0.06254378396912551,0.7686741075122832,0.00391172491317664,8.747897046236066,2073.7964339717746,28.306262600806456,0.1410375653272793,0.07422519452995707,0.804129471999995,0.00550937950300997,8.69448727389543,3030.18368,34.910848,0.10700460600659395,0.05556165814660322,0.7063920898877222,0.003087097856,8.890695081494638,3111.593056955645,35.00459929435483,0.10698858966271749,0.04924479558240817,0.6959396802971807,0.002425049891953167,8.87268460138403,3063.55232,35.03187199999999,0.10916287619992089,0.05536046242581432,0.7031610069914901,0.0030647807999999994,8.882507268315372,2304.0969893292686,30.24142530487805,0.13488428599315427,0.07396499176761272,0.7819269807231104,0.005470820007183018,8.744845613767218,3701.4302159209155,39.79350936524454,0.0930765978942821,0.04817882044696087,0.6377508414310635,0.0023211987396604948,9.004593155281192,3528.3528963414637,38.295477642276424,0.09679292955926777,0.04328287108744456,0.6519820676514607,0.0018734069295723444,8.949310071231531,3690.083636836629,39.56711758584808,0.0961595896830466,0.04807544368773525,0.638867820349065,0.0023112482857726036,8.985111425291402,bread_with_mold_000013.jpg,spoiled_bread
2301.6524975393704,31.329170767716533,0.11623755011730716,0.062035391325095064,0.7840560163326463,0.0038483897768576796,9.005162329952864,3037.3733647467297,37.4248248496497,0.09405148475552834,0.05274365161381998,0.7142706932916442,0.0027818927855600153,9.170130007529059,2663.4406988188975,34.48781988188976,0.09993308318036631,0.05396088344085877,0.7491477649875237,0.002911776941717946,9.124112728472937,2862.3563767127534,36.27552855105711,0.09800355357292485,0.05409916735836079,0.7307368555850209,0.002926719908867929,9.145559197649298,2885.2439856150795,36.36749751984127,0.10264804012675935,0.06063818501235583,0.7294981080088129,0.003676989481592695,9.102541670870671,3037.3733647467297,37.4248248496497,0.09405148475552834,0.05274365161381998,0.7142706932916442,0.0027818927855600153,9.170130007529059,3445.4264012896824,40.88002232142857,0.08037532674944736,0.044795968285815634,0.674716035323375,0.0020066787746638,9.27288227890938,2862.3563767127534,36.27552855105711,0.09800355357292485,0.05409916735836079,0.7307368555850209,0.002926719908867929,9.145559197649298,3176.224625,38.740750000000006,0.09728653828080543,0.05941197861647936,0.7022788982579494,0.003529783203125,9.140141680813421,3611.5178886369367,42.174225245653815,0.07654674161368966,0.042948941155313905,0.6597006470959811,0.0018446115463626167,9.292392584492003,3845.126875,43.901625,0.06785250450072608,0.03758895698872209,0.6360463144691176,0.001412929687499999,9.335122389827683,3473.9146510456035,41.38504661123709,0.07953479464397639,0.045377077505703634,0.6726716857214221,0.0020590791629586346,9.256718517345918,3489.0035282258063,40.930191532258064,0.09494861174365549,0.058360730644277735,0.6732362079721093,0.003405974881333938,9.179172407681698,4171.104703999999,46.500416,0.06459150710703487,0.03599617401891484,0.6060483648141662,0.0012957245439999998,9.358280101774737,4095.7665700604834,46.30626260080645,0.060497251571478144,0.030987769644262763,0.6114428006880532,0.0009602418675258928,9.399517646120673,3923.082176,44.876224,0.07010061857502191,0.03850080103062793,0.6294899689986057,0.0014823116800000006,9.335142676843814,3698.3541031504064,42.35041920731708,0.09355352401267507,0.057250228798565166,0.6537995941937621,0.0032775886974880605,9.195888013134143,4608.563670655567,49.72392039542144,0.05515234209187355,0.02943812343234243,0.5641366419700021,0.0008666031112178284,9.424959802110784,4432.70699949187,49.01289380081302,0.04960720860798721,0.02524026213741255,0.5782913899779737,0.0006370708327653016,9.456876723412273,4172.060288761707,47.23419614984392,0.06165389778766527,0.032208199685539354,0.6054553520291316,0.0010373681269835774,9.39516326936985,bread_with_mold_000015.jpg,spoiled_bread
1992.2945989173231,26.662093996062996,0.15066390735919732,0.0627050089080338,0.8135384261720237,0.003931918142156598,8.84624012916207,2191.671151342303,28.954429908859822,0.13330997100855224,0.05469126140915323,0.7951411442570055,0.002991134074524333,8.955088751051704,1583.065514271654,23.622723917322837,0.1535450511421162,0.05549463794773607,0.8523468045264588,0.003079654840950308,8.819700147074926,2448.981275962552,30.45638291276583,0.13182770824563744,0.05472790314420561,0.7710932876098311,0.00299514338256155,8.967455752235646,2973.4207589285716,34.55208333333334,0.1256718950408799,0.0620390060972505,0.7211200027017338,0.0038488382775346843,9.024492571161243,2191.671151342303,28.954429908859822,0.13330997100855224,0.05469126140915323,0.7951411442570055,0.002991134074524333,8.955088751051704,2622.3666294642853,31.987165178571427,0.1174741747751409,0.04534353632242541,0.755784496137516,0.0020560362862231127,9.054518589712071,2448.981275962552,30.45638291276583,0.13182770824563744,0.05472790314420561,0.7710932876098311,0.00299514338256155,8.967455752235646,3762.2031875000002,40.4540625,0.11213997802023694,0.061544588130273484,0.6461978282015133,0.0037877363281249997,9.129614944244047,3202.0855379188715,37.18846056941295,0.10216971699233202,0.04488685270074971,0.700521899087712,0.0020148295453788017,9.153019470593499,3447.2507499999992,38.33637499999999,0.0965729268889533,0.037407359528239884,0.6795524710644285,0.001399310546874999,9.201412175405283,3700.984882842026,39.86318972033258,0.10325892957364555,0.044740196592332686,0.6538829205481475,0.0020016851911205773,9.180397589595206,4462.671118951614,45.45577116935485,0.104618629056074,0.06153923487011328,0.5792604693305649,0.0037870774283989663,9.181819662467827,4056.61888,43.77190399999999,0.08056687079280253,0.03725748332885623,0.6202878464236891,0.0013881200639999998,9.28533452210894,4111.6108240927415,43.157321068548384,0.08438260675998739,0.032561932151264454,0.6184109144328775,0.0010602794254235496,9.292563832874723,4680.502592,46.758464,0.08301578773785076,0.037172597218919204,0.5619508616766681,0.001381801984,9.307188136713814,5013.24256859756,49.110454776422756,0.09822430424926692,0.0612369385439889,0.526318402712412,0.003749962642240273,9.221395005381043,4871.123634235172,49.406672736732574,0.06894685260216482,0.03260423714435226,0.5436670111745562,0.0010630362797651597,9.36991948868168,4714.20649136179,47.42346290650407,0.07598800035791806,0.02994476763030731,0.5627652021133759,0.0008966891084331006,9.374936669495337,5342.47047346514,51.509885535900096,0.07180705104197717,0.032151450200056345,0.49965433106083973,0.0010337157499667033,9.381882232897633,bread_with_mold_000025.jpg,spoiled_bread
1769.9905880905517,26.800258366141737,0.18716708858180203,0.09180477797514981,0.8351601071509962,0.008428117259066552,8.044757942032556,2296.760679521359,30.767375534751068,0.16802212647154063,0.08321818686464395,0.7843610582063446,0.0069252666250388005,8.184473098593706,1812.1449926181106,26.881828248031503,0.17985793109085876,0.08564603890180791,0.8306643285020613,0.0073352439795699945,8.092580636737331,2235.9039618079237,30.517515035030073,0.16938120916177807,0.08361350606717567,0.7900747916073775,0.006991218396845623,8.180611180476369,2474.223090277778,32.7452876984127,0.16984187834191788,0.08830835591760657,0.7684488008285946,0.007798365724870679,8.195713754480183,2296.760679521359,30.767375534751068,0.16802212647154063,0.08321818686464395,0.7843610582063446,0.0069252666250388005,8.184473098593706,2830.118675595238,34.788690476190474,0.15069457952891763,0.07644747325930112,0.733414822764285,0.005844216167731561,8.302268696640944,2235.9039618079237,30.517515035030073,0.16938120916177807,0.08361350606717567,0.7900747916073775,0.006991218396845623,8.180611180476369,2991.3526250000004,36.940625,0.15557069930722753,0.08589104426175642,0.7187940770783804,0.007377271484375,8.293174804014308,3420.7862181909804,39.202947845804985,0.13962464355280008,0.07210882868171574,0.6746397650064335,0.005199683173849031,8.405288742298048,3656.323125,40.708,0.13331418485859597,0.06897025796946826,0.6529790288489588,0.004756896484375,8.433504803759023,3263.6738473167047,38.636054421768705,0.13887166519655686,0.07261171502075012,0.6895831477984409,0.005272461158254629,8.399991379048041,3491.6954385080644,40.599672379032256,0.14634144718844333,0.08395163771749037,0.6702762499101623,0.0070478774754487526,8.360877830685181,4322.6572160000005,45.363392000000005,0.12081506239881787,0.06303317729577022,0.5838470029220599,0.003973181440000003,8.539221063430329,4353.338520665324,45.44865171370968,0.12006291228509028,0.062495649267712505,0.5835553054799768,0.0039057061773929347,8.534114493864843,4141.065664,44.72032,0.11927473973290743,0.06360023949640442,0.6013292747823218,0.004044990464,8.528162237821377,3929.992949695122,43.70395071138212,0.14075521640231486,0.08213578358603105,0.6272622895875488,0.006746286945291328,8.415374795191225,5142.529201352758,50.675273152965666,0.10661195981049558,0.05564547066093407,0.4986681058899041,0.003096418405076874,8.636183796809906,4927.474974593497,49.20617378048781,0.1087881234857376,0.058455063620304386,0.5248634208843894,0.003416994462853833,8.60049928531828,4866.734001040582,49.395421436004156,0.1059237031758399,0.05581773276968819,0.525542876808344,0.003115619291548323,8.620484964180815,bread_with_mold_000026.jpg,spoiled_bread
690.5068282480315,14.477546751968504,0.26031862267889555,0.06964457537000374,0.9357510031619988,0.004850366878468132,8.035528526127756,964.0748961497923,16.96893793787588,0.21886488980063082,0.06049522108954112,0.9101815011712571,0.0036596717746724605,8.178276575345032,838.5296505905513,15.257135826771657,0.26284263218568615,0.0626024977019011,0.9220266223854736,0.003919072718516532,8.062486183560225,1027.532767065534,16.83080166160332,0.2435330001483563,0.06060137095883192,0.9042764018969832,0.0036725261620899567,8.160785697670184,973.3648313492065,17.62227182539683,0.1921969634191238,0.06708541401468099,0.9092340767633673,0.004500452773521156,8.234482171729491,964.0748961497923,16.96893793787588,0.21886488980063082,0.06049522108954112,0.9101815011712571,0.0036596717746724605,8.178276575345032,1262.9085441468255,19.33413938492064,0.19119508078762565,0.05119560688189386,0.882404003327423,0.0026209901640054183,8.306918783024468,1027.532767065534,16.83080166160332,0.2435330001483563,0.06060137095883192,0.9042764018969832,0.0036725261620899567,8.160785697670184,1213.298375,19.999125,0.16092499828443618,0.06595091688142023,0.8866354575595834,0.0043495234375,8.35905505100526,1404.9659234063997,21.43543713781809,0.16011654950166077,0.04959984511735533,0.8686454554135805,0.0024601446356656374,8.422488761727145,1684.8323125,22.9833125,0.15553325176160493,0.042289968151442245,0.8428869797120295,0.0017884414062499991,8.467517111931436,1612.874401612497,21.7485512723608,0.18063825686642937,0.049454208883558406,0.8492177553833886,0.0024457187762986273,8.435505500888656,1449.5807711693549,22.176159274193544,0.14122138199871848,0.06524548951247783,0.8642860688359043,0.004256973901722854,8.454626131854234,1848.1138559999997,25.619008,0.12653634516160264,0.040648742366769484,0.826580139916245,0.0016523202560000004,8.601817997387162,2066.4358618951615,26.295362903225808,0.13148892068889959,0.03772108290232511,0.806938714146527,0.0014228800953240842,8.585493133076053,2224.0711039999997,26.764352,0.1426190313310569,0.0405661312920027,0.7913661471747176,0.0016456110080000004,8.626072919203478,1662.4031377032522,24.098894817073173,0.13019743739829703,0.06480260256032537,0.844071318677759,0.004199377298591489,8.514593809322587,2289.446995317378,29.593197190426643,0.10405567594303633,0.03628939014686852,0.784229911667741,0.0013169198372316383,8.717260855856443,2409.4112677845533,29.188579776422763,0.11701655984722827,0.03454516784806059,0.7744490343584849,0.001193368621650679,8.688058245922353,2809.0661420395427,31.09931061394381,0.11870601649145524,0.0358935644747253,0.7354448167018074,0.001288347970701262,8.753068279810872,bread_with_mold_000027.jpg,spoiled_bread
416.0879675196851,7.771284448818897,0.5955117944197357,0.4672958537599913,0.9776550463115972,0.21836541494127915,4.651691168046725,1128.471262942526,12.566619133238268,0.5649182694866356,0.45668429001809197,0.9391487193644147,0.20856054074932875,4.844778360910191,918.4956938976378,10.489419291338582,0.5784717705049888,0.4640211368522818,0.9505187477291095,0.21531561544568406,4.730394775174066,996.9934279868561,11.237088474176948,0.5733430667967561,0.4590836683377172,0.9462384830960888,0.21075781453441514,4.788932151520998,745.2581845238095,11.281498015873016,0.5667325073823744,0.45758928571428575,0.9599351563296976,0.20938795440051022,4.821536947980598,1128.471262942526,12.566619133238268,0.5649182694866356,0.45668429001809197,0.9391487193644147,0.20856054074932875,4.844778360910191,1829.7859623015875,16.87921626984127,0.5427315476865618,0.4500640264858989,0.9010101630743033,0.2025576279366999,4.94035586525936,996.9934279868561,11.237088474176948,0.5733430667967561,0.4590836683377172,0.9462384830960888,0.21075781453441514,4.788932151520998,1096.28925,14.4375,0.5480154802043252,0.447507880080759,0.9409949235755523,0.20026330273437498,4.948797307393369,2267.3973293020913,20.33106575963719,0.5233425026652888,0.43596897776924687,0.8770903594107207,0.19006894957716206,5.090353633744694,2785.9084375,22.7881875,0.5157855096043125,0.43652476572784504,0.8486457155043793,0.19055387109375002,5.086057708594315,1894.2267573696145,17.40148652053414,0.5359576532042656,0.44176321877693736,0.8973189537915895,0.19515474146416023,5.007240575434343,1461.033833165323,17.401650705645164,0.5332710887766131,0.43757818325017783,0.9212733199720303,0.1914746664565262,5.055213933969093,3492.1520640000003,27.585536,0.49014898732402906,0.41475771186561444,0.8096813203822942,0.17202395955200003,5.262807112185342,3764.7759576612902,28.37890625,0.49200718223522383,0.42309695848636714,0.794591472719836,0.17901103628041468,5.199475463752753,2865.357696,23.444608000000002,0.5035692377872827,0.42349837557185505,0.8438409658740591,0.17935087411199999,5.179228162889112,1835.1236026422764,20.28556910569106,0.5210280432373208,0.4280107086231617,0.9010270777879061,0.18319316669610103,5.1412987496391125,4706.145746618107,34.18580905306972,0.45870376342603736,0.39390980599023195,0.7421413760642808,0.15516493525526218,5.409280325078827,4703.876397357724,33.48539126016261,0.4710448625002787,0.40988358658079027,0.7424024778988069,0.1680045545483322,5.292795581821231,3854.6591441207074,29.28869667013528,0.47654063788434753,0.40563055337930304,0.788795937023737,0.1645361458347996,5.327957284341291,bread_with_mold_000031.jpg,spoiled_bread
861.9867125984252,11.860482283464567,0.590270450731884,0.5522700243246443,0.9578504351073702,0.30500217976754324,4.369478298363656,1055.5062310124622,13.487382974765948,0.5799017994165809,0.5452551970038712,0.9484917503398675,0.2973032298597303,4.4344903244924545,822.8706938976378,11.498892716535432,0.5944033960145436,0.5525780704054908,0.9597631364802257,0.30534252389305555,4.348139867308239,1166.3780767561536,14.405852811705625,0.574488222881995,0.5435871894544133,0.9430812519997792,0.2954870325389482,4.452828737914357,1242.0519593253966,15.060019841269842,0.5747069822631838,0.5439528800642843,0.9393893468754541,0.29588473573022966,4.483446502169549,1055.5062310124622,13.487382974765948,0.5799017994165809,0.5452551970038712,0.9484917503398675,0.2973032298597303,4.4344903244924545,1173.8582589285716,14.444444444444445,0.5775401846749021,0.5441327460889129,0.9427171180600638,0.29608044536626144,4.4638483135586835,1166.3780767561536,14.405852811705625,0.574488222881995,0.5435871894544133,0.9430812519997792,0.2954870325389482,4.452828737914357,1661.23925,17.89375,0.5603982992659996,0.5349582891158431,0.9190928462533486,0.28618037109375,4.5815022571924455,1553.1187956664146,17.261148904006046,0.5566917085959122,0.5316863064106554,0.924497629372749,0.28269032842460534,4.589265585728843,1567.512875,16.976875,0.5649936821385252,0.5355002297793624,0.9236575916578659,0.28676049609375,4.555910386207491,1787.1053162005544,18.97039556563366,0.5532276661580713,0.5286506042268307,0.913122751260113,0.27947146134939327,4.624998993832433,2148.307585685484,20.821824596774196,0.5473496052654765,0.5253739179750013,0.8955695628917308,0.2760177536884034,4.6594143768168195,2104.567168,20.628224,0.540517450587736,0.5180862793936932,0.8980482119799732,0.26841339289599997,4.718849671007626,2007.3227066532256,19.637726814516128,0.551078898481407,0.5263480670559735,0.902422916965001,0.27704228769355954,4.643822621672745,2599.494144,23.913344,0.5304220219702532,0.5114614968108547,0.8740724078765117,0.26159286272,4.773039874288015,2679.009400406504,23.571138211382113,0.5358271821639535,0.5151842839841753,0.8700091781205048,0.26541484646428737,4.745307724959891,2747.488033298647,24.389568158168576,0.5215429239764949,0.5025222337209194,0.8673247395404493,0.2525285953838624,4.84432948014001,2502.5689786585367,22.44791666666667,0.5397876465039221,0.5161079996668426,0.8785704155063473,0.26636746732010963,4.723392605651129,3550.1632414151927,28.789021852237255,0.5090813665675195,0.4926161649847655,0.8285638273870202,0.2426706860042977,4.904717483299412,bread_with_mold_000032.jpg,spoiled_bread
1809.923966535433,26.747170275590552,0.14422661718321567,0.06340347606257846,0.8303858359420417,0.004020000776817959,8.683981195257857,2137.6751813503633,29.8991257982516,0.11824070824274559,0.05443146572641595,0.7990214767190901,0.002962784461125994,8.827992206568915,2003.075479822835,28.81231545275591,0.12124050926481805,0.054440429113407025,0.8114528598039137,0.0029637603220518953,8.798532905064906,2132.897141794284,29.894847789695582,0.11695793476311958,0.05438006453429277,0.7994677370265337,0.0029571914187538463,8.823111058168365,2274.765935019841,30.44847470238095,0.13169523440437939,0.06288908175896309,0.7871598883664931,0.0039550366044855435,8.78428360898527,2137.6751813503633,29.8991257982516,0.11824070824274559,0.05443146572641595,0.7990214767190901,0.002962784461125994,8.827992206568915,2395.392795138889,32.34740823412699,0.09880635675382773,0.044660486040615364,0.7737087253548918,0.001994559013384,8.931133168016903,2132.897141794284,29.894847789695582,0.11695793476311958,0.05438006453429277,0.7994677370265337,0.0029571914187538463,8.823111058168365,2561.5876875000004,32.805687500000005,0.1242863301823135,0.0624971093081512,0.7607520187912998,0.0039058886718749994,8.836286288082672,2657.426996724616,34.30291005291005,0.09673082767964265,0.04435679143693651,0.7496347950087312,0.001967524946579884,8.968476141194438,2763.4227499999997,35.265249999999995,0.08458785591667442,0.036623560125280015,0.7379256001292273,0.0013412851562500004,9.030316796490794,2748.5613504661123,35.17246157722349,0.09154075501850974,0.04427688950979857,0.7410412419052442,0.0019604429446629106,8.980466368991472,2782.6432081653224,34.533203125,0.12002550835156736,0.062365718129969494,0.7405049782440614,0.0038894827978668057,8.873162247542615,3034.868032,37.50496,0.08014484998113754,0.03644998063099623,0.7134648673894661,0.001328601088,9.060581989889744,3055.615990423387,37.43151461693549,0.07674019708363923,0.03295631863960773,0.7089376276259337,0.0010861189382753561,9.072634692874903,3207.284096,38.504448,0.07742134169503469,0.036439050701136545,0.6971510648656832,0.001327804416,9.068314096197179,2890.4540142276423,35.6370680894309,0.11503461776952438,0.06245295831744524,0.7309749405925196,0.003900372002600552,8.888884141120734,3327.046175858481,40.16441207075963,0.07035979652336147,0.03308292818092885,0.6849666987678351,0.0010944801370244965,9.109948885958367,3315.338986280488,39.48926575203252,0.07032639921577039,0.03127503500139299,0.6827593958884441,0.0009781278143383568,9.111016557769663,3531.892885015609,40.93112643080125,0.07337661295454428,0.03303341219701108,0.6655212794880185,0.0010912063213776404,9.105978790621997,bread_with_mold_000034.jpg,spoiled_bread
380.02571358267716,6.659571850393701,0.6343065496262181,0.5006509351910753,0.9803271520021908,0.2506513589076983,4.274727639290352,1004.9098518197038,10.621303242606485,0.6020276246216822,0.49264988763083695,0.9477676253601426,0.24270391178267628,4.428700447010841,837.1513287401574,8.822957677165354,0.614976049371075,0.4989734465784798,0.9564911634742175,0.24897450039040703,4.3221047495313885,970.3006386012771,10.286626573253146,0.6009554219355498,0.49337235324462814,0.9495665144719794,0.24341627894614212,4.417002455100602,693.0474950396824,9.902529761904761,0.6066690003476225,0.49190569494580366,0.9641161119235635,0.24197121272011407,4.440997387943152,1004.9098518197038,10.621303242606485,0.6020276246216822,0.49264988763083695,0.9477676253601426,0.24270391178267628,4.428700447010841,1644.3913690476193,14.560763888888888,0.5756544846146563,0.48825228049298186,0.9141805536132869,0.23839028940659743,4.529638753691492,970.3006386012771,10.286626573253146,0.6009554219355498,0.49337235324462814,0.9495665144719794,0.24341627894614212,4.417002455100602,1030.850125,12.898875000000002,0.5872836878437281,0.48271115238890533,0.9466113125084096,0.23301005664062496,4.558541223774539,1987.4734189972282,17.49748047367095,0.5603866420657276,0.4755362100572943,0.8962532870221,0.22613468707565515,4.6691277936418505,2472.8590000000004,19.967875,0.5495324730511877,0.4772442828036288,0.8704089676253859,0.22776210546875,4.66657865931198,1922.6143864953387,17.081506676744773,0.5580983141022478,0.47668847627987654,0.8996389481155668,0.22723190341803043,4.6570541035940085,1366.2397933467741,15.564516129032256,0.572897537878017,0.47361444836477823,0.9292160910235926,0.2243106456998732,4.661131779033673,3007.1118719999995,23.74688,0.526981470923892,0.45813321660844464,0.8423525571918599,0.20988604416000003,4.840681064038771,3275.8900579637093,24.977129536290324,0.5265508428255212,0.4666199173942498,0.8276805997696142,0.2177341473090165,4.771761272455377,2892.181568,23.445567999999998,0.5280618056412314,0.45993549126806904,0.8483777632028061,0.211540656128,4.832055089335283,1730.9824695121952,18.201600609756095,0.5581398638111893,0.46416505453582646,0.9102778844672067,0.21544919785224675,4.744792245825107,4015.338644640999,29.43854058272633,0.5007963491897665,0.44065469953315667,0.7886636089095228,0.19417656422065657,4.976727449035085,4108.620236280488,29.715764735772357,0.5072641807353292,0.4560171274626356,0.7830255197401114,0.20795162053927368,4.856373006038122,3863.0420785639963,29.356074401664934,0.501261543708259,0.4430031048892382,0.7966793230244811,0.19625175094150538,4.971217850701443,bread_with_mold_000041.jpg,spoiled_bread
804.1985728346457,14.92101377952756,0.3139977272746449,0.10945447797887485,0.9260736955335611,0.011980282749628,7.3621677140713775,1126.3172546345093,18.243350486700976,0.27091981855351127,0.10052755627745988,0.8959600396376857,0.010105789571117862,7.5389578346086505,1022.7009104330708,17.101008858267715,0.29025944237721785,0.10373025408109295,0.9058057510440107,0.010759965611728099,7.481590032169455,1213.5832971665945,18.878479756959514,0.2690921023406712,0.10127129557510463,0.8879070062450669,0.010255875307460206,7.544939258469672,1083.237785218254,18.17404513888889,0.2701858553096141,0.1051361251622897,0.9001414737183867,0.011053604814140645,7.516911082345942,1126.3172546345093,18.243350486700976,0.27091981855351127,0.10052755627745988,0.8959600396376857,0.010105789571117862,7.5389578346086505,1513.6148313492063,21.853546626984127,0.24396189230087245,0.09241287424841534,0.8599061693485431,0.008540139326853427,7.676249781828416,1213.5832971665945,18.878479756959514,0.2690921023406712,0.10127129557510463,0.8879070062450669,0.010255875307460206,7.544939258469672,1325.870375,20.439,0.24843003553892778,0.10287670867353796,0.877443663244574,0.0105836171875,7.60479032896208,1702.0333207357016,23.71686822877299,0.2292546670759922,0.09019051986194562,0.8415363340784588,0.008134329872968008,7.754199523799912,2015.1716875,26.342062500000004,0.21141729445647822,0.08434852593925397,0.8124961622296515,0.007114673828124999,7.83204925797969,1806.9383345930964,24.23626858150668,0.22764144219465499,0.09091580801279023,0.8318178924426264,0.008265684146618532,7.744070836573819,1551.2498109879032,22.557396673387096,0.23203224453968352,0.10127531226890699,0.8562258583886995,0.010256688875164623,7.674830430798188,2155.652736,27.697407999999996,0.20245347410571102,0.08194193456344559,0.7976381252179641,0.006714480639999999,7.890788946863756,2427.7436365927424,29.81483114919356,0.1905565577584709,0.07763965702913453,0.7728593388372704,0.006027916343601638,7.94270278546634,2334.7004160000006,28.747520000000005,0.1992065835336948,0.08236878321305956,0.780975598379067,0.006784616448000002,7.897899430115138,1791.6385289634147,24.519372459349597,0.22153589721815387,0.09990620134539346,0.8334179727337696,0.0099812490672663,7.7350605367581995,2644.2976066597294,31.776664932362117,0.17781305460754143,0.07463744630687373,0.749623986747013,0.0055707483912114586,8.019996841133423,2718.736852134147,32.65605945121952,0.17417357838091135,0.071962072752288,0.7442215608333935,0.00517853991480559,8.029306260827308,2833.55267950052,32.7968262226847,0.17967316111069803,0.0750757518455315,0.7320259389580859,0.005636368515171826,8.02465501045283,green_mold_on_bread_14.jpg,spoiled_bread
1923.8322465551184,30.252522145669296,0.10714882501780128,0.06065357611634184,0.8201455848886464,0.003678856295700873,8.778307658701301,2153.190712381425,31.205344410688824,0.10008162612375579,0.05268759447839068,0.7985703425021142,0.002775982611919344,8.814125213658947,2057.741387795276,31.2476624015748,0.09916273531204711,0.05312127943488608,0.8076184990428082,0.0028218703287992506,8.836813007210012,2174.472440944882,31.960443920887837,0.09874265889878309,0.052617781524049966,0.7965889544349333,0.002768630932512654,8.84394692807251,2329.06963045635,33.23257688492064,0.10534607460353675,0.060093777737466166,0.7820264415852918,0.003611262122759984,8.823408621042692,2153.190712381425,31.205344410688824,0.10008162612375579,0.05268759447839068,0.7985703425021142,0.002775982611919344,8.814125213658947,2580.700520833333,35.05121527777777,0.08564521382640172,0.04330194849933396,0.7585865737753749,0.0018750587438389706,8.939486304744445,2174.472440944882,31.960443920887837,0.09874265889878309,0.052617781524049966,0.7965889544349333,0.002768630932512654,8.84394692807251,2568.501375,35.28087500000001,0.10262401293174642,0.06025272296751409,0.7593105244772689,0.003630390625,8.863171874520468,2731.812610229277,36.084593096497855,0.08273742957495836,0.04276573569336669,0.7440803704703339,0.0018289081493948977,8.94508014438735,3065.09925,39.130625,0.07244512696166311,0.035634072309729065,0.7129391203329077,0.0012697871093749998,9.03248587798278,2899.843789367599,38.06827916351726,0.08059415595778653,0.04279425390005169,0.7283375614302617,0.0018313481668620893,8.992531312625434,2924.0456779233873,37.89157006048388,0.10081294632665892,0.05991594029173725,0.7258620770310764,0.0035899199010430236,8.914241865813455,3197.96896,39.635264,0.07328409754483689,0.03568552423602602,0.6997884183647919,0.0012734566400000003,9.027987466507202,3409.5190272177415,41.905745967741936,0.06534082799803452,0.031193613870988922,0.6802672312845461,0.0009730415463323525,9.092115817250967,3484.8318719999997,42.538112,0.07003979196721848,0.03536734041456892,0.672832086064282,0.0012508487679999997,9.08442063583446,3104.496443089431,39.18813516260163,0.10018138678939893,0.0599915028075367,0.708680175104235,0.0035989804091066833,8.930332888059965,3621.5184703433915,42.81009365244536,0.06618533968700699,0.03178355216450608,0.659573153359821,0.0010101941881938794,9.086923847324778,3744.5422383130085,44.546049288617894,0.06093884206735179,0.028714899703649734,0.6484181308799466,0.0008245454649906636,9.141695698871104,3967.1011316337153,46.3594562955255,0.05936695156812138,0.031046496160442794,0.627033791185365,0.0009638849238403892,9.156171793533336,green_mold_on_bread_16.jpg,spoiled_bread
605.7728838582677,11.862819881889765,0.34745407858484645,0.11035672307307562,0.9444697074783173,0.0121786063274275,6.523411975096611,815.1564263128528,14.34211668423337,0.30094168997556436,0.10124598418187383,0.9250154762961466,0.010250749312956248,6.686419729883458,709.6517593503936,13.067851870078739,0.3253020589159891,0.1038628417564901,0.9349511512903977,0.010787489897733704,6.625591922705937,914.5129890259781,14.868249736499473,0.3016458506677848,0.10164757244949144,0.9158827663229627,0.010332228984874611,6.693127615435241,834.100818452381,14.415674603174601,0.30651292977070904,0.10624788397048861,0.9232591313968816,0.011288612848206411,6.6626744885116835,815.1564263128528,14.34211668423337,0.30094168997556436,0.10124598418187383,0.9250154762961466,0.010250749312956248,6.686419729883458,1079.3451140873017,16.910838293650794,0.27899570607493385,0.09400644083678732,0.9007113013957799,0.008837210918800395,6.814125212053497,914.5129890259781,14.868249736499473,0.3016458506677848,0.10164757244949144,0.9158827663229627,0.010332228984874611,6.693127615435241,1035.0385,16.326,0.2818347572822545,0.10411552703007367,0.9044253025818314,0.01084004296875,6.746228502486279,1200.9703955656337,18.29075333837239,0.26110833623056423,0.09216734584750846,0.8887064044893682,0.008494819640574237,6.874138808755953,1422.2295,20.351875,0.2454847607672832,0.08657006961487902,0.8686886364757279,0.007494376953125,6.949611894280547,1354.6724615772237,19.24829931972789,0.26036436355488973,0.09208967824322904,0.8745048535129913,0.008480508838941452,6.893902666545712,1216.753654233871,18.037298387096776,0.2662216116065579,0.10273691815839317,0.8872515659014574,0.010554874352684377,6.81782261288906,1560.236864,21.685568,0.2321423506311952,0.08473241080011827,0.854311049755506,0.00717958144,7.004741613293149,1753.8366305443549,23.413873487903224,0.22436390959939112,0.08020887183739764,0.837479986588687,0.00643346312142808,7.0595912343960405,1761.537984,23.010496000000003,0.2259487847573814,0.08395351094504624,0.8356405168950262,0.007048191999999999,7.035443639522129,1405.4496316056911,19.666603150406505,0.25006626100542273,0.10142733373139808,0.8692495811672533,0.010287504027860403,6.874279075223045,1892.2837539021853,24.854513527575442,0.20849175332146322,0.07810499078646556,0.8219634817167399,0.00610038958575387,7.119945965433692,1935.4885035569107,25.71538363821138,0.20855865544110416,0.07490939802669241,0.819934993719719,0.0056114179127214284,7.152973701314982,2171.2077913631633,26.774648803329868,0.20049897957399637,0.07693040207030959,0.7960045371990602,0.005918286762699494,7.167802784257489,green_mold_on_bread_17.jpg,spoiled_bread
1808.9613681102364,26.711860236220474,0.13634521088634016,0.06227027118642072,0.8320740196899274,0.0038775866736303786,8.925283914614278,2091.4551429102858,30.10242420484842,0.11071063539049143,0.05278543237671109,0.8067137331561849,0.0027863018711963396,9.081480791212714,1874.6366264763783,27.992187500000007,0.11628948166379935,0.052987167244754045,0.826255882746479,0.0028076398926235356,9.039156672253277,2057.964535929072,29.822059644119292,0.1103822011309947,0.052793861013908566,0.8098094926392045,0.0027871917607558945,9.079808369768307,2291.2003968253966,30.907242063492063,0.12186465987545689,0.06175604576035204,0.7879479495558787,0.0038138091879546957,9.022373135863026,2091.4551429102858,30.10242420484842,0.11071063539049143,0.05278543237671109,0.8067137331561849,0.0027863018711963396,9.081480791212714,2440.602430555555,33.194692460317455,0.0911444391840763,0.043108345323802,0.7748190182826105,0.0018583294365561614,9.193543658461131,2057.964535929072,29.822059644119292,0.1103822011309947,0.052793861013908566,0.8098094926392045,0.0027871917607558945,9.079808369768307,2767.5327500000003,34.696375,0.11294687056273016,0.06149099591098684,0.7446698565106262,0.003781142578125,9.089727820930426,2958.0009448223736,37.35002519526329,0.0894885603919893,0.04284313116338541,0.7286824059728814,0.0018355338878830463,9.247807041002165,3094.560125,38.284875,0.07621784515093467,0.03459579657451176,0.7157014691482312,0.0011968691406249999,9.300707223288843,2941.906525573192,37.10153691106072,0.08706842547144117,0.04290157165633869,0.7301567560572149,0.0018405448505839632,9.24682246142444,3193.933467741936,37.69480846774194,0.10805436998871663,0.06142612043816483,0.7061973237977683,0.0037731682720839313,9.13966709373009,3813.4868479999996,43.31481599999999,0.07242900769081077,0.03474165591908365,0.6528082163639046,0.0012069826560000003,9.343006455807732,3678.376071068549,42.090158770161295,0.06662837352355022,0.031100388357867468,0.6634550861138233,0.0009672341560101784,9.361525771043537,3815.625664,43.454016,0.06978242502916449,0.034674388473338646,0.6526074981393863,0.0012023132159999998,9.345859812994867,3576.6249364837404,40.453061483739845,0.10422086791798012,0.06125358755719517,0.671963975782884,0.0037520019886269746,9.174045900935798,4576.896201873049,48.278616024973985,0.06205231605915307,0.03144791706814646,0.5862422829709083,0.0009889714879250174,9.399216130564161,4130.23062754065,44.84597306910569,0.06074838627154433,0.02870017902268654,0.6234021333727333,0.0008237002759342566,9.392901989446944,4539.585457856399,48.32557232049947,0.06116812410391693,0.031053852181750274,0.5896376256924815,0.0009643417353259963,9.406825447704913,green_mold_on_bread_19.jpg,spoiled_bread
495.7978592519685,12.053395669291337,0.23882529042674977,0.08500704057612572,0.952821150137782,0.007226196947511084,8.362021207100199,882.9939239878481,17.470580941161884,0.16862854658836807,0.07569216014350173,0.9155995513537336,0.005729303107189512,8.69690789308408,745.5608390748031,15.491695374015748,0.19471581370991803,0.07665934705633719,0.9287505708844276,0.005876655491103952,8.588453239033278,933.4534069068138,17.765391530783063,0.18227906609644356,0.0761838365395481,0.9107794991395619,0.005803976949884585,8.684453246857618,788.022197420635,16.115451388888893,0.19599679281270388,0.08332889282667323,0.9250055662137776,0.006943704379719194,8.580864451430148,882.9939239878481,17.470580941161884,0.16862854658836807,0.07569216014350173,0.9155995513537336,0.005729303107189512,8.69690789308408,1409.993923611111,23.00719246031746,0.14411751233048883,0.06611619230572967,0.8644798137478823,0.004371350885008227,8.896309298570436,933.4534069068138,17.765391530783063,0.18227906609644356,0.0761838365395481,0.9107794991395619,0.005803976949884585,8.684453246857618,1016.3063125,18.8719375,0.1764392473697551,0.08231042375893227,0.903305030384556,0.0067750058593750015,8.691975510531478,1624.0587049634669,25.559334845049133,0.1244624376836801,0.06483700072361746,0.8438428382418084,0.004203836662834371,8.97896486212022,2082.9100625,29.2071875,0.11790180410420341,0.058420535639233925,0.7983584192931611,0.0034129589843750014,9.063855203747554,1765.572373393802,26.278596623834723,0.14212987586807468,0.06569195343619147,0.8302522447539753,0.004315432746262749,8.956861271102909,1270.5013860887098,21.412676411290324,0.16280229608112942,0.08163934526614756,0.8790697438996518,0.006664982695485252,8.768582511243434,2303.877248,31.893504,0.1027475194839181,0.05717618301355906,0.7769082562403653,0.003269115904,9.130315521363137,2707.935609879032,34.414944556451616,0.09890737019425755,0.05116330877544051,0.7358219266233211,0.0026176841648510676,9.17921612522538,2545.136448,32.877888,0.11781267116071274,0.057525195871026814,0.753577727617156,0.0033091481600000003,9.109661900811066,1520.519118394309,23.809387703252035,0.1494525068808907,0.08076326634730563,0.8552170930659497,0.0065227051910858305,8.82885058776603,2957.7542924037452,37.36680541103017,0.08548032799000838,0.0504326304748882,0.7111997428464848,0.0025434502166166214,9.22967623495274,3184.2485391260166,38.508955792682926,0.08804921139867268,0.044819037306825675,0.6869775729143299,0.0020087461051106316,9.260164591394508,3281.2276274713836,38.7272372528616,0.0966567175428796,0.050259773706889777,0.6796548256519549,0.002526044853067769,9.216748712753308,green_mold_on_bread_20.jpg,spoiled_bread
1136.6622785433071,20.028174212598422,0.17801229256068668,0.07954720046183261,0.8925564040806531,0.006327757101314983,8.406785831399292,1654.3711947423894,23.86068572137144,0.15951437715376743,0.07240356323471177,0.8432067418338943,0.005242275969082906,8.54392166518934,1369.256397637795,21.274237204724407,0.16939657722074214,0.07312058204720906,0.8702819307649361,0.005346619518922631,8.463754365663952,1707.7572075144153,24.515345030690064,0.1549349354185738,0.07240462505736736,0.8381453235599715,0.005242429729697949,8.559251760131234,1689.5220734126988,25.349206349206355,0.1481515621456888,0.07797819315498186,0.840178338653053,0.0060805986077156595,8.562098391677782,1654.3711947423894,23.86068572137144,0.15951437715376743,0.07240356323471177,0.8432067418338943,0.005242275969082906,8.54392166518934,2238.673363095238,28.474826388888886,0.135899903824767,0.06547483999704566,0.7872758554815638,0.004286954672638731,8.675704671451472,1707.7572075144153,24.515345030690064,0.1549349354185738,0.07240462505736736,0.8381453235599715,0.005242429729697949,8.559251760131234,2102.9816249999994,28.948124999999997,0.1362208900793454,0.07745260647647693,0.8007651620823678,0.005998906249999997,8.64784141185089,2489.3089569160998,30.556500377928955,0.12755966150258458,0.06461393920085579,0.7632060277462223,0.0041749611390518885,8.733210420578192,2918.4086874999994,33.81581249999999,0.1144197211256795,0.05872981701188927,0.7217449380952016,0.003449191406249999,8.827110582235857,2687.32955404384,32.374401612496854,0.12510755545745395,0.06443941026809805,0.7443604092047023,0.004152437595700259,8.762457859939222,2460.1740801411297,32.079826108870975,0.13041930694730025,0.07661317524108785,0.7664971488118226,0.005869578620521636,8.712795937435937,3050.879808,34.903744,0.11364513598934636,0.057564557984926795,0.7083858434404994,0.0033136783359999995,8.860802421519871,3522.98046875,38.246849798387096,0.09967127441124078,0.05109306547838859,0.6628814830237261,0.002610501339978904,8.925144087292153,3464.907648,38.461439999999996,0.10544700473507894,0.057276335078285154,0.6687873826592852,0.0032805785599999988,8.910874702119566,2753.343114837399,34.52642276422765,0.12322253909629988,0.0764423534637188,0.737942357432072,0.005843433403072122,8.760283815714562,3534.74336628512,38.6264308012487,0.09975037090120206,0.05015132498541585,0.6603077806922992,0.002515155397792796,8.960800869728669,3910.377286585366,41.44512195121951,0.08943489265906664,0.0453513436565267,0.6242519234281085,0.002056744371452385,9.018078583436692,4124.6747528616015,43.581230489073874,0.08895745785439912,0.04968931486835324,0.603564738932887,0.0024690280120863504,9.01357516356962,green_mold_on_bread_21.jpg,spoiled_bread
700.443405511811,16.0847687007874,0.18297970863585689,0.07173170141333132,0.9340357935618718,0.005145436987651318,8.56824082713102,991.2910905821813,19.80717961435923,0.1430025724904181,0.06252857744484797,0.906275860720744,0.00390982299727635,8.787863829069867,816.0404773622047,17.373400590551178,0.16833233618800353,0.06318646587232062,0.9227352693329028,0.003992529469433939,8.680344147038618,1004.6345092690187,19.783247566495135,0.14377440968980126,0.06258865687442262,0.9050164805663091,0.00391733996934421,8.780688506974652,1039.5793650793648,20.296875,0.14970586770546424,0.07073902821496782,0.9022348160961475,0.005004010112798014,8.745239109475076,991.2910905821813,19.80717961435923,0.1430025724904181,0.06252857744484797,0.906275860720744,0.00390982299727635,8.787863829069867,1341.3043154761904,23.336185515873012,0.12352453905703989,0.05420519393891619,0.8724739174905657,0.0029382030499555158,8.934859108479326,1004.6345092690187,19.783247566495135,0.14377440968980126,0.06258865687442262,0.9050164805663091,0.00391733996934421,8.780688506974652,1341.4340625,23.664562500000002,0.13581701286563236,0.07006243030772627,0.8740370331818552,0.004908744140625001,8.850487859732077,1609.995527840766,26.390337616528093,0.11117126795420569,0.05356799392183319,0.8473571518404222,0.0028695299728095573,9.018186064607402,1856.4311874999999,28.145687499999994,0.10509782182369491,0.0481012928620427,0.8226969966186465,0.002313734375,9.078199458026218,1700.4143361048123,27.04560342655581,0.11024643047943122,0.05331146694891518,0.8387922970249715,0.0028421125082452757,9.02435768854421,1654.6456023185483,26.779674899193548,0.12446342450841812,0.06928534549673687,0.8448609480795072,0.004800459100602197,8.932266276848434,2206.4629760000003,31.97952,0.09210877605928085,0.04717357904590238,0.7901700842192815,0.00222534656,9.16076811154616,2314.4335937500005,32.203755040322584,0.08791175912499372,0.04218930370591363,0.778004896079154,0.0017799373471898178,9.186027694752518,2351.080384,32.696768,0.08844650777693147,0.047048489029935914,0.776431241199576,0.0022135603200000003,9.16597510835345,1946.9769435975609,29.4750381097561,0.11660217262602551,0.06884141519608052,0.8176685437704866,0.0047391404461991455,8.98772075829438,2702.008909989594,36.465595733610826,0.07826111610123165,0.04137596926911635,0.7423389655727232,0.001711970832958861,9.258632859828133,2694.9406122967484,35.631415142276424,0.0755996415791427,0.03542277399853223,0.7400980583593548,0.0012547729177510908,9.275976320958337,2907.755658168575,37.522697710718006,0.07727718865754363,0.04123327004723967,0.7227378883380557,0.0017001825587885926,9.265133682915762,green_mold_on_bread_23.jpg,spoiled_bread
1128.6907603346458,23.24267962598426,0.08287902047060891,0.018836730766071,0.8951455752075208,0.00035482242595344577,8.76565370117234,1285.0017360034717,24.457622915245825,0.08119951115202469,0.01827311006985047,0.8804232866239489,0.00033390655162487075,8.80068195541655,874.9653666338583,20.383796751968504,0.09464513322084946,0.01989218984152831,0.9187702452243848,0.00039569921669140213,8.667050437928694,1153.9376278752559,23.489118978237958,0.08347739850870706,0.018689412649283112,0.8926173208370473,0.00034929414517518355,8.775480044377044,1738.7160218253966,28.285714285714285,0.0694414118763859,0.017120563289547086,0.8382387183152811,0.0002931136873513873,8.907744856033778,1285.0017360034717,24.457622915245825,0.08119951115202469,0.01827311006985047,0.8804232866239489,0.00033390655162487075,8.80068195541655,1287.0065104166665,24.493613591269842,0.08054129821257093,0.01855359320388019,0.880381938584756,0.00034423582077506925,8.79760486187432,1153.9376278752559,23.489118978237958,0.08347739850870706,0.018689412649283112,0.8926173208370473,0.00034929414517518355,8.775480044377044,2315.7121875,32.3640625,0.061022815614077824,0.015779300622175876,0.7842540044158657,0.000248986328125,8.993378128439735,2010.3374275636181,30.14795918367347,0.06369702493531579,0.016252714742065008,0.8124120615274053,0.0002641507364869373,8.950266717841247,1562.092,26.7975,0.07417768274028395,0.01779192891102592,0.8545936371131819,0.000316552734375,8.850602355460069,1777.1125598387503,28.760833963214917,0.07137151048863527,0.017000736112710847,0.8341313197167083,0.00028902502837403076,8.908711445586166,2824.862273185484,35.65927419354839,0.056367306593850405,0.014941190722317886,0.7364130002385659,0.00022323918020067808,9.059065460707632,2686.2773119999997,34.714175999999995,0.05475989057416462,0.014914059943556619,0.7485475811009785,0.00022242918400000003,9.044478027107724,1793.7879914314517,28.66072328629032,0.06800482131009575,0.016979265241361396,0.832771986810463,0.0002882954481365033,8.903847233344326,2357.975488,32.754496,0.06285379246176423,0.015555818461270368,0.7791288698177585,0.00024198348799999998,9.008393074858684,3288.352959857724,38.64767530487805,0.048871924997396565,0.014340615641941142,0.6928308455260787,0.00020565325698988695,9.111736649692125,3258.5200962539025,38.41564776274714,0.049805966985404536,0.014030920015631939,0.6939521481676606,0.00019686671648506097,9.11369422093929,2058.3965955284552,30.57990345528455,0.06408206865335639,0.016219545823683477,0.8078627022160113,0.0002630736667265681,8.957809101693032,2936.6434703433924,36.76326742976067,0.052535768244036204,0.014367603650678525,0.7238368383169717,0.00020642803466299088,9.085311218097207,green_mold_on_bread_24.jpg,spoiled_bread
653.5473056102362,15.904096948818898,0.22628877856304822,0.07566063152933496,0.9437250695856974,0.0057245311634177955,7.311330189814393,874.7726455452912,19.108066216132435,0.17915982813048464,0.07076975359157371,0.9246085101009537,0.0050083580234120606,7.4616530505141085,738.1170029527559,17.48855807086614,0.19790372713443125,0.07345105251661017,0.9364460591100557,0.005395057115797826,7.387060181272174,877.7397234794471,19.123690247380495,0.18066878736382774,0.070516385544231,0.9243564687650139,0.00497256063022263,7.461426670247637,979.6852678571428,19.74652777777778,0.20151056954275637,0.0710566558283339,0.9155696105931905,0.005049048337506298,7.488687815555695,874.7726455452912,19.108066216132435,0.17915982813048464,0.07076975359157371,0.9246085101009537,0.0050083580234120606,7.4616530505141085,1124.0370163690477,22.011222718253972,0.15486465997135176,0.0666611147967052,0.9030873756451157,0.004443704225939509,7.5754717703861925,877.7397234794471,19.123690247380495,0.18066878736382774,0.070516385544231,0.9243564687650139,0.00497256063022263,7.461426670247637,1262.0786875000001,22.8465625,0.17559728390483909,0.06648844178220001,0.8911344501421261,0.004420712890625,7.628327221780745,1354.6507936507937,24.70231796422273,0.14536739903627244,0.06323226822168782,0.8829396077997151,0.003998319744459471,7.711322903150127,1460.0219375,25.435437500000003,0.1396825094836773,0.06273258286668101,0.8739007467443652,0.003935376953125,7.711810563934369,1368.5227387251198,24.49061476442429,0.14201599315045316,0.06302921312588002,0.8817660148157666,0.003972681707267605,7.69347599169952,1542.6444052419354,25.663684475806452,0.1627600330343465,0.0626516893020157,0.8668613616431091,0.003925234172396308,7.739525883416637,1777.1134720000005,29.139456000000006,0.12161079236846228,0.057619818812627316,0.8459083982839488,0.003320043520000001,7.893376395296892,1809.922883064516,28.766129032258064,0.12514798542976374,0.05960266366590598,0.8434701736050507,0.003552477516071109,7.816446080943555,1865.4353920000003,29.200384000000003,0.12147413884928297,0.05833363900872293,0.8382988861718538,0.0034028134400000015,7.862332114647748,1800.9528074186992,28.053036077235774,0.1462612921583026,0.05943754430004051,0.8444927555741275,0.003532821672419278,7.836131110632776,2209.327978668054,33.25917013527576,0.10730895178080227,0.05303370166989379,0.8078811329298489,0.0028125735128112952,8.04463808157464,2158.0915269308944,31.79858993902439,0.11532923558667235,0.05718564358166499,0.8130884186751219,0.0032701978318492217,7.911706161432263,2316.294810093652,32.996162851196665,0.1114517163533687,0.05437204221978918,0.798621349498778,0.002956318975150537,8.006731244491384,green_mold_on_bread_27.jpg,spoiled_bread
312.0917199803149,8.367925688976378,0.5443898308243338,0.1960253678298977,0.9745951126450358,0.0384259448328467,5.467380742898294,583.0290160580321,11.399156798313598,0.48868522904463896,0.1848800191052271,0.9524442135514469,0.03418062146434914,5.672921888327168,501.27897391732284,9.887118602362204,0.5307033349971724,0.19089352102531473,0.9589901318788727,0.03644033636944228,5.552595265702635,605.7872775745552,11.256060512121024,0.5017024740246961,0.18468516866361973,0.9505881396625031,0.03410861152430966,5.625420312688296,486.8458581349206,11.190352182539684,0.4772824926805465,0.18369942054576127,0.9604823897269655,0.033745477108848454,5.653557197145231,583.0290160580321,11.399156798313598,0.48868522904463896,0.1848800191052271,0.9524442135514469,0.03418062146434914,5.672921888327168,882.5445188492063,13.861607142857142,0.4605492051265362,0.17574009510600683,0.9276193605393506,0.030884581027868327,5.767680274668329,605.7872775745552,11.256060512121024,0.5017024740246961,0.18468516866361973,0.9505881396625031,0.03410861152430966,5.625420312688296,649.9686875,13.3909375,0.4317601035634396,0.17624097937908767,0.9474138105294669,0.031060882812500003,5.768327368103948,999.4293272864702,16.179264298311917,0.41008926679612767,0.169885222478714,0.918504948646245,0.02886098881664215,5.912970286590592,1259.7330000000002,17.362875000000003,0.4124020740955216,0.16599804098053386,0.896382482559591,0.027555349609374998,5.914145639634745,1063.4916855631143,15.838498362307888,0.4303750380160175,0.16868906740568962,0.9132831029819107,0.028456001462201293,5.837398947882452,809.3879788306451,15.455645161290322,0.3934449623730788,0.16995104427436558,0.9347176858482399,0.02888335744994737,5.873224119187785,1418.5164799999998,20.529407999999997,0.35235665898854096,0.1593522696920254,0.8843640962652966,0.025393145856,6.082616204649666,1565.9530619959678,20.31319304435484,0.37962150422373353,0.15850771509659908,0.870721704800447,0.025124695745144626,6.030953504788068,1520.836224,19.758720000000004,0.382355620856621,0.1587630393259086,0.8760296802154902,0.025205702655999997,5.987860955023727,985.4563643292684,17.627858231707314,0.3606926813711141,0.16484009005911732,0.9207358404154163,0.02717225529069791,5.9637952181433125,1792.8402055150887,24.472099375650366,0.30952077795956184,0.15087864332770567,0.853752981805865,0.022764365012409027,6.215020762965602,1796.2739456300815,22.70877794715447,0.35569516873724616,0.15258455932861759,0.8510168802447158,0.023282047745508423,6.1346799747143095,1920.9268990634755,23.316077003121748,0.33985537695968204,0.14964659162299687,0.8433187494141825,0.02239410238438,6.108871768234179,green_mold_on_bread_29.jpg,spoiled_bread
2301.6524975393704,31.329170767716533,0.11623755011730716,0.062035391325095064,0.7840560163326463,0.0038483897768576796,9.005162329952864,3037.3733647467297,37.4248248496497,0.09405148475552834,0.05274365161381998,0.7142706932916442,0.0027818927855600153,9.170130007529059,2663.4406988188975,34.48781988188976,0.09993308318036631,0.05396088344085877,0.7491477649875237,0.002911776941717946,9.124112728472937,2862.3563767127534,36.27552855105711,0.09800355357292485,0.05409916735836079,0.7307368555850209,0.002926719908867929,9.145559197649298,2885.2439856150795,36.36749751984127,0.10264804012675935,0.06063818501235583,0.7294981080088129,0.003676989481592695,9.102541670870671,3037.3733647467297,37.4248248496497,0.09405148475552834,0.05274365161381998,0.7142706932916442,0.0027818927855600153,9.170130007529059,3445.4264012896824,40.88002232142857,0.08037532674944736,0.044795968285815634,0.674716035323375,0.0020066787746638,9.27288227890938,2862.3563767127534,36.27552855105711,0.09800355357292485,0.05409916735836079,0.7307368555850209,0.002926719908867929,9.145559197649298,3176.224625,38.740750000000006,0.09728653828080543,0.05941197861647936,0.7022788982579494,0.003529783203125,9.140141680813421,3611.5178886369367,42.174225245653815,0.07654674161368966,0.042948941155313905,0.6597006470959811,0.0018446115463626167,9.292392584492003,3845.126875,43.901625,0.06785250450072608,0.03758895698872209,0.6360463144691176,0.001412929687499999,9.335122389827683,3473.9146510456035,41.38504661123709,0.07953479464397639,0.045377077505703634,0.6726716857214221,0.0020590791629586346,9.256718517345918,3489.0035282258063,40.930191532258064,0.09494861174365549,0.058360730644277735,0.6732362079721093,0.003405974881333938,9.179172407681698,4171.104703999999,46.500416,0.06459150710703487,0.03599617401891484,0.6060483648141662,0.0012957245439999998,9.358280101774737,4095.7665700604834,46.30626260080645,0.060497251571478144,0.030987769644262763,0.6114428006880532,0.0009602418675258928,9.399517646120673,3923.082176,44.876224,0.07010061857502191,0.03850080103062793,0.6294899689986057,0.0014823116800000006,9.335142676843814,3698.3541031504064,42.35041920731708,0.09355352401267507,0.057250228798565166,0.6537995941937621,0.0032775886974880605,9.195888013134143,4608.563670655567,49.72392039542144,0.05515234209187355,0.02943812343234243,0.5641366419700021,0.0008666031112178284,9.424959802110784,4432.70699949187,49.01289380081302,0.04960720860798721,0.02524026213741255,0.5782913899779737,0.0006370708327653016,9.456876723412273,4172.060288761707,47.23419614984392,0.06165389778766527,0.032208199685539354,0.6054553520291316,0.0010373681269835774,9.39516326936985,green_mold_on_bread_6.jpg,spoiled_bread
1128.6907603346458,23.24267962598426,0.08287902047060891,0.018836730766071,0.8951455752075208,0.00035482242595344577,8.76565370117234,1285.0017360034717,24.457622915245825,0.08119951115202469,0.01827311006985047,0.8804232866239489,0.00033390655162487075,8.80068195541655,874.9653666338583,20.383796751968504,0.09464513322084946,0.01989218984152831,0.9187702452243848,0.00039569921669140213,8.667050437928694,1153.9376278752559,23.489118978237958,0.08347739850870706,0.018689412649283112,0.8926173208370473,0.00034929414517518355,8.775480044377044,1738.7160218253966,28.285714285714285,0.0694414118763859,0.017120563289547086,0.8382387183152811,0.0002931136873513873,8.907744856033778,1285.0017360034717,24.457622915245825,0.08119951115202469,0.01827311006985047,0.8804232866239489,0.00033390655162487075,8.80068195541655,1287.0065104166665,24.493613591269842,0.08054129821257093,0.01855359320388019,0.880381938584756,0.00034423582077506925,8.79760486187432,1153.9376278752559,23.489118978237958,0.08347739850870706,0.018689412649283112,0.8926173208370473,0.00034929414517518355,8.775480044377044,2315.7121875,32.3640625,0.061022815614077824,0.015779300622175876,0.7842540044158657,0.000248986328125,8.993378128439735,2010.3374275636181,30.14795918367347,0.06369702493531579,0.016252714742065008,0.8124120615274053,0.0002641507364869373,8.950266717841247,1562.092,26.7975,0.07417768274028395,0.01779192891102592,0.8545936371131819,0.000316552734375,8.850602355460069,1777.1125598387503,28.760833963214917,0.07137151048863527,0.017000736112710847,0.8341313197167083,0.00028902502837403076,8.908711445586166,2824.862273185484,35.65927419354839,0.056367306593850405,0.014941190722317886,0.7364130002385659,0.00022323918020067808,9.059065460707632,2686.2773119999997,34.714175999999995,0.05475989057416462,0.014914059943556619,0.7485475811009785,0.00022242918400000003,9.044478027107724,1793.7879914314517,28.66072328629032,0.06800482131009575,0.016979265241361396,0.832771986810463,0.0002882954481365033,8.903847233344326,2357.975488,32.754496,0.06285379246176423,0.015555818461270368,0.7791288698177585,0.00024198348799999998,9.008393074858684,3288.352959857724,38.64767530487805,0.048871924997396565,0.014340615641941142,0.6928308455260787,0.00020565325698988695,9.111736649692125,3258.5200962539025,38.41564776274714,0.049805966985404536,0.014030920015631939,0.6939521481676606,0.00019686671648506097,9.11369422093929,2058.3965955284552,30.57990345528455,0.06408206865335639,0.016219545823683477,0.8078627022160113,0.0002630736667265681,8.957809101693032,2936.6434703433924,36.76326742976067,0.052535768244036204,0.014367603650678525,0.7238368383169717,0.00020642803466299088,9.085311218097207,moldy_bread_000002.jpg,spoiled_bread
636.9831446850394,15.078001968503937,0.21608925759146158,0.04200163106548058,0.9420000088246244,0.001764137012160743,8.397745598370033,871.0497240994482,18.753983507967018,0.17470758153457785,0.03764393066958333,0.9203953293150693,0.0014170655162563967,8.597769041327638,611.7939837598426,15.146715059055119,0.20918301264905215,0.039060223366603704,0.9441119610759231,0.001525701049448974,8.437114141156322,865.6004092008185,18.62055924111848,0.1827074958883561,0.03792657099835677,0.9208933297563314,0.001438424787693397,8.586103984962541,1082.3953373015875,20.39707341269842,0.1755120061462081,0.03808315832371041,0.9014626437433084,0.0014503269479087936,8.611984107729093,871.0497240994482,18.753983507967018,0.17470758153457785,0.03764393066958333,0.9203953293150693,0.0014170655162563967,8.597769041327638,1136.0992683531747,21.674789186507937,0.1555553692848282,0.033180002958152204,0.8958862133038825,0.0011009125963029889,8.704603031517486,865.6004092008185,18.62055924111848,0.1827074958883561,0.03792657099835677,0.9208933297563314,0.001438424787693397,8.586103984962541,1434.1551250000002,23.791375000000002,0.15525075763030782,0.035171343981997616,0.8695229502636463,0.0012370234375,8.708414091146029,1558.0711136306375,26.031053162005545,0.12674588080083346,0.03085153302727576,0.8571837112537045,0.0009518170901330869,8.83624262862931,1587.0481875,26.1373125,0.12449992921289443,0.028888491166466277,0.8541397328208077,0.0008345449218750001,8.858097966103177,1464.8279163517261,25.376669186193,0.13653357284887713,0.031911133801783474,0.8657231784388348,0.0010183204605153278,8.814704344762369,1747.729019657258,26.621534778225804,0.13731051112957934,0.03265296042870155,0.8411781308789135,0.001066215824758349,8.794822599692719,2148.304256,31.12896,0.09845108729924903,0.026563546751139994,0.8026467369070909,0.0007056220160000001,8.96964014452926,1991.0289188508068,29.794669858870975,0.10145338864311314,0.025662061308488287,0.816265115940061,0.0006585413906006115,8.966668132827039,1939.4703359999999,29.833087999999996,0.10986710360016964,0.027866653907493093,0.8217952008480378,0.0007765504000000001,8.942884342439653,2045.7902057926833,29.24142530487805,0.12174015574733815,0.030687787594489743,0.8143495803624876,0.0009417403074445187,8.866308391474023,2743.9068028095735,36.259820499479716,0.07460269839550171,0.02346309989027638,0.7472095711087174,0.0005505170564610875,9.077898087326933,2368.3360010162605,32.98615345528455,0.08544324704675708,0.023201438743805026,0.780436192378841,0.0005383067597825369,9.042549150464088,2375.835002601457,33.673712278876174,0.09414187259738858,0.024861527470756838,0.7810255515494782,0.0006180955481791968,9.033474671354139,moldy_bread_000006.jpg,spoiled_bread
1507.0855068897636,22.084522637795274,0.4232262678367016,0.33744171029758874,0.9087779039603628,0.11386690784856181,5.952830435384017,2245.533077066154,28.097278194556388,0.38932294148899194,0.32627670552083304,0.8633511377091292,0.10645648856552842,6.1026046273793675,2003.6562499999998,26.354207677165356,0.4002930082758597,0.3325739699902719,0.8784064671706141,0.11060544551509026,6.027675411020578,2244.5953871907745,28.282410564821134,0.3919052633781273,0.32801755509368,0.8634081995515759,0.10759551644963543,6.101439021503335,2245.098276289683,28.232204861111118,0.39795108809090035,0.3214392879851782,0.863710937837087,0.1033232158604183,6.100885529864558,2245.533077066154,28.097278194556388,0.38932294148899194,0.32627670552083304,0.8633511377091292,0.10645648856552842,6.1026046273793675,3181.625062003968,34.127542162698404,0.3677055891530426,0.3154506103649523,0.8058580954745714,0.09950908757962097,6.181254285516073,2244.5953871907745,28.282410564821134,0.3919052633781273,0.32801755509368,0.8634081995515759,0.10759551644963543,6.101439021503335,2726.404625,31.709625,0.38159769252056835,0.3094933990612724,0.8339824768827944,0.0957861640625,6.196316270217406,3650.8728898966992,36.948853615520285,0.3494125811420775,0.30142293242541623,0.775950265210237,0.09085578419193703,6.303967288102929,4133.7278750000005,39.518,0.3454998177149203,0.30192624112210753,0.74643727264247,0.091159455078125,6.279300592782043,3534.2055933484507,36.14877802973041,0.3564072068271625,0.3068016080473307,0.7831099986872945,0.09412722670042795,6.292035934525261,3099.9805317540327,34.19146925403226,0.36828138442363045,0.29820888022892345,0.8105457883788615,0.0889285362473884,6.268290506051308,4827.5715199999995,43.480128,0.32347375137417816,0.2804865769907715,0.701212529466713,0.07867271987199999,6.446525880812612,4918.466796875,43.650768649193544,0.3272113623562664,0.2899006851033417,0.6967417536412585,0.08404240722338688,6.358492003561375,4584.273728,41.600319999999996,0.333108987785344,0.2884411980560336,0.7162978599496076,0.08319832473599999,6.433330611897665,3473.693279979675,36.3318724593496,0.3589471709386978,0.2887234256231457,0.7869721048252657,0.08336121650356414,6.338921885073786,5845.62012226847,48.69569458896983,0.298852439685076,0.2618447458231144,0.6349316035559108,0.06856267091517139,6.576105304634501,5638.815929878048,47.56783536585366,0.3107398662903226,0.2791014798871479,0.6503774756393996,0.07789763607519601,6.421699109361719,5622.505202913631,47.208246618106145,0.3064419789352917,0.2690513283051469,0.6489181601756979,0.07238861726276392,6.561603975697317,moldy_bread_000007.jpg,spoiled_bread
1066.3150836614172,15.64677657480315,0.48174254087403556,0.45460522995435254,0.9437980240812553,0.20666591510184976,5.462030953106657,1353.6389112778227,17.23677847355695,0.473287757380028,0.4472140910290874,0.928616850679215,0.20000044321497287,5.527967901976277,739.2920767716535,12.184547244094489,0.4946742275850433,0.45768769691112493,0.9610343357865955,0.20947802790380973,5.367993607911759,1356.8544857089717,17.320850641701288,0.47229471144607704,0.4472136719997206,0.9284472797339218,0.20000006842347368,5.531073048608892,1711.1078869047617,19.414186507936506,0.4673124942355798,0.44209747892584483,0.9097655664453129,0.1954501808725878,5.580044262946932,1353.6389112778227,17.23677847355695,0.473287757380028,0.4472140910290874,0.928616850679215,0.20000044321497287,5.527967901976277,1366.805183531746,16.59511408730159,0.47732184811318285,0.44829440629657574,0.9279222003127489,0.20096787471679933,5.508668807001924,1356.8544857089717,17.320850641701288,0.47229471144607704,0.4472136719997206,0.9284472797339218,0.20000006842347368,5.531073048608892,2335.7647500000003,22.822625000000002,0.45414437594658097,0.4293298306845507,0.876741747173219,0.184324103515625,5.6879460195625065,2329.4504913076344,22.52443940539179,0.45203532647869504,0.42669983186560023,0.8769769752497704,0.1820727465141315,5.705241064709968,1900.074125,19.625500000000002,0.4662377647328526,0.438633380156481,0.8997331315626393,0.1923992421875,5.604441366285872,2369.817208364828,22.80259511211892,0.4519128971308721,0.4266354839934783,0.8748451267086044,0.1820178362023495,5.713633682110089,2968.686743951613,26.42956149193548,0.4391879274838137,0.41648448940235383,0.8432131918069692,0.17345932991273938,5.7844332318070775,3302.855168,27.943551999999997,0.4279076683868884,0.4056666088107327,0.8252064012135131,0.164565397504,5.872802140557723,2373.9582283266136,22.183656754032263,0.4556261926977765,0.4294469665166107,0.8746434137829269,0.18442469705031894,5.688368736370904,3372.3315199999997,28.20992,0.42856106242180536,0.40547558233758046,0.8215295758672807,0.16441044787200002,5.877128488438945,3551.518800813008,29.44359756097561,0.4268331926709583,0.4034367777180408,0.8122469406194655,0.1627612336155159,5.87373367830908,4225.413306451614,32.81627211238293,0.40680845580123715,0.38449311997209956,0.7758156944631835,0.14783495930587937,6.015237766295478,2787.263592479675,24.379700203252035,0.44595726916856915,0.4210031028936573,0.8527061979997849,0.17724361264608737,5.752544717067414,4321.651209677419,33.18593912591051,0.4058731688358284,0.3842971758599017,0.7707096785692933,0.14768431937389623,6.022330120818705,moldy_bread_000008.jpg,spoiled_bread
1817.5300812007874,23.857714074803148,0.17983884347885848,0.0607509825507002,0.8303537400591208,0.00369068188087548,8.189356008824586,2346.48031496063,28.70760741521483,0.14229227692217167,0.05139711183171533,0.7812013171632591,0.0026416631046418523,8.396124508792061,2190.9241510826773,27.460199311023622,0.1454864063237991,0.05152749048320306,0.7957683975454423,0.002655082275496582,8.367119215260471,2235.7851075702156,27.958955917911837,0.14497861297067582,0.05146688140298507,0.7915345464288619,0.00264883988134893,8.391580951155767,2303.3490823412694,28.135292658730158,0.16093893999024658,0.05944638338204353,0.7849571037977184,0.0035338724972049005,8.328523275523189,2346.48031496063,28.70760741521483,0.14229227692217167,0.05139711183171533,0.7812013171632591,0.0026416631046418523,8.396124508792061,2675.2870163690477,31.660776289682538,0.12663294274015433,0.04361224433315526,0.750801032927461,0.001902027855774833,8.529900167974132,2235.7851075702156,27.958955917911837,0.14497861297067582,0.05146688140298507,0.7915345464288619,0.00264883988134893,8.391580951155767,2594.5723749999997,30.759500000000003,0.14476512264555888,0.05907423825154244,0.7577693669097396,0.0034897656250000002,8.412133477210821,3006.675547996977,34.11734693877551,0.11986740155612996,0.0431073072298213,0.7196952760551237,0.0018582399366062034,8.574199918929772,3059.4883750000004,34.863125000000004,0.10930973928502405,0.03737891910890415,0.7147898229316221,0.00139718359375,8.628091376825568,2828.526392038297,32.88592844545226,0.1199763385987853,0.043317080519846285,0.7363886510925051,0.0018763694647628464,8.552580779600508,2903.671055947581,33.25648941532259,0.13641723630335081,0.05842002814258866,0.7289289689143527,0.0034128996881808513,8.477852856089411,3357.372608000001,37.36083200000001,0.10719791199559542,0.037102285428259,0.6865951432150538,0.0013765795840000002,8.682372003834526,3278.106728830645,37.091607862903224,0.09596162506772887,0.03356004271115457,0.6941663452661113,0.0011262764667745188,8.710940180387212,3258.7171200000003,36.54368,0.10426649236052246,0.0370440602526235,0.6960486408480965,0.0013722624000000003,8.669022148907855,3172.158473069106,35.32107469512195,0.1306544123600117,0.057972394014843234,0.7038957679353016,0.003360798467812232,8.519784120109748,3682.3474245577527,40.36355359001041,0.09010084443765787,0.03303968576581003,0.6557447189398103,0.00109162083550347,8.781489649422348,3469.5451600609763,39.089875508130085,0.08927428504988136,0.030226633454215543,0.6757661288040423,0.0009136493699755023,8.77655714357283,3621.8250520291367,39.594042663891784,0.09125609860784233,0.03316082651137443,0.6619235817075971,0.0010996404149174732,8.760272522742886,moldy_bread_000009.jpg,spoiled_bread
1790.44186761811,26.407295767716533,0.16250947584190528,0.08043217577014199,0.8289818202090066,0.0064693348991190155,8.522185851147077,2056.571951143903,29.048608097216196,0.13817946845567824,0.07268913681439139,0.802857763682921,0.00528371061082131,8.641597771114856,1613.187623031496,25.194635826771652,0.15186393113253344,0.07302916845901894,0.8453293646763393,0.005333259445815766,8.560260541672605,2222.2971665943337,30.421538843077688,0.13421118202372048,0.07238914745135293,0.7869741347441852,0.005240188668733717,8.687024465707822,2575.1080729166665,32.91226438492063,0.1402274303738919,0.07919619317269867,0.7541047774988416,0.006272037013047405,8.668085305883206,2056.571951143903,29.048608097216196,0.13817946845567824,0.07268913681439139,0.802857763682921,0.00528371061082131,8.641597771114856,2430.147073412698,32.34858630952381,0.12171933822658523,0.06425306121455927,0.766185948088445,0.004128455875441901,8.772540485772632,2222.2971665943337,30.421538843077688,0.13421118202372048,0.07238914745135293,0.7869741347441852,0.005240188668733717,8.687024465707822,3051.98425,36.35275,0.13202280973442207,0.0783250189514819,0.7086329282692253,0.00613480859375,8.73590068741985,3016.127551020409,36.77368354749308,0.11292858665707399,0.06338103414313917,0.7098988169034047,0.004017155489053773,8.843684258037616,3100.1944374999994,37.64156249999999,0.10512139004582176,0.05747927615671581,0.700658734405625,0.003303867187499999,8.907090879106022,3208.228898966994,38.229150919627116,0.1062042091634448,0.06315083553293986,0.6914368543882163,0.003988028028508419,8.874971436126655,3512.294732862903,39.76033266129032,0.1243833850340234,0.07764350426512054,0.6649882483767886,0.006028513754567791,8.787631265889356,3615.1391999999996,41.249792,0.09919855901529216,0.056575819004235375,0.6510299984875398,0.0032008232960000008,8.95014634759284,3554.872164818549,40.971207157258064,0.09021322531618477,0.05038402560838874,0.6554281263225878,0.0025385500365067725,8.981064489529397,3908.5775360000002,43.36,0.09216173324284323,0.0561637468835547,0.6227430868404727,0.0031543664640000008,8.987625167668575,3854.836699695122,42.01098831300813,0.12385592522063732,0.07722878577544774,0.6325831085621398,0.00596428535235,8.810155060871661,4121.892039542144,44.68431321540063,0.08739888543694961,0.04973132691135919,0.6008079573670703,0.002473204876364479,9.025007793214922,3864.492949695122,43.451791158536594,0.08317221128929753,0.04400388901371128,0.6237618586651512,0.0019363422483310204,9.043731732645256,4413.982375130073,46.74109001040583,0.0802388842989746,0.04939476524733351,0.5725858808762458,0.002439842833839186,9.052253078007624,moldy_bread_000010.jpg,spoiled_bread
664.2792814960629,11.5033218503937,0.5761722642431322,0.5445844536687193,0.9672909271643382,0.29657222717765747,4.609365914828732,1000.460412920826,14.147436294872593,0.562918966309349,0.5367816628547046,0.9508203782266237,0.28813455357706175,4.704041745137611,802.26156496063,12.651820866141735,0.5722851815040589,0.5424317706343843,0.9604966876244432,0.2942322257935533,4.638827441019248,958.3856407712816,13.925475850951704,0.5627099727630338,0.5370297420465852,0.9528886473493113,0.28840094384262177,4.70519136828276,1128.1339285714284,15.11470734126984,0.560242482733639,0.5359444475327524,0.9445450526300526,0.2872364508411872,4.73390003598843,1000.460412920826,14.147436294872593,0.562918966309349,0.5367816628547046,0.9508203782266237,0.28813455357706175,4.704041745137611,1372.365079365079,16.67485119047619,0.5542212825575975,0.5315470916433163,0.9325395404560557,0.282542310634468,4.7609295885993985,958.3856407712816,13.925475850951704,0.5627099727630338,0.5370297420465852,0.9528886473493113,0.28840094384262177,4.70519136828276,1573.94675,18.0515,0.546882706333871,0.5271708929660522,0.9227559939500259,0.2779091503906249,4.8224810296323,1795.3573948097755,19.315192743764168,0.5401877741754766,0.5198291002309577,0.9120216395673664,0.27022229344692716,4.8761488767475125,1940.93325,20.228125,0.5409179988594104,0.5206162401724038,0.9047455323977156,0.2710412695312501,4.864294951065286,1697.3754094230285,18.88800705467372,0.5410638507614786,0.5204610490555275,0.9168230760118209,0.2708797035839802,4.867082743052477,2012.2593245967741,20.533644153225804,0.535203153141387,0.5182573482641306,0.9013973706444345,0.2685906790297684,4.906862775308032,2634.79488,24.068224,0.5210106042023162,0.5024610531056113,0.8712454194659951,0.252467109888,5.019234346580437,2510.791834677419,23.43523185483871,0.5261164223551531,0.5094503068044605,0.8769688013679415,0.2595396151031589,4.950360659808537,2450.6176000000005,23.30624,0.5210716596445667,0.5033598250476491,0.8802456147412699,0.2533711134719999,5.01066616714693,2436.313643292683,22.896341463414636,0.5258776149312472,0.5092013268883501,0.8807923917754842,0.25928599130485636,4.976539400489004,3466.2516909469305,28.563085327783558,0.5010311971043196,0.4845337847326684,0.8310224533726148,0.23477298854736384,5.146137719621708,3109.2986534552847,26.779725609756103,0.5137511603200462,0.49810550106727064,0.8478635717718286,0.24810909019347674,5.030303390698032,3208.737513007284,27.453173777315296,0.5030818361218916,0.48583752258198704,0.8435761043736831,0.2360380983486028,5.135831344385514,moldy_bread_000014.jpg,spoiled_bread
1022.4563853346459,16.126660925196852,0.4979106871908615,0.3863595198947157,0.9408420965360415,0.1492736786132752,5.516387456458042,1552.766879533759,21.170624341248683,0.4525626973852781,0.37252479517521647,0.9097765596680613,0.13877472302033697,5.667558165216482,1286.5266978346458,18.597810039370078,0.46775887111820524,0.38391401477973813,0.9253980645808058,0.147389970744297,5.5724645718571,1462.6123752247504,20.46171492342985,0.4562862376726692,0.37733035299351636,0.9150149825423447,0.14237819529021165,5.656693543687999,1462.123821924603,20.362289186507937,0.47099012357413195,0.3724199589710601,0.9152462765512707,0.1386966258400061,5.654598686206159,1552.766879533759,21.170624341248683,0.4525626973852781,0.37252479517521647,0.9097765596680613,0.13877472302033697,5.667558165216482,2208.1045386904766,25.490203373015873,0.4328647295852516,0.3668592934840447,0.8714039811852281,0.13458574121561245,5.762659485357599,1462.6123752247504,20.46171492342985,0.4562862376726692,0.37733035299351636,0.9150149825423447,0.14237819529021165,5.656693543687999,1846.8033125,23.5816875,0.4560932988345127,0.3616747799949217,0.8928181496048269,0.130808646484375,5.73861604728336,2611.7352607709754,29.08358528596624,0.4115478918545767,0.34831637940032956,0.8472983975636175,0.12132430015855432,5.888935978953679,3083.7891875,31.373062500000003,0.40560646114206533,0.3502049483650609,0.8195904293983882,0.12264350585937497,5.891063149913161,2488.1757999496094,27.954711514235324,0.4197279903661149,0.3552909921140333,0.8545226089708748,0.1262316890773741,5.878855208553842,2227.8045614919356,26.160408266129032,0.4456400788924229,0.3540302502762103,0.8706870372574124,0.12533741811063612,5.8084828492093035,3566.9579519999998,34.785152,0.3837197808122935,0.33021396176418705,0.7902376468403552,0.109041260544,6.044990959986883,3978.3387726814512,36.61649445564517,0.3860593763475182,0.33584913857625137,0.7663141433809234,0.1127946438824101,5.998630769220625,3550.92448,34.4112,0.3893950648607684,0.3344589911603514,0.7911844956807363,0.11186281676800001,6.043534526308882,2570.434006605691,28.07806148373984,0.4351411248413899,0.34747122641099204,0.8507710273875534,0.12073625318355888,5.8680910591093856,4604.712929240375,40.242715920915714,0.3625145814942017,0.3138926791303353,0.7280732846163482,0.09852861401161965,6.168414601865756,4879.554306402439,41.16596798780488,0.36992643561898514,0.32329753961210594,0.7124922016770346,0.1045212991192412,6.077824497014686,4688.222359521333,40.43047606659729,0.3651091980780853,0.3165224229404009,0.7231101095554222,0.10018644422406203,6.166301778660064,moldy_bread_000015.jpg,spoiled_bread
722.3876107283465,12.383427657480315,0.5002299108031283,0.374891057606642,0.95756124228868,0.14054330507342655,5.508221119981911,1205.5542191084382,17.460970921941843,0.4534317672758574,0.3606877209831351,0.9289020605355013,0.13009563206800792,5.670565710642305,869.4782234251968,13.38693405511811,0.4847468842244724,0.37305522310105393,0.9488508550636735,0.13917019948297712,5.5182765249059855,1098.6007812015623,16.652241304482608,0.4595625771144821,0.3653689375019557,0.9352096731947201,0.133494460491308,5.6576061626821925,1193.567646329365,17.30561755952381,0.4728468108642133,0.36018025105316714,0.9297340649024501,0.12972981324872251,5.666558296236072,1205.5542191084382,17.460970921941843,0.4534317672758574,0.3606877209831351,0.9289020605355013,0.13009563206800792,5.670565710642305,1713.5238095238092,20.321056547619047,0.44231839650185634,0.3571387127563494,0.898802217769924,0.12754806014926226,5.745389611500281,1098.6007812015623,16.652241304482608,0.4595625771144821,0.3653689375019557,0.9352096731947201,0.133494460491308,5.6576061626821925,1577.435625,20.694,0.45282727905268977,0.3482886509420024,0.9069789234975979,0.12130498437499998,5.767969213733171,2269.084593096498,25.81324011085916,0.4101332728942068,0.3352728370386719,0.8653660327645574,0.11240787525595984,5.914671815976117,2578.5676875,26.190937500000004,0.41415976739734495,0.34108224757289113,0.8470840445753053,0.11633709960937498,5.900017458706011,2130.4052028218694,24.77809271856891,0.41807511894913585,0.342564038855493,0.8735944419403416,0.11735012071698774,5.912204128031941,1931.094065020162,23.43050655241936,0.4386166592563904,0.3382740119453662,0.8859643337853763,0.11442930715761376,5.852612632107259,3226.61696,31.955583999999998,0.3787722945213581,0.31528103567452326,0.8074172699957,0.09940213145600002,6.084361808716725,3422.5489541330653,31.279926915322584,0.392189703595467,0.32747784766003407,0.7962652797029642,0.10724174070804848,6.009221370634764,3195.0152959999996,31.626623999999996,0.38505059849261275,0.32075584015259956,0.8093075090969665,0.102884308992,6.089370333292321,2286.9478531504064,25.98532774390244,0.42671645186642065,0.3290785836743498,0.8647243882416827,0.10829271423311604,5.929834395071923,4217.354123309054,37.749544745057236,0.3524718697174378,0.29661702495403613,0.7469523752497161,0.08798165949258328,6.217715691230339,4210.899199695122,35.77915396341463,0.37221205903738014,0.3155212881793739,0.7486104409280191,0.09955368329437152,6.098771194776543,4277.616545265349,37.870187304890734,0.3576052130077018,0.3004338134726944,0.7433123465078401,0.09026047627774571,6.232384776946557,moldy_bread_000016.jpg,spoiled_bread
2811.7421259842517,35.75898129921259,0.12460957903450173,0.07129493407270493,0.7368087589063661,0.005082967624431343,8.759136963281817,3552.5121210242414,41.60865521731043,0.10370585189465004,0.06246202484712278,0.6690110650605148,0.0039015045480025835,8.917299199112456,3442.292753444882,40.810962106299215,0.10504659724843687,0.06267781576793383,0.6792789648607083,0.003928508589439054,8.893908422396489,3632.198772397545,42.217496434992874,0.10130234274145704,0.06215867259511628,0.661593001572331,0.00386370057878686,8.909834987080465,3565.202132936508,41.139136904761905,0.1146358277875757,0.07085586046485483,0.6662209192084628,0.005020552962214978,8.854284897783833,3552.5121210242414,41.60865521731043,0.10370585189465004,0.06246202484712278,0.6690110650605148,0.0039015045480025835,8.917299199112456,4421.628224206349,47.44444444444444,0.08847897922911462,0.05448496177897399,0.5901299231745167,0.0029686110600562563,9.019472687909513,3632.198772397545,42.217496434992874,0.10130234274145704,0.06215867259511628,0.661593001572331,0.00386370057878686,8.909834987080465,4075.2030625,44.420437500000006,0.10950679404500131,0.07054789762547854,0.6185598083763418,0.004977005859375001,8.899514779306191,4523.610229276896,48.159486016628875,0.08613042222359885,0.05413329260262211,0.5805925237277725,0.0029304133680011016,9.032676209774715,5110.126375,51.66125,0.07589787562227904,0.046257157385371186,0.5287271863041259,0.002139724609375,9.090181263125324,4580.238977072311,48.527084908037295,0.08464261363750174,0.05401999369961184,0.5753472708413254,0.0029181597193061034,9.027488200598395,4331.871849798387,46.216607862903224,0.10504781032377072,0.0700265514951822,0.5946664239985061,0.004903717914307404,8.922728009972985,5199.357504000001,52.49926400000001,0.07299096275593,0.04587347050311324,0.5204778047860015,0.0021043752960000005,9.098449546427295,5631.199659778227,55.103263608870975,0.06794940363086754,0.041112436303707645,0.4823435780015341,0.0016902324188264185,9.149770175023907,5362.496639999999,53.366528,0.07245668290393442,0.045986148871154674,0.5054357973604832,0.0021147258880000004,9.10624358512872,4631.334286077235,48.05964176829269,0.10402432013161675,0.07024263757005089,0.5670286563936229,0.004934028132797525,8.93677099837991,5836.908883975026,56.32589750260146,0.06502271551319957,0.04078398091100921,0.46350561668616375,0.0016633330989495637,9.151761867113022,6067.372522865853,57.62087144308944,0.05915088078675558,0.03661275801346643,0.4440424920814211,0.0013404940493526502,9.189585458643254,5926.028811134235,56.81601196670135,0.06465651592525118,0.04084613405519542,0.45540434043477507,0.0016684066672549946,9.139468487053499,moldy_bread_000018.jpg,spoiled_bread
2606.8949311023625,31.692667322834644,0.16062622433786997,0.05197079616361897,0.7569896343595269,0.0027009636538804322,8.528301048184304,3854.8234856469717,42.11234422468846,0.09632582062532422,0.040598318424378645,0.6406294387924463,0.0016482234588872423,8.838044255406,3795.122969980315,41.261749507874015,0.1011329183957051,0.04069672399819142,0.6465421025951273,0.0016562233441849697,8.81430083455014,4308.317998635997,44.395374790749585,0.0973316198570866,0.04044328491394629,0.5983413799591204,0.0016356592946306357,8.84718838050711,3612.334945436508,38.91517857142857,0.12952606267114128,0.0508921719823093,0.663190390885335,0.002590013169076948,8.68604190300654,3854.8234856469717,42.11234422468846,0.09632582062532422,0.040598318424378645,0.6406294387924463,0.0016482234588872423,8.838044255406,5311.648747519841,51.40048363095238,0.072411235471153,0.03190858790437658,0.5053607835413749,0.0010181579820513274,9.002035570254904,4308.317998635997,44.395374790749585,0.0973316198570866,0.04044328491394629,0.5983413799591204,0.0016356592946306357,8.84718838050711,4306.8719375,43.54718750000001,0.11623997677847114,0.05044638629897092,0.5982567410558373,0.002544837890625001,8.768882312052046,5377.128684807257,52.255039052658105,0.0695434194414765,0.03172918669290745,0.4986487586892059,0.0010067412881933752,9.01295261693823,6235.2898749999995,57.357124999999996,0.058626524066085296,0.02644163679218819,0.41915910301430626,0.0006991601562500001,9.076235175044424,5685.885487528345,53.301587301587304,0.07431620415057502,0.03179682530443062,0.4698155115790336,0.0010110380994404796,8.997806680914639,4704.580708165322,46.34860131048387,0.10691909233014418,0.050215023980844736,0.5611265950797995,0.0025215486333968118,8.816250335675202,6381.686528,58.952831999999994,0.05564298875728109,0.02622415131133895,0.40454428123179453,0.0006877061120000003,9.103124008772284,7074.62752016129,62.591607862903224,0.05335575797325456,0.0247052138827398,0.3402196829090799,0.0006103475929919194,9.143634360315692,6585.197888000001,59.402816,0.05694278722166112,0.02637359164012365,0.38546139783967415,0.0006955663360000001,9.076922391661641,4986.011941056911,48.33854166666667,0.0992142274780908,0.04997930613502915,0.534705130025782,0.0024979310417389622,8.849591887733897,7337.566597294485,64.35704994797086,0.04991793269949332,0.024898800923046156,0.3144980040475114,0.0006199502874054841,9.15313678368624,7818.685086382115,66.96709857723579,0.04479821405874823,0.019716965429291775,0.27069051364175395,0.000388758725739887,9.197607643004595,7248.579279396463,63.418639438085336,0.053698582116506445,0.024784849924886207,0.32264642534655485,0.0006142887857991319,9.132820228751614,moldy_bread_000023.jpg,spoiled_bread
1294.094980314961,23.48462106299213,0.19601832933043917,0.07147276220163179,0.8806209400834154,0.005108355736731006,8.166101262039529,1608.8662657325315,26.207080414160828,0.16840588125486017,0.06371395917582062,0.8512359300305086,0.004059468593858137,8.285281779499378,1264.1531126968503,22.455031988188978,0.1870882352506567,0.06568781656451114,0.8836232936129785,0.004314889245012865,8.180417305724934,1710.9739599479199,27.183768367536736,0.17402883762421278,0.06456791265051628,0.8418056433414725,0.0041690153440447015,8.300256483762846,1760.4076140873017,28.50830853174604,0.17072291869579853,0.06886801715933363,0.8370083414761292,0.004742803787458272,8.311257822203167,1608.8662657325315,26.207080414160828,0.16840588125486017,0.06371395917582062,0.8512359300305086,0.004059468593858137,8.285281779499378,1958.2951388888891,29.59102182539683,0.14502474648249214,0.0548842301880813,0.819335353156912,0.003012278723338295,8.408823931580985,1710.9739599479199,27.183768367536736,0.17402883762421278,0.06456791265051628,0.8418056433414725,0.0041690153440447015,8.300256483762846,2092.896125,31.570625,0.15405695916092174,0.06732185694018697,0.8055710788946422,0.004532232421875001,8.392850960821885,2258.3155076845555,32.36375661375662,0.13194856482545042,0.05281041530797561,0.7899318540421264,0.0027889399650008646,8.484377718142873,2494.1613124999994,34.27018749999999,0.12264556921890411,0.04665659536040964,0.7693877713922121,0.0021768378906249987,8.547762402596216,2446.1774376417234,33.71434870244394,0.14101345360132114,0.05435341570789247,0.7725159435256599,0.0029542937991149714,8.496755469217582,2385.1149823588707,34.04719002016129,0.14544567588736296,0.06658602245391303,0.7777842233582457,0.00443369838623301,8.442199194660096,2816.661568,36.803008000000005,0.11298075664653603,0.04513960425169897,0.7364484993566655,0.0020375838719999995,8.60397182947736,2914.4609375000005,37.59715221774194,0.10572959777784395,0.04117970249825828,0.7298218430279305,0.001695767897845059,8.64003457015235,3025.6660479999996,38.378112,0.12053944958682118,0.046397859260961606,0.717077870191947,0.0021527613440000004,8.624797388182769,2630.512449186992,36.034933943089435,0.1374590316017949,0.0659537076376279,0.7542504716513665,0.004349891551149697,8.485535318675742,3274.0755723204998,40.19719042663892,0.09886254581267223,0.04036753037388518,0.6918340147784902,0.0016295375084865427,8.688967974665127,3242.1534552845533,40.43572154471545,0.09453285988276967,0.0376494741726421,0.6987096645049609,0.0014174829054764445,8.711947430712492,3516.1776795005208,42.265738813735695,0.10210130778623658,0.040896533228348596,0.6694516360756775,0.0016725264300974207,8.710907826071463,moldy_bread_000028.jpg,spoiled_bread
423.05050442913387,9.848486712598424,0.49861051186414485,0.19250134836115423,0.9661308502821,0.037056769120862455,6.001123466098276,732.5765391530783,14.021638043276088,0.43922101958070436,0.1820947811111142,0.9408700320737469,0.03315850930790459,6.2709947273602555,598.0679133858268,12.16437007874016,0.4574969405242749,0.18665640820816942,0.95164698603873,0.03484061472517477,6.1511728647154325,643.5464070928142,12.775373550747101,0.44282325007579715,0.1838752312473527,0.9480542267135261,0.033810100666267426,6.203095656743653,642.644035218254,12.898871527777779,0.45204155951316444,0.18522625191725497,0.948601534859952,0.034308764399314406,6.207482673586536,732.5765391530783,14.021638043276088,0.43922101958070436,0.1820947811111142,0.9408700320737469,0.03315850930790459,6.2709947273602555,1114.8536086309525,17.752666170634924,0.39357258499937486,0.17363713975446862,0.9091066093511853,0.03014985630211287,6.428433755808715,643.5464070928142,12.775373550747101,0.44282325007579715,0.1838752312473527,0.9480542267135261,0.033810100666267426,6.203095656743653,830.3148125,15.3049375,0.4212114416117209,0.18008442573033626,0.9336855983353172,0.032430400390624996,6.339910381928801,1331.9080372889898,20.384731670445955,0.37616271096026793,0.16744068777249893,0.891705086191618,0.028036383921727477,6.560326090035902,1592.436625,22.5315,0.3532279243183486,0.16360254572820682,0.8691076713670522,0.02676579296875,6.612086621633335,1164.4316578483244,18.41767447719829,0.3785136427623259,0.17102869449004096,0.9053098891175596,0.02925081433896777,6.49011828723913,1012.0379914314519,17.4487777217742,0.3990106038532771,0.1756932481474377,0.9193116854417608,0.030868117444597117,6.4291580211770185,1887.418048,25.748672,0.33204809282405484,0.15593713276830506,0.845522196357881,0.024316389376000003,6.758177701361317,2015.0676663306456,26.566784274193555,0.32086741380187644,0.15495293849113084,0.8331211350448182,0.024010413147036176,6.741635638399475,1660.166144,23.163136,0.33788922272699656,0.16011189687215627,0.8640786694282495,0.025635819520000002,6.676467861490756,1155.825711382114,19.184832317073173,0.38463197813463446,0.17229058657589902,0.9079956556396342,0.029684046222667352,6.516129108294081,2427.106724765869,30.469758064516128,0.30132346873015026,0.1470382854332722,0.8002196699662593,0.02162025738315642,6.895134965958139,2461.6063897357726,30.505652947154474,0.29475585909339985,0.14655298317440899,0.7944322473946829,0.021477776877318604,6.846020409727068,2136.7847944849113,27.553785119667015,0.3064446891752572,0.15134900795475534,0.8240175534846699,0.022906522208888593,6.83139929557029,moldy_bread_000034.jpg,spoiled_bread
875.0915969488191,15.253875492125987,0.17363921282559502,0.01847747121766153,0.9198970257823128,0.0003414169425995103,8.582766749045053,1152.9359538719077,17.789323578647156,0.15471442820815196,0.01727563115456374,0.8944744125312389,0.0002984474317885333,8.685950251757657,992.2757135826773,15.380044291338585,0.23072942427515875,0.021754624861740596,0.9085345807720343,0.0004732637028750621,8.41267819627381,1137.4702089404182,17.481492962985925,0.1602518891849849,0.017977202972598774,0.8958910966131156,0.0003231798267180142,8.634236401670222,1294.1587921626985,19.815538194444446,0.12038383677684628,0.015488710412316427,0.8823665957028431,0.00023990015023659931,8.829736295663832,1152.9359538719077,17.789323578647156,0.15471442820815196,0.01727563115456374,0.8944744125312389,0.0002984474317885333,8.685950251757657,1427.2264384920636,19.533730158730158,0.1517123183819245,0.017981792202572136,0.8684682643844936,0.00032334485081648404,8.656261956085224,1137.4702089404182,17.481492962985925,0.1602518891849849,0.017977202972598774,0.8958910966131156,0.0003231798267180142,8.634236401670222,1553.926375,22.54175,0.09553127232992527,0.014274991790715678,0.8596175391476607,0.000203775390625,8.945836569446115,1706.811476442429,23.252519526329053,0.10171978281990295,0.014379728863551796,0.8449059546135576,0.0002067766021892646,8.937525015868006,1794.8996875,22.5895625,0.11401840338010007,0.016157247309644053,0.8346240056309382,0.00026105664062499995,8.79478527157156,1664.3240740740744,22.657155454774504,0.10403275787009142,0.014914898938795567,0.8487712483039548,0.00022245421035448513,8.894195558752461,1793.506993447581,24.97511340725807,0.08250722341046675,0.013310114411416558,0.8389497683576791,0.00017715914564499875,9.03909118213695,2080.2970880000003,26.752128,0.07886246290268026,0.013161689861108262,0.8121678875460114,0.00017323008,9.06852783233385,2109.773689516129,24.962071572580644,0.09722674750802027,0.015294220719928251,0.8056636428570877,0.00023391318742988263,8.873431618704272,2113.532096,26.508736,0.08067174301764377,0.013616065804776357,0.8091791543787605,0.000185397248,9.019710549858525,2077.7639100609763,27.326791158536594,0.07611326002177093,0.01274526209057971,0.8146343019320615,0.0001624417057575683,9.108467216966325,2521.56087408949,30.26053590010406,0.06408670109268592,0.012328304948048764,0.7737583192573192,0.00015198710289208365,9.158001840938239,2472.1112169715448,27.635226117886184,0.08549595948893587,0.014580959579550194,0.7723474969597712,0.00021260438226047655,8.950850631188096,2594.7734131113425,30.157258064516135,0.06412246260008453,0.012699100110932528,0.7672197788281251,0.00016126714362748654,9.119438043020285,moldy_bread_000046.jpg,spoiled_bread
653.5473056102362,15.904096948818898,0.22628877856304822,0.07566063152933496,0.9437250695856974,0.0057245311634177955,7.311330189814393,874.7726455452912,19.108066216132435,0.17915982813048464,0.07076975359157371,0.9246085101009537,0.0050083580234120606,7.4616530505141085,738.1170029527559,17.48855807086614,0.19790372713443125,0.07345105251661017,0.9364460591100557,0.005395057115797826,7.387060181272174,877.7397234794471,19.123690247380495,0.18066878736382774,0.070516385544231,0.9243564687650139,0.00497256063022263,7.461426670247637,979.6852678571428,19.74652777777778,0.20151056954275637,0.0710566558283339,0.9155696105931905,0.005049048337506298,7.488687815555695,874.7726455452912,19.108066216132435,0.17915982813048464,0.07076975359157371,0.9246085101009537,0.0050083580234120606,7.4616530505141085,1124.0370163690477,22.011222718253972,0.15486465997135176,0.0666611147967052,0.9030873756451157,0.004443704225939509,7.5754717703861925,877.7397234794471,19.123690247380495,0.18066878736382774,0.070516385544231,0.9243564687650139,0.00497256063022263,7.461426670247637,1262.0786875000001,22.8465625,0.17559728390483909,0.06648844178220001,0.8911344501421261,0.004420712890625,7.628327221780745,1354.6507936507937,24.70231796422273,0.14536739903627244,0.06323226822168782,0.8829396077997151,0.003998319744459471,7.711322903150127,1460.0219375,25.435437500000003,0.1396825094836773,0.06273258286668101,0.8739007467443652,0.003935376953125,7.711810563934369,1368.5227387251198,24.49061476442429,0.14201599315045316,0.06302921312588002,0.8817660148157666,0.003972681707267605,7.69347599169952,1542.6444052419354,25.663684475806452,0.1627600330343465,0.0626516893020157,0.8668613616431091,0.003925234172396308,7.739525883416637,1777.1134720000005,29.139456000000006,0.12161079236846228,0.057619818812627316,0.8459083982839488,0.003320043520000001,7.893376395296892,1809.922883064516,28.766129032258064,0.12514798542976374,0.05960266366590598,0.8434701736050507,0.003552477516071109,7.816446080943555,1865.4353920000003,29.200384000000003,0.12147413884928297,0.05833363900872293,0.8382988861718538,0.0034028134400000015,7.862332114647748,1800.9528074186992,28.053036077235774,0.1462612921583026,0.05943754430004051,0.8444927555741275,0.003532821672419278,7.836131110632776,2209.327978668054,33.25917013527576,0.10730895178080227,0.05303370166989379,0.8078811329298489,0.0028125735128112952,8.04463808157464,2158.0915269308944,31.79858993902439,0.11532923558667235,0.05718564358166499,0.8130884186751219,0.0032701978318492217,7.911706161432263,2316.294810093652,32.996162851196665,0.1114517163533687,0.05437204221978918,0.798621349498778,0.002956318975150537,8.006731244491384,moldy_bread_1.jpg,spoiled_bread
1817.5300812007874,23.857714074803148,0.17983884347885848,0.0607509825507002,0.8303537400591208,0.00369068188087548,8.189356008824586,2346.48031496063,28.70760741521483,0.14229227692217167,0.05139711183171533,0.7812013171632591,0.0026416631046418523,8.396124508792061,2190.9241510826773,27.460199311023622,0.1454864063237991,0.05152749048320306,0.7957683975454423,0.002655082275496582,8.367119215260471,2235.7851075702156,27.958955917911837,0.14497861297067582,0.05146688140298507,0.7915345464288619,0.00264883988134893,8.391580951155767,2303.3490823412694,28.135292658730158,0.16093893999024658,0.05944638338204353,0.7849571037977184,0.0035338724972049005,8.328523275523189,2346.48031496063,28.70760741521483,0.14229227692217167,0.05139711183171533,0.7812013171632591,0.0026416631046418523,8.396124508792061,2675.2870163690477,31.660776289682538,0.12663294274015433,0.04361224433315526,0.750801032927461,0.001902027855774833,8.529900167974132,2235.7851075702156,27.958955917911837,0.14497861297067582,0.05146688140298507,0.7915345464288619,0.00264883988134893,8.391580951155767,2594.5723749999997,30.759500000000003,0.14476512264555888,0.05907423825154244,0.7577693669097396,0.0034897656250000002,8.412133477210821,3006.675547996977,34.11734693877551,0.11986740155612996,0.0431073072298213,0.7196952760551237,0.0018582399366062034,8.574199918929772,3059.4883750000004,34.863125000000004,0.10930973928502405,0.03737891910890415,0.7147898229316221,0.00139718359375,8.628091376825568,2828.526392038297,32.88592844545226,0.1199763385987853,0.043317080519846285,0.7363886510925051,0.0018763694647628464,8.552580779600508,2903.671055947581,33.25648941532259,0.13641723630335081,0.05842002814258866,0.7289289689143527,0.0034128996881808513,8.477852856089411,3357.372608000001,37.36083200000001,0.10719791199559542,0.037102285428259,0.6865951432150538,0.0013765795840000002,8.682372003834526,3278.106728830645,37.091607862903224,0.09596162506772887,0.03356004271115457,0.6941663452661113,0.0011262764667745188,8.710940180387212,3258.7171200000003,36.54368,0.10426649236052246,0.0370440602526235,0.6960486408480965,0.0013722624000000003,8.669022148907855,3172.158473069106,35.32107469512195,0.1306544123600117,0.057972394014843234,0.7038957679353016,0.003360798467812232,8.519784120109748,3682.3474245577527,40.36355359001041,0.09010084443765787,0.03303968576581003,0.6557447189398103,0.00109162083550347,8.781489649422348,3469.5451600609763,39.089875508130085,0.08927428504988136,0.030226633454215543,0.6757661288040423,0.0009136493699755023,8.77655714357283,3621.8250520291367,39.594042663891784,0.09125609860784233,0.03316082651137443,0.6619235817075971,0.0010996404149174732,8.760272522742886,moldy_bread_10.jpg,spoiled_bread
1790.44186761811,26.407295767716533,0.16250947584190528,0.08043217577014199,0.8289818202090066,0.0064693348991190155,8.522185851147077,2056.571951143903,29.048608097216196,0.13817946845567824,0.07268913681439139,0.802857763682921,0.00528371061082131,8.641597771114856,1613.187623031496,25.194635826771652,0.15186393113253344,0.07302916845901894,0.8453293646763393,0.005333259445815766,8.560260541672605,2222.2971665943337,30.421538843077688,0.13421118202372048,0.07238914745135293,0.7869741347441852,0.005240188668733717,8.687024465707822,2575.1080729166665,32.91226438492063,0.1402274303738919,0.07919619317269867,0.7541047774988416,0.006272037013047405,8.668085305883206,2056.571951143903,29.048608097216196,0.13817946845567824,0.07268913681439139,0.802857763682921,0.00528371061082131,8.641597771114856,2430.147073412698,32.34858630952381,0.12171933822658523,0.06425306121455927,0.766185948088445,0.004128455875441901,8.772540485772632,2222.2971665943337,30.421538843077688,0.13421118202372048,0.07238914745135293,0.7869741347441852,0.005240188668733717,8.687024465707822,3051.98425,36.35275,0.13202280973442207,0.0783250189514819,0.7086329282692253,0.00613480859375,8.73590068741985,3016.127551020409,36.77368354749308,0.11292858665707399,0.06338103414313917,0.7098988169034047,0.004017155489053773,8.843684258037616,3100.1944374999994,37.64156249999999,0.10512139004582176,0.05747927615671581,0.700658734405625,0.003303867187499999,8.907090879106022,3208.228898966994,38.229150919627116,0.1062042091634448,0.06315083553293986,0.6914368543882163,0.003988028028508419,8.874971436126655,3512.294732862903,39.76033266129032,0.1243833850340234,0.07764350426512054,0.6649882483767886,0.006028513754567791,8.787631265889356,3615.1391999999996,41.249792,0.09919855901529216,0.056575819004235375,0.6510299984875398,0.0032008232960000008,8.95014634759284,3554.872164818549,40.971207157258064,0.09021322531618477,0.05038402560838874,0.6554281263225878,0.0025385500365067725,8.981064489529397,3908.5775360000002,43.36,0.09216173324284323,0.0561637468835547,0.6227430868404727,0.0031543664640000008,8.987625167668575,3854.836699695122,42.01098831300813,0.12385592522063732,0.07722878577544774,0.6325831085621398,0.00596428535235,8.810155060871661,4121.892039542144,44.68431321540063,0.08739888543694961,0.04973132691135919,0.6008079573670703,0.002473204876364479,9.025007793214922,3864.492949695122,43.451791158536594,0.08317221128929753,0.04400388901371128,0.6237618586651512,0.0019363422483310204,9.043731732645256,4413.982375130073,46.74109001040583,0.0802388842989746,0.04939476524733351,0.5725858808762458,0.002439842833839186,9.052253078007624,moldy_bread_11.jpg,spoiled_bread
592.8459645669291,11.161417322834644,0.5183924498183858,0.393720515199939,0.9649918295450189,0.15501584408930538,5.45515859892029,1378.2877425754853,16.406534813069626,0.49227268066671837,0.38312350674932305,0.9182156882414523,0.14678362142389859,5.633434370457207,1063.888779527559,13.523375984251967,0.5080821419626818,0.3909555436222366,0.937068315930831,0.15284623708895856,5.512967961274089,1191.8678777357557,14.5242110484221,0.4992393863676717,0.3849958593629989,0.9292773989953689,0.14822181172665402,5.579250144294406,1068.8959573412699,15.359871031746032,0.4960213595546359,0.3836691826488021,0.9366742261348318,0.14720204171439988,5.616973776422988,1378.2877425754853,16.406534813069626,0.49227268066671837,0.38312350674932305,0.9182156882414523,0.14678362142389859,5.633434370457207,2086.473214285714,20.276165674603174,0.47433166749904315,0.3775899686109508,0.8759716883160474,0.1425741843956188,5.708410347349234,1191.8678777357557,14.5242110484221,0.4992393863676717,0.3849958593629989,0.9292773989953689,0.14822181172665402,5.579250144294406,1558.8961250000002,19.154125,0.4798488429590291,0.3732328806564677,0.9073264796130535,0.13930278320312506,5.738044429645447,2694.088561350466,24.707608969513732,0.45452811635201384,0.3621853084069403,0.8388119040783295,0.13117819762583044,5.871844228153949,3130.397,26.195125,0.4496148935495428,0.36454090616229207,0.8129800334454933,0.13289007226562502,5.850291700817019,2304.964600655077,21.61753590325019,0.46391402812523425,0.3665833019731758,0.8620933029164388,0.1343833172855566,5.797532396007151,2049.0897177419356,22.481476814516128,0.4647989192681555,0.3629016452331032,0.8777433636738858,0.13169760411289308,5.835289423446563,4040.13728,32.218816,0.42238536408366834,0.3407130510679037,0.7561845163337888,0.11608538316799999,6.057891662872748,4134.673639112903,31.648563508064516,0.4265963119041777,0.3519575041939877,0.7517329857174645,0.12387408475846085,5.956582458454695,3428.651584,28.015808,0.43477151722638163,0.34770373043727903,0.7930866487101447,0.12089788416,5.986826751702193,2555.1673018292686,25.726626016260166,0.4530848057199439,0.35221511339064265,0.8469627945210474,0.12405548610078328,5.9312534610338545,5304.745837669094,39.149063475546306,0.3903571402609467,0.3195677204449255,0.6770027051481982,0.10212352795036604,6.216470717983922,4971.264291158536,36.24536331300813,0.40917785017253877,0.34035103108292286,0.7001791824808322,0.11583882435920873,6.064256833495527,4526.527575442247,33.968782518210205,0.4053191595550149,0.3289270343653526,0.7243871418762715,0.10819299393638586,6.135033056587719,moldy_bread_12.jpg,spoiled_bread
1286.4310408464567,13.822034940944881,0.6574397477453588,0.5605844793302537,0.9362600286194976,0.31425495846597157,3.837027383232188,1898.1507223014446,18.130510261020525,0.6252162034175811,0.5491605991404047,0.9056932658258461,0.3015773636482483,3.930277148301431,1392.5335875984251,14.632997047244093,0.641871526534094,0.5604574420620927,0.9307005377880716,0.314112544362784,3.8557595184036275,1593.0497240994482,16.360158720317443,0.633902156620228,0.5552383382289229,0.9208517452846419,0.30828961223921575,3.918439452937189,1949.8651413690477,18.027963789682538,0.6384186689546709,0.5471916681017273,0.9035502576616236,0.29941872163995087,3.9271592031139235,1898.1507223014446,18.130510261020525,0.6252162034175811,0.5491605991404047,0.9056932658258461,0.3015773636482483,3.930277148301431,2410.4977678571427,20.49652777777778,0.613888838326748,0.5471864461063296,0.8797011724788125,0.2994130068024751,3.994298153225638,1593.0497240994482,16.360158720317443,0.633902156620228,0.5552383382289229,0.9208517452846419,0.30828961223921575,3.918439452937189,2505.899125,21.314999999999998,0.6247722973201895,0.5370065394736827,0.876269837802608,0.28837602343749996,3.9901377848367487,3260.3391912320485,25.703514739229025,0.5919766405899747,0.5284231546402401,0.8378461800623676,0.2792310303599431,4.0980139376478215,3460.5639375,26.0533125,0.5884420743811165,0.533803091255919,0.8267726371068321,0.28494574023437497,4.089891074390886,2775.819664902998,22.81034265558075,0.6027210051726196,0.5376806159341319,0.8619438850618705,0.28910044475130736,4.07944182160653,3024.9742313508063,24.079070060483872,0.6146510066373193,0.5283624096205444,0.8509279803782562,0.2791668359000279,4.051302639840072,4335.869248,31.095999999999997,0.5666329324073958,0.514386285104881,0.7841312108804003,0.264593250304,4.2042769123064465,4374.837134576613,30.507623487903224,0.5726704590991724,0.5234093074389006,0.7804361692671603,0.2739573031136695,4.158688656880748,3953.0789760000002,28.853312000000003,0.5756878948171134,0.5215564153569582,0.8031929429186714,0.27202109439999994,4.202512843607799,3490.7727388211383,26.417428861788615,0.6057948385697414,0.5208944467200455,0.828294800767148,0.27133102462378234,4.099642039095383,5353.571605098855,35.95141779396462,0.5486730397309025,0.5018654121603412,0.7333654615243883,0.25186889192286915,4.297106382123298,5188.498221544715,34.40955284552846,0.5597886932682999,0.5143892965818194,0.7390922334051825,0.26459634843793894,4.209120116159149,5115.30918314256,34.4049167533819,0.5560282607013397,0.5068993657640385,0.7452039826011961,0.2569469670119845,4.299343207353694,moldy_bread_13.jpg,spoiled_bread
455.7545521653544,7.718011811023623,0.6591759283635711,0.5429466938930316,0.9770730062073858,0.29479111240937333,4.056269751448757,1035.2545725091452,11.11693223386447,0.6235414636596618,0.5361604160144768,0.9477147750373267,0.2874679917008169,4.168502548450721,916.5232529527561,10.091043307086615,0.632851832122804,0.5412959656156741,0.9536787360417447,0.29300132239180504,4.112996450016076,1100.7921755843513,11.785541571083144,0.6188200607980514,0.5349273849618135,0.944404817842937,0.2861473071820842,4.1914071768179095,746.7807539682539,10.505828373015873,0.6374667842956011,0.5349850256360713,0.9624560438657545,0.2862089776548279,4.171313924959943,1035.2545725091452,11.11693223386447,0.6235414636596618,0.5361604160144768,0.9477147750373267,0.2874679917008169,4.168502548450721,1725.0675843253966,15.23313492063492,0.6049927225790747,0.5308968189214135,0.9124587190182013,0.2818514323408761,4.265739435209957,1100.7921755843513,11.785541571083144,0.6188200607980514,0.5349273849618135,0.944404817842937,0.2861473071820842,4.1914071768179095,1065.3053750000001,13.033000000000001,0.6225778686766291,0.5265564298611546,0.9464728287317113,0.27726167382812505,4.262976931249252,1921.3920382968001,16.858906525573193,0.5935886624397602,0.5217583319292871,0.9026346654900615,0.2722317569376322,4.355517523002411,2533.7948750000005,19.955624999999998,0.5841146232216468,0.5208066103561139,0.8708864764763784,0.271239525390625,4.3761800487164,2094.471907281431,18.16175359032502,0.5889846171115578,0.5183196797580117,0.8938639518591446,0.2686552904244478,4.387555551614165,1399.8668094758063,15.375504032258066,0.6100324970892783,0.5180374058359863,0.9296986384393375,0.2683627538452784,4.342460983340946,2845.803328,22.198719999999998,0.570106722303717,0.506563426393971,0.8553009915089094,0.25660650496000004,4.497671362774879,3318.8959173387093,24.336819556451616,0.5674574086003563,0.5107115929245607,0.8301544097750423,0.2608263311475422,4.459367895122034,3132.8632959999995,24.256192,0.5620271845344927,0.5017336482876149,0.8407050100022476,0.251736653824,4.5257376052698675,1758.3205030487804,17.584984756097562,0.5998804486764143,0.5094880585297505,0.9117361614783565,0.2595780817844145,4.418816495622328,3766.803199791884,27.18093132154006,0.5468512489540465,0.49146020854254185,0.8077944759075046,0.24153313658067874,4.613622478399717,4106.387004573171,28.3692200203252,0.5502125967384591,0.5006057203940267,0.7891363174022963,0.2506060872912225,4.5334624921418,4204.997138397503,29.988163371488035,0.5382890820954761,0.4845464554311666,0.7854351194036924,0.23478526747090753,4.654072744310101,moldy_bread_14.jpg,spoiled_bread
548.6856545275591,9.801550196850393,0.5451964915966504,0.4172913592308932,0.9692981916373478,0.17413207848876636,5.248996550644844,1370.4329468658939,14.847479694959391,0.512265128615642,0.40831718218686097,0.9229767111486875,0.1667229212690182,5.410697769575847,1209.7173966535433,13.517593503937007,0.5219722292862512,0.41442152512270625,0.932171172431899,0.17174520048502984,5.3422818859221675,1479.7255254510508,15.581809163618328,0.5096748879011128,0.40682028737554726,0.9168340728905219,0.16550274622032285,5.436825469784894,1003.5235615079364,13.394717261904761,0.5242639640011768,0.40821581214175195,0.943706740399423,0.16664014928255014,5.386788583802437,1370.4329468658939,14.847479694959391,0.512265128615642,0.40831718218686097,0.9229767111486875,0.1667229212690182,5.410697769575847,2376.3007192460323,20.62214781746032,0.49033294354515045,0.40112132302257486,0.8661589363846949,0.16089831578338085,5.535366614465594,1479.7255254510508,15.581809163618328,0.5096748879011128,0.40682028737554726,0.9168340728905219,0.16550274622032285,5.436825469784894,1447.832625,16.372375,0.5120720060074005,0.39917074686936915,0.9185671576930126,0.15933728515624998,5.496305292797537,2672.157470395566,22.55782312925171,0.4783920463368497,0.3893598747767494,0.8487505127103682,0.15160111208616595,5.644370107478112,3563.882875,26.823125000000005,0.4679124213588659,0.3880565358295103,0.7983443324880549,0.15058787499999998,5.668813994302736,2902.364071554548,23.678760393046108,0.47378669638855525,0.3868221186136915,0.8357203560741163,0.1496313514487848,5.661416171372071,1896.7717993951615,19.200352822580644,0.4980094806661902,0.38998671766542914,0.8930167646204765,0.15208963995545513,5.5918825689341976,3993.184832,29.557695999999996,0.4486013857006604,0.37010329299804934,0.772310592308777,0.13697644748799997,5.814434232754694,4685.442036290322,32.729712701612904,0.4444500590229761,0.3750863427386978,0.7336567375834417,0.14068976450909187,5.786012010756004,4298.023488000001,31.043391999999997,0.4434285895087794,0.3665570486131729,0.7549288441688429,0.13436406988799998,5.848036579714741,2350.1128683943093,21.94404217479675,0.48591115128505336,0.3803036859586287,0.8670529781382277,0.14463089355371925,5.679273495734986,5290.734131113423,36.391129032258064,0.4188270971880892,0.3507058260558297,0.6960337662970028,0.12299457642950186,5.9747203924505055,5676.567073170732,37.92911585365854,0.42421081373762837,0.3622081495452483,0.6760264314243283,0.13119474359699296,5.881228473256499,5601.384365244537,38.085457856399586,0.4123165187176576,0.34617793964483345,0.6781861142835539,0.11983916589674194,6.001176080351179,moldy_bread_15.jpg,spoiled_bread
738.4954478346457,14.441929133858268,0.4366891930614598,0.3145988759780983,0.9519679317922669,0.09897245276668289,6.27450852723447,1455.8466736933474,18.50176700353401,0.4079792249980746,0.30440630175542616,0.9047134586117513,0.09266319654841555,6.418323846573862,1283.9781003937007,16.99347933070866,0.4194824074162437,0.3114579653666784,0.9164515662816612,0.09700606419035104,6.333520801537359,1502.2108624217249,19.11246822493645,0.40750260662417404,0.30312648138077164,0.901678878619209,0.0918856637142873,6.4307480681002795,1142.509796626984,17.829117063492063,0.42005277093966076,0.3037226585491753,0.9252414357146879,0.09224745331617891,6.408131600447863,1455.8466736933474,18.50176700353401,0.4079792249980746,0.30440630175542616,0.9047134586117513,0.09266319654841555,6.418323846573862,2190.8263888888887,23.18390376984127,0.3893056685867114,0.29701651156812514,0.8565345129887968,0.08821880814409822,6.525590974356089,1502.2108624217249,19.11246822493645,0.40750260662417404,0.30312648138077164,0.901678878619209,0.0918856637142873,6.4307480681002795,1544.2873749999999,20.935499999999998,0.4030990220823085,0.2923768036498449,0.8983121981479449,0.08548419531249997,6.535257851121556,2527.9160997732424,25.80385487528345,0.3703309966255956,0.28335089433348604,0.8324427990836553,0.08028772931958636,6.6621486456186485,3127.0455,29.1595,0.364411387069164,0.28299313982409535,0.7938920623035267,0.08008511718749999,6.673223352894327,2585.8892668178387,26.291635172587554,0.36900680842928835,0.2806390188899484,0.8286001788324849,0.07875825892351283,6.67731940178162,1946.6082409274193,23.864793346774192,0.38945952711288034,0.2811168858888749,0.8709709308970002,0.0790267035318587,6.637929674583836,3651.3336960000006,32.860352000000006,0.33845322936310707,0.26199583703562934,0.7547516364088783,0.06864181862400004,6.8569778829490495,4077.3455141129034,35.06615423387096,0.34011015726458993,0.26901063994070806,0.7294954669385234,0.07236672440130927,6.803210164032025,3726.205248,33.537728,0.334305541887625,0.25796004453403243,0.7497227545984748,0.066543384576,6.8729201290947595,2374.0071773373984,26.768356199186996,0.3749498979882366,0.27017665437645,0.8416257267975141,0.07299542457005173,6.742778384065325,4808.7315296566085,39.92832986472425,0.30726312577005777,0.24038942112355183,0.6725231424773334,0.05778707378811635,7.051579956259433,4965.26943597561,40.49707825203252,0.31435108532490125,0.2552042825192868,0.6686269003965323,0.06512922581618394,6.909389180632725,4871.337018730489,40.44888137356921,0.3014126478183149,0.23506387842392118,0.6682596795039599,0.055255026939696,7.053718846436494,moldy_bread_16.jpg,spoiled_bread
479.353469488189,7.336983267716535,0.6895593310597207,0.5393121766004412,0.9756770736520929,0.2908576238295054,3.808869321739605,1149.5168330336662,10.970611941223883,0.6533219254768177,0.530925785333158,0.9414498016868201,0.2818821895316306,3.948581011836526,1057.7459399606298,10.304133858267717,0.6632965560502494,0.53496099053333,0.9460685769134037,0.28618326139240163,3.90231726672911,1206.5183830367662,11.490544981089963,0.649671504166811,0.529719580480289,0.9385464496340865,0.2806028339442133,3.963585597045954,706.2157118055554,9.221664186507937,0.6666399426194503,0.5329017758682634,0.9642012677507338,0.28398430272354885,3.9124995595543575,1149.5168330336662,10.970611941223883,0.6533219254768177,0.530925785333158,0.9414498016868201,0.2818821895316306,3.948581011836526,1940.6068948412696,15.300471230158731,0.6286309767184306,0.5234065907482108,0.900664948186857,0.27395445923866507,4.063007290885314,1206.5183830367662,11.490544981089963,0.649671504166811,0.529719580480289,0.9385464496340865,0.2806028339442133,3.963585597045954,973.6324999999999,11.329375,0.6481667965593904,0.5259984144759849,0.9506932291425575,0.27667433203125,4.004255659161132,2149.548185941043,16.96289997480474,0.6108120767623622,0.5150898030728737,0.8902023460427323,0.26531750522965175,4.148473701994818,2847.311437500001,20.362437500000006,0.6025526513837514,0.512010249988953,0.8536747003371369,0.2621544960937501,4.191586282396852,2229.430272108844,17.50686570924666,0.61382096933164,0.513966932961045,0.8861220161800188,0.26416200817738333,4.157479906882623,1214.1785534274195,13.07069052419355,0.6342612647508303,0.5195193878999818,0.9385646114779783,0.26990039440397173,4.075714264056625,3188.6385920000007,22.829952000000002,0.5787485788601109,0.49902344570170254,0.8366645130776866,0.24902439936000004,4.306633981450011,3749.7535912298385,25.185294858870968,0.5794988699498286,0.5007021793408619,0.8065248948616842,0.25070267239668864,4.292760806775547,3273.951616,23.266944,0.5850643164028181,0.49791214595348043,0.8322944209791918,0.247916505088,4.311563370146836,1466.4376905487807,14.735835873983742,0.624361193712483,0.5129872359298073,0.9258683046904842,0.2631559042269038,4.1428399373587235,4253.4537591050985,28.667078563995837,0.5499000032580421,0.4826602410840168,0.781486836211105,0.2329609083232812,4.43721876529999,4610.509019308943,29.771468495934958,0.5582799132160745,0.48967236789816176,0.7612813327679179,0.23977902788299268,4.380804874469301,4330.956620707596,28.967546826222687,0.5591860557877361,0.48139891820189323,0.777505272886195,0.23174491844595307,4.444576177079373,moldy_bread_17.jpg,spoiled_bread
503.1927903543307,7.268577755905512,0.6576641553393251,0.6209817523304498,0.9757098653679364,0.38561833672739615,3.7970553264386075,799.4278628557258,9.163866327732656,0.6461420983940565,0.6146488572635271,0.9615359500828952,0.3777932177353598,3.8756853314291435,503.0038139763779,6.180241141732283,0.6717978348033447,0.6205030536422276,0.9757189876402557,0.3850240395793292,3.7235677860423344,752.8342736685474,8.587885175770353,0.6488885225404636,0.6153316574049152,0.9637777760481683,0.37863304860467994,3.855571313202741,1023.8819444444443,11.294146825396826,0.6356642222847266,0.6126364389772206,0.9507377222968185,0.3753234063626898,3.9364202586611676,799.4278628557258,9.163866327732656,0.6461420983940565,0.6146488572635271,0.9615359500828952,0.3777932177353598,3.8756853314291435,1116.7392113095239,9.898561507936506,0.6518278957480104,0.6111610956771824,0.9462700583323483,0.373517884869334,3.8662932178118394,752.8342736685474,8.587885175770353,0.6488885225404636,0.6153316574049152,0.9637777760481683,0.37863304860467994,3.855571313202741,1551.882,14.777250000000002,0.622303460049344,0.6041629394640778,0.9255771033675374,0.365012857421875,4.038500053657069,1722.5896951373143,14.866591080876796,0.621414287515847,0.5993740872357828,0.9176484797452485,0.35924929644972775,4.0567381853712705,1746.618,13.167875,0.6359083940328724,0.6017373219998076,0.9162382379134506,0.36208780468750007,3.967618239902982,1598.5749559082892,13.814814814814817,0.623699215019055,0.6010111638481994,0.9235772289641346,0.3612144190701672,4.038755115505033,2054.4715221774195,17.71471774193548,0.6114646583770565,0.5956827208063693,0.9017921197746598,0.3548379038672789,4.102172517647331,2651.8561280000004,19.961087999999997,0.6000714779160095,0.5837927698079174,0.8740095847365732,0.34081399808000007,4.190369605397717,2379.0589717741937,16.33064516129032,0.6252997531810469,0.5922902696611889,0.8862761853708262,0.35080776353532395,4.054883228089848,2437.256064,18.571648,0.6034990778120549,0.5863513501237974,0.8842052929024266,0.34380790579200005,4.171763185979026,2518.218114837399,20.17682926829269,0.6004165039719274,0.5871293899218859,0.8800075561643486,0.344720920510046,4.164385836951043,3556.1706555671176,24.64659209157128,0.5825873594842955,0.567699029985158,0.8320586205807596,0.32228218864608926,4.311719473321183,3008.2486026422766,19.434451219512198,0.6112530479966132,0.582692358417957,0.8566577297774944,0.3395303845586808,4.139377152178358,3227.969693028096,22.899323621227886,0.5870067009879403,0.5716619890176153,0.8475580236505302,0.32679742968757614,4.2843165147536375,moldy_bread_27.jpg,spoiled_bread
2408.622539370079,35.71370570866142,0.04837118544816727,0.010926017722273989,0.7783507262170827,0.00011937786326744526,9.330344721362593,2737.273792547585,38.7247194494389,0.0399050985849979,0.010598032141520039,0.7490313114113618,0.00011231828527269183,9.371665211735284,2016.0903051181106,32.97957677165355,0.05314608046555814,0.01136410834519055,0.8148358281300333,0.0001291429584812295,9.283321173512128,2652.5594891189785,37.914439828879665,0.042424937813502595,0.010651577996897994,0.7567983121217323,0.00011345611382400149,9.370823284838643,2872.713975694445,39.31442212301588,0.03619174354786154,0.010429760466188591,0.736144808043171,0.00010877990338207044,9.393373467698364,2737.273792547585,38.7247194494389,0.0399050985849979,0.010598032141520039,0.7490313114113618,0.00011231828527269183,9.371665211735284,2571.9402901785716,37.428137400793645,0.046916940466539464,0.010964363516310773,0.7646599609890194,0.00012021726731780673,9.338642891482678,2652.5594891189785,37.914439828879665,0.042424937813502595,0.010651577996897994,0.7567983121217323,0.00011345611382400149,9.370823284838643,3223.2266250000002,41.999375,0.03188297231118242,0.010178389331077878,0.70465194940432,0.00010359960937499999,9.42858993587121,3344.490803728899,42.823633156966494,0.03312176212961008,0.010166198977244273,0.6950611129866071,0.0001033516016449225,9.434493740334235,2954.7225000000003,40.02275,0.04269883428404039,0.010777309062330912,0.7305685012658268,0.00011615039062500002,9.3738435407099,3313.5155580750825,42.74571680524062,0.03290704116764574,0.010123472780136063,0.6978649602617906,0.0001024847011301558,9.43910802502348,3675.5148689516136,44.80947580645162,0.028919165230912022,0.009903965338691187,0.6636118168878701,9.808852942999645e-05,9.47091045680236,3882.422464,46.541376,0.02974044509495825,0.009861089594968703,0.6479921585233306,9.7241088e-05,9.473385163908215,3225.321320564516,41.94518649193548,0.04027687381871128,0.010622860995055822,0.7067798816250596,0.00011284517572027836,9.390049021521229,3861.766528,46.410752,0.02836425261878982,0.009892710851935379,0.6498703481974045,9.7865728e-05,9.469993423041608,4127.35899390244,47.28404471544716,0.02935136366062544,0.009793045666772375,0.6229198864224909,9.59037434314892e-05,9.489414598979113,4446.887031737773,49.91655827263268,0.025514957896363627,0.009657087226882933,0.5984006114636599,9.32593337076255e-05,9.504977386130331,3438.0304878048782,43.206808943089435,0.04085868115216503,0.01052867032413529,0.688019852909959,0.00011085289879432712,9.402484122891309,4438.28616024974,49.817637877211226,0.027573916179082163,0.009679617580945231,0.5991968525559993,9.3694996513344e-05,9.504550330940884,moldy_bread_3.jpg,spoiled_bread
636.9831446850394,15.078001968503937,0.21608925759146158,0.04200163106548058,0.9420000088246244,0.001764137012160743,8.397745598370033,871.0497240994482,18.753983507967018,0.17470758153457785,0.03764393066958333,0.9203953293150693,0.0014170655162563967,8.597769041327638,611.7939837598426,15.146715059055119,0.20918301264905215,0.039060223366603704,0.9441119610759231,0.001525701049448974,8.437114141156322,865.6004092008185,18.62055924111848,0.1827074958883561,0.03792657099835677,0.9208933297563314,0.001438424787693397,8.586103984962541,1082.3953373015875,20.39707341269842,0.1755120061462081,0.03808315832371041,0.9014626437433084,0.0014503269479087936,8.611984107729093,871.0497240994482,18.753983507967018,0.17470758153457785,0.03764393066958333,0.9203953293150693,0.0014170655162563967,8.597769041327638,1136.0992683531747,21.674789186507937,0.1555553692848282,0.033180002958152204,0.8958862133038825,0.0011009125963029889,8.704603031517486,865.6004092008185,18.62055924111848,0.1827074958883561,0.03792657099835677,0.9208933297563314,0.001438424787693397,8.586103984962541,1434.1551250000002,23.791375000000002,0.15525075763030782,0.035171343981997616,0.8695229502636463,0.0012370234375,8.708414091146029,1558.0711136306375,26.031053162005545,0.12674588080083346,0.03085153302727576,0.8571837112537045,0.0009518170901330869,8.83624262862931,1587.0481875,26.1373125,0.12449992921289443,0.028888491166466277,0.8541397328208077,0.0008345449218750001,8.858097966103177,1464.8279163517261,25.376669186193,0.13653357284887713,0.031911133801783474,0.8657231784388348,0.0010183204605153278,8.814704344762369,1747.729019657258,26.621534778225804,0.13731051112957934,0.03265296042870155,0.8411781308789135,0.001066215824758349,8.794822599692719,2148.304256,31.12896,0.09845108729924903,0.026563546751139994,0.8026467369070909,0.0007056220160000001,8.96964014452926,1991.0289188508068,29.794669858870975,0.10145338864311314,0.025662061308488287,0.816265115940061,0.0006585413906006115,8.966668132827039,1939.4703359999999,29.833087999999996,0.10986710360016964,0.027866653907493093,0.8217952008480378,0.0007765504000000001,8.942884342439653,2045.7902057926833,29.24142530487805,0.12174015574733815,0.030687787594489743,0.8143495803624876,0.0009417403074445187,8.866308391474023,2743.9068028095735,36.259820499479716,0.07460269839550171,0.02346309989027638,0.7472095711087174,0.0005505170564610875,9.077898087326933,2368.3360010162605,32.98615345528455,0.08544324704675708,0.023201438743805026,0.780436192378841,0.0005383067597825369,9.042549150464088,2375.835002601457,33.673712278876174,0.09414187259738858,0.024861527470756838,0.7810255515494782,0.0006180955481791968,9.033474671354139,moldy_bread_4.jpg,spoiled_bread
1690.2914000984256,24.987020177165363,0.12910032631490614,0.05661922281294166,0.8429645917826282,0.0032057363919415337,8.553755129273055,2592.4907929815863,32.877177754355515,0.09777694765869202,0.04769665549988473,0.7579004914611186,0.0022749709458746844,8.7837517023631,2324.694328248032,30.312192421259844,0.10730527751003972,0.047996575860724776,0.7824196042737405,0.002303671294354308,8.732725698889823,2407.9241738483474,30.014198028396052,0.11064522349064355,0.04801498320050966,0.7751363733959974,0.0023054386117452247,8.714067931618088,2186.731212797619,29.525731646825395,0.11325796217445751,0.05581170024568661,0.7973703826791237,0.0031149458843143744,8.672443122586383,2592.4907929815863,32.877177754355515,0.09777694765869202,0.04769665549988473,0.7579004914611186,0.0022749709458746844,8.7837517023631,3436.691468253968,38.52318948412698,0.08458777433589978,0.039842507199554324,0.6769129215010201,0.0015874253799465382,8.903148818435955,2407.9241738483474,30.014198028396052,0.11064522349064355,0.04801498320050966,0.7751363733959974,0.0023054386117452247,8.714067931618088,2512.901875,32.4785,0.10813902575603754,0.05551354705159813,0.7678123645962882,0.0030817539062499995,8.738242515064574,3695.3223733938025,40.55883093978332,0.08201416650327112,0.03912315137378031,0.654290416552661,0.0015306209734157277,8.934145196310482,4246.6825,43.787875,0.07333978517891858,0.03342114085799586,0.5990537756201538,0.00111697265625,9.00177026743751,3591.8541194255486,38.78004535147392,0.0862211000562948,0.03934307626248218,0.6639923836873929,0.0015478776497954885,8.90892949414438,2797.044795866935,34.60515372983871,0.10309641861302177,0.05501832302635667,0.7422250237572088,0.003027015868632528,8.778577734971275,4517.41312,45.819647999999994,0.07156492607975316,0.033053630118339505,0.5768176839329585,0.0010925424640000003,9.031749378293966,5077.697643649194,49.08688256048388,0.06470711520021118,0.028503563148675814,0.5189029150572974,0.00081245311217055,9.078296828761847,4506.5776000000005,45.039424,0.07404847184476662,0.03314226884206934,0.5779220813966461,0.001098409984,9.011836282194746,3097.7738185975613,36.788935467479675,0.09991669071258003,0.05453905704207794,0.7152133471765055,0.002974508743039031,8.811165967139043,5402.899843912592,51.01378772112383,0.06207697876294057,0.02828123528659083,0.49346944561733974,0.0007998282693355102,9.094617218790157,5791.534362296748,53.36807672764228,0.056290788299728285,0.0242791683364918,0.4492580669248031,0.000589478015111706,9.138374322335963,5465.633519771072,51.14301508844953,0.061757559561089546,0.02825344089522087,0.4877993836976274,0.0007982569224197391,9.09379512946128,moldy_bread_5.jpg,spoiled_bread
1167.386011318898,18.32794045275591,0.20501546848421182,0.026344042783248322,0.8920660754326825,0.0006940085901656181,8.252064642676924,1332.6392212784428,20.13503627007254,0.17696920456180468,0.0244501873457905,0.8764239830567494,0.0005978116612442538,8.358448808389259,1010.113619586614,16.848978838582678,0.1895441381180537,0.025209525817413175,0.9059216921336519,0.0006355201919388214,8.25090263271248,1490.5513671027343,21.278504557009114,0.17195825292654518,0.02432211208464797,0.8617823173529834,0.0005915651362581788,8.388584329886982,1787.8302951388894,23.828435019841272,0.17488245789602197,0.025073917188867964,0.8354228400202293,0.0006287013231942083,8.417708885258538,1332.6392212784428,20.13503627007254,0.17696920456180468,0.0244501873457905,0.8764239830567494,0.0005978116612442538,8.358448808389259,1586.789558531746,22.40190972222223,0.13841451950402867,0.02193293425173729,0.8517901740282574,0.00048105360489103066,8.481364957142432,1490.5513671027343,21.278504557009114,0.17195825292654518,0.02432211208464797,0.8617823173529834,0.0005915651362581788,8.388584329886982,2236.473625,27.420875000000002,0.1561650759842637,0.023972925809650353,0.795022390214902,0.000574701171875,8.524433140024442,2132.7130889392793,27.143801965230537,0.12239678146647247,0.021123959521888166,0.8025565656672206,0.0004462216658823697,8.605808366003538,2066.364625,26.83025,0.09972046486886835,0.019728974171887396,0.8064609079166859,0.000389232421875,8.632068252568029,2250.4415469891665,27.69639707734946,0.11922704125677719,0.021040732044976404,0.7916649660201421,0.000442712404988497,8.615708010678315,2642.702431955646,30.236202116935488,0.14315369096506408,0.023425429587277363,0.7588740758082094,0.0005487507513484897,8.599680120741118,2735.353344,32.187392,0.09014285808270889,0.01891836102837664,0.7472207301959006,0.000357904384,8.753198482698615,2453.556010584677,30.303742439516128,0.07335367191456504,0.018568240718277392,0.7696108619027053,0.0003447795633718945,8.738875185970336,2804.8547200000003,32.329024,0.083151044911888,0.01893015710447222,0.7408173043770582,0.000358350848,8.762189717624612,2980.1261432926835,32.54192073170732,0.13366459844223655,0.02296233596801376,0.7293050533838302,0.0005272688731079384,8.652275663782344,3229.2973465140476,36.07180020811654,0.06582631957533655,0.017542843555489726,0.7022315039537266,0.0003077513600123874,8.860248116859347,2789.134082825203,33.31383384146342,0.05923146528298079,0.01793156382708737,0.7374893823939872,0.00032154098128490814,8.810087297074286,3235.2224245577527,35.96514047866806,0.06102726775007254,0.01757728831481274,0.7017304126630985,0.0003089610645020525,8.858531071224764,moldy_bread_7.jpg,spoiled_bread
1507.0855068897636,22.084522637795274,0.4232262678367016,0.33744171029758874,0.9087779039603628,0.11386690784856181,5.952830435384017,2245.533077066154,28.097278194556388,0.38932294148899194,0.32627670552083304,0.8633511377091292,0.10645648856552842,6.1026046273793675,2003.6562499999998,26.354207677165356,0.4002930082758597,0.3325739699902719,0.8784064671706141,0.11060544551509026,6.027675411020578,2244.5953871907745,28.282410564821134,0.3919052633781273,0.32801755509368,0.8634081995515759,0.10759551644963543,6.101439021503335,2245.098276289683,28.232204861111118,0.39795108809090035,0.3214392879851782,0.863710937837087,0.1033232158604183,6.100885529864558,2245.533077066154,28.097278194556388,0.38932294148899194,0.32627670552083304,0.8633511377091292,0.10645648856552842,6.1026046273793675,3181.625062003968,34.127542162698404,0.3677055891530426,0.3154506103649523,0.8058580954745714,0.09950908757962097,6.181254285516073,2244.5953871907745,28.282410564821134,0.3919052633781273,0.32801755509368,0.8634081995515759,0.10759551644963543,6.101439021503335,2726.404625,31.709625,0.38159769252056835,0.3094933990612724,0.8339824768827944,0.0957861640625,6.196316270217406,3650.8728898966992,36.948853615520285,0.3494125811420775,0.30142293242541623,0.775950265210237,0.09085578419193703,6.303967288102929,4133.7278750000005,39.518,0.3454998177149203,0.30192624112210753,0.74643727264247,0.091159455078125,6.279300592782043,3534.2055933484507,36.14877802973041,0.3564072068271625,0.3068016080473307,0.7831099986872945,0.09412722670042795,6.292035934525261,3099.9805317540327,34.19146925403226,0.36828138442363045,0.29820888022892345,0.8105457883788615,0.0889285362473884,6.268290506051308,4827.5715199999995,43.480128,0.32347375137417816,0.2804865769907715,0.701212529466713,0.07867271987199999,6.446525880812612,4918.466796875,43.650768649193544,0.3272113623562664,0.2899006851033417,0.6967417536412585,0.08404240722338688,6.358492003561375,4584.273728,41.600319999999996,0.333108987785344,0.2884411980560336,0.7162978599496076,0.08319832473599999,6.433330611897665,3473.693279979675,36.3318724593496,0.3589471709386978,0.2887234256231457,0.7869721048252657,0.08336121650356414,6.338921885073786,5845.62012226847,48.69569458896983,0.298852439685076,0.2618447458231144,0.6349316035559108,0.06856267091517139,6.576105304634501,5638.815929878048,47.56783536585366,0.3107398662903226,0.2791014798871479,0.6503774756393996,0.07789763607519601,6.421699109361719,5622.505202913631,47.208246618106145,0.3064419789352917,0.2690513283051469,0.6489181601756979,0.07238861726276392,6.561603975697317,moldy_bread_8.jpg,spoiled_bread
2373.0556717519685,31.854638287401578,0.17266130678784425,0.08058429159043755,0.7736225376882504,0.006493828051132664,8.286120117431869,3155.881579763159,37.983755967511925,0.13996058305923886,0.07286909944277734,0.6971700528191846,0.005309905653601373,8.466029661540858,2371.5640378937005,32.0343873031496,0.1547870859566326,0.07351942617469073,0.7729737763195057,0.005405106025055801,8.345215823878345,2931.393018786037,36.34422468844937,0.14089886584872977,0.07277387200173287,0.7187121419688183,0.005296036446124599,8.437782221318237,3192.7924107142853,38.049975198412696,0.15093407878674864,0.07932841347123626,0.6944629384228033,0.006292997183863417,8.428526273620527,3155.881579763159,37.983755967511925,0.13996058305923886,0.07286909944277734,0.6971700528191846,0.005309905653601373,8.466029661540858,3504.7243923611113,40.83252728174603,0.1223358595972625,0.0646732152350444,0.6625801044191896,0.0041826247688383795,8.552758858378997,2931.393018786037,36.34422468844937,0.14089886584872977,0.07277387200173287,0.7187121419688183,0.005296036446124599,8.437782221318237,3684.3409375,41.4825625,0.13868803814258196,0.07879093678050794,0.6458653400427746,0.00620801171875,8.496274968779282,4248.533509700177,45.829554043839764,0.10790206094474722,0.06396179971950569,0.5887429535961701,0.004091111823358159,8.641001984611092,4305.9989375000005,46.6695625,0.10460164933696521,0.057812770269638526,0.58302000037934,0.00334231640625,8.676452226041636,4040.4267447719835,44.7751952632905,0.11031490104175187,0.06391890755826536,0.6088925816897057,0.004085626743442073,8.618596714715697,4095.9020917338703,44.059475806451616,0.13445752670609598,0.07829141507368277,0.6049194602990848,0.0061295456742396824,8.540142791447366,4991.972159999999,51.297088,0.09212396089738142,0.056795772237024825,0.5119001285726417,0.0032257597439999995,8.736015723704469,4942.566469254032,51.28685735887097,0.08793483570856354,0.05082441989823157,0.5186813068153328,0.0025831216579917573,8.758847872634654,4794.027072,50.179776000000004,0.09683610934169502,0.0570352581479211,0.5312627284211254,0.0032530206719999996,8.7238042481206,4409.477324695123,46.031694613821145,0.1269752146577563,0.07749159448810905,0.5730754137143157,0.006004947216309532,8.564908560521467,5542.600936524454,55.23608220603538,0.08073990071763708,0.04987174047870437,0.4532615780757858,0.00248719049837524,8.8115460533693,5362.779280995936,54.4261305894309,0.07803752099724653,0.04480805432259028,0.4746816746671933,0.0020077617321762014,8.821415755517533,5435.211953694068,54.68710978147763,0.08303926070999892,0.04997508318445508,0.46386024897421063,0.0024975089392932047,8.79324972230017,moldy_bread_9.jpg,spoiled_bread
2248.3257874015753,31.25049212598426,0.12621566429910097,0.05317202918577117,0.7907904250304454,0.002827264687732501,8.905479215511889,2568.5695331390666,34.268336536673075,0.10832118848752531,0.04351260402893929,0.7610700045450116,0.0018933467093792636,9.019484269874749,2013.8670644685044,29.413078248031503,0.12237390909889617,0.044498023434111224,0.8128548060311301,0.001980074089542712,8.918039143957742,2567.948787897576,34.61702523405047,0.1066316438594242,0.043725145140360855,0.7611188719881846,0.0019118883175456222,9.02211762258745,2993.4014756944443,37.99944196428571,0.10591246445321471,0.05166744578803729,0.7212178888243671,0.002669524954259772,9.046891210508875,2568.5695331390666,34.268336536673075,0.10832118848752531,0.04351260402893929,0.7610700045450116,0.0018933467093792636,9.019484269874749,2851.929873511905,37.219184027777786,0.08847791880412666,0.032116708916045095,0.7350530965732355,0.0010314829915979704,9.126316851210875,2567.948787897576,34.61702523405047,0.1066316438594242,0.043725145140360855,0.7611188719881846,0.0019118883175456222,9.02211762258745,3499.0645,41.96575,0.09759558789439941,0.050939608852051475,0.6739581735345045,0.002594843750000001,9.106544862557422,3405.5907659360046,41.51089695137314,0.07658405088832101,0.031184800379687468,0.6830537258640955,0.0009724917747209557,9.18547149410277,3484.4388124999996,42.61831249999999,0.06869478019211532,0.023423454124552164,0.676434277418326,0.0005486582031249997,9.238709031891172,3541.053413958176,42.76795162509448,0.07761285149544248,0.031286859225564165,0.6703921375414653,0.0009788675602002694,9.198828735190126,3988.470703125,45.424080141129025,0.08971160668881152,0.0510221614324557,0.6282475568927621,0.0026032609572395698,9.141655374460141,3988.9131519999996,45.876992,0.05831376542839433,0.02279676047161087,0.628793945631968,0.0005196922879999999,9.276106024721784,3979.9527469758063,46.37235383064517,0.060502188976639906,0.021907381735527632,0.6302942505201827,0.00047993337450612965,9.286230385732516,4216.236224,48.070719999999994,0.06004705118807829,0.023120791681947226,0.6074942191208511,0.000534571008,9.283289136154101,4305.212334857724,47.69188262195122,0.08778244551655147,0.05065599948760357,0.5987675893875951,0.0025660302840880933,9.164761049885573,4457.887421956295,49.43372788761706,0.054247271518164206,0.021573424710016643,0.5849820325166502,0.00046541265371875665,9.323810289543339,4310.661331300814,48.875635162601625,0.06005452827803215,0.023555200116603007,0.5986493701012134,0.0005548474525332144,9.328452558696064,4725.148738293445,51.67345213319459,0.05315714954237426,0.021305508461496904,0.5598183665147425,0.0004539246908029162,9.329820966810308,moldy_sandwich_15.jpg,spoiled_bread
684.6808562992126,13.232037401574804,0.4541947585151928,0.32131442121288545,0.9549702536386451,0.10324295727937158,5.904339866093921,1277.8218736437473,18.25699051398103,0.41841689410813304,0.30991013621497754,0.9154373606914056,0.09604429252878592,6.079343439666818,956.2576279527559,15.627706692913385,0.4348558758531923,0.31836205800067463,0.937064912034018,0.10135439997442493,5.964943056946432,1075.5596131192262,16.675119350238703,0.4243711798799673,0.31108170350394754,0.9288225053154399,0.09677182625491793,6.036509132354991,1121.7451636904761,16.72284226190476,0.4343631836341965,0.3103959895668299,0.9258049586475297,0.09634567033917156,6.046398288478478,1277.8218736437473,18.25699051398103,0.41841689410813304,0.30991013621497754,0.9154373606914056,0.09604429252878592,6.079343439666818,1952.5029761904764,21.885664682539684,0.40119504722814603,0.30375982937249346,0.870689294844037,0.09227003394040635,6.165782041069049,1075.5596131192262,16.675119350238703,0.4243711798799673,0.31108170350394754,0.9288225053154399,0.09677182625491793,6.036509132354991,1562.2976250000002,19.756625,0.4173257736593904,0.2993703940146721,0.8960487251527355,0.08962263281250002,6.165946556767983,2569.4894179894186,25.815948601662896,0.38067393253417753,0.28714171831102825,0.8278728714401126,0.0824503663946099,6.3233725754709855,2936.206375,27.4475,0.37721219749579127,0.2894100039574047,0.8042888790571759,0.08375815039062501,6.305521233870823,2075.4748047367098,22.899722852103807,0.3867177933512712,0.2897478796173467,0.8609663398352264,0.08395383374274844,6.255608665265943,2030.2181829637102,22.85779989919355,0.39987177048856826,0.28859951029938646,0.8641266097247953,0.08328967734504568,6.268845721875149,3877.086016,33.115455999999995,0.34770317320060995,0.26390266326810724,0.7369378172826541,0.06964461568,6.517258756860456,3887.4786416330644,32.558404737903224,0.35459061319123136,0.2761547446275993,0.7391682236187804,0.0762614429803346,6.425926647260985,3093.648704,28.782784,0.3550898759911222,0.26799501559543976,0.7900944221313535,0.07182132838399999,6.436712357200419,2430.439024390244,25.403582317073173,0.3903482578541233,0.2803918956122465,0.8367026307113793,0.07861961512502894,6.3439278917115,5118.881893860562,39.716961498439126,0.3171442741012465,0.24203605088452507,0.6481330526737722,0.05858144992777641,6.685312648483707,4747.875698678863,37.298589939024396,0.33273003703991394,0.26392114742570366,0.6797239758843031,0.06965437205850002,6.5236296218053145,4079.1624609781475,34.22788761706556,0.3285978579357127,0.24755616867645933,0.7196023521242779,0.06128405664976758,6.592220793190949,moldy_sandwich_16.jpg,spoiled_bread
1679.8176673228345,23.444512795275593,0.2822834488589016,0.1874450253594831,0.879145126888296,0.03513563753201726,7.3522157927114,2145.1111042222083,27.61119722239445,0.25825392269425396,0.17967385622468648,0.8457847488432246,0.03228269461064931,7.523061145996071,1776.1192175196852,24.759350393700785,0.27105776936969816,0.18707408278401258,0.8721180183637345,0.03499671244947959,7.443383216989194,2205.93365986732,28.2990885981772,0.26182946486511666,0.1857759046071607,0.8414125562842575,0.03451268673260888,7.51781886210093,2305.4967757936506,29.295138888888886,0.2590273976895421,0.1792604263546095,0.8343724034746169,0.03213430045683638,7.496882522113214,2145.1111042222083,27.61119722239445,0.25825392269425396,0.17967385622468648,0.8457847488432246,0.03228269461064931,7.523061145996071,2909.812189980159,33.937934027777786,0.23042995374443992,0.17190609982624924,0.790639904268035,0.029551707157472372,7.688447926214354,2205.93365986732,28.2990885981772,0.26182946486511666,0.1857759046071607,0.8414125562842575,0.03451268673260888,7.51781886210093,2769.5493750000005,32.97575,0.2502960506562856,0.17687058850505644,0.8013060139245698,0.031283205078125,7.556435698458985,3219.086923658352,36.13731418493323,0.22145078152092784,0.16777428916368067,0.7690641893869408,0.028148212104378335,7.731207388860334,3761.0279375,40.306312500000004,0.2053677674816479,0.16322447278403138,0.7295458337819746,0.026642228515625,7.825464654230615,3356.6134416729656,37.02160493827161,0.22998096791286438,0.17544228991524727,0.7591987705120531,0.03077999709070567,7.723752508185831,3215.7504410282263,36.12178679435485,0.24459121388495156,0.17335003902545307,0.7695417654055831,0.030050236030126097,7.605804016012192,4004.2432000000003,41.60128,0.20076579024930313,0.15843813682317778,0.7132585295875414,0.025102643200000004,7.85801270861207,4436.225995463709,44.74237651209677,0.19668580854330384,0.15674254778244825,0.6808125232308898,0.024568226285333075,7.915257502982532,4168.527808,42.704319999999996,0.2072816712849809,0.1654912910820385,0.7015000735973426,0.027387367423999998,7.850657569038565,3510.62106199187,38.14494410569107,0.2395457481117484,0.1717050933505935,0.7485037384236932,0.029482639082536025,7.642680287265664,4696.13820239334,46.04780176899064,0.18874328949709793,0.15149142822831504,0.6638329238530709,0.022949652826654728,7.937494891808049,4921.371760670732,48.169270833333336,0.18895571297719144,0.15101210921536848,0.6448875634071527,0.022804657129674378,7.969700360851874,4798.992325702393,46.920395421436,0.19560704811446408,0.1571986921089128,0.6565350766800755,0.024711428800752763,7.924976864467871,moldy_sandwich_17.jpg,spoiled_bread
423.4695497047244,12.693713090551181,0.16259223415254828,0.020244663512824536,0.9612241963036071,0.000409846400747489,8.29638132118026,625.5674871349743,16.127472254944507,0.12421248165851045,0.017975652658389386,0.9426074500380012,0.00032312408849506137,8.516959953395927,291.1577263779527,11.128937007874015,0.1598151757491223,0.020887970943444734,0.9733133988791921,0.00043630733013419156,8.240057683113298,505.15971231942467,14.137950275900554,0.14319954774130916,0.019131534493108077,0.9536516101783173,0.00036601561206098417,8.415274823639468,854.3941592261904,18.265066964285715,0.11852041796162952,0.017182931856743303,0.9216572148481166,0.00029525314719348384,8.587189012541474,625.5674871349743,16.127472254944507,0.12421248165851045,0.017975652658389386,0.9426074500380012,0.00032312408849506137,8.516959953395927,721.3756200396825,17.828497023809526,0.10727456938373023,0.017185840217677575,0.9337440661795354,0.00029535310398754404,8.616454849409264,505.15971231942467,14.137950275900554,0.14319954774130916,0.019131534493108077,0.9536516101783173,0.00036601561206098417,8.415274823639468,1228.589125,22.35725,0.0940182158971069,0.015491113884256355,0.8871672748241755,0.000239974609375,8.754072275955536,1262.7316074577982,23.70086923658352,0.0828308690966404,0.015006457765957661,0.883761864787594,0.00022519377468147101,8.824801494350531,1166.1073124999998,23.087812500000002,0.08272440674797843,0.015288629353215413,0.8926495657504329,0.00023374218749999995,8.81634364652571,1079.9554043839757,21.223230032753847,0.09355306388848225,0.0158883181188071,0.9005706370910023,0.000252438652644414,8.735186005005207,1572.5232484879032,25.707472278225804,0.07903008417405126,0.014586624100100521,0.8553189194301267,0.0002127696026376333,8.850545476754043,1878.297408,29.571136000000003,0.06384786029336156,0.013544432361675405,0.8264540735836852,0.00018345164800000002,8.987589125419014,1615.4432333669354,27.663243447580644,0.06974358757401194,0.01415545119059979,0.8509548175980685,0.00020037679840945302,8.943921090328901,1618.8567040000003,26.545536000000006,0.07457997797602725,0.014388760057767316,0.8503879584303281,0.0002070364160000001,8.901470751300392,1920.310530995935,28.948742378048784,0.067884493901166,0.013766993712255463,0.8229182737824379,0.00018953011587328147,8.945424950628354,2511.6670785639963,35.050143080124876,0.05085752573813576,0.012600544205253358,0.7670544003092418,0.000158773714268544,9.107417344201945,2069.575647865854,31.841399898373986,0.05812286110050066,0.013296534013439925,0.8087364568727992,0.00017679781677056483,9.043113767845721,2139.380398022893,31.286485431841832,0.059532124382823064,0.013339285330038989,0.8015288303832498,0.00017793653311619335,9.0164497549951,moldy_sandwich_24.jpg,spoiled_bread
466.7934916338583,14.111158956692913,0.16116119380859859,0.019108488590825378,0.9572008501819022,0.00036513433622570367,8.423594692899059,649.4261268522538,16.56643313286627,0.14057803200630856,0.01762494614328406,0.9402209702680735,0.0003106387265536637,8.55099971726352,338.38773375984255,11.504859744094489,0.19835897976078448,0.020963019953159596,0.9688269360427122,0.0004394482055565673,8.223877308135389,566.0243660487322,15.475912951825904,0.1565196614194973,0.018453501351382788,0.9478989768724915,0.0003405317121254864,8.495945372285146,963.1492435515875,20.749069940476193,0.11844913451653291,0.016069916675161982,0.9117404867342254,0.0002582422219466491,8.74213217159954,649.4261268522538,16.56643313286627,0.14057803200630856,0.01762494614328406,0.9402209702680735,0.0003106387265536637,8.55099971726352,735.3660714285716,17.522693452380956,0.13528277103520786,0.01726596215970711,0.9319844728607558,0.0002981134493004378,8.567626067421807,566.0243660487322,15.475912951825904,0.1565196614194973,0.018453501351382788,0.9478989768724915,0.0003405317121254864,8.495945372285146,1431.956,25.694125,0.09155465105409545,0.014498248816667482,0.868878554293331,0.00021019921875000002,8.906832608061638,1304.9388384983624,24.258188460569414,0.09322992324694881,0.01466467947271044,0.8794605672258817,0.00021505282403733495,8.855794757880217,1056.1736250000001,21.281125000000003,0.10576513103121553,0.015532224567009067,0.901919830634221,0.00024125,8.73225106163051,1080.2028218694886,22.17598891408415,0.10848816799095044,0.015714693410126993,0.9002262251782206,0.00024695158897428875,8.79116708235304,1922.7610257056456,30.089528729838715,0.07594475776314585,0.013451176447798759,0.8241045679350574,0.00018093414782981604,9.018347036157163,1913.3560959999995,29.800384,0.06745988287459814,0.01329614440354797,0.8226746095070426,0.00017678745600000002,9.001869046980369,1338.6345766129034,24.230342741935488,0.08529910471667149,0.014558840028970552,0.8751797366853982,0.00021195982298915524,8.833440116269294,1566.512896,27.259775999999995,0.08468064974980741,0.014378365971138724,0.8548349422415973,0.00020673740800000002,8.937553057617949,2435.137131605691,34.146786077235774,0.06458505111578146,0.012716821385877564,0.7775085313120855,0.00016171754616031296,9.110874691707405,2546.953238813736,35.067963059313215,0.05518376789446003,0.01234441971394369,0.7632094672713687,0.00015238469807400158,9.11866366326348,1603.4422637195123,26.786140752032523,0.06800689177646085,0.013990961216383711,0.8499046689062024,0.00019574699575835317,8.906623200623901,2054.112773152966,31.555671175858485,0.07225254016718019,0.013512715213006088,0.8090560041432254,0.00018259347242780618,9.037191297376424,moldy_sandwich_27.jpg,spoiled_bread
1022.3467642716535,14.536847933070867,0.47398807300407786,0.33666232170875715,0.9366341777443326,0.11334151885833069,5.732606230864629,1549.7849835699672,18.09039618079236,0.44987704466873857,0.32928817735895305,0.9035404912930366,0.1084307037483813,5.878632893321376,1350.4232283464562,15.680979330708658,0.46907811246588627,0.33471908718094684,0.9161363297433774,0.1120368673232463,5.761229225235562,1499.657015314031,17.64015128030256,0.4530450068593027,0.33012063690430465,0.9066646669267227,0.10897963491010373,5.86896755142769,1384.1268601190477,18.467757936507937,0.4498689904656793,0.3273802037526388,0.9141450621467957,0.10717779780911932,5.880544317436845,1549.7849835699672,18.09039618079236,0.44987704466873857,0.32928817735895305,0.9035404912930366,0.1084307037483813,5.878632893321376,2220.425905257937,22.457899305555557,0.42772238973628574,0.318770261246493,0.8615261142839672,0.10161447945515738,5.980787108414788,1499.657015314031,17.64015128030256,0.4530450068593027,0.33012063690430465,0.9066646669267227,0.10897963491010373,5.86896755142769,1708.307875,21.267125,0.4354638476994247,0.32017519618171547,0.894017904586927,0.10251215624999999,5.965299036312192,2534.796485260771,25.538107835726883,0.4103154778703558,0.31090518791198973,0.8414431612374231,0.09666203587058966,6.10728729776257,3019.0255625,27.9906875,0.40002041906237207,0.30520568755963573,0.8108878775050649,0.09315051171875,6.127927995910518,2439.7258125472413,24.730725623582767,0.41486588626407356,0.312734936947105,0.8473970565768814,0.09780314078730977,6.085336976742189,1967.846207157258,23.641822076612904,0.42228411870143884,0.3139778813440276,0.8779373561630287,0.09858210997328429,6.025248084364649,3422.9887999999996,31.665792000000003,0.37904375267980334,0.2950667822985163,0.7848965467389536,0.08706440601600002,6.265687171909508,3857.526209677419,33.370589717741936,0.37398070149261686,0.29210807689956053,0.7573257995306979,0.08532712858995958,6.2472461255456135,3284.3303679999995,30.402175999999997,0.3862165533301668,0.297804430430442,0.7936197091742231,0.08868747878399999,6.235990921028318,2204.1779090447158,25.540459857723576,0.4119853989264007,0.3094048760282895,0.8633093835302763,0.09573137731008119,6.0732359769948,4280.808857960457,37.209742455775235,0.35319717554629604,0.2810629891350917,0.7298792080046079,0.07899640386155268,6.395898300294764,4608.685149898374,38.16939786585366,0.3531446991407025,0.2802191344599807,0.7088248423404495,0.07852276331750074,6.346390636889078,4099.781932882414,35.238878772112386,0.3625740816757406,0.2839441701690807,0.7413146304431638,0.08062429177300787,6.349771082694522,moldy_sandwich_5.jpg,spoiled_bread
2024.707923228347,30.09215059055119,0.1382174621725012,0.0810029269996997,0.8072384774058087,0.006561474182518678,8.739815722082003,2446.6024552049103,33.68844937689875,0.12319954021513083,0.07425902926642425,0.7656008442251666,0.005514403427591653,8.853024830509419,1814.2876476377953,28.13336614173228,0.1338747793627085,0.07459127533914821,0.8264977366993145,0.005563858356720619,8.741681364039984,2521.8121396242796,34.54498108996218,0.12016502096575207,0.07407411461418811,0.7583957241137319,0.0054869744558758765,8.859762887998302,2789.3588169642853,36.75911458333333,0.12179869646990228,0.07993512774608554,0.7340035839519227,0.006389624647783014,8.860935140115547,2446.6024552049103,33.68844937689875,0.12319954021513083,0.07425902926642425,0.7656008442251666,0.005514403427591653,8.853024830509419,2781.242559523809,36.849082341269835,0.10588513109240082,0.06583678459621434,0.732577919662249,0.0043344822059683255,8.95320644318604,2521.8121396242796,34.54498108996218,0.12016502096575207,0.07407411461418811,0.7583957241137319,0.0054869744558758765,8.859762887998302,3216.5723125000004,40.1556875,0.11849910725197291,0.07942021350072032,0.6928503762440756,0.006307570312499998,8.899831678371166,3452.6458805744523,41.629377676996725,0.0994236008215866,0.06514111563216343,0.6668650013480827,0.004243364945802887,9.017330803580606,3516.8139375,42.542812500000004,0.09056261742662158,0.05865073062737582,0.6597848462503835,0.0034399082031250005,9.064584556092809,3534.4788359788363,42.703577727387255,0.0990766381246446,0.06525255507743687,0.6589425089747764,0.004257895944133931,9.022841754079316,3554.732610887097,42.67074092741937,0.11285338329072953,0.07854443867342357,0.6600545193823425,0.006169228846523196,8.929232813075936,4109.651583999999,46.621952,0.08477422775682791,0.05768367255991941,0.6004538145615895,0.0033274060799999994,9.101218088520778,4102.06974546371,46.729649697580655,0.07972875340268526,0.05173227672140847,0.6008648876464647,0.0026762284547803806,9.1365248843472,4125.557952,47.089856,0.084393732764895,0.057851167939809135,0.598820198986171,0.003346757632,9.104141603169525,3901.0522738821146,45.07513973577237,0.10809324013679909,0.07821624488505335,0.6263831084222035,0.006117780963918635,8.952708130400527,4754.402640478668,51.09176638917794,0.0753121177998676,0.05103335014405217,0.5342962822057945,0.0026044028269254296,9.17032846367115,4518.906313516261,49.876714939024396,0.07166796894942727,0.045531878193173586,0.5576433915767058,0.0020731519317979965,9.20899250397883,4653.911745577523,50.900819458896976,0.07407948831104084,0.051088147036510566,0.5439864088624833,0.002609998767624123,9.16669702418607,moldy_sandwich_6.jpg,spoiled_bread
470.560531496063,12.987450787401574,0.1792108566236167,0.02156545954466229,0.9568178848091894,0.0004650690453724658,8.286600289532807,670.224750449501,15.645917291834586,0.1479330446000921,0.01986990320184358,0.9385458739135246,0.00039481305325063376,8.41869882949187,376.96795029527556,11.559731791338582,0.18225697989259448,0.02198897601415823,0.9654385363108227,0.00048351506615122605,8.206311137895746,591.7908115816232,14.885609771219544,0.14937386089807625,0.019938752122782274,0.9457391244542092,0.00039755383621375463,8.408537174497818,963.3169022817463,19.165488591269845,0.13122072440546675,0.018880641032586958,0.9116081090050727,0.00035647860580140635,8.568237816803897,670.224750449501,15.645917291834586,0.1479330446000921,0.01986990320184358,0.9385458739135246,0.00039481305325063376,8.41869882949187,814.1406250000001,17.37165178571429,0.12389376645040254,0.018394707971861667,0.9254088859818843,0.0003383652813700712,8.528952324309639,591.7908115816232,14.885609771219544,0.14937386089807625,0.019938752122782274,0.9457391244542092,0.00039755383621375463,8.408537174497818,1442.6423125000001,23.8725625,0.10945571164278804,0.017620788503923426,0.867624087154643,0.0003104921875,8.718781694972453,1387.014739229025,23.367976820357775,0.0959726765639161,0.016721902829288524,0.8729249509955821,0.00027962203423216754,8.727826944119629,1228.9229375,21.8301875,0.09607626809605965,0.01654869707862223,0.887497031247352,0.000273859375,8.708469794331698,1198.2547241118673,21.74754346182918,0.0972928916388715,0.01686713032535511,0.890229676879763,0.0002845000854125139,8.710675075599646,1932.43107358871,28.23802923387097,0.09515910265956437,0.01660248900403287,0.822595155025003,0.00027564264112903234,8.83375627701083,2128.594688,30.175232,0.0643181212471413,0.015017446920165892,0.8051354368009735,0.00022552371200000002,8.902142736842837,1638.9900453629032,25.908014112903224,0.07827094664788155,0.01530861857996497,0.8500937139556196,0.00023435380282684867,8.837978822243336,1818.355392,27.5664,0.0724237544039959,0.015176841305093757,0.833569852782963,0.000230336512,8.88442809116503,2424.6778455284557,32.2051575203252,0.08588038572356466,0.016067291418511487,0.7772408990615146,0.00025815785352737287,8.907264295019777,2863.114789281998,36.0328433922997,0.051082936697828804,0.013896808456500896,0.7379952012880252,0.00019312128527667482,9.019577121019964,2051.3398755081307,29.60562754065041,0.06707986142111674,0.014468608128589858,0.8125645222657445,0.00020934062117869653,8.930036761182324,2426.0405176899067,32.684508324661806,0.05997555845375424,0.014232058236224702,0.7780551525643798,0.0002025514816392914,8.993938786174219,moldy_sandwich_7.jpg,spoiled_bread
1770.2307455708665,27.55517962598426,0.07709891029655494,0.012323970448201809,0.8373037441878234,0.0001518802476081515,9.095000306692231,2358.0270320540644,32.27205654411309,0.07139827616175515,0.01181090157392847,0.7828407845823684,0.00013949739598902598,9.183938659516159,2209.5605314960635,31.07320374015749,0.07441221157687822,0.011968726271877459,0.7969256060705691,0.00014325040857112969,9.158498306988001,2584.8216256432515,34.365180730361466,0.06574695807075823,0.011362104223652112,0.7619383863719865,0.00012909741238913315,9.236000745161654,2684.561135912699,35.22271825396825,0.05808383898320103,0.011003477236651907,0.7528892472427706,0.00012107651129751671,9.27567819049131,2358.0270320540644,32.27205654411309,0.07139827616175515,0.01181090157392847,0.7828407845823684,0.00013949739598902598,9.183938659516159,3493.0984002976184,41.250310019841265,0.05188083786674355,0.01052150889472085,0.6783128570566854,0.00011070214942168996,9.35570258323929,2584.8216256432515,34.365180730361466,0.06574695807075823,0.011362104223652112,0.7619383863719865,0.00012909741238913315,9.236000745161654,3440.131625,41.005875,0.04572259158286749,0.0104016975777995,0.6830413648183807,0.00010819531249999999,9.365973199276265,3665.9526958931724,42.017699672461575,0.0524172535911801,0.01071206182746092,0.6611309019624126,0.00011474826859534535,9.344060416913386,4471.1995625,48.2976875,0.039126572744175345,0.009922157968405865,0.5868272862216735,9.844921875e-05,9.44600701064384,4076.0818216175358,45.57086167800453,0.04618159672320622,0.01010150187969895,0.6231122056124947,0.00010204034022556142,9.412976527547666,4103.867439516129,45.85370463709677,0.03807249401135119,0.00993308073337518,0.6214245458342244,9.86660928557492e-05,9.44197936114008,4595.415231999999,48.44064,0.04220192920860516,0.010153333245786824,0.573167060438292,0.00010309017599999999,9.421675191455726,5171.76423891129,53.201234879032256,0.03369798127316943,0.009560433728023563,0.5202992585229278,9.140189306793052e-05,9.49670994725627,5111.699328000001,52.686719999999994,0.03546564674812702,0.00958772548626628,0.5249969679143796,9.192448e-05,9.485640669785246,4647.234692581302,49.50285823170732,0.03531598849107974,0.00967794819574571,0.5707772871519429,9.366268127953765e-05,9.481418421823111,5343.106204474505,53.64184443288241,0.03588040070848267,0.009774521792275852,0.5010692541820968,9.554127626767552e-05,9.47450477177944,5712.536966463415,57.07571138211382,0.030343428582376902,0.009408021079642486,0.4682964286004809,8.851086063499736e-05,9.520382202676368,5780.775884495318,57.63280437044746,0.029463984461701342,0.009378558506475851,0.45967063186637597,8.795735965939054e-05,9.520939255084734,rotten_baguette_14.jpg,spoiled_bread
3982.763533464568,47.738804133858274,0.03143777148369495,0.009296920405048212,0.6307231681035907,8.64327290178018e-05,9.52792318019839,4258.90916981834,49.52594705189411,0.030219138895762956,0.009256309130354936,0.6046122652662357,8.567925871669216e-05,9.528939847192861,1633.060039370079,28.8550688976378,0.06717695209778846,0.01161157611322343,0.8491325362852149,0.00013482869983318097,9.160574013279168,3682.7626635253273,45.498976997954,0.03352827296916037,0.009462689584342208,0.6580787042591847,8.954249416961852e-05,9.493629614596994,6625.263764880951,64.60664682539684,0.0188912728546108,0.008620893145713541,0.38346230073203946,7.431979862981071e-05,9.653686560155002,4258.90916981834,49.52594705189411,0.030219138895762956,0.009256309130354936,0.6046122652662357,8.567925871669216e-05,9.528939847192861,2370.6916542658737,35.174169146825406,0.05227899992862127,0.010689347458431007,0.7807800139021238,0.00011426214908706542,9.300639247082,3682.7626635253273,45.498976997954,0.03352827296916037,0.009462689584342208,0.6580787042591847,8.954249416961852e-05,9.493629614596994,8683.068,76.16775,0.014950089270872434,0.008450106323295582,0.18964271510628597,7.140429687499999e-05,9.685146580409675,6866.962333081381,65.97556059460821,0.017850145653115584,0.008628573046221538,0.35953118188144784,7.445227281398082e-05,9.647609258282115,2920.8183125,39.4056875,0.044509296376214647,0.010245235172996274,0.7295223666427119,0.00010496484375,9.373361516119182,6081.799256739734,61.21056941295036,0.02054902912738853,0.00873527899301541,0.4326617784141871,7.630509908581632e-05,9.628365417253278,10087.268838205648,83.12922127016131,0.012134010584274841,0.008413810498968083,0.055992110161402195,7.079220711254553e-05,9.694193903307676,8778.486656000003,76.30297600000002,0.016225796039927822,0.008491403653107066,0.17771716970530774,7.210393600000002e-05,9.675001279447521,3387.1219128024195,42.94373739919355,0.03897104188850573,0.009870542352603902,0.6858151939603885,9.742760633454736e-05,9.428189988870214,8204.991744,73.48428799999999,0.014929457704576564,0.008529425771996613,0.23111283851819167,7.275110400000001e-05,9.671267614025538,11210.658346036587,88.1710492886179,0.010650432388917391,0.008398449359002198,-0.05103601478432012,7.053395163572444e-05,9.696131413435397,10062.270486472426,82.49993496357962,0.01335295541226823,0.008531801762277965,0.0532157628629503,7.279164131080939e-05,9.666975840707192,3740.206300813008,45.555386178861795,0.036651738945281204,0.009684199024115983,0.6523293784691276,9.378371073868894e-05,9.463403203291861,9979.164086888657,82.66512747138398,0.012160035792498448,0.008522377094663853,0.0607531262085694,7.263091134365109e-05,9.667332402497994,rotten_baguette_17.jpg,spoiled_bread
354.5532726377952,5.5610236220472435,0.6636676113385587,0.49064225998669325,0.9810414219827035,0.24072982728484987,4.139665618993577,1083.3563767127534,10.223758447516897,0.6047134347426405,0.47934264253929754,0.9418701832443606,0.22976936895655678,4.328829251941567,828.4306102362204,8.101377952755904,0.6350837117422726,0.4872409684196784,0.9555763510315244,0.23740376130654603,4.224419187580776,828.001054002108,8.047182094364189,0.6554356661414587,0.4840849539327091,0.9555718223686788,0.23433824262403313,4.237394400505615,671.4892113095237,8.209449404761905,0.6242920248060451,0.4815841328942487,0.9640688445064872,0.2319232770555054,4.2944020899611335,1083.3563767127534,10.223758447516897,0.6047134347426405,0.47934264253929754,0.9418701832443606,0.22976936895655678,4.328829251941567,1664.757564484127,13.502728174603174,0.5877527155360804,0.47454757255371416,0.9104122818789895,0.22519539861662258,4.422926989376599,828.001054002108,8.047182094364189,0.6554356661414587,0.4840849539327091,0.9555718223686788,0.23433824262403313,4.237394400505615,1005.2535,10.641375,0.6020580373530471,0.47327354421755924,0.9461822981866914,0.22398784765625,4.403354077311228,2212.7616528092717,17.439279415469894,0.5608026088931888,0.45899331300143015,0.8807670393088561,0.21067486138002883,4.569497868442382,2554.73525,18.91175,0.5575807856467894,0.4616162904506025,0.86202028908094,0.21308959960937499,4.570298629978271,1587.7204585537918,12.783320735701688,0.6112939638340908,0.469803069641989,0.9144469035863276,0.22071492424503555,4.453713317170171,1353.7696572580649,13.119581653225808,0.5832627569314095,0.464915373354792,0.9274927355478375,0.21614630438162563,4.499897961245413,3425.225664,24.825152,0.5287275427308125,0.4381190644379676,0.8146825029538413,0.191948314624,4.774956713716245,3466.1886340725814,24.26020665322581,0.5339642207015866,0.4488678979049612,0.8121163680289025,0.20148238976961866,4.694669314277752,2365.202752,17.386176,0.5751965119767839,0.4560396064203196,0.8720337002568583,0.20797212262400003,4.619776080803369,1703.8064024390242,15.525406504065042,0.5700486519312989,0.456678012562234,0.9087014325860566,0.20855480715779195,4.587157229526777,4643.436394380853,32.05580124869927,0.4969632962242974,0.4175613090906245,0.7477758009603723,0.17435744684947607,4.94799127995411,4360.798653455285,29.51194105691057,0.5115073487919695,0.43626381067654,0.7627581156237299,0.19032611250601597,4.79918155597694,3171.8121748178983,22.017169614984393,0.5453779282880293,0.44221357063949696,0.8277121258157655,0.19555284205773338,4.759885781978715,rotten_baguette_25.jpg,spoiled_bread
653.5473056102362,15.904096948818898,0.22628877856304822,0.07566063152933496,0.9437250695856974,0.0057245311634177955,7.311330189814393,874.7726455452912,19.108066216132435,0.17915982813048464,0.07076975359157371,0.9246085101009537,0.0050083580234120606,7.4616530505141085,738.1170029527559,17.48855807086614,0.19790372713443125,0.07345105251661017,0.9364460591100557,0.005395057115797826,7.387060181272174,877.7397234794471,19.123690247380495,0.18066878736382774,0.070516385544231,0.9243564687650139,0.00497256063022263,7.461426670247637,979.6852678571428,19.74652777777778,0.20151056954275637,0.0710566558283339,0.9155696105931905,0.005049048337506298,7.488687815555695,874.7726455452912,19.108066216132435,0.17915982813048464,0.07076975359157371,0.9246085101009537,0.0050083580234120606,7.4616530505141085,1124.0370163690477,22.011222718253972,0.15486465997135176,0.0666611147967052,0.9030873756451157,0.004443704225939509,7.5754717703861925,877.7397234794471,19.123690247380495,0.18066878736382774,0.070516385544231,0.9243564687650139,0.00497256063022263,7.461426670247637,1262.0786875000001,22.8465625,0.17559728390483909,0.06648844178220001,0.8911344501421261,0.004420712890625,7.628327221780745,1354.6507936507937,24.70231796422273,0.14536739903627244,0.06323226822168782,0.8829396077997151,0.003998319744459471,7.711322903150127,1460.0219375,25.435437500000003,0.1396825094836773,0.06273258286668101,0.8739007467443652,0.003935376953125,7.711810563934369,1368.5227387251198,24.49061476442429,0.14201599315045316,0.06302921312588002,0.8817660148157666,0.003972681707267605,7.69347599169952,1542.6444052419354,25.663684475806452,0.1627600330343465,0.0626516893020157,0.8668613616431091,0.003925234172396308,7.739525883416637,1777.1134720000005,29.139456000000006,0.12161079236846228,0.057619818812627316,0.8459083982839488,0.003320043520000001,7.893376395296892,1809.922883064516,28.766129032258064,0.12514798542976374,0.05960266366590598,0.8434701736050507,0.003552477516071109,7.816446080943555,1865.4353920000003,29.200384000000003,0.12147413884928297,0.05833363900872293,0.8382988861718538,0.0034028134400000015,7.862332114647748,1800.9528074186992,28.053036077235774,0.1462612921583026,0.05943754430004051,0.8444927555741275,0.003532821672419278,7.836131110632776,2209.327978668054,33.25917013527576,0.10730895178080227,0.05303370166989379,0.8078811329298489,0.0028125735128112952,8.04463808157464,2158.0915269308944,31.79858993902439,0.11532923558667235,0.05718564358166499,0.8130884186751219,0.0032701978318492217,7.911706161432263,2316.294810093652,32.996162851196665,0.1114517163533687,0.05437204221978918,0.798621349498778,0.002956318975150537,8.006731244491384,rotten_bread_000001.jpg,spoiled_bread
1585.50375246063,15.860051673228345,0.6062670745458781,0.4956002410261858,0.9184637778135124,0.24561959890521343,4.2561462475788545,2111.271870543741,18.770165540331078,0.5879641270837852,0.4903883787449353,0.8910607860966762,0.2404807620080861,4.374518931972089,1946.8892101377953,17.558255413385826,0.5969406754170584,0.4950863550422544,0.8994799631349261,0.2451104989490252,4.310980476660614,2008.6309132618267,18.13726827453655,0.5927045884639301,0.4924277913029977,0.8963591232889891,0.24248512964754865,4.362713135166155,2182.652033730159,20.113343253968253,0.5858038022486227,0.4819734188300145,0.8878105949505959,0.23229837645869256,4.364349625410702,2111.271870543741,18.770165540331078,0.5879641270837852,0.4903883787449353,0.8910607860966762,0.2404807620080861,4.374518931972089,3055.3354414682535,23.969370039682538,0.565645656300737,0.4784657129183084,0.8416990041356994,0.22892943843842514,4.455314427783756,2008.6309132618267,18.13726827453655,0.5927045884639301,0.4924277913029977,0.8963591232889891,0.24248512964754865,4.362713135166155,2726.2970625,23.5125625,0.5680540284163331,0.4695230812517367,0.8599401088670603,0.22045192382812495,4.440175872668873,3525.0233056185434,26.999748047367092,0.5472620553460402,0.46524774807243663,0.8175848955249078,0.21645546708647345,4.5548023090067336,4079.2538125,29.4320625,0.540632139519704,0.4642158185282736,0.7878647779311052,0.21549632617187503,4.559658770931817,3147.39241622575,24.312925170068027,0.5608404471026768,0.4739787819356787,0.8371303041472516,0.22465588572522968,4.522444251794851,3186.2625378024195,26.330960181451612,0.5549856124737937,0.4589584396973501,0.8363876898362779,0.21064284936942618,4.498048911035363,4776.285952,33.833728,0.5182964786077922,0.4449552488779069,0.7520836809182428,0.19798517350400005,4.687821183434753,5044.595703125,34.67798639112903,0.5171981559812037,0.4503832724718339,0.7367705723151875,0.20284509212243818,4.640613415891018,4197.9389439999995,29.870079999999998,0.5348226518710728,0.45775349369720814,0.7821080321496165,0.20953826099199999,4.657687282069185,3504.278010670732,28.127477134146343,0.547403745845545,0.45177118034243574,0.8201547742241033,0.20409719938799759,4.556534273623823,5766.425078043705,39.017689906347556,0.4919307648112021,0.42959587561114077,0.6998791161758288,0.1845526163421027,4.796134398193292,5932.465955284553,39.45693597560975,0.49629675308566307,0.4382105598043243,0.6894117245328095,0.19202849472401926,4.715508557416618,5126.670005202914,34.64177939646202,0.5120809250318538,0.44366717947395873,0.7331821117321751,0.1968405661423779,4.766954666448438,rotten_bread_000008.jpg,spoiled_bread
2199.943036417323,22.62130905511811,0.30836251286069816,0.0933877538518743,0.7948716133314712,0.008721272569498263,6.839391118214508,2439.8449996899994,25.528551057102113,0.24690488474755046,0.0836043338273237,0.7720498713844448,0.006989684634710582,7.055187174064451,2215.515501968504,23.72244094488189,0.2529379537797127,0.0846061621331303,0.7927851252723228,0.00715820267089753,6.985536765459525,2227.273544547089,24.12641825283651,0.24822772751700176,0.08376881013137369,0.7919120571034555,0.007017213550826135,7.020818336163298,2462.243489583333,25.37642609126984,0.2651258588256966,0.09026107220977193,0.7706131733635844,0.008147061156457663,6.989668321533852,2439.8449996899994,25.528551057102113,0.24690488474755046,0.0836043338273237,0.7720498713844448,0.006989684634710582,7.055187174064451,2753.757440476191,29.39930555555556,0.17555750135263487,0.07248779686268911,0.7419166244081897,0.005254480694006481,7.2697623217362395,2227.273544547089,24.12641825283651,0.24822772751700176,0.08376881013137369,0.7919120571034555,0.007017213550826135,7.020818336163298,2768.5321875,28.2061875,0.2383226209423698,0.0881191930710898,0.7423105542526017,0.007764992187500001,7.11911490506227,3203.0251322751324,32.67013101536911,0.17272405812237987,0.07130523811747672,0.7004258180757584,0.005084436982990055,7.363139497911083,3312.1912500000003,34.8765,0.1353039097156004,0.06416540515534833,0.6888738565303526,0.004117199218750001,7.461390109178435,2843.242504409171,30.364701436130012,0.17378029868240452,0.07146747018848532,0.734085035262206,0.005107599295142037,7.30966658953578,3011.6415070564517,30.477444556451616,0.22153082012975342,0.0869966033466308,0.7199185102336053,0.007568408993851013,7.21088929687502,3810.711872,38.255424,0.1308650194516493,0.06307936233032163,0.6431615993657719,0.003979005952,7.549742313186989,3860.331968245968,39.841796875,0.10632904138436862,0.05759759229073048,0.6367145970791256,0.0033174826376892153,7.5917767005082295,3484.550464000001,36.38624000000001,0.13137717346628067,0.06296632445998417,0.6737293260431702,0.0039647580160000005,7.512200288979585,3277.414380081301,32.65015243902439,0.20533710234392286,0.08579624448844353,0.6954403320396774,0.007360995568320776,7.287471036575063,4366.684248178981,43.30950832466182,0.10920721268973418,0.05660773169463,0.5907922599442487,0.0032044352876112177,7.675722039783781,4419.6302718495945,44.609057418699194,0.08852305168922867,0.05219237807188303,0.5831410441910685,0.0027240443287983767,7.698555521647261,4045.571605098856,41.338384495317385,0.10521690882933647,0.05628711506180403,0.6209352207019968,0.0031682393219807665,7.6421795570745585,rotten_bread_000009.jpg,spoiled_bread
1257.7587352362204,22.048228346456693,0.17536066508544862,0.08287580019692656,0.8807409018156163,0.006868398258280891,7.852371149478291,1693.8414656829311,25.34348068696137,0.15366442838248734,0.07559849300419762,0.8386449585583211,0.005715132144505716,7.980909108448117,1458.7185039370079,22.749876968503937,0.17044439452251905,0.0763760065821231,0.8619019551494163,0.005833294381432511,7.882576525348012,1674.935147870296,25.04439208878418,0.15709515053521042,0.07570630240444959,0.8404502259547041,0.005731444223753969,7.980233557862191,1526.1357886904761,25.166170634920633,0.15812570490678018,0.08170181044777854,0.8543777307510898,0.006675185830444733,7.973987996383022,1693.8414656829311,25.34348068696137,0.15366442838248734,0.07559849300419762,0.8386449585583211,0.005715132144505716,7.980909108448117,1995.0993303571431,27.3999255952381,0.14427037087798117,0.06769365406279094,0.8101827585293212,0.004582430800372813,8.055217041583333,1674.935147870296,25.04439208878418,0.15709515053521042,0.07570630240444959,0.8404502259547041,0.005731444223753969,7.980233557862191,1713.9496875,27.322562500000004,0.1470099622437604,0.08086523076622609,0.8354202252063512,0.006539185546875,8.045685305883161,2313.2013731418497,30.45975056689343,0.13202577183726039,0.06657550360618411,0.7771506070384867,0.0044322976804170335,8.153054845745917,2549.7313125,31.7683125,0.127120204831786,0.06083245754221179,0.7561594975681877,0.0037005878906250004,8.193354686865923,2272.725749559083,30.214285714285715,0.12781959014827202,0.06655139342179811,0.7810704004159293,0.004429087966382954,8.155437518578719,1957.848475302419,29.66929183467742,0.1391626124798102,0.07975700824398568,0.8108348355690292,0.006361180364031201,8.115730691535388,2878.921536,35.050816,0.1124746674870039,0.05958161112289596,0.7194614771457819,0.003549968383999999,8.283533646197977,3066.6037046370966,35.569556451612904,0.10954824619377812,0.05396901278349821,0.7051974750618032,0.0029126543408253933,8.292168854149107,2781.662016,34.5648,0.11025322962839375,0.05936178541789321,0.7289787957355508,0.0035238215679999994,8.288086358860955,2181.8775406504064,31.730818089430898,0.13138505051107927,0.07943169898502091,0.7877357136218662,0.0063093948036469704,8.166808839646578,3461.1883454734652,39.299947970863684,0.10193541664204864,0.05296798219354572,0.6588852460791635,0.002805607137655776,8.38397146676207,3393.655106707317,38.411585365853654,0.09892889983512179,0.04798332920764699,0.6719250919317629,0.0023023998818494282,8.368041482265534,3330.746553069719,38.88338969823101,0.09803457048601497,0.05254049246111016,0.6718200077958121,0.002760503348055973,8.391456317922685,rotten_bread_000010.jpg,spoiled_bread
2143.756459153543,15.936946358267717,0.6737137376365178,0.5404421064258562,0.8921833151172047,0.2920776703980165,3.601609500144312,2474.491598983198,17.5498170996342,0.6550979417170366,0.5390905184337652,0.8751255646431866,0.29061858706518573,3.688444084399242,2477.8099163385828,17.298228346456693,0.6662947617367857,0.5406480299068758,0.8748036217999204,0.292300292242186,3.638434221378994,2479.777481554963,17.456072912145824,0.6577824452725503,0.5389420915118341,0.8748588464342869,0.29045857800315017,3.6867220917461205,2737.280505952381,20.110119047619047,0.6489413141546913,0.5281299763962944,0.8624979206156826,0.2789212719683505,3.7124592742426454,2474.491598983198,17.5498170996342,0.6550979417170366,0.5390905184337652,0.8751255646431866,0.29061858706518573,3.688444084399242,3446.2153397817456,22.70566716269841,0.6370942688270401,0.5286238922291427,0.8252525067868254,0.2794432194354883,3.76635282966458,2479.777481554963,17.456072912145824,0.6577824452725503,0.5389420915118341,0.8748588464342869,0.29045857800315017,3.6867220917461205,3296.0196875,23.681562500000002,0.6297304753316192,0.5171962272677557,0.8346234631213919,0.26749193750000005,3.7955412311056627,3680.77840765936,24.66591080876795,0.616654459887167,0.5204194445188636,0.8138356548565404,0.27083639823332256,3.8544218772481575,4332.25025,27.569125,0.6111870336804359,0.5179623029387612,0.7794985633023823,0.268284947265625,3.8686606218514337,3692.7952254976067,24.4332955404384,0.6203919174891251,0.5206984038381103,0.8132298318714914,0.2711268277595558,3.853024823344729,3627.6452242943556,25.885143649193555,0.617915691280454,0.510070567218134,0.8181937308756951,0.26017198354222904,3.851778034679515,4772.252288,30.910207999999997,0.5854539150149819,0.5043328201416204,0.7580612624279203,0.254351593472,3.9827183995132804,5283.745715725807,32.636214717741936,0.5880695483930547,0.5065536104744461,0.7302011405176464,0.25659656028469696,3.9569744886309897,4746.904128,30.268991999999997,0.5923325765739845,0.5053539735591281,0.7593489502266125,0.25538263859199994,3.977044251056914,4030.2849974593496,28.340764735772357,0.6062542361254009,0.5023902524328688,0.7982464040592717,0.25239596573956163,3.9081637225618007,5760.590660770031,36.31321540062435,0.5591221171371744,0.49032108766574517,0.707440239048028,0.24041476900971934,4.080932269002663,6207.969131097561,37.38592479674797,0.5685612507861533,0.49595061242782473,0.6818858436151007,0.24596700996753443,4.021340741280679,5846.934638397503,36.182036940686785,0.5637376675597826,0.48946150741948824,0.703058520596234,0.23957256724535772,4.093321574471325,rotten_bread_000011.jpg,spoiled_bread
1397.7985359251968,21.16701525590551,0.44880369919237423,0.35777659271915957,0.9158209157423021,0.12800409029773138,5.904280509745635,1946.1255502511008,25.575609151218305,0.41871405813748597,0.34597672769292676,0.8821632865744031,0.1196998961051056,6.019079467732949,1693.4731791338581,23.50295275590551,0.43082839041285215,0.35566420717104946,0.8977904025148467,0.1264970282626112,5.951578643718547,1923.4046128092257,24.894475788951578,0.42340742909333756,0.3491575997850116,0.8835390254591602,0.12191102948763033,6.013255033445638,1937.2602306547617,24.87655009920635,0.4316441524223365,0.3448436190630202,0.882982368596748,0.11891712160848138,6.010437620082838,1946.1255502511008,25.575609151218305,0.41871405813748597,0.34597672769292676,0.8821632865744031,0.1196998961051056,6.019079467732949,2767.0970982142853,30.03484623015873,0.40080538569258395,0.3389959752711155,0.8320712692359574,0.11491827125001478,6.113872436310881,1923.4046128092257,24.894475788951578,0.42340742909333756,0.3491575997850116,0.8835390254591602,0.12191102948763033,6.013255033445638,2428.283125,27.870375000000003,0.418841363487488,0.3340696473744285,0.8529578451319489,0.111602529296875,6.0952744994277035,3160.959624590577,32.59832451499119,0.38479541013123064,0.32344059533891695,0.8069545541582213,0.10461381871319303,6.2202855794336545,3765.9768125,35.608937499999996,0.37519570868944446,0.324712411821022,0.7701323941608861,0.10543815039062499,6.221951779759737,3250.3477576215673,32.37118921642731,0.38987343080575154,0.32671041131004314,0.801495461337266,0.10673969285837755,6.219458123168112,2863.961693548387,30.415448588709673,0.4081202953620737,0.32431102687911845,0.8261206113750653,0.10517764215538827,6.169840310419666,4366.6442879999995,38.939840000000004,0.356090986446321,0.30363211761603887,0.7310769122940334,0.09219246284800005,6.367338540170896,4724.785786290323,40.588961693548384,0.3574225299459437,0.31138645850974817,0.7100352775591511,0.09696152654324311,6.313211710440415,4491.799423999999,38.940288,0.3589686722260382,0.3058395643209034,0.7233735119150351,0.09353783910400001,6.377499480574805,3311.8690294715448,32.81910569105691,0.39823415313508026,0.31515562779139666,0.7983729667439998,0.09932306972858934,6.242372657398446,5540.1244146722165,45.010210718002085,0.33050073581682515,0.2858322967325878,0.6559746036923876,0.08170010185542612,6.4859452717984505,5670.86305894309,45.47967479674797,0.3401835292485691,0.297686024493917,0.6500786176155555,0.08861696917899295,6.379965636087889,5758.485952133195,45.54890738813736,0.3317636393688293,0.2849203379989991,0.6424106248915386,0.08117959900546387,6.508531588964603,rotten_bread_000019.jpg,spoiled_bread
850.1092519685039,9.628444881889763,0.6149251528586152,0.5775596482735518,0.9587205360807788,0.3335751473138689,4.208172629387163,1167.463822927646,11.738855477710954,0.6024779040543777,0.5722446904066765,0.9434488323004252,0.32746398569863294,4.294094634223567,791.1961122047244,9.638287401574804,0.6157332515303019,0.5787261923608403,0.9615812305404796,0.33492400572447634,4.2142762631816755,1252.6046252092506,12.199516399032799,0.6001916096431453,0.571438512549328,0.939324668713215,0.3265419736245884,4.3025008440124095,1523.1278521825395,13.87375992063492,0.598315898102924,0.568186698680642,0.926222108313875,0.3228361245576067,4.352190642970197,1167.463822927646,11.738855477710954,0.6024779040543777,0.5722446904066765,0.9434488323004252,0.32746398569863294,4.294094634223567,1547.7344990079364,13.993675595238095,0.5980017482333094,0.5697385126660744,0.9250302014613797,0.3246019728149506,4.334826529398856,1252.6046252092506,12.199516399032799,0.6001916096431453,0.571438512549328,0.939324668713215,0.3265419736245884,4.3025008440124095,2175.0273749999997,17.612000000000002,0.5833431833051527,0.5582972211191589,0.8948985046282013,0.311695787109375,4.448576679069415,2215.9814814814818,17.62496850592089,0.5798755124627073,0.55623397977188,0.8931631505139593,0.3093962402528642,4.469609758213204,2264.191125,17.7435,0.5841554319628703,0.5606760393433539,0.890589941174853,0.31435762109375004,4.428693905356885,2366.0348954396577,18.219828672209626,0.5795311993811249,0.5547880570971025,0.8859287786855458,0.3077897882975779,4.4775603783557365,2795.2954889112902,20.981854838709676,0.570074994821382,0.5483125132850026,0.8652430530483494,0.30064661222491623,4.540406888988307,3182.0706560000003,22.742912,0.560445613762605,0.5400910420438391,0.8472647707797611,0.2916983336959999,4.610961001645296,2953.779233870968,21.341607862903224,0.570546372275027,0.5514732506448738,0.857602792583239,0.30412274617682383,4.498965936689816,3412.662016,23.803392,0.5571863353885073,0.5376648856081266,0.8361966871219083,0.28908352921599995,4.626555138976732,3398.622967479675,24.256224593495936,0.5586906888480079,0.5382319409277454,0.836532272898463,0.289693622234848,4.62405543941107,4084.7059053069715,27.331165452653487,0.5418966769953011,0.5234229701502094,0.8047501611416754,0.27397160568086704,4.735667319169574,3589.5849847560976,24.4390243902439,0.5612803591907696,0.5423130363726753,0.8273473391103972,0.29410342941975054,4.565138028769636,4406.773152965661,28.813735691987514,0.5376422591615017,0.5202457320163039,0.7893552760104833,0.2706556216811799,4.750706949501588,rotten_bread_000022.jpg,spoiled_bread
793.9554010826773,14.335076279527561,0.325510769162086,0.08593349279628655,0.9273044279108132,0.007384565184169433,7.24920468597436,1185.8325996651993,17.735259470518944,0.2822873878543026,0.076098263697405,0.8915224966547676,0.005790945737759788,7.440431651478118,1001.246186023622,16.059916338582674,0.3116742834683338,0.07835113061045165,0.9079855779742275,0.006138899667936053,7.349891992293763,1104.9666439332877,17.13974827949656,0.2734685512315387,0.07587270082608034,0.8989200526242536,0.005756666730643893,7.429063664355265,1066.0057043650793,17.111607142857142,0.25981029102046127,0.08216675711302653,0.902732365111109,0.0067513759744710945,7.418145852246274,1185.8325996651993,17.735259470518944,0.2822873878543026,0.076098263697405,0.8915224966547676,0.005790945737759788,7.440431651478118,1630.2766617063496,21.315352182539684,0.2269008574044508,0.06565811842317822,0.850356434689039,0.0043109885148720955,7.611279183737004,1104.9666439332877,17.13974827949656,0.2734685512315387,0.07587270082608034,0.8989200526242536,0.005756666730643893,7.429063664355265,1344.744125,19.781,0.21716901276380893,0.08022957781423257,0.8777486361731294,0.0064367851562499995,7.534705921677389,1927.187830687831,23.863315696649032,0.20214380691767966,0.06397811135542002,0.8245345251091929,0.004093198732606524,7.7104477138027745,2237.7841249999997,26.359625,0.18015086035719785,0.05590243314248495,0.7948411856451197,0.0031250820312499995,7.813310967719836,1775.8784958427818,23.174918115394306,0.18978655506861863,0.06355052558083112,0.8383114963483336,0.004038669301599871,7.713908055767456,1654.6510836693546,22.470262096774192,0.1867586280419882,0.07870502444049582,0.8500653040579285,0.006194480872179045,7.627668718532979,2609.701312,29.370176,0.15875414009133332,0.054564832630550605,0.7635763322453081,0.0029773209600000004,7.9138705801123095,2764.324470766129,30.550907258064512,0.14863845792626426,0.04912868441603881,0.7466871077595598,0.0024136276324507352,7.959750108689534,2443.54112,28.600064,0.146181117627209,0.05386273992288175,0.7786313826500073,0.0029011947519999998,7.919533405960556,1874.885035569106,24.419461382113823,0.16960018253476378,0.07781353675963189,0.8306326992441421,0.006054946503042584,7.691832758967941,3261.1822970863686,34.48367585848075,0.13297843769910977,0.04795202358152018,0.7056952681389805,0.002299396565562668,8.06341284202606,3257.2937627032525,34.50501778455285,0.1267033365643434,0.04520896702798535,0.7015639522405442,0.0020438506997374666,8.068549804897248,3074.2309443288245,33.64080385015609,0.12103642077742299,0.047085223028653714,0.72260328977291,0.002217018227658062,8.080136091204334,rotten_bread_000023.jpg,spoiled_bread
893.8450418307089,16.435223917322837,0.19554780344159714,0.07002658085814513,0.9159969763387146,0.004903722026682338,7.967733777689643,1354.0223200446403,21.062682125364255,0.15966475388056844,0.06233749428584078,0.8720489836381075,0.0038859631938372324,8.176499264228681,1191.2255782480315,19.032418799212596,0.18182893858636923,0.06337740361714067,0.8874487626889678,0.0040166952892499545,8.067596257958492,1437.5903031806065,21.819083638167278,0.1527008581374559,0.06222289323663987,0.8641442116457979,0.003871688442738284,8.202283495979774,1363.1165054563494,22.16747271825397,0.15026111760399508,0.06810979983774455,0.8718993699489027,0.004638944833937627,8.211357061449428,1354.0223200446403,21.062682125364255,0.15966475388056844,0.06233749428584078,0.8720489836381075,0.0038859631938372324,8.176499264228681,1850.4226810515872,26.02684771825397,0.13587970633199636,0.05235015271898866,0.8242157822097628,0.0027405384897014355,8.362431608832583,1437.5903031806065,21.819083638167278,0.1527008581374559,0.06222289323663987,0.8641442116457979,0.003871688442738284,8.202283495979774,1800.32275,26.386,0.13560157362524514,0.06769368912147573,0.8308785700773106,0.004582435546875001,8.339008373414554,2083.993575207861,28.442050894431848,0.11640278712788321,0.05154498449097449,0.8020171173675228,0.002656885426174801,8.44946703785022,2364.04575,30.777,0.10739253507430145,0.0432618751760716,0.7741877512211578,0.0018715898437499999,8.521794624100243,2199.568405139834,29.54195011337869,0.11258792331513338,0.05143745824914594,0.7909922787771094,0.0026458121111326317,8.470996523237357,2109.0904737903224,29.28654233870968,0.12744825463742682,0.06756724967359287,0.8019628337886869,0.004565333228453636,8.410859405064762,2645.351296,33.222016,0.09402225976830608,0.04224773262555045,0.7474320885422933,0.0017848709119999996,8.587734141115039,2702.6990297379034,33.7621597782258,0.09320196265242203,0.037327988309949996,0.7403945988757396,0.0013933787112677635,8.610293976087359,2842.3787520000005,34.931456,0.08959658348096194,0.04223932120666714,0.728489666782769,0.001784160256,8.614670152098267,2354.5863185975613,31.457888719512198,0.12118953429454826,0.06733608851811403,0.7790138099932093,0.004534148816919288,8.447156143606712,3084.201027575442,36.74824401664932,0.07992708794056749,0.03657259362144802,0.7040755819689124,0.0013375546041995803,8.676570662008782,3016.634400406504,36.375,0.0848976758324935,0.035111165858871946,0.7085744365284886,0.001232793967969215,8.674185162774723,3306.741155046826,38.71436004162331,0.07773959268767763,0.03624705572748937,0.6824360178454096,0.00131384904891172,8.701492788622843,rotten_bread_000024.jpg,spoiled_bread
1130.6143577755906,19.572650098425196,0.14521425636462515,0.017901135525668126,0.8965002111357723,0.00032045065310833744,8.716865690881795,1980.0634881269764,27.672763345526693,0.10638288571367875,0.01557264903696934,0.8182182986988797,0.0002425073980286221,8.977959982959339,1876.9952632874017,26.598240649606296,0.10432547780591754,0.015683258693821624,0.8273393143410916,0.0002459646032573315,8.95363844335364,2025.2662285324573,28.03180606361213,0.0962027443351435,0.015216768125959028,0.814066497617071,0.00023155003219920263,8.99854851031561,1453.6434151785713,23.74423363095238,0.11740715418890676,0.016119481572294227,0.8672025138629991,0.00025983768615953323,8.881418213940524,1980.0634881269764,27.672763345526693,0.10638288571367875,0.01557264903696934,0.8182182986988797,0.0002425073980286221,8.977959982959339,2682.9298735119055,32.98022073412699,0.07523328925075279,0.01369389609092481,0.7523036831999531,0.00018752279014904577,9.131735144164772,2025.2662285324573,28.03180606361213,0.0962027443351435,0.015216768125959028,0.814066497617071,0.00023155003219920263,8.99854851031561,1664.984,26.078000000000003,0.1030423830795916,0.015216664384811805,0.8482052328329356,0.000231546875,8.964449291652953,2848.4003527336863,34.62446460065508,0.07483446307349151,0.01351980328441375,0.7380999656186845,0.0001827850808492448,9.156063095637299,3386.344125,38.062,0.061041892862599534,0.012581763836998373,0.6859474583624559,0.00015830078125,9.237562582144381,2899.4507432602672,34.91080876795162,0.06996894375073515,0.01320762701486796,0.733395590502996,0.00017444141136386995,9.17466813838795,1822.3709677419356,27.574848790322587,0.0925462105806161,0.014694871719077117,0.8341737843694635,0.00021593925484013246,9.004104596774999,3539.9875199999997,39.560384,0.05723732657367951,0.012454538128730427,0.6737320835464963,0.00015511552,9.251380020232897,4003.4931325604844,42.353515625,0.04975613832748901,0.011726961358528373,0.6270766059576588,0.00013752162270441764,9.308678711504498,3690.605824,40.609663999999995,0.052771105801756035,0.01211029842737164,0.6599011305292813,0.000146659328,9.278349616581274,1954.6063897357726,28.810658028455286,0.08608816215919521,0.014133973543115233,0.8224308746367961,0.00019976920811748134,9.050895554238156,4079.9197450572324,43.24531737773153,0.04556924902598209,0.011675984767979233,0.6230939673328191,0.00013632862030208304,9.318048620408383,4675.273882113821,46.85912093495936,0.03846121497009823,0.011067423554471564,0.5629681835277821,0.00012248786413407198,9.376810026710539,4388.7037591050985,45.38143860561914,0.04354199103830831,0.011422087872573644,0.5947448410028042,0.00013046409136879394,9.336759742691953,rotten_bread_000025.jpg,spoiled_bread
2667.8504552165355,34.83839812992126,0.11867721682844695,0.06210317155525243,0.7520900637422574,0.003856803917221115,8.480623566814291,3094.6197532395063,38.44875689751379,0.10071853006676798,0.054250693069665214,0.7118152256364665,0.002943137698539021,8.59383543630916,2466.7127829724404,33.62075541338583,0.1089083732250375,0.05480602636977089,0.7702225292014355,0.003003700526444022,8.509021478877346,2983.8298096596195,37.50120900241801,0.10538845167548022,0.05423673253875882,0.7221326245481312,0.0029416231564808595,8.57835110061302,3636.0671502976193,42.03937251984128,0.10511632376680878,0.06162608061115188,0.6619771642657627,0.0037977738114921894,8.594477043642769,3094.6197532395063,38.44875689751379,0.10071853006676798,0.054250693069665214,0.7118152256364665,0.002943137698539021,8.59383543630916,3412.0855034722226,41.22191220238096,0.08432682500642535,0.044893099622496074,0.681356429206944,0.0020153903937153573,8.682354404373829,2983.8298096596195,37.50120900241801,0.10538845167548022,0.05423673253875882,0.7221326245481312,0.0029416231564808595,8.57835110061302,4145.3876875000005,45.5733125,0.10350788965125189,0.06097458807261432,0.614456986432056,0.0037179003906250008,8.650856078750909,4098.357205845301,46.12137818090199,0.07929308227338526,0.044191793334139605,0.6172055898577017,0.0019529145980873056,8.745774199117935,4109.662937499999,46.3698125,0.07421027048515484,0.037030893985630434,0.6152071060415729,0.001371287109375,8.791893212930777,4095.5214789619554,45.88013353489544,0.0833253777060646,0.044392800929156234,0.6174679388851751,0.0019707207743356945,8.735028869123365,4627.098664314517,48.87411794354839,0.0990783224036218,0.06124226899718042,0.569425905932918,0.003750615511923006,8.684037186440875,4758.404479999999,50.52608,0.06872028106522146,0.03692167710167023,0.554150992064138,0.0013632102399999998,8.827347560814115,4622.5828503024195,50.123298891129025,0.061633681370275445,0.032556628790778114,0.5658960318298976,0.0010599340782205223,8.86013876657608,4813.658112000001,50.94912000000001,0.07053603238016481,0.03681404949200781,0.5490255121968728,0.0013552742400000004,8.830619940678162,4952.922637195123,51.257748983739845,0.09648303056506546,0.06074801512747694,0.5386792176914862,0.0036903213419281675,8.711954024801178,5307.767494797086,54.28726586888658,0.058788534071064685,0.03306639911260708,0.50096985418029,0.001093386750274222,8.890098117212954,5014.651613313008,52.7073805894309,0.059362569758296,0.029747282886202625,0.5279627883209019,0.0008849008391117637,8.902655385842914,5335.964750260145,54.48152965660769,0.06381722008890288,0.032542947146840716,0.49833875716494447,0.0010590434090020685,8.88860924178943,rotten_bread_000026.jpg,spoiled_bread
1898.790846456693,16.955708661417322,0.6275998603405345,0.5194862693737974,0.9036902126822823,0.26986598406790563,3.992551345915297,2523.722425444851,20.16299832599665,0.6090027684134487,0.5133775897730096,0.8715552104880361,0.26355654968114456,4.09725249979469,2197.464874507874,18.126414862204722,0.6214259075764901,0.519490006298514,0.8880476114585083,0.2698698666440301,4.018897104423848,2250.6602393204785,18.292206584413172,0.6180594324488343,0.5171826125773652,0.8854527035985311,0.26747785475234903,4.054752384187233,2784.4278273809527,22.407242063492067,0.6034783001213477,0.502606210896474,0.8588978423263455,0.2526130032317108,4.109554639652666,2523.722425444851,20.16299832599665,0.6090027684134487,0.5133775897730096,0.8715552104880361,0.26355654968114456,4.09725249979469,3501.3418898809523,25.47953869047619,0.5871695576743496,0.5013890289774748,0.8209865090884858,0.2513909583789751,4.1704531060261205,2250.6602393204785,18.292206584413172,0.6180594324488343,0.5171826125773652,0.8854527035985311,0.26747785475234903,4.054752384187233,3592.28475,27.201375,0.5841102280448253,0.4876524260904226,0.8181270621350629,0.23780488867187505,4.203508137463346,4317.940917107584,30.106324011085917,0.5673604213644453,0.4854996689977408,0.7796818983400697,0.23570992859691586,4.29300520740171,4707.30225,31.782249999999998,0.5608543091815495,0.4861805561755067,0.7584326180013771,0.236371533203125,4.281366773377943,3483.431216931217,25.18846056941295,0.5848141898235677,0.49872379146834606,0.822261821615818,0.24872542017656232,4.226409817549882,4352.808908770162,31.437563004032263,0.5665888891444432,0.4739397094895455,0.7798224786819241,0.2246188482310348,4.27170238933373,5869.36064,38.216832,0.5327799916645285,0.46322733128346394,0.6997387136368174,0.21457956044800003,4.42869413128396,5890.159085181453,37.87884324596775,0.5368687230762882,0.47139294419754096,0.6966737294731815,0.22221130783922596,4.372624533861711,4579.161344,30.78272,0.5607817978831021,0.48347461759227855,0.7657419674906872,0.233747705856,4.351508115940132,4941.690548780488,34.463033536585364,0.5545159462401353,0.4636502921574638,0.7502410696015265,0.2149715934177015,4.330688244250526,7184.298257023933,44.69068678459937,0.507550446142133,0.4451909649557829,0.6316151780335552,0.19819499527826112,4.541078959970303,7009.115345528455,43.36877540650407,0.5150223603300331,0.4578150408019747,0.637820409511402,0.20959461158451378,4.439942576075808,5646.865374609781,36.02458376690947,0.5367349433920144,0.46875817854613894,0.7104491738409774,0.21973422995389386,4.458046148721493,rotten_bread_000029.jpg,spoiled_bread
1606.5485359251973,26.183747539370085,0.135528253333297,0.06254760208476015,0.8504095190990067,0.003912202526553492,8.417875804957411,1927.7772335544673,29.664021328042658,0.11216412176000598,0.055145476950356945,0.8197334900000025,0.003041023628082349,8.557573237588011,1541.6066067913384,26.63785679133858,0.12155980874289168,0.05557516322539743,0.8556783137251767,0.0030885987675295665,8.484709081555717,1958.8315456630917,29.839047678095362,0.11579551667671933,0.0550913927962808,0.8168228402126819,0.0030350615602341004,8.554673695045441,2177.789434523809,31.23115079365079,0.12075130013845597,0.061969313852426613,0.797293257126577,0.003840195859340553,8.551585919828561,1927.7772335544673,29.664021328042658,0.11216412176000598,0.055145476950356945,0.8197334900000025,0.003041023628082349,8.557573237588011,2217.818390376984,32.37803819444445,0.0964563311746437,0.045732455805425336,0.7914847877325045,0.0020914575139951816,8.655043300477349,1958.8315456630917,29.839047678095362,0.11579551667671933,0.0550913927962808,0.8168228402126819,0.0030350615602341004,8.554673695045441,2620.8515625,34.5513125,0.1164851810754895,0.0615387485908269,0.7561215307940179,0.003787017578125,8.626172341097973,2684.194885361552,35.808893927941554,0.08756595041147358,0.04496681779385516,0.7480327065531068,0.002022014702505769,8.733801778669502,2689.7800625,36.1638125,0.08159516172507406,0.03802438054229154,0.7460104119923606,0.0014458535156249997,8.765529599486836,2734.030864197531,35.772360796170325,0.09477225240933418,0.045217513722904404,0.7433245516165057,0.002044623547281048,8.725927084479082,3057.5267767137093,37.61372227822581,0.11060955756429047,0.061311664330582855,0.7156530690132582,0.003759120182986066,8.674373946627785,3343.0751999999998,40.510591999999995,0.07632728753680769,0.037808619546341536,0.6849104109599398,0.0014294917119999995,8.845098014750766,3063.053175403226,38.742943548387096,0.07124232469144194,0.033639167986867884,0.7093180593038599,0.0011315936228487172,8.826087301579872,3290.651328,39.987008,0.07751716251254426,0.037768216055302374,0.6898167256238719,0.0014264381440000002,8.8245796433973,3354.2811864837404,39.94137449186992,0.10540678288902289,0.061591436152501004,0.6883083899098544,0.0037935050073276077,8.710159131972317,3873.2468782518213,44.13137356919876,0.06547396232720892,0.03392106044336484,0.6333545861105463,0.0011506383416024111,8.902312621471253,3348.9839303861795,40.89475355691057,0.06717140089486742,0.0309810935913289,0.6804297997102513,0.0009598281601146807,8.881043221693783,3782.4190296566085,43.41824921956296,0.0699816280873162,0.03342992209664323,0.6419173221160065,0.0011175596913876353,8.900062559358474,rotten_bread_000031.jpg,spoiled_bread
1091.4068036417323,17.711675688976378,0.26754785952882093,0.0784397070058597,0.89858266815409,0.006152787635165116,7.7028125243369185,1678.8014136028273,21.79192758385517,0.23934602466973953,0.07027469961596329,0.8429907032745337,0.004938533406113871,7.853075350218102,1352.1201402559059,18.738988681102366,0.2987093246948984,0.07492073893275707,0.8739018115582042,0.0056131171222303395,7.671918798071153,1670.015624031248,21.703391406782814,0.24115236765329737,0.07010927033723492,0.8438038659469944,0.004915309787219489,7.845478536757078,1538.2041790674607,21.660156250000004,0.20491448968970283,0.07358585917342038,0.8566828778237244,0.0054148786702904565,7.9081486721741685,1678.8014136028273,21.79192758385517,0.23934602466973953,0.07027469961596329,0.8429907032745337,0.004938533406113871,7.853075350218102,2263.4769965277783,25.64663938492064,0.2281059170874124,0.06137927809764855,0.787505118472909,0.003767415779788479,7.940948274580606,1670.015624031248,21.703391406782814,0.24115236765329737,0.07010927033723492,0.8438038659469944,0.004915309787219489,7.845478536757078,1988.269875,25.360375,0.17843738153969055,0.07091971142602034,0.8142294533498808,0.00502960546875,8.044996903645181,2797.1830435878055,30.21491559586798,0.16905663736411608,0.05671733023174821,0.7359418323378899,0.003216855548617179,8.149135724915208,3144.8406875,31.9411875,0.18157702423535732,0.05135406735960648,0.7027176571798024,0.0026372402343749998,8.131262420210062,2749.8580876795168,29.74407911312673,0.17042521733744,0.056483469714378905,0.7403585078051168,0.003190382350975159,8.141572447306853,2362.2192540322585,28.392263104838715,0.15913691202519478,0.0696061408501783,0.7785556452327158,0.00484501484405486,8.140008711097499,3786.1796480000003,37.26905599999999,0.13618448004244238,0.04681362673410382,0.6390951891471486,0.0021915156480000002,8.343461999791451,3904.584425403226,37.41759072580645,0.15072652225219055,0.04468671748818467,0.6282791877362603,0.001996902719868829,8.27469731911389,3770.5500159999997,37.105536,0.13284592306575993,0.046247562011418504,0.640392684947669,0.0021388369920000002,8.347797767842557,2672.055703760163,30.94836128048781,0.1475105947347055,0.06904103535121563,0.7485963468425819,0.004766664562367805,8.205573603387636,4686.704019250781,43.78908688865765,0.11338167703932225,0.04069773203290776,0.5485633345944148,0.0016563053926223663,8.489668569961703,4545.85912093496,41.857977642276424,0.13115345332025596,0.04149826484962538,0.5639123543845451,0.0017221059855296534,8.382694562335,4682.277900624349,43.5965790842872,0.1068443671180593,0.04035799420856509,0.5485282112310315,0.0016287676965385735,8.492831035988091,rotten_bread_000034.jpg,spoiled_bread
2574.861035925197,35.517285925196845,0.10546976611229159,0.061385149878685805,0.7590114634002816,0.0037681366256287195,8.959120392339372,2765.685845371691,36.33436666873334,0.09696519800846046,0.05372676543632373,0.7409242952900785,0.0028865653242497505,9.013590756966266,2234.849224901575,32.61915600393701,0.10101876285182837,0.05442802005586412,0.7907876463181877,0.0029624093672015466,8.94353284555844,2742.009548019096,36.71151342302685,0.0940901516795413,0.053713133909607975,0.7431400842307507,0.002885100754391478,9.022399775406935,3292.8658234126983,40.51488095238095,0.09763502365680896,0.06091336868806481,0.6917730331187627,0.0037104384849281145,9.03999044586823,2765.685845371691,36.33436666873334,0.09696519800846046,0.05372676543632373,0.7409242952900785,0.0028865653242497505,9.013590756966266,3043.26103670635,39.049107142857146,0.08392000611555989,0.044524030294967334,0.7148073154517924,0.0019823892737071687,9.099604912247088,2742.009548019096,36.71151342302685,0.0940901516795413,0.053713133909607975,0.7431400842307507,0.002885100754391478,9.022399775406935,3920.7483125,44.5434375,0.09338704869364156,0.06103943397509516,0.6329438967455223,0.0037258125000000013,9.076675026545308,3773.4952128999753,43.79528848576468,0.07608572332406316,0.043883628784939344,0.6461371316447934,0.0019257728753343572,9.154964199642608,3673.480125,43.60787500000001,0.07197069671335418,0.03690528417449186,0.6553719893043858,0.0013619999999999995,9.193012999103297,3787.5086923658355,43.82489292013102,0.07687684761793706,0.04407933634799091,0.644758832536646,0.0019429878928793126,9.150879450063952,4566.124054939517,48.2510710685484,0.08889795270529535,0.06080794932418238,0.5723549213240613,0.003697606701012333,9.108309492868285,4575.618688,49.143168,0.06578682045176995,0.03676553516542361,0.5704507309263993,0.0013517045759999997,9.243652437997,4227.869077620968,47.30279737903227,0.06246855351843354,0.03206731945219412,0.6029744494795037,0.0010283129768490673,9.256992299887406,4630.076864000001,49.068991999999994,0.06468628146402117,0.03666010278217997,0.5651675413959659,0.0013439631359999996,9.23526521163992,5093.312754065041,50.992632113821145,0.08861134803277221,0.06083362454609441,0.5229949618070968,0.00370072987541518,9.131321566237045,5262.214555150885,53.24421175858481,0.05859496016016448,0.03251593384332168,0.5053570917835956,0.0010572859537032724,9.301993773760376,4717.5709476626025,50.68324441056911,0.056827588566679965,0.029169215781480805,0.5564350570148723,0.0008508431493065888,9.3025797542447,5418.572320499479,53.75676378772111,0.05705916432373705,0.03215023327833117,0.4903877997667287,0.001033637499851113,9.303374341721955,spoiled_toast_2.jpg,spoiled_bread
1663.8089936023625,24.64499261811024,0.13473002922259517,0.06169555721576741,0.8449789201272784,0.00380634178016403,8.443010768690932,2801.404798809598,35.08314216628433,0.10378195335617424,0.05381457189294558,0.7393407668339388,0.0028960081480210085,8.708144199443794,2360.8310162401576,32.59553395669291,0.11048043432570327,0.05416308783284757,0.7793904725306429,0.0029336400835887604,8.654103820459149,2614.731725463451,34.378572757145506,0.10445722061950254,0.053655671738530336,0.7567128078651307,0.0028789311097129227,8.699993822133731,2654.6755952380954,31.971230158730158,0.11992568856132005,0.06090139161122711,0.7534683718516882,0.0037089795001840438,8.610077001960038,2801.404798809598,35.08314216628433,0.10378195335617424,0.05381457189294558,0.7393407668339388,0.0028960081480210085,8.708144199443794,2996.671502976191,37.44047619047619,0.0909548213912556,0.04456215751575743,0.7204235049580251,0.0019857858824591764,8.791179484435906,2614.731725463451,34.378572757145506,0.10445722061950254,0.053655671738530336,0.7567128078651307,0.0028789311097129227,8.699993822133731,3534.05675,37.319,0.10995260015011607,0.060463929071389325,0.6728804396033788,0.0036558867187499993,8.696529612787677,3987.8528596623837,42.40350214159738,0.08434928182893464,0.043887199824919565,0.6307785869504212,0.00192608630847242,8.858884808287094,3585.8968125,41.3709375,0.07990360700812697,0.03720684895788677,0.666097161798983,0.0013843496093750001,8.88405885595019,3473.4805366591086,40.15400604686319,0.08723186797125732,0.04400141024906544,0.6784238474414495,0.0019361241039065609,8.838494853203382,4471.709929435483,42.626764112903224,0.1021061550193674,0.06040255094348595,0.5874423183840831,0.0036484681604804156,8.765059310852813,5089.352576,48.361599999999996,0.07063927426340659,0.03702968322845876,0.5312790656240992,0.0013711974399999998,8.951500097981633,4244.91015625,45.38684475806451,0.06857103068389875,0.032278761838024764,0.6053875066438833,0.001041918465795924,8.969057157500458,4340.515584,45.29856,0.07413326923350619,0.03674369257437254,0.6002929704270505,0.0013500989439999996,8.940427208125932,5260.376841971545,46.66584095528456,0.09970158220377341,0.06105850498296937,0.5162824898226261,0.003728141030755296,8.794754904358037,6280.531347554632,54.797346514047874,0.06124698598681348,0.03243472634290127,0.42448208039717,0.0010520114729388936,9.028454574952157,4780.701664126016,48.18349847560976,0.06444102200956364,0.030084823774268826,0.5560053841512862,0.0009050966215288107,9.025237134752643,5301.634885535899,50.73296045785639,0.0637829428291314,0.03201612253231451,0.5143209766147611,0.0010250321020041772,9.021171840248645,spoiled_toast_3.jpg,spoiled_bread
1188.8936392716537,22.58175442913386,0.1223903622044384,0.056416933986595835,0.8891010345495359,0.003182870440447912,8.925373279728522,1513.7995535991072,25.350424700849402,0.10694410885269372,0.04898468889346328,0.8587375165229678,0.002399499745989385,9.027146696298958,1023.771161417323,19.60666830708662,0.1447057282763144,0.04980610677259786,0.9047566200622268,0.002480648271843419,8.840107393017558,1244.0425320850643,22.90247380494761,0.11841896685103497,0.04929126837997614,0.8839038451218444,0.0024296291385068358,8.956831791089279,1800.3399057539684,28.203745039682545,0.11047393015087803,0.05597426907403918,0.8317459535284027,0.0031331187983729383,9.0531599581811,1513.7995535991072,25.350424700849402,0.10694410885269372,0.04898468889346328,0.8587375165229678,0.002399499745989385,9.027146696298958,1651.656436011905,26.28590029761905,0.10377484804259324,0.040038051292045775,0.8463320940508606,0.001603045551264488,9.08805299651558,1244.0425320850643,22.90247380494761,0.11841896685103497,0.04929126837997614,0.8839038451218444,0.0024296291385068358,8.956831791089279,2367.7744375,32.82843750000001,0.1044898853956448,0.056019876494865645,0.7782487191549006,0.0031382265625,9.12649255200322,2464.212396069539,33.263416477702194,0.08865455196913033,0.03955287718348224,0.7695273285875448,0.0015644300934916301,9.217399506687958,2259.3309375,31.738937500000002,0.08401185289110187,0.032850959603564094,0.7898358828146634,0.001079185546875,9.221106262642692,1867.0718694885363,28.859095490047878,0.09336281242377187,0.03961224061838112,0.8253344958486315,0.0015691296068085228,9.142679047500017,3015.7113785282263,37.78584929435485,0.09524571946936741,0.05614983192717655,0.717084176273971,0.0031528036254501748,9.184259400727711,3442.9136,39.978944,0.07323060054218045,0.03292801554907311,0.6772256214267852,0.0010842542080000005,9.332914501829126,2802.7290826612907,36.21131552419355,0.07439573130237132,0.029217198659774943,0.7393027333000365,0.0008536446975247546,9.31370689111835,2457.314688,33.790976,0.07923413760327783,0.03273032208824105,0.7695052771495908,0.0010712739840000002,9.273125802750798,3621.0547510162605,41.7978912601626,0.0940234956727693,0.056239066480837895,0.6598360872135048,0.0031628325986361046,9.229022540752473,4317.043769510927,45.624804890738815,0.06413451316941987,0.029475672394947056,0.594308942832715,0.000868815263134244,9.408874155975967,3346.297573678862,40.28931656504066,0.06727259880585315,0.02635622503236251,0.6887436576636099,0.0006946505979565322,9.375885238671671,2987.2469432882417,37.84853017689906,0.07090800317573394,0.02925117392672105,0.7190667604534328,0.0008556311760912854,9.33714294464499,spoiled_toast_4.jpg,spoiled_bread
1793.9635826771653,27.378444881889763,0.11400541371939556,0.04956440290501221,0.8325505518654268,0.0024566300353303827,8.77853585740933,2561.5770971541947,33.75739351478703,0.08806368329593334,0.03910099645208008,0.7608758139888538,0.0015288879235455788,8.967392055830345,2331.2994586614172,31.76242618110236,0.09661676960383336,0.03955297564398579,0.7824416779702521,0.0015644378822937334,8.934115122589477,2425.0518321036643,32.23008246016492,0.09980515371046349,0.03940791968539222,0.7736217506935599,0.0015529841339303237,8.92520974834456,2479.6653025793657,32.95845734126985,0.09884484730500465,0.048955244816371056,0.7684516454831658,0.0023966159950308255,8.899701488203979,2561.5770971541947,33.75739351478703,0.08806368329593334,0.03910099645208008,0.7608758139888538,0.0015288879235455788,8.967392055830345,3101.085565476191,38.131572420634924,0.07294990798049783,0.03028311514404909,0.7106693367479183,0.0009170670628277353,9.085345113678263,2425.0518321036643,32.23008246016492,0.09980515371046349,0.03940791968539222,0.7736217506935599,0.0015529841339303237,8.92520974834456,2943.9325625,36.5131875,0.09340506079333338,0.04868274607728081,0.7249698755474947,0.002370009765625,8.966469797616368,3473.0539808516,40.865394305870495,0.06637030258186832,0.02991158350228955,0.6756997435567514,0.0008947028276144402,9.144562014393784,3710.0924999999997,42.824250000000006,0.059035578395451524,0.02497713798406455,0.6537854204326552,0.0006238574218750001,9.189476028614646,3351.220143613001,39.66282438901487,0.07394949599086136,0.030035644183274663,0.6870930607932334,0.000902139921504281,9.102517894364539,3233.411227318549,38.59167086693549,0.09037371014162611,0.04869105125742939,0.6977763599127599,0.002370818472553616,9.009126458736745,4195.378688,46.282624,0.05364136626240963,0.02487600225116568,0.6079672725270395,0.000618815488,9.233961280587696,4248.003150201613,46.639742943548384,0.05475882343901134,0.02439078055466419,0.6033879318199994,0.0005949101760657847,9.249643560611105,4067.461184,44.606144,0.060442467085009464,0.024896082262074893,0.619913645886594,0.000619814912,9.190195219610272,3556.2804242886186,40.83149136178862,0.08699051786081431,0.048597535473465986,0.6675672633630273,0.0023617204540947847,9.03544349575905,4789.626170655567,50.44263787721124,0.04873829697281988,0.02421434411090916,0.5519727771272495,0.000586334460721521,9.276525035698098,4765.993902439025,50.26816565040651,0.04531947447891711,0.01933838049441843,0.5549692899790772,0.00037397296014690315,9.314422198708463,4617.40803850156,48.1918574401665,0.056254543847884926,0.02425274303149595,0.5680054868437185,0.0005881955445517752,9.23843291709564,spoiled_toast_5.jpg,spoiled_bread
