Contrast_d1_a0,Dissimilarity_d1_a0,Homogeneity_d1_a0,Energy_d1_a0,Correlation_d1_a0,ASM_d1_a0,Entropy_d1_a0,Contrast_d1_a45,Dissimilarity_d1_a45,Homogeneity_d1_a45,Energy_d1_a45,Correlation_d1_a45,ASM_d1_a45,Entropy_d1_a45,Contrast_d1_a90,Dissimilarity_d1_a90,Homogeneity_d1_a90,Energy_d1_a90,Correlation_d1_a90,ASM_d1_a90,Entropy_d1_a90,Contrast_d1_a135,Dissimilarity_d1_a135,Homogeneity_d1_a135,Energy_d1_a135,Correlation_d1_a135,ASM_d1_a135,Entropy_d1_a135,Contrast_d2_a0,Dissimilarity_d2_a0,Homogeneity_d2_a0,Energy_d2_a0,Correlation_d2_a0,ASM_d2_a0,Entropy_d2_a0,Contrast_d2_a45,Dissimilarity_d2_a45,Homogeneity_d2_a45,Energy_d2_a45,Correlation_d2_a45,ASM_d2_a45,Entropy_d2_a45,Contrast_d2_a90,Dissimilarity_d2_a90,Homogeneity_d2_a90,Energy_d2_a90,Correlation_d2_a90,ASM_d2_a90,Entropy_d2_a90,Contrast_d2_a135,Dissimilarity_d2_a135,Homogeneity_d2_a135,Energy_d2_a135,Correlation_d2_a135,ASM_d2_a135,Entropy_d2_a135,Contrast_d3_a0,Dissimilarity_d3_a0,Homogeneity_d3_a0,Energy_d3_a0,Correlation_d3_a0,ASM_d3_a0,Entropy_d3_a0,Contrast_d3_a45,Dissimilarity_d3_a45,Homogeneity_d3_a45,Energy_d3_a45,Correlation_d3_a45,ASM_d3_a45,Entropy_d3_a45,Contrast_d3_a90,Dissimilarity_d3_a90,Homogeneity_d3_a90,Energy_d3_a90,Correlation_d3_a90,ASM_d3_a90,Entropy_d3_a90,Contrast_d3_a135,Dissimilarity_d3_a135,Homogeneity_d3_a135,Energy_d3_a135,Correlation_d3_a135,ASM_d3_a135,Entropy_d3_a135,Contrast_d4_a0,Dissimilarity_d4_a0,Homogeneity_d4_a0,Energy_d4_a0,Correlation_d4_a0,ASM_d4_a0,Entropy_d4_a0,Contrast_d4_a45,Dissimilarity_d4_a45,Homogeneity_d4_a45,Energy_d4_a45,Correlation_d4_a45,ASM_d4_a45,Entropy_d4_a45,Contrast_d4_a90,Dissimilarity_d4_a90,Homogeneity_d4_a90,Energy_d4_a90,Correlation_d4_a90,ASM_d4_a90,Entropy_d4_a90,Contrast_d4_a135,Dissimilarity_d4_a135,Homogeneity_d4_a135,Energy_d4_a135,Correlation_d4_a135,ASM_d4_a135,Entropy_d4_a135,Contrast_d5_a0,Dissimilarity_d5_a0,Homogeneity_d5_a0,Energy_d5_a0,Correlation_d5_a0,ASM_d5_a0,Entropy_d5_a0,Contrast_d5_a45,Dissimilarity_d5_a45,Homogeneity_d5_a45,Energy_d5_a45,Correlation_d5_a45,ASM_d5_a45,Entropy_d5_a45,Contrast_d5_a90,Dissimilarity_d5_a90,Homogeneity_d5_a90,Energy_d5_a90,Correlation_d5_a90,ASM_d5_a90,Entropy_d5_a90,Contrast_d5_a135,Dissimilarity_d5_a135,Homogeneity_d5_a135,Energy_d5_a135,Correlation_d5_a135,ASM_d5_a135,Entropy_d5_a135,Filename,Label
478.70078740157487,12.541092519685044,0.25961599159779436,0.0646361921462493,0.9267112824032305,0.004177837335166859,8.395662586619197,667.7813875627751,15.195734391468783,0.21758359254813422,0.05703394743020709,0.897718845037618,0.003252871159471625,8.590317105558418,563.3721087598426,13.888225885826776,0.2262726402601244,0.05791755863756375,0.9137895489532593,0.0033544435985356355,8.52536129526801,665.0647281294562,15.26077252154504,0.21145244982931316,0.0568478930719412,0.8981330811704548,0.00323168294671886,8.587013893634008,696.8157242063493,15.9437003968254,0.21576165432528882,0.06350035840300378,0.893163946604338,0.004032295517309933,8.59599991711986,667.7813875627751,15.195734391468783,0.21758359254813422,0.05703394743020709,0.897718845037618,0.003252871159471625,8.590317105558418,962.6277281746034,18.722222222222225,0.1718923082732597,0.047437716175084334,0.8526063779512578,0.0022503369159078577,8.776511134341309,665.0647281294562,15.26077252154504,0.21145244982931316,0.0568478930719412,0.8981330811704548,0.00323168294671886,8.587013893634008,913.1146249999999,18.728875000000002,0.19061275031675864,0.06270072455223305,0.8597503180918499,0.003931380859375,8.712013444154358,1129.0915217939028,20.750125976316454,0.16909350123944955,0.046916601855961006,0.8267260062292644,0.002201167529710764,8.8469296998623,1340.5458125,22.752187499999998,0.13850913562932113,0.039406510209291555,0.7946434577817296,0.0015528730468749995,8.937934913385815,1158.8832199546484,20.95880574452003,0.1518338675331954,0.046790281783334275,0.8221457438978278,0.002189330469363823,8.846943189941358,1184.323210685484,21.640246975806452,0.17015036212790252,0.06179963364196036,0.8177955014017443,0.003819194718280519,8.809723901833461,1583.616192,25.323712,0.13801567040959728,0.03931470564559781,0.7564562948661543,0.00154564608,8.998845033863283,1679.2902595766132,26.212260584677423,0.11896729256311056,0.034478406191035024,0.7426828838120533,0.0011887604934740022,9.0514569595689,1616.212992,25.716096,0.11844323022425397,0.03902412792106954,0.7514295730468218,0.0015228825599999994,8.992150649452647,1372.0711382113823,23.65078760162602,0.1559351951167405,0.06163129713231336,0.7885560453131992,0.0037984167862114976,8.877824702559789,2004.776144640999,29.37031737773153,0.11479592372598604,0.034610284645854354,0.6911461403047167,0.001197871803267062,9.106327536850905,1943.8160569105694,29.071519308943092,0.10282025086743854,0.03152384363485502,0.7021746349298317,0.0009937527175147894,9.129625108168357,2009.6824921956297,29.818678459937566,0.09387037413293994,0.034224732648686126,0.6903658166750325,0.001171332324874042,9.111298643268732,crispy_toast_1.jpg,fresh_bread
408.40348179133855,10.217950295275589,0.3340795863310352,0.07287470561596394,0.9454390290744267,0.005310722718613406,7.711931861756863,594.3713807427615,13.03949407898816,0.31925095032013995,0.07199159555905532,0.9205875801068428,0.005182789831138593,7.810607055320257,431.17999507874015,10.66990649606299,0.3559857010871707,0.07606421622220746,0.9421629757838311,0.005785764989498729,7.631873403370364,549.7094054188108,12.390910781821566,0.3103400064821711,0.06877440433515834,0.9265547016915086,0.004729918691655847,7.845818652197898,709.978236607143,14.763206845238098,0.2738177059105177,0.06556600820375577,0.9055321278581375,0.004298901431774969,7.998541328758607,594.3713807427615,13.03949407898816,0.31925095032013995,0.07199159555905532,0.9205875801068428,0.005182789831138593,7.810607055320257,825.730716765873,15.737165178571429,0.30681873718797503,0.07055621142406673,0.8891300329890862,0.004978178970517604,7.88432180120224,549.7094054188108,12.390910781821566,0.3103400064821711,0.06877440433515834,0.9265547016915086,0.004729918691655847,7.845818652197898,1030.5563124999999,18.7341875,0.23826699866692455,0.05996284656977185,0.8634419390873436,0.0035955429687499997,8.175259107941947,1160.305366591081,19.65520282186949,0.2613424376193662,0.06358374567409154,0.8454409397146369,0.004042892713947556,8.10611615333352,1251.3949375,20.1440625,0.27329425433804566,0.06579187117342081,0.8316488630501124,0.0043285703125,8.044950180613943,1036.8450491307635,18.406147644242886,0.25158333086972867,0.06165274684996844,0.8618869279586844,0.0038010611941462933,8.144784648410923,1349.63615171371,22.275390625000007,0.21139099184938065,0.054794839035470624,0.8219153473533103,0.0030024743849231357,8.311558591079702,1774.6759040000002,25.376832000000004,0.2249545524048043,0.05679265304597066,0.7641035905686049,0.003225405440000001,8.288084486992524,1723.4373739919356,24.165574596774192,0.2532764637161773,0.06228696656912302,0.7674694525147708,0.003879666204383048,8.163282693435225,1567.5096320000002,23.814400000000006,0.21293155351043322,0.054916307523357764,0.7916431517733177,0.003015800832000001,8.33576602344584,1662.723894817073,25.50743140243902,0.1912277357373456,0.05064275737209778,0.7815455199866274,0.002564688874249164,8.417342758165445,2388.5328433922996,30.53999739854319,0.19691337528369346,0.051745699742432934,0.6829002891398068,0.002677617441834024,8.439240075366172,2205.460619918699,27.882113821138212,0.23106289961778226,0.05861578720307827,0.7019896219753005,0.0034358105094365542,8.26570323450398,2066.237578043705,28.280632154006245,0.18605447539054748,0.04953762707891016,0.7256944701779147,0.0024539764966091727,8.466686390763195,crispy_toast_10.jpg,fresh_bread
389.27399114173227,9.425565944881889,0.2607224676919053,0.07558388167466923,0.9304537592549401,0.005712923169010399,7.929308790470478,680.8506417012835,13.250046500093003,0.2188319965225266,0.066730670384102,0.8766922296722848,0.004452982369911669,8.170627485684033,564.5903666338583,11.800996555118111,0.23162609176812565,0.06707874166306001,0.8976672444984902,0.004499557583099542,8.097781375900635,616.6579453158906,12.438340876681753,0.22536030730557705,0.06680916853128878,0.8883163669461397,0.004463464999842146,8.14871543457728,568.7991071428571,12.326016865079364,0.22736025125701528,0.07489776525006216,0.8984651875334037,0.005609675239453419,8.120884509182567,680.8506417012835,13.250046500093003,0.2188319965225266,0.066730670384102,0.8766922296722848,0.004452982369911669,8.170627485684033,935.3240947420636,16.310329861111114,0.19056158330296202,0.05891654453684731,0.8280398611674921,0.0034711592201623126,8.351051967873772,616.6579453158906,12.438340876681753,0.22536030730557705,0.06680916853128878,0.8883163669461397,0.004463464999842146,8.14871543457728,720.15375,14.680375000000002,0.20656691735458568,0.07439105656512078,0.8715093363002363,0.005534029296875,8.250225546233187,1108.9169816074577,18.485764676240866,0.17764815154983937,0.058450669093673566,0.7964911656464885,0.0034164807174981264,8.435643755440989,1287.101625,20.299,0.160925442442617,0.05058262115094472,0.7598364158176117,0.0025586015625000008,8.539954610826765,1057.9144620811287,17.950995212899976,0.1774762248251397,0.058263280282053485,0.8058347153091785,0.0033946098292251224,8.440507627853899,877.5146799395161,16.77312247983871,0.19508112274605974,0.0739562682359451,0.8434555874920602,0.005469529611387062,8.343630247251749,1504.522432,22.790592,0.1468914834229273,0.050129590782291455,0.7199863586544408,0.0025129758720000006,8.616291521992736,1550.30859375,23.426285282258064,0.13751747497545486,0.0446741463162081,0.7068827474979156,0.00199577934908197,8.661246801569785,1451.305792,22.513727999999997,0.14576098266124254,0.049808264695730964,0.7298400816276787,0.0024808632319999998,8.628423308830968,1030.4715447154472,18.68889735772358,0.18418799920290174,0.07340035595292778,0.8161978798970662,0.0053876122540165005,8.42300015175717,1813.5461758584809,26.244667013527575,0.12558942706435258,0.044305127604743214,0.6581679756858878,0.0019629443320725794,8.731356334161092,1779.4098704268295,26.215383638211385,0.11928930571013446,0.03913614558624737,0.658517394265693,0.0015316378913479492,8.755099545438375,1755.8671956295527,26.102497398543186,0.12349533619166031,0.04416384791045763,0.6689527741776456,0.0019504454622580327,8.742000933247873,crispy_toast_11.jpg,fresh_bread
159.10187007874015,7.224409448818897,0.2322238916637204,0.023170664099968485,0.9845098990126844,0.0005368796748335685,8.289962656173646,312.6103912207825,10.79465558931118,0.16325320388957468,0.01978780362311903,0.969509731419655,0.0003915571722271227,8.610283155715734,175.40797244094492,8.216781496062994,0.20328302949380847,0.02179116687137606,0.9829402644377404,0.0004748549536161574,8.422245651634372,261.488312976626,9.515717031434065,0.18145113783115835,0.020826412916202467,0.9744963906999501,0.0004337394749561649,8.508432359736084,437.834697420635,12.275173611111114,0.15829519726856273,0.019168554613773002,0.9572689535557954,0.0003674334859811982,8.661102730231354,312.6103912207825,10.79465558931118,0.16325320388957468,0.01978780362311903,0.969509731419655,0.0003915571722271227,8.610283155715734,536.902095734127,14.629526289682538,0.1312171379118876,0.017583728521979803,0.9476667986643486,0.000309187508734686,8.814946634946757,261.488312976626,9.515717031434065,0.18145113783115835,0.020826412916202467,0.9744963906999501,0.0004337394749561649,8.508432359736084,765.2773125,16.6009375,0.12516107417868144,0.017070396524392746,0.9251408355349239,0.0002913984375,8.854714640927977,883.6721466364324,18.656903502141596,0.103429034802216,0.016305905487351273,0.9133720073434793,0.00026588255376243234,8.96247424909392,995.149,20.333375,0.10026658571948355,0.015706475077973413,0.9027217839154731,0.00024669335937499995,9.007757903590996,713.2663139329807,16.374401612496854,0.11682426046789253,0.016997468580582292,0.9300796232286697,0.0002889139381478822,8.867077171916337,1119.8060105846773,20.593939012096776,0.10286038980296829,0.01573770859896479,0.8902052090757344,0.00024767547194593035,8.98447223650442,1554.042304,25.546688,0.0777242309928802,0.014547863073317676,0.8467433135100386,0.00021164032,9.134713466622507,1510.551537298387,25.59753024193548,0.08372724441848937,0.014453418869351219,0.8518337670881754,0.00020890131701291787,9.130482486761757,1234.081856,22.376896,0.0873506479411889,0.015175559297765602,0.8782961681917741,0.0002302976,9.046973838978316,1482.3746824186992,24.219575711382113,0.09135928798468462,0.01475198472553093,0.854318111680614,0.00021762105334229785,9.082468476021347,2271.6891259105096,31.83571800208116,0.06449543660351237,0.013481769155870484,0.7743969145891215,0.00018175809957218073,9.239992971454612,2063.2125254065045,30.52121443089431,0.07172318622744481,0.013572727794153685,0.7968095940382691,0.00018421893977419194,9.22020770070555,1781.867650884495,27.78739594172736,0.0715193429016966,0.014025266535288787,0.8230468907736848,0.00019670810138589152,9.162452160004978,crispy_toast_15.jpg,fresh_bread
393.41400098425197,7.628444881889763,0.6436537490702343,0.5306042994925227,0.9326677419707206,0.2815409226399508,4.220547355177384,663.2326244652489,9.66997333994668,0.6159369688638058,0.5188950209349613,0.8847811215913804,0.269252042751094,4.33820927932731,546.1236466535435,8.485605314960633,0.6310845032486905,0.5308541208936902,0.9049931650450476,0.2818060976698126,4.254314553087985,655.9363258726518,9.671213342426686,0.6228088846963904,0.5254912305671989,0.8860486577609883,0.276141033403029,4.313780678855547,576.0707465277777,9.662016369047619,0.6240872587468621,0.5152689675193345,0.9015343014886708,0.265502108888441,4.341924455591956,663.2326244652489,9.66997333994668,0.6159369688638058,0.5188950209349613,0.8847811215913804,0.269252042751094,4.33820927932731,941.0952380952383,11.86123511904762,0.6020926935886127,0.5162683409122226,0.8337132415875103,0.26653299982825895,4.409436889773074,655.9363258726518,9.671213342426686,0.6228088846963904,0.5254912305671989,0.8860486577609883,0.276141033403029,4.313780678855547,734.100375,11.313,0.6093466358622969,0.5040125595223297,0.8747324982200992,0.25402866015625,4.424560787674335,1087.8073192239858,13.445515243134288,0.5835779605069276,0.49920953754747277,0.8083522573123855,0.2492101623783616,4.524135289831376,1273.41125,14.657125,0.5797151540008174,0.5038287430702522,0.7713281073086896,0.25384340234375014,4.515964073245941,1080.4472789115644,13.414147140337615,0.5913856472923051,0.5082447236492749,0.8096489346623519,0.25831269911732774,4.506059090764289,875.882056451613,12.782636088709681,0.5984209691682079,0.4947311408082003,0.8507959952466049,0.24475890168538333,4.488283658182725,1473.65152,16.605632,0.5576334871477896,0.48374313104373895,0.7367006869241054,0.23400741683200002,4.656666828245773,1567.020224294355,17.03030493951613,0.5609765906116271,0.4942729816136107,0.7143605646367023,0.24430578035320874,4.59546856861289,1443.81216,16.37664,0.5647940381869399,0.49102099252883263,0.742032125791433,0.24110161510399994,4.6390613728948535,979.5248983739839,13.870172764227643,0.58943690922659,0.48679002677821986,0.8334728011768904,0.23696453017074,4.551392272180835,1820.339164932362,19.40120967741936,0.5380687147471721,0.471648015074524,0.6706454312653315,0.2224518501237384,4.758197737632567,1798.4925050813004,18.842225609756095,0.5507891212180648,0.4855432739392785,0.6679917973822119,0.23575227086767325,4.643893712802998,1788.2190426638913,19.132544224765862,0.5426828747480247,0.4765225357094485,0.6763436171589017,0.22707372703896267,4.755285047885254,crispy_toast_16.jpg,fresh_bread
555.6401328740158,12.378937007874015,0.1929443844699337,0.01650617805697167,0.9100490430806372,0.00027245391404845306,8.801716561723968,780.9568479136959,15.882881765763534,0.14130402030681513,0.014129296392505455,0.8730374210037506,0.00019963701654726764,9.042191181251326,733.5842150590552,14.964136318897637,0.15601705059030926,0.014949592474201186,0.8813853449098838,0.00022349031514469278,8.969404589450928,825.2410564821129,15.86589373178746,0.14610218216839077,0.014353530858104853,0.8658523367312372,0.0002060238480945682,9.018091449836088,900.4296875000001,16.898933531746035,0.12776065788759478,0.01372523348175745,0.8534865163642219,0.00018838203412875572,9.08408963597463,780.9568479136959,15.882881765763534,0.14130402030681513,0.014129296392505455,0.8730374210037506,0.00019963701654726764,9.042191181251326,1230.9285714285716,21.210441468253972,0.1019490121980758,0.01217971648338169,0.8002604354500472,0.00014834549361555967,9.260404604627656,825.2410564821129,15.86589373178746,0.14610218216839077,0.014353530858104853,0.8658523367312372,0.0002060238480945682,9.018091449836088,1255.3395,21.110625,0.09644205971473435,0.01229813565647249,0.7947294386651007,0.000151244140625,9.262663297949452,1305.0069916855632,22.749370118417744,0.08364957145686266,0.011503662379671773,0.7859996698500891,0.00013233424814547564,9.327924316274625,1701.4031250000003,26.632624999999997,0.07204578633855117,0.010759352762829183,0.722854422317763,0.00011576367187499998,9.425184661321104,1444.3405139833712,23.167044595616026,0.09678394281693754,0.01184110364078594,0.763250457143438,0.00014021173543183406,9.32227731440721,1598.8895539314515,24.864478326612904,0.08073469720857186,0.011412950458253928,0.7373317060463351,0.00013025543816255853,9.378205811440433,1784.9224319999998,28.391616000000003,0.05728526860461203,0.010293957839431829,0.7047436733729759,0.000105965568,9.471536427260745,2140.064390120968,31.403981854838708,0.054447126543430535,0.009961812185510267,0.6504971942943497,9.923770201938084e-05,9.527586074207974,1957.1670399999998,28.759743999999998,0.07204369172446792,0.0107565704571671,0.6765534218937092,0.00011570380800000001,9.45358766745678,1921.2454268292686,28.277947154471548,0.06947520255251133,0.010746831093526102,0.6830342838677703,0.00011549437855277943,9.465692969178479,2198.9720993756505,32.925273152965666,0.0438517896684804,0.009590612002074,0.6337020965176079,9.197983857432587e-05,9.56294449889104,2508.738567073171,35.2948424796748,0.044213637356402956,0.009465947394881514,0.5893214680651712,8.96041600826641e-05,9.594621867425325,2372.8702523413112,33.296501040582726,0.05474159545233885,0.010037229019426623,0.6053271312973165,0.00010074596638841994,9.537926973448746,crispy_toast_2.jpg,fresh_bread
477.994217519685,12.696358267716535,0.2002558835069645,0.02478630486574389,0.9118417637153811,0.0006143609088975991,8.641755480598178,768.3438526877054,16.637981275962556,0.1713598226408578,0.022180495618799315,0.8578871817877363,0.0004919743858955756,8.82714449804776,636.9493110236222,14.809301181102365,0.18928486204034167,0.023239644946772282,0.8825066885897804,0.0005400810972520384,8.740022962982659,704.8552917105835,16.376402752805507,0.14755042674170835,0.020525225093474014,0.8696355955807074,0.0004212848651377754,8.87051873088209,767.9485987103176,17.29817708333334,0.1339528383310138,0.019573328004517127,0.8580298580413338,0.0003831151691724145,8.93224915808563,768.3438526877054,16.637981275962556,0.1713598226408578,0.022180495618799315,0.8578871817877363,0.0004919743858955756,8.82714449804776,1118.7100694444446,21.097842261904766,0.12486633648435003,0.018369977109221752,0.7931325779566876,0.0003374560589933312,9.040970113211932,704.8552917105835,16.376402752805507,0.14755042674170835,0.020525225093474014,0.8696355955807074,0.0004212848651377754,8.87051873088209,1042.262125,21.09625,0.09715811630231523,0.017051221088971898,0.8068807865254051,0.00029074414062500004,9.085799931907772,1300.0554295792392,23.513857394809776,0.1156171266936045,0.01760234482257015,0.7583636761457531,0.00030984254325266215,9.109240839345635,1563.6226875000002,26.119187500000002,0.09347971595987456,0.016066876835589425,0.7102748498184921,0.00025814453125,9.191900614418962,1241.4467750062988,23.27607709750567,0.09192598563839884,0.01658760588136963,0.7692882339264071,0.00027514866887564824,9.14841316040975,1338.8074596774193,24.695690524193548,0.07781536339385758,0.015626206683861808,0.7514375441518252,0.0002441783353267674,9.197109033676867,1793.1387519999998,28.74336,0.0923708687196059,0.01539316419713634,0.6652400989153129,0.00023694950400000002,9.242552127261877,1949.7033770161293,29.969758064516135,0.07555515538767511,0.014689062801712676,0.6380932672258259,0.00021576856599265907,9.286113281102779,1765.4723839999997,28.987776,0.06824504898280513,0.014587578277424941,0.6705183070601398,0.00021279744,9.277717355411944,1619.3178988821142,27.748412093495936,0.06698498755568184,0.014682220092752692,0.6987925896196694,0.00021556758685203087,9.269881071085983,2161.0618496357956,32.19088189386056,0.07771189207904396,0.014152334538553754,0.5949650517026811,0.00020028857289114153,9.312968631855233,2240.0943851626016,32.68927845528456,0.06258077667864266,0.013841080656254352,0.5834717885204708,0.00019157551373293839,9.345626861179735,2239.5176248699267,33.76879552549427,0.05502182327372491,0.013574707275334249,0.5805388180853607,0.00018427267761101258,9.368126167682862,crispy_toast_27.jpg,fresh_bread
363.0501353346457,8.011872539370078,0.5541490236658313,0.4377767463107603,0.9331688458029546,0.1916484796104358,5.1165380937552785,803.3667307334615,11.45464690929382,0.5289922950689538,0.42645707364729596,0.8497371724001932,0.18186563566381522,5.256609564969734,591.8619586614174,9.234867125984252,0.5469657484669467,0.4372566869470231,0.8892106484784347,0.19119341027988696,5.140573941337266,620.5397730795462,9.950647901295804,0.5385856237311316,0.4323196847432368,0.8839333801439039,0.18690030981649167,5.215562953691119,644.8478422619048,11.019345238095237,0.5319057729970278,0.4244862831156389,0.8813798235780628,0.18018860455333033,5.263329905586202,803.3667307334615,11.45464690929382,0.5289922950689538,0.42645707364729596,0.8497371724001932,0.18186563566381522,5.256609564969734,1126.5017361111113,13.856274801587302,0.5127729662421356,0.4221449598622022,0.7855986768329145,0.17820636713706028,5.330194157654468,620.5397730795462,9.950647901295804,0.5385856237311316,0.4323196847432368,0.8839333801439039,0.18690030981649167,5.215562953691119,844.3769999999998,13.135249999999997,0.5131426097287047,0.4124397399166331,0.8448156630555328,0.17010653906249992,5.373216289064962,1450.5105820105823,16.9042579994961,0.49001932532180925,0.40298387225519056,0.7244061320114672,0.16239600129778775,5.484049565193144,1612.4631250000002,17.711375,0.487770574969017,0.40755019821182764,0.6877693354832969,0.1660971640625,5.4543020903892,1108.34908037289,14.427941546989167,0.49982584741359554,0.4129039262473112,0.7894160760150389,0.170489652310445,5.432665365669775,1031.7752646169356,15.10263356854839,0.5000959539539558,0.4019321757466708,0.8105702358365867,0.16154947390045263,5.470947298387013,2036.9927039999998,21.704383999999994,0.4575107851714848,0.38374532354675006,0.6067549079221107,0.1472604733439999,5.658812684156132,2054.9058089717746,21.213394657258068,0.46519880468815994,0.3953273517186536,0.5956474509061204,0.15628371501688404,5.553361467131237,1548.2436479999997,18.352191999999995,0.46974020792701016,0.3953706565945429,0.7011087890883445,0.15631795609599997,5.601879938437501,1206.9698297764228,16.92892530487805,0.48703174858591114,0.392082977516337,0.7786043075515422,0.1537290612580764,5.552743419146236,2584.4196800208115,26.069523933402706,0.4328282178576153,0.3659118043279198,0.4937933461288593,0.13389144854651386,5.786169821677875,2436.965891768293,24.18476880081301,0.4510930701815641,0.3829585031742426,0.5129642181811014,0.1466572151534564,5.617762751572255,1954.9612382934442,21.856139438085325,0.4472476123781594,0.3799400042817735,0.617039987275144,0.14435440685363407,5.729869911327208,crispy_toast_29.jpg,fresh_bread
968.138841043307,19.463029035433067,0.14673603074023892,0.06266374676140757,0.8412991486808634,0.003926745158177817,8.821262762895618,1147.48558497117,21.83402566805134,0.12860706577195657,0.054928698351913836,0.8124189202149122,0.003017161902635542,8.92522625824417,674.5075049212599,16.279404527559056,0.15803853430791448,0.05575025664590769,0.8905397818946914,0.003108091116084575,8.768796740925133,1033.1200942401886,20.38874077748156,0.1363002734803326,0.05497105606822498,0.8311220996060701,0.003021817005255934,8.882471278683207,1460.7686011904761,24.67671130952381,0.12638775614622202,0.06211015213382378,0.7586682786160094,0.0038576709980867345,8.940282560589738,1147.48558497117,21.83402566805134,0.12860706577195657,0.054928698351913836,0.8124189202149122,0.003017161902635542,8.92522625824417,1147.6885540674602,22.171937003968253,0.12069897854716088,0.045584704332079326,0.8143319442593594,0.002077965269043092,8.987627348348996,1033.1200942401886,20.38874077748156,0.1363002734803326,0.05497105606822498,0.8311220996060701,0.003021817005255934,8.882471278683207,1852.8772500000002,28.160375000000002,0.11582744288369622,0.06139803539202211,0.6909988695178015,0.00376971875,8.99477075292611,1807.9575459813552,28.380574452003025,0.0973406855083676,0.04480207379295893,0.7030364344431045,0.0020072258161497377,9.093740548035715,1561.548125,26.5165,0.09841490296236921,0.03774609354787592,0.7482759259175843,0.001424767578125,9.113429662886091,1634.9724111866972,26.602670697908792,0.10855501719016744,0.04507116330461729,0.7315127483454755,0.0020314097616314798,9.06812478881221,2232.274508568549,31.256867439516135,0.10946384322447467,0.061324498309730135,0.6242918382864464,0.0037606940929400946,9.030408303985459,2365.8161920000002,33.113215999999994,0.08423810529617107,0.03751546582411046,0.6089889435589979,0.0014074101759999997,9.184581452045052,1920.0778099798385,29.715914818548388,0.09019207484025286,0.03340782498192733,0.6914175323146722,0.0011160827700230876,9.184037875086268,2166.773696,31.407295999999995,0.0910323075632524,0.03764348124177678,0.6420723531587479,0.0014170316800000003,9.162502494370273,2542.5012703252037,33.71138211382114,0.10594092470388258,0.06122245960971929,0.5685541012293286,0.0037481895606637093,9.056213831957667,2839.3234261186267,36.95063735691988,0.07592729140914589,0.033539660965029874,0.5275339606499122,0.0011249088576491487,9.246499494383626,2254.1895960365855,32.68819867886179,0.08010828157351246,0.03082859034085806,0.6385517666785747,0.0009504019824044468,9.229647624834696,2629.517299687825,35.10002601456816,0.0792472655951999,0.033283655004922974,0.5628020141639566,0.0011078016904867343,9.207778200107727,crispy_toast_3.jpg,fresh_bread
985.6362573818899,17.4566313976378,0.2776534114231875,0.07971127219105714,0.8850578285922261,0.006353886914316801,8.335834250765025,1219.4531589063179,20.289540579081162,0.24880017508018984,0.07002095386179986,0.857870087712589,0.004902933979716306,8.477556912907673,852.7858021653543,15.676919291338582,0.31147835688608144,0.07360308481378706,0.9008480808917619,0.005417414094105531,8.243239204350783,1090.0603881207762,17.71740343480687,0.2789414737366438,0.07128411511465892,0.8729499309308965,0.005081425067679943,8.324324926143989,1516.6398809523807,23.36073908730159,0.20521228370223615,0.07660151770955646,0.8228481220491027,0.005867792515407492,8.559083676546278,1219.4531589063179,20.289540579081162,0.24880017508018984,0.07002095386179986,0.857870087712589,0.004902933979716306,8.477556912907673,1326.7667410714284,21.13293650793651,0.23270620364096378,0.060875804219359765,0.8458331314832362,0.0037058635393538205,8.550648689770277,1090.0603881207762,17.71740343480687,0.2789414737366438,0.07128411511465892,0.8729499309308965,0.005081425067679943,8.324324926143989,1962.5841874999999,27.9739375,0.17141868338749744,0.07597356396717873,0.7703457510694838,0.005771982421874999,8.689197778181592,2025.2383471907283,28.63303099017385,0.17930796794402057,0.05820826662666733,0.7637011912452747,0.003388202303681194,8.7687394301194,1739.81725,25.5965,0.18263985897432017,0.04935050816607667,0.7979795851650062,0.00243547265625,8.758625233878462,1550.1359284454525,22.61249685059209,0.20113477655925605,0.05888867308000885,0.8191572508406171,0.0034678758171241587,8.605725860417632,2436.4616305443546,32.24930695564516,0.1514030506760846,0.07548829643375202,0.714560362855833,0.005698482898470018,8.778667551744302,2785.7404800000004,35.379776,0.1367670634310741,0.0475297929303295,0.6746349964739946,0.0022590812160000005,8.95751117711367,2138.066910282258,29.719002016129032,0.14867527766547622,0.04223312596435528,0.751964578696692,0.0017836369287211,8.898470776175841,1874.838272,26.18112,0.1573129253541363,0.04811531747790926,0.7810545720605259,0.0023150837760000003,8.785043520942862,2883.5625635162605,35.90732977642277,0.13770239615598595,0.0753151939129037,0.6617862270325672,0.005672378434138286,8.836788870726464,3501.2167663891782,41.090335587929246,0.11042236424147878,0.041069327983535985,0.5909993419757152,0.0016866897010192517,9.072101675174341,2496.3466082317073,33.14462652439024,0.12615805297851387,0.03956795374387756,0.7105492916349762,0.0015656229634776343,8.995929557042501,2221.987643080125,29.713189386056193,0.12864123875910538,0.04143876558662948,0.7404772089463422,0.0017171712933436276,8.909534777693786,crispy_toast_6.jpg,fresh_bread
181.79459891732282,8.28660187007874,0.2270687219753479,0.03507589977202548,0.9834473000693889,0.001230318744817177,8.43789591738817,680.2445904891811,14.585839171678344,0.1809706833228078,0.03306101021017374,0.937355626295192,0.0010930303961172124,8.766902670694074,646.3512549212599,13.973056102362204,0.1795398307767227,0.03227534388882232,0.9406765979783326,0.0010416978231417402,8.750123874745713,669.8699237398475,14.075640151280304,0.1854098261010087,0.03207015971236286,0.9383082597738093,0.0010284951439764618,8.763943408002113,362.54135664682536,11.713851686507937,0.1922843235951423,0.03363810996827691,0.9668840163167423,0.0011315224422378902,8.654867835590473,680.2445904891811,14.585839171678344,0.1809706833228078,0.03306101021017374,0.937355626295192,0.0010930303961172124,8.766902670694074,1510.7324528769846,21.316406250000004,0.14887841396863025,0.02998935235307358,0.8596378897049398,0.0008993612545567999,8.985065577541594,669.8699237398475,14.075640151280304,0.1854098261010087,0.03207015971236286,0.9383082597738093,0.0010284951439764618,8.763943408002113,553.6215625,14.434687500000003,0.17494704215880397,0.032522678385628084,0.9492697585545167,0.001057724609375,8.778263488658755,1594.4703325774756,22.0916477702192,0.14983634455658582,0.03007201387427457,0.8508692705205548,0.0009043260184545623,8.987926809415825,2432.3518125,27.837312500000003,0.13035419249445906,0.02716374680755584,0.7710988598023314,0.0007378691406250002,9.132176725291284,1524.1660367850845,21.067523305618543,0.1519875793170677,0.02865088922823351,0.8574234398468993,0.0008208734535685069,8.976461593435658,761.3515625,16.917716733870968,0.16087727480162936,0.03136392363881077,0.9300057280016345,0.0009836957060211531,8.886350658151645,2602.580032,28.98208,0.1324225433409004,0.028259605658961344,0.7526384995023844,0.0007986053119999999,9.122743025417961,3364.730090725807,33.97631048387096,0.11336133065195378,0.025499865371365213,0.6791545688347961,0.0006502431339577507,9.221036580744775,2407.465728,27.307648,0.12710543401625207,0.026151656161704177,0.7710671293255607,0.0006839091200000001,9.112478868901654,987.9599847560977,19.257748983739837,0.15090809026895202,0.03046609576007271,0.9088813846734509,0.0009281829908619205,8.955989536013309,3599.7405046826225,35.33415712799168,0.11541608565191072,0.026761874552830942,0.6521607330872988,0.0007161979295814604,9.219836699465874,4240.100800304878,39.529662093495936,0.09902307193044717,0.0241315400575434,0.5891923524147801,0.0005823312255488218,9.293289216720042,3235.905306971905,32.85145681581686,0.10807003337845665,0.024276972858114282,0.6870040761768186,0.0005893714111536175,9.197733909141945,crispy_toast_7.jpg,fresh_bread
1312.415046751969,21.53561761811024,0.15664510692310316,0.05078709012056961,0.8270565589853569,0.002579328522914859,9.093758304597516,2177.54417508835,29.317254634509272,0.11321386561280374,0.04111403017763094,0.7148217408795495,0.0016903634774471474,9.33389740258042,1846.9424212598426,26.507012795275593,0.12499384727181999,0.04117198510577151,0.7586768388757319,0.0016951323575498712,9.274169858075219,1729.4873209746422,25.928513857027717,0.12153653789663175,0.040958344331005016,0.7734977978866209,0.001677585970337171,9.284196192305057,1988.5003720238099,28.226686507936513,0.12149863847837622,0.05019388779777952,0.7371687553378498,0.00251942637225608,9.281938686150172,2177.54417508835,29.317254634509272,0.11321386561280374,0.04111403017763094,0.7148217408795495,0.0016903634774471474,9.33389740258042,2833.4703621031745,34.85677083333333,0.08635420440684868,0.0324851092012094,0.6320209853381304,0.0010552823198144996,9.475860171824127,1729.4873209746422,25.928513857027717,0.12153653789663175,0.040958344331005016,0.7734977978866209,0.001677585970337171,9.284196192305057,2450.594,32.345375000000004,0.106682069982557,0.05024255619616701,0.6751663447121866,0.002524314453125,9.359897520181272,3161.3109095490054,37.89531368102797,0.08098918504268857,0.03250460559041923,0.587247098749785,0.0010565493845887132,9.531254009288947,3428.5642500000004,39.900999999999996,0.06700149606850099,0.026523537601062953,0.5569070344956466,0.0007034980468750003,9.590521570222851,2655.5689090450996,34.20647518266566,0.08479645020079349,0.03228682304151034,0.6532619039583665,0.0010424389421138033,9.480991438012751,2848.0585937500005,35.77079133064517,0.10022449748906247,0.04990293228397495,0.6216072951895512,0.0024903026505389897,9.406385920245679,3654.499968,42.64384,0.062316021150371735,0.026554833232389167,0.5238165743249393,0.0007051591680000001,9.61423992578164,3792.8334803427424,43.68063256048387,0.058838752624582775,0.024159766782474418,0.5118784039409173,0.0005836943309835542,9.647316407777673,3249.813056,39.499967999999996,0.06712711540633604,0.026572912523846536,0.5764965770965813,0.0007061196800000002,9.578674952233785,3192.8254573170734,38.597433943089435,0.0960871988514978,0.05000732820015797,0.5749139357506783,0.0025007328737183146,9.445756320212698,4038.908493756504,46.41213579604579,0.05384954470073442,0.02414971399072648,0.4746854338987237,0.0005832086858338902,9.654800114254959,4011.455030487805,46.241996951219505,0.046688994998369926,0.0184606816839433,0.48626113382209035,0.0003407967682358797,9.690213630456741,3662.318938605619,43.24336628511967,0.05738524161067737,0.024097288306345502,0.5235853945724562,0.0005806793037191357,9.62263958060683,crispy_toast_8.jpg,fresh_bread
569.7409571850393,9.65372785433071,0.3484021766008206,0.04943482214525474,0.9286571743291797,0.0024438016405329685,7.533307316093335,881.4761609523221,13.501209002418006,0.27788720236513453,0.04085782298948538,0.8899090901322424,0.00166936169944012,7.900093559462622,699.9816683070867,12.141240157480318,0.2725709593907345,0.04004171983424443,0.9125961819978654,0.0016033393272841237,7.917307958846118,840.4064728129457,13.671647343294689,0.25648802864705456,0.03846544356114297,0.8950372876591897,0.001479590348355475,7.985904468946675,706.9822668650795,12.045386904761907,0.31479839163992074,0.046185173987556505,0.9114538839532418,0.002133070296260866,7.721291935292462,881.4761609523221,13.501209002418006,0.27788720236513453,0.04085782298948538,0.8899090901322424,0.00166936169944012,7.900093559462622,1164.9087921626985,17.21831597222222,0.21398998743537512,0.03337700161097809,0.8549315096312315,0.0011140242365392343,8.20584758972695,840.4064728129457,13.671647343294689,0.25648802864705456,0.03846544356114297,0.8950372876591897,0.001479590348355475,7.985904468946675,830.5255625,13.684437500000001,0.2882776115728413,0.0433565567777816,0.8959966880442984,0.0018797910156249998,7.841558112200062,1272.191232048375,17.963970773494584,0.22075729274372902,0.034352115361178014,0.8415014802383547,0.0011800678297876823,8.175760027855288,1592.1556875,21.4415625,0.17314302737052395,0.029107894655058787,0.8022783445417835,0.0008472695312499999,8.372167515017843,1325.8996598639455,18.833900226757372,0.19881403435402986,0.03186562769438562,0.8348041973262286,0.0010154182283571957,8.25858228345006,924.5990423387098,14.924017137096776,0.26997453825853296,0.041130511783865134,0.884229218813442,0.0016917189996026687,7.929773794475757,1661.7357439999998,21.80128,0.18376920650749254,0.030206881335218965,0.7935708209567988,0.0009124556799999999,8.340574484074985,1934.655745967742,24.732232862903228,0.14457522386314325,0.026424314757899123,0.7604172989569229,0.0006982444104245253,8.485733714958307,1765.4579840000006,22.979136000000004,0.15710364977454605,0.027765159174764336,0.7806710986944464,0.0007709040640000002,8.415404332158364,1002.6594258130082,15.897611788617887,0.25865793205703036,0.03952707249165617,0.8744388306453292,0.0015623894597606418,7.998253819450376,1962.1616805411031,24.81308532778356,0.1570276959296804,0.027574713646059318,0.7569456814828592,0.00076036483266217,8.452681723011027,2236.589049796748,27.616996951219512,0.12054163219878661,0.024362191295777446,0.7238052997333494,0.0005935163647320543,8.57290215588178,2118.9258584807494,26.21553069719043,0.13004276169759096,0.025098792466115207,0.7374986934686782,0.0006299493832571214,8.525897831220023,crispy_toast_9.jpg,fresh_bread
1172.1004552165355,19.744771161417322,0.27595895649929647,0.1528410290328448,0.8760814591455185,0.02336038015581891,7.842676191592789,1580.1591543183088,22.83235166470333,0.24809752219547404,0.14560683251590187,0.8295355177722695,0.021201349675313896,7.978728170938002,1178.8838582677167,19.375492125984252,0.25728819552268467,0.1479417546457597,0.8729614450841892,0.02188676276766616,7.904620499716751,1645.991381982764,23.464132928265858,0.2468148791458451,0.14645038909057245,0.822433665675883,0.021447716464780064,7.990608521117076,1446.1325644841272,22.427827380952383,0.2576214486140939,0.14948300984481122,0.8469807406787088,0.022345170232263924,7.926363855793389,1580.1591543183088,22.83235166470333,0.24809752219547404,0.14560683251590187,0.8295355177722695,0.021201349675313896,7.978728170938002,1814.191902281746,24.337611607142854,0.23533727623706646,0.13945221096847424,0.8005449764786288,0.01944691914399585,8.059551290729324,1645.991381982764,23.464132928265858,0.2468148791458451,0.14645038909057245,0.822433665675883,0.021447716464780064,7.990608521117076,1541.5121250000002,23.620375000000003,0.24790850809425669,0.14653024031961798,0.8367316784920715,0.021471111328125,7.977227639335323,2284.667485512724,28.17907533383724,0.22334910671437397,0.1351724041070087,0.7483266620369241,0.018271578832068466,8.142398389152035,2367.786125,28.460875,0.2177537483738089,0.1322687545775645,0.7342729023511628,0.017495023437499993,8.178341727447066,2341.555618543714,28.7675107079869,0.22329561101228465,0.1372830195944002,0.7420600055448159,0.018846627468956472,8.135039253780581,1676.6453503024195,25.090032762096776,0.24206104912783993,0.1441642331929678,0.8223338142370967,0.020783326132116406,8.019704121321036,2812.943872,32.095488,0.20461013923468588,0.12601651193395255,0.6833696125853799,0.015880161280000003,8.25606063415584,2914.7915826612907,32.14402721774194,0.20369050937522729,0.12554798821764473,0.6661281592441741,0.01576229734549786,8.270047655904206,2853.87648,32.698623999999995,0.20698969544617415,0.12947492631393925,0.6787112762062185,0.016763756544,8.240524985955814,1774.6780995934962,26.125889227642283,0.23576999465114218,0.1415228867418194,0.8118109407483795,0.020028727471737843,8.048486184978348,3283.4235822060355,35.470538501560874,0.18904144433710462,0.11745119270592513,0.6226003919554526,0.013794782668044361,8.343471499652402,3226.5063516260166,34.675558943089435,0.18912850129594166,0.1192861492463687,0.6233885059789932,0.014229185402026947,8.344536178369495,3334.339945369407,36.154331425598336,0.19129809293172406,0.12246267295967418,0.6165871451087589,0.014997106268428114,8.328035546203836,freshly_baked_bread_loaf_10.jpg,fresh_bread
531.0186392716536,11.483698326771654,0.2694747743272641,0.06993888771862121,0.9261406548431105,0.0048914480153179046,8.244267039926848,1170.481740963482,16.895281790563583,0.2119444237804981,0.05992222977059616,0.8378194107493879,0.00359067362068012,8.496187538898916,934.8405511811026,14.570374015748035,0.23661360937028247,0.061206376343779116,0.8699987654576322,0.003746220505136324,8.389690380331574,846.7784115568231,14.529047058094118,0.22855398457466886,0.06063049472182177,0.8826714655948946,0.003676056890212857,8.425152975911312,911.9229910714284,15.32800099206349,0.22127165622623274,0.06856214780083739,0.8735793447358826,0.004700768111063872,8.4176034964959,1170.481740963482,16.895281790563583,0.2119444237804981,0.05992222977059616,0.8378194107493879,0.00359067362068012,8.496187538898916,1511.4107142857147,20.337673611111114,0.1737935773870704,0.050005229773519295,0.7906225157096302,0.002500523004702461,8.675809930531305,846.7784115568231,14.529047058094118,0.22855398457466886,0.06063049472182177,0.8826714655948946,0.003676056890212857,8.425152975911312,1211.1523124999999,18.170187499999997,0.19794478203436267,0.06795203098969889,0.8326529318044126,0.004617478515624999,8.530382734284641,1774.3337112622828,23.028722600151173,0.1573867456921022,0.04923113910661484,0.755913640343521,0.002423705057734861,8.75381599216561,1974.9971875,24.910062500000002,0.1378060094364145,0.04084433578386359,0.7274530981296427,0.0016682597656249997,8.858540074820548,1458.0870496346688,20.5803728898967,0.17578149754096606,0.04981274242100092,0.7994182578267233,0.002481309307500985,8.68387783201728,1475.8451360887102,20.576612903225808,0.18042221881515724,0.06717659984361012,0.7966578325729152,0.004512695566548518,8.60499858955794,2299.2064,27.958399999999997,0.12650767408512711,0.04043670728434748,0.6860039095889011,0.0016351272960000002,8.922766293202724,2374.962638608871,28.756363407258064,0.11765223532039769,0.03611266152018613,0.6734264866668602,0.0013041243220715318,8.970310462409298,1902.041792,24.877119999999998,0.14601502047073944,0.040998931498272,0.7402438776534197,0.001680912384,8.850426350723954,1643.7863313008133,22.19258130081301,0.17212795000137066,0.06710436523903451,0.7741276024965291,0.004502995834133743,8.654518931617837,2855.323621227888,32.710327783558796,0.10649797125406221,0.03594502413333315,0.6125949415689105,0.0012920447599459027,9.03627819596434,2738.4281631097565,31.99282266260163,0.10292713058831812,0.03321627141755167,0.6247230883189605,0.0011033206868844604,9.053156571065962,2326.3488553590014,28.708766909469304,0.12450088992730711,0.036495545284500976,0.6843766926629472,0.0013319248256130614,8.94593171338822,freshly_baked_bread_loaf_14.jpg,fresh_bread
666.150098425197,13.823572834645669,0.3343427248749979,0.20908052131812954,0.9077050680924079,0.043714664394660825,7.008612251202411,997.2685845371691,16.50685101370203,0.30997566087135053,0.1962879128974193,0.8612963470623805,0.038528944749624865,7.156015644535438,778.2041092519685,13.758858267716535,0.3338646518882327,0.2074278550642039,0.8924537350126414,0.04302631505653637,7.006832284660158,972.0445780891562,16.26542253084506,0.3192677925171845,0.20320696468407973,0.8648045913711946,0.04129307049611682,7.133500845344049,917.0064484126983,16.606894841269842,0.3055366842358132,0.19268233699473497,0.8720938241217704,0.037126482989752616,7.143385721404562,997.2685845371691,16.50685101370203,0.30997566087135053,0.1962879128974193,0.8612963470623805,0.038528944749624865,7.156015644535438,1283.6003224206347,18.59858630952381,0.28427755284711637,0.1854942988566833,0.8219271138976821,0.03440813490833255,7.230959946068571,972.0445780891562,16.26542253084506,0.3192677925171845,0.20320696468407973,0.8648045913711946,0.04129307049611682,7.133500845344049,1143.253375,18.65325,0.2936929994155256,0.18458016656895995,0.8394300072000264,0.034069837890625,7.242723712756822,1576.8694885361551,21.725749559082892,0.27056011405629327,0.17517166480711574,0.7782899567516076,0.03068511215129651,7.387380139914745,1727.72975,22.369999999999997,0.2582409090012223,0.1710207978032204,0.7593898310911321,0.02924811328125,7.362813672646443,1524.4753086419755,21.128495842781557,0.2857626519348745,0.18380071927804584,0.7856572864701203,0.03378270440712701,7.3495784049013455,1377.4986139112907,20.703377016129036,0.2824282955276862,0.17626398502323357,0.8051162656487287,0.031068992416270702,7.3193969562208725,2134.62624,26.362175999999998,0.24102277111615825,0.15707478942210937,0.69645515366101,0.024672489472,7.546419571459593,2113.0853704637098,25.450541834677416,0.24122852197666403,0.15940993830233222,0.7046468500640417,0.025411528429553368,7.451865465413894,2066.833152,25.677568,0.2536336772630502,0.16538146121013683,0.7060972676928924,0.027351027711999997,7.528386393308866,1592.1493902439022,22.512703252032516,0.27737444296862285,0.17077849925071364,0.773015806949722,0.029165295806325996,7.389569415037425,2683.7680801248703,30.73829344432883,0.21788356430474187,0.14067915181278898,0.6138130402933187,0.01979062375476573,7.678993631038061,2443.680386178862,28.104547764227643,0.22572366774994312,0.14973278363868767,0.6571101081192734,0.02241990649619005,7.533408453008633,2576.938410509885,29.637552029136316,0.22903911939662042,0.1482465508624873,0.6292114074632337,0.021977039842624037,7.650959749559439,freshly_baked_bread_loaf_15.jpg,fresh_bread
368.8841043307086,8.175688976377954,0.64818795993758,0.5400794305640235,0.9704321977703745,0.2916857913183599,4.214283612222388,1008.2757765515532,11.274970549941102,0.6275975086747231,0.5316350569067133,0.9176400848579852,0.28263583373220436,4.319863906470563,946.8671259842522,10.733759842519687,0.6329728890230961,0.5359866102251404,0.9226858257107419,0.2872816463406365,4.27819971537514,1056.8357616715234,11.80209560419121,0.6271123213866205,0.5312011026619929,0.9136735150496172,0.2821746114693172,4.332190915515731,533.0075644841272,9.6937003968254,0.640052265779484,0.5333762052897595,0.9572577851105409,0.2844901763693037,4.294430926041344,1008.2757765515532,11.274970549941102,0.6275975086747231,0.5316350569067133,0.9176400848579852,0.28263583373220436,4.319863906470563,1722.4093501984132,15.11979166666667,0.6113398158445588,0.5236921578022762,0.8565608026095235,0.2742534761436042,4.419794991004276,1056.8357616715234,11.80209560419121,0.6271123213866205,0.5312011026619929,0.9136735150496172,0.2821746114693172,4.332190915515731,684.0952500000001,11.017999999999999,0.6298738618381974,0.5265101606035253,0.9451161031948775,0.27721294921874995,4.365238244591789,1818.109095490048,15.853363567649282,0.6023789634773384,0.516071847859983,0.8484822064811915,0.2663301521536173,4.4947920470862925,2487.2082499999997,19.186375,0.5898029011119172,0.5115130951250173,0.7885711223717327,0.26164564648437505,4.531954092350186,1886.3299319727894,16.563869992441422,0.6001892101085133,0.515094909842217,0.8427968102409364,0.2653227661453616,4.510622880051882,825.6868069556454,12.165385584677422,0.6236887967289354,0.5200255899736607,0.9337185663504372,0.27042661422745384,4.428491278503572,2599.8956799999996,20.046847999999994,0.5779796518905999,0.5002303459167585,0.7787724871219572,0.2502303989759999,4.634577391674035,3258.510773689516,23.285597278225808,0.5725030164852631,0.4996531511040038,0.7172002858131779,0.24965327140816046,4.625758233655445,2707.375488,21.060096,0.5756346317914056,0.4991090871062157,0.7696269314785669,0.249109880832,4.649754147104387,966.905487804878,13.39989837398374,0.6153153009414105,0.5137495123073911,0.9223409445871343,0.2639385613960821,4.48854174156528,3376.07075962539,24.20096253902185,0.5557883326961857,0.4850024760479808,0.7066189110566088,0.2352274017726722,4.754841383047579,3862.4368648373975,26.54331808943089,0.5539113604257251,0.48772598290223734,0.6585057314069888,0.2378766343979535,4.706984317207969,3482.7005723205,25.139308012487,0.5536836701294457,0.48347505171911287,0.6973527632801939,0.23374812563479885,4.769502050348404,freshly_baked_bread_loaf_17.jpg,fresh_bread
1130.1732283464567,16.665969488188978,0.4810374137520502,0.3883183506957509,0.84553419734771,0.15079114148706815,5.829887185755387,1569.955793911588,19.677661355322712,0.45990993651905443,0.37517743036842444,0.7838270402165715,0.14075810425785398,5.9561635193033835,1265.8511318897636,16.463582677165356,0.47761962568867716,0.3859292148268109,0.8256856632141821,0.1489413588568388,5.826264464377813,1552.030814061628,19.442928885857768,0.4638114784850962,0.37971511661468305,0.7862951963030366,0.14418356978570235,5.935114703355388,1444.324900793651,19.5014880952381,0.46430056928337404,0.37462470254726327,0.8025964329110438,0.14034366775862547,5.952783207426242,1569.955793911588,19.677661355322712,0.45990993651905443,0.37517743036842444,0.7838270402165715,0.14075810425785398,5.9561635193033835,1987.477740575397,22.190042162698415,0.4471380529707703,0.37178972256685505,0.7242071957679299,0.13822759780633903,6.010069828387323,1552.030814061628,19.442928885857768,0.4638114784850962,0.37971511661468305,0.7862951963030366,0.14418356978570235,5.935114703355388,1622.4286875000003,21.123687500000003,0.4487918382945961,0.36193745143325523,0.778278303337153,0.13099871875,6.0485887121338635,2197.4055807508184,24.48507180650038,0.42521001152458476,0.35267775714682026,0.6951358894117565,0.12438160038611151,6.163283178225901,2477.3165625,25.8270625,0.4252885676500347,0.3576631811801084,0.6535470071976356,0.12792295117187505,6.127287774156779,2167.1357394809775,24.154509952129,0.43133674041279124,0.3589030047190683,0.6993354729193332,0.12881136679637556,6.14015208109687,1784.879788306452,22.409904233870975,0.4376272276011764,0.351961837882207,0.7561177150817562,0.12387713532542095,6.122837669298316,2661.93504,28.046015999999998,0.3985700230240586,0.3337390873601712,0.6279190337292675,0.111381778432,6.321222864141369,2864.947202620968,28.677293346774196,0.40522616865983563,0.3457863883450638,0.5964294542283443,0.11956822636472327,6.215991596033567,2667.9516800000006,27.940416000000003,0.4024335114032114,0.33809321923990143,0.6270752856142582,0.11430702489600006,6.305720311196572,1920.4236534552847,23.60810467479675,0.4286732967818046,0.3428470727869016,0.7375848548538178,0.11754411531854697,6.195457543474754,3105.034859521332,31.50611342351717,0.3741428903064833,0.315996225862647,0.5630378010557685,0.099853614759437,6.4488243626028865,3210.347942073172,31.08752540650407,0.3918497392063772,0.3344725823484029,0.5447719221551733,0.11187190834280916,6.286840391030184,3136.5795395421437,31.275819458896983,0.37744440165045257,0.3186816553334245,0.5585445847799242,0.1015579974460516,6.441752573294784,freshly_baked_bread_loaf_19.jpg,fresh_bread
725.4734251968504,15.056225393700787,0.1803721414590831,0.05498250235478647,0.9362169084305719,0.003023075565194099,8.85186162263806,1645.214520429041,25.055924111848228,0.11583307224118906,0.04572907399657761,0.8541191259886298,0.0020911482085844706,9.231946889507118,1460.1538508858268,22.764333169291337,0.12599477098762318,0.04622369198263478,0.8705308332357322,0.002136629700505495,9.180565632296478,1504.183706367413,22.933907867815737,0.12685486854567712,0.04593608810606669,0.866623971124686,0.002110124190488322,9.167328677067626,1112.9348338293653,19.9788566468254,0.14443083929392797,0.05425063768105496,0.9021714478201149,0.0029431316888011002,9.034269375719555,1645.214520429041,25.055924111848228,0.11583307224118906,0.04572907399657761,0.8541191259886298,0.0020911482085844706,9.231946889507118,2440.5067584325393,32.07620287698413,0.09034117607284328,0.03672734285763439,0.7817551745798319,0.0013488977133822278,9.41162309137577,1504.183706367413,22.933907867815737,0.12685486854567712,0.04593608810606669,0.866623971124686,0.002110124190488322,9.167328677067626,1375.9424999999999,22.98075,0.13293728162143426,0.05362204974401855,0.8791023670980003,0.00287532421875,9.121573935051883,2707.2161753590326,34.62370874275637,0.08460593894045891,0.03613250789110532,0.7579840782308626,0.0013055581265007884,9.447241290520402,3208.4624375000003,38.76818750000001,0.07095836520361301,0.030713392844164907,0.7106267685156475,0.0009433125,9.525815103037496,2431.269148400101,31.83377425044092,0.09070781041412156,0.03629517380774825,0.7826519796370696,0.0013173396417346544,9.404040668892284,1655.726247479839,25.712512600806456,0.12179971094322571,0.05277611652875045,0.8545648703203568,0.0027853184758562465,9.18493174909224,3418.0116479999997,40.883199999999995,0.06762447987030698,0.030097084509965413,0.6920382859519901,0.0009058344960000001,9.53509619228979,3749.2951108870966,43.513608870967744,0.05827806128020771,0.025795785176238296,0.6594484009568558,0.0006654225328586354,9.613521577783251,3119.37472,37.839104,0.07280855618390447,0.030240457139401843,0.7189396493190714,0.0009144852479999998,9.514021206118844,1867.7961763211385,27.65097815040651,0.11528258162296823,0.052383281093163515,0.8359487767504905,0.0027440081380853826,9.22791708012767,3965.3257023933393,45.4118106139438,0.058618943582003216,0.025592099998987382,0.6404546234833064,0.00065495558235817,9.596811656149216,4152.867568597561,46.87226880081301,0.0521273227837547,0.022208312996378415,0.6189609165603464,0.0004932091661451105,9.64894419446431,3631.9673517169617,42.44198751300729,0.06164838760706482,0.02547465047339373,0.670659423235753,0.0006489578167415793,9.582677231076055,freshly_baked_bread_loaf_2.jpg,fresh_bread
443.3823818897639,9.617618110236222,0.5866026714069561,0.4817810315214111,0.9296574749772027,0.2321129623338349,4.7646656763545785,777.9280178560356,12.34763469526939,0.5592994893214336,0.46860797452973063,0.8751316756961798,0.21959343379285667,4.897645282646742,612.1177411417324,10.711491141732285,0.5759592412935167,0.48231422734463003,0.901666603677194,0.23262701389904744,4.795864122755186,659.291648583297,11.099696199392397,0.5724784058039373,0.4788365329366421,0.8941744718065487,0.2292844252747839,4.827817752055628,625.6340525793651,11.481646825396824,0.5699420835352982,0.46814015390523134,0.9008165114833264,0.21915520369841368,4.883188134457241,777.9280178560356,12.34763469526939,0.5592994893214336,0.46860797452973063,0.8751316756961798,0.21959343379285667,4.897645282646742,996.5032862103174,13.97501240079365,0.5482399126252137,0.4679079067560292,0.8379637296625746,0.21893780920480893,4.945588582706704,659.291648583297,11.099696199392397,0.5724784058039373,0.4788365329366421,0.8941744718065487,0.2292844252747839,4.827817752055628,780.6678125000001,13.013812500000002,0.5534304950768348,0.4542846583159616,0.876362154825087,0.20637455078125,4.967835409243337,1288.0025825144874,16.595301083396322,0.5238301786168551,0.4446042896616917,0.7909283452372621,0.19767297438557746,5.1066480443891225,1353.0786875000001,16.8013125,0.52490915804502,0.4527190746443925,0.7772133274002903,0.204954560546875,5.064587896870003,1054.8723230032754,14.326971529352484,0.5413893532509959,0.46188559741244856,0.8287706056433879,0.2133383050970545,4.997324946090307,948.717048891129,14.51783014112903,0.5431056229687586,0.4441281218832149,0.8499321831795419,0.19724978864751175,5.043187584870314,1792.7507839999998,20.623039999999996,0.49457228640220313,0.4243565281411374,0.7057288580060274,0.18007846297599994,5.259847590167811,1700.7218371975803,19.596081149193544,0.504409467804236,0.44071989780249565,0.7167380731234425,0.1942340283190422,5.151421040166127,1434.1916799999995,17.487679999999994,0.5188486971969275,0.4467184022894064,0.764586934885766,0.1995573309439999,5.138298023786359,1090.3441946138214,15.964621443089435,0.5322686844281594,0.43529501082591293,0.8277231763532374,0.18948174644993165,5.108268415267372,2282.513462539022,24.437760145681587,0.4704147065112814,0.4076064606486517,0.6216806201581837,0.16614302676252085,5.379737503681795,2015.2879192073171,21.968813516260166,0.4913105626116667,0.4295190855304205,0.6610248363514531,0.1844866448348887,5.218744080516119,1775.328108740895,20.16928980228928,0.4985293918560675,0.4331585134814166,0.7056645390499076,0.18762629780143059,5.236127216520754,freshly_baked_bread_loaf_24.jpg,fresh_bread
311.8678026574803,10.502645177165356,0.1877030975732219,0.06320844138942006,0.8956920446264398,0.003995307062879751,8.387065223334295,457.4382788765578,12.940169880339763,0.1602098396243392,0.05547015651447854,0.846516517719858,0.0030769382637407467,8.559189489454265,333.6098056102362,10.586675688976378,0.18563209122941277,0.05652591007226371,0.8878832940691643,0.0031951785094976436,8.405451532262235,402.11488622977254,12.118110236220474,0.16267978036672595,0.05547973624659929,0.8650760417030186,0.0030780011339922235,8.521314742663717,483.6868179563493,14.03106398809524,0.150744892448874,0.062084180507052306,0.8384075702766324,0.0038544454692322535,8.603774678204495,457.4382788765578,12.940169880339763,0.1602098396243392,0.05547015651447854,0.846516517719858,0.0030769382637407467,8.559189489454265,572.977492559524,14.830543154761909,0.1332751666722212,0.046171291493225956,0.8069206970063311,0.0021317881581524394,8.692454822606535,402.11488622977254,12.118110236220474,0.16267978036672595,0.05547973624659929,0.8650760417030186,0.0030780011339922235,8.521314742663717,634.6221250000001,16.680625,0.13328110301751891,0.06177977204858399,0.788299970497606,0.0038167402343749998,8.71473936603477,768.4389644746789,17.89751826656589,0.11855378637301943,0.04528833245526947,0.7417236126073773,0.002051033056579014,8.814711946832885,775.1246874999999,18.1523125,0.10742860085461445,0.03796626792298658,0.738215107469243,0.0014414375,8.865196070528297,656.9824263038549,16.630952380952383,0.1189027365706322,0.04545951863420324,0.7791758361580033,0.002066567834453472,8.777218020807775,769.0720766129032,18.803553427419352,0.12253999013690492,0.0618057353715322,0.7437303465884688,0.0038199489248158668,8.78119276802631,1018.95584,21.473599999999998,0.09912579465872431,0.03782332317499349,0.6572008382530509,0.0014306037759999998,8.95759428898842,952.312752016129,20.819178427419352,0.09485928833455443,0.03327919264436162,0.6772828392171935,0.0011075046630605325,8.969085312054744,875.1899520000001,19.998144,0.09962657417833216,0.037689805942721435,0.7055468682783831,0.001420521472,8.919640614834613,877.1746697154472,20.494918699186993,0.11799362892395543,0.061718361397184895,0.7081517587751415,0.003809156133553523,8.83298862497432,1235.5265348595212,24.39399063475546,0.08549451675257463,0.03341619126531988,0.5833474411547136,0.0011166418386804409,9.051244885597688,1101.1461509146343,23.084794207317074,0.08174066196965808,0.029985460677384952,0.6250078028808582,0.0008991278520349992,9.043961517141788,1073.1112773152968,22.94582466181061,0.08454838370508513,0.032991483130955755,0.638108432199239,0.0010884379591801381,9.023885306994055,freshly_baked_bread_loaf_27.jpg,fresh_bread
149.36571112204726,4.4315329724409445,0.6260793530839048,0.49125754798937304,0.9771132438527432,0.24133397845653115,4.475907654005484,407.4550189100379,6.910905821811644,0.5879189190892294,0.4818271395372421,0.9368869728945675,0.23215739239464095,4.622692239996047,344.8997293307086,5.743725393700787,0.6080760635460172,0.48976700898551156,0.9465594647453863,0.2398717230906142,4.523616926709294,372.94909789819576,5.930559861119723,0.6138953338181932,0.488097065967447,0.9422317914071582,0.23823874580603033,4.542383553558765,210.93470982142853,5.650607638888888,0.6021058322507982,0.48226428622395756,0.967685304861024,0.23257884176710325,4.588145026517542,407.4550189100379,6.910905821811644,0.5879189190892294,0.4818271395372421,0.9368869728945675,0.23215739239464095,4.622692239996047,664.0024801587304,8.908978174603176,0.5714084025121886,0.4787882954779928,0.8959584638299954,0.22923823188672174,4.702812597368928,372.94909789819576,5.930559861119723,0.6138953338181932,0.488097065967447,0.9422317914071582,0.23823874580603033,4.542383553558765,254.34356249999996,6.570062499999998,0.5895218132423904,0.47652571989216896,0.9610502142511799,0.22707676171874988,4.648890176166731,749.9734819853868,10.398022171831697,0.5538188750770016,0.46690511983325456,0.8825497865752702,0.2180003909265058,4.808120991082407,961.1031875,11.702062499999998,0.5460631084353442,0.4675991038004671,0.8476611719866232,0.218648921875,4.821962521194561,677.5818216175359,8.829994960947342,0.5771130609607034,0.476142166155083,0.893886742033837,0.22671136239085463,4.718059822652405,328.52198840725805,7.57907006048387,0.5813361333975686,0.47184208123019145,0.9497128645109909,0.22263494961963856,4.692776088116954,1104.575424,13.669184000000001,0.531523979083717,0.4576252479748031,0.8250883738218424,0.209420867584,4.917658326284643,1248.3096018145163,14.20325100806452,0.5302552111520513,0.4591334091769396,0.800063193093968,0.21080348742243907,4.904933770540197,974.5912320000001,11.4528,0.5521385796189656,0.46580437246552336,0.845675094597626,0.21697371340800004,4.838112054068785,388.1854674796748,8.38401930894309,0.5744670618797508,0.4683251220646407,0.9405921927013213,0.21932841995686062,4.726872025902007,1458.3956165452655,16.830059833506763,0.5137991148342709,0.44887881997313106,0.7667712225051866,0.20149219502047058,4.996648341254968,1499.1518673780492,16.421430386178866,0.5163398150403999,0.45232075305452124,0.757830898010387,0.20459406364380917,4.971590701487322,1262.0135275754424,13.940816857440169,0.5318957440428437,0.4569224469200217,0.7981223108481503,0.20877812249938005,4.927744445662078,freshly_baked_bread_loaf_28.jpg,fresh_bread
177.31022391732284,6.064406988188976,0.48787368441415174,0.2827650635718826,0.9704450050303313,0.0799560811768108,6.175131064500452,414.36840473680957,8.48992497984996,0.42251088756936656,0.27425191224154594,0.9302006212861766,0.07521411136814461,6.369527911331054,368.1985728346457,7.648622047244096,0.4463649632432349,0.2824181794987087,0.9381124830537518,0.07976002811136484,6.259474002894958,413.2233864467729,8.476780953561908,0.42356497909000396,0.276887889159685,0.9303934969116993,0.07666690316330599,6.372194465789389,242.94971478174602,7.4772445436507935,0.447517156935602,0.271528010405829,0.9594128344017719,0.07372746043494799,6.356119613375279,414.36840473680957,8.48992497984996,0.42251088756936656,0.27425191224154594,0.9302006212861766,0.07521411136814461,6.369527911331054,650.1173115079366,10.751364087301589,0.3959634754948274,0.27237050709439287,0.8895379165129293,0.07418569313485672,6.476656595602657,413.2233864467729,8.476780953561908,0.42356497909000396,0.276887889159685,0.9303934969116993,0.07666690316330599,6.372194465789389,284.77093750000006,8.464187500000001,0.42552129008854006,0.26195195766590484,0.9523336058147239,0.06861882812499999,6.473568448591068,708.5120307382213,11.963277903754094,0.36483978505440945,0.2579138342793384,0.8790833328463293,0.06651954591267002,6.615846713998523,912.5735000000002,13.681625,0.3641619959300325,0.260654861898354,0.8432098126746111,0.06794095703125,6.644202087783642,729.0393675988914,12.27204585537919,0.3677572036175331,0.25982979451855753,0.8755800794772275,0.06751152211955583,6.643960399283391,375.05550655241944,9.818233366935486,0.404855488012287,0.25469499463270107,0.9370976569370036,0.06486954029095163,6.572150965382246,1010.1454079999999,15.410816,0.33340726810431276,0.2452275189777852,0.8253438016355028,0.06013653606399999,6.802505397518799,1165.5638860887098,16.418850806451616,0.3418690762362684,0.2519296569137762,0.7977072018976984,0.063468552032693,6.749433334999165,1045.872384,15.906175999999999,0.33146318463394203,0.24431348884578602,0.8191673766746341,0.059689080832000016,6.85095479781784,438.250381097561,10.943470528455286,0.3923380386623909,0.24788485735185203,0.9263450023259675,0.06144690250434803,6.655823172296912,1308.7831035379813,18.7045395421436,0.3097732633995651,0.23477997331763742,0.7709672385786633,0.05512163587103054,6.9471612397090565,1383.0190548780486,18.787220528455286,0.32742588923401017,0.24471663956516113,0.7578584065265438,0.05988623368006499,6.845564844981615,1362.897047346514,19.39899843912591,0.3064154973850681,0.23008356081401238,0.7614489879202966,0.05293844495685533,7.003223171848319,freshly_baked_bread_loaf_30.jpg,fresh_bread
848.8087475393701,16.95478592519685,0.17785251552372622,0.06082630692418123,0.8830274752876437,0.003699839614034697,8.829556418372992,1185.567177134354,20.293570587141172,0.15850554491393415,0.053053325330369765,0.8355713534847726,0.0028146553286100538,8.961316071131526,804.6198326771655,16.777928149606304,0.17188777123290166,0.05360877737342924,0.8883302721998291,0.002873901011473899,8.864320169654778,908.8161696323391,18.0,0.1633239880345743,0.05266367685454885,0.8739493457164538,0.002773462859840344,8.91852702677433,1347.7274305555557,21.882440476190474,0.15477569360656218,0.06035892842577859,0.8141226771362735,0.003643200240708263,8.969027306373393,1185.567177134354,20.293570587141172,0.15850554491393415,0.053053325330369765,0.8355713534847726,0.0028146553286100538,8.961316071131526,1252.420386904762,21.744047619047624,0.1408253288806033,0.042982884222205704,0.8250284432475214,0.0018475283360595402,9.07685660678932,908.8161696323391,18.0,0.1633239880345743,0.05266367685454885,0.8739493457164538,0.002773462859840344,8.91852702677433,1756.6200625000001,25.862812500000004,0.13620404416167994,0.05941873389344476,0.7575627501867258,0.0035305859375000005,9.070498228678813,1875.9265558075083,27.06122448979592,0.12177478137430407,0.04223096486126947,0.7379117846619564,0.0017834543931137768,9.178279743571178,1600.2975000000001,25.744125000000004,0.11212948700338177,0.03484681881104787,0.7748997816121844,0.0012143007812499998,9.22539592524532,1371.650037792895,23.437263794406654,0.12569241189645183,0.041926817369754135,0.8083335504906491,0.0017578580147567168,9.142230104661406,2121.210685483871,29.137978830645167,0.12497281171882357,0.05931519293131797,0.7070320698904353,0.003518292112479473,9.127285249452248,2444.600128,32.334144,0.09811575377850623,0.03475527056433311,0.6559431228667765,0.001207928832,9.319581720538366,1904.0492061491939,29.027028729838715,0.09916011051042278,0.030278468881560147,0.7300725948788138,0.0009167856778116061,9.32549838656109,1732.820096,27.520896,0.10215995797887029,0.03431999627039607,0.7560345944156438,0.001177862144,9.259892666374142,2434.1577108739834,31.912411077235774,0.11870387108605752,0.05932435700302931,0.6634910422308857,0.003519379333822872,9.172853673378,2947.527835587929,36.77289281997919,0.08187846873828954,0.030386244761088803,0.5816731717710076,0.0009233238706807968,9.399260298825766,2170.5774263211383,31.801892784552848,0.08737101890098142,0.029223589024136944,0.6895423311065565,0.0008540181554516572,9.381596127654483,2084.7150754422473,31.208701873048902,0.08373105840075723,0.029800380479139018,0.7040088266362541,0.0008880626767014499,9.362095625205352,freshly_baked_bread_loaf_7.jpg,fresh_bread
685.4707800196852,14.932148129921263,0.1623717683118629,0.049957188568649134,0.9173169817798169,0.0024957206896835675,8.850864379393077,1571.009734019468,23.27931055862112,0.11193579997007524,0.04179484417041185,0.8071990877883823,0.0017468089992290095,9.13855719818401,1596.2525836614177,23.023006889763785,0.12222294198984515,0.04232015218792712,0.8039571121822157,0.0017909952812093127,9.112835277432815,1888.0965341930685,25.312108624217252,0.11288673005834948,0.04178295491291038,0.7682732668269724,0.0017458153212543018,9.163022231872933,1076.401351686508,19.530443948412696,0.13012759047412603,0.048846122517748086,0.8703493251762787,0.0023859436850188565,9.032737625175539,1571.009734019468,23.27931055862112,0.11193579997007524,0.04179484417041185,0.8071990877883823,0.0017468089992290095,9.13855719818401,2779.1806175595243,33.043588789682545,0.08360624533530278,0.034181033704772636,0.6526329418569813,0.0011683430651268031,9.360743590807145,1888.0965341930685,25.312108624217252,0.11288673005834948,0.04178295491291038,0.7682732668269724,0.0017458153212543018,9.163022231872933,1417.5164375,23.2005625,0.11744601400145746,0.04805772489283071,0.8294902097390091,0.0023095449218750006,9.13675883663448,2722.262156714538,33.343285462333085,0.08152889586247641,0.033670632091172624,0.6604530833650791,0.0011337114654191038,9.379197966232265,3448.9556250000005,39.4245,0.0665998760506083,0.028557644554479632,0.5612765563207847,0.0008155390625000002,9.485181029302378,3004.617220962459,34.89865205341396,0.08209460475353186,0.0336238493893875,0.6251672092264234,0.001130563247760214,9.38636834946341,1729.557333669355,26.377646169354843,0.10661637465878412,0.04741046101363433,0.7922800694699208,0.002247751813525341,9.21177735633649,3508.716608,40.612159999999996,0.06462024460219537,0.02798176320391551,0.5551137127983721,0.0007829790719999999,9.505371349315832,3945.5110887096785,43.95224294354839,0.05597956666988192,0.02298183809971668,0.49032766672197253,0.0005281648824415892,9.571563847410989,3587.0469759999996,40.616512,0.06673925561590405,0.027948624867781956,0.5450969913382057,0.000781125632,9.498184611837157,2043.1256986788621,29.120109247967484,0.10009149001320203,0.04681348743243495,0.755027405458114,0.002191502605586745,9.250634211006128,4080.537916233091,45.83994536940688,0.05296560124603807,0.0227187585965673,0.47534699703661,0.0005161419921691007,9.566110199060445,4292.7428226626025,47.483041158536594,0.046785292455873324,0.0188741642397916,0.43555765805189345,0.0003562340757506279,9.618883873154886,4001.6427549427676,44.695824661810605,0.05605723427161706,0.022702415587443285,0.48543334169824315,0.0005153996735049878,9.557320692271404,freshly_baked_bread_loaf_9.jpg,fresh_bread
69.80493356299212,3.5257750984251968,0.6321012701536181,0.56174857070084,0.9570872538981668,0.3155614566844367,4.017769580740528,124.30125860251722,5.01760803521607,0.6047482436453631,0.5523218852957392,0.9238466311270744,0.30505946497663977,4.19000867574022,86.65305118110236,4.118110236220472,0.6180339976349425,0.5576091697370301,0.9468263240391798,0.31092798617482004,4.0936828498526125,81.22084444168887,3.8064976129952255,0.6236052742748169,0.5580385163236468,0.950239917145833,0.31140698570069697,4.076013545380249,113.00936259920633,4.666480654761904,0.613810081332573,0.5558247439555603,0.9306648289785551,0.30894114599326417,4.145914295983624,124.30125860251722,5.01760803521607,0.6047482436453631,0.5523218852957392,0.9238466311270744,0.30505946497663977,4.19000867574022,157.4866071428571,5.7415674603174605,0.5961475197510727,0.5473460571606357,0.9036894471314433,0.2995877062892938,4.257139298359872,81.22084444168887,3.8064976129952255,0.6236052742748169,0.5580385163236468,0.950239917145833,0.31140698570069697,4.076013545380249,155.71375,5.642125,0.5986496727196794,0.5498299577340934,0.9046551138755351,0.3023129824218749,4.237695579830235,220.86413454270595,6.955215419501133,0.5816605553919987,0.5367611233129086,0.865407771435854,0.2881125035001355,4.369598115219053,219.89312500000005,6.959250000000002,0.5806748008334951,0.5367964672626163,0.8659792046206156,0.28815044726562505,4.369245332978929,136.71485260770976,5.150478710002519,0.6020836596953497,0.5486472945708587,0.9166874389615648,0.3010138538399226,4.232985770477851,200.0204763104839,6.479019657258066,0.588247397988642,0.5437457232808017,0.8777570360688495,0.2956594115861622,4.309321229185481,315.7632000000001,8.643072,0.5564801902579575,0.5206298472273753,0.8085916205487252,0.2710554378240001,4.509372538072669,287.1876260080645,8.133946572580644,0.5651175317110407,0.526138504527619,0.8255502868000527,0.2768217259465594,4.465120994149983,194.86336000000006,6.3397120000000005,0.5857714830240008,0.5387177503962535,0.8818783190947189,0.29021681459200005,4.35541029018335,244.66145833333343,7.293318089430897,0.5789071619457163,0.5375633959579479,0.8507505555808902,0.2889744046738415,4.374147984396689,412.56523152965656,10.220928720083247,0.5384556178974499,0.5041719809861405,0.7511837772344503,0.2541893864114892,4.6363854289539335,353.0656758130081,9.195121951219514,0.5541286894572186,0.5153095325109792,0.7862438487726993,0.26554391429668395,4.550687609137377,255.59540842872008,7.425793444328824,0.5695422749898283,0.5284624453383563,0.8458515666827813,0.2792725561329952,4.458256593935121,fresh_baguette_1.jpg,fresh_bread
434.9255044291339,13.581016240157485,0.15657654807890348,0.08540417643414837,0.9408304589181609,0.007293873352395144,8.611652754041511,601.5221030442061,14.968441936883877,0.1495599343742195,0.07653442570536374,0.9168329676344806,0.0058575183180498425,8.695520812311297,483.82707923228344,13.055671751968504,0.1598498905883845,0.07714792208239381,0.9331291795547366,0.005951801881631107,8.592305320899804,716.4050468100937,17.285324570649145,0.13298462724415977,0.0763929842559435,0.9009501313997622,0.005835888043528831,8.783070565308037,774.8203745039682,19.049169146825395,0.13260111327484606,0.08450961182422795,0.8945631129138264,0.007141874490681688,8.809729028896074,601.5221030442061,14.968441936883877,0.1495599343742195,0.07653442570536374,0.9168329676344806,0.0058575183180498425,8.695520812311297,888.7206721230158,19.09815228174603,0.12071351126239085,0.06820980430151233,0.8751091472035115,0.004652577402850609,8.88169746442467,716.4050468100937,17.285324570649145,0.13298462724415977,0.0763929842559435,0.9009501313997622,0.005835888043528831,8.783070565308037,1068.77425,23.084375,0.12283686835378785,0.08368712658617214,0.854539869076781,0.007003535156250001,8.905049672520626,946.0243134290754,19.51234567901235,0.12297046513117874,0.0673912951196131,0.8669545260467336,0.0045415866578987895,8.897616772403794,1273.7419375,23.8146875,0.10277097791008576,0.06021149249208992,0.8179053072985025,0.003625423828125001,9.03309394153089,1400.2061602418748,26.119866465104565,0.10118551465906253,0.06714423920922731,0.8030865974118958,0.0045083488589859385,9.045776570554343,1378.6514616935485,26.71005544354839,0.11590659386684624,0.08293775520981737,0.8122469809136884,0.00687867123924359,8.979038893325619,1233.4297600000002,22.773120000000006,0.1063969501590761,0.05919619447228007,0.8234610871226768,0.0035041894400000017,9.003710608530003,1660.7464087701617,27.878465221774196,0.09011353106828449,0.05504681444022299,0.7584595214383403,0.0030301517800163423,9.134287443657596,2016.7166080000002,32.488896,0.08887227091749861,0.058857856705795866,0.7113609673934027,0.0034642472959999994,9.173867081974072,1664.3966590447155,29.624809451219516,0.11191546071671886,0.0825758162957175,0.7731379281198281,0.006818765436904084,9.014927621786525,1499.2278876170658,25.563735691987514,0.09563972199869723,0.05381501474315622,0.781477901303585,0.002896055811806121,9.077311571742152,1911.7914126016262,31.01765752032521,0.08120998927293954,0.04902815555097896,0.7173773031795535,0.0024037600367309894,9.202639643546005,2595.1961498439127,37.66688345473465,0.07989333484831443,0.05360433386822967,0.6217413764349319,0.0028734246094566348,9.24748951028494,fresh_baguette_11.jpg,fresh_bread
465.6877460629921,14.042322834645669,0.09978230316162436,0.01226333061730527,0.9365965809340359,0.0001503892778293369,9.095856992831374,423.2548205096409,13.437100874201747,0.10527984968432107,0.012474126038110213,0.9424889017979633,0.0001556038204146592,9.063046744219927,367.0931963582678,12.14056348425197,0.1170978957237367,0.013016868919805916,0.9500759610107622,0.00016943887647540923,8.993183664282242,633.494388988778,16.155062310124624,0.08874007332151346,0.011864562489649975,0.9139166004090885,0.00014076784307080924,9.164790596943039,730.0477430555554,17.59300595238095,0.07937911151673684,0.011495843388975172,0.9006602190487776,0.00013215441522384415,9.224479828739257,423.2548205096409,13.437100874201747,0.10527984968432107,0.012474126038110213,0.9424889017979633,0.0001556038204146592,9.063046744219927,621.7913566468255,16.053509424603178,0.08940536081175383,0.011783119671618405,0.9155971635374777,0.0001388419091956806,9.172765953365278,633.494388988778,16.155062310124624,0.08874007332151346,0.011864562489649975,0.9139166004090885,0.00014076784307080924,9.164790596943039,964.0965625000001,20.3653125,0.06944227554639291,0.010999200965297433,0.8688029555753616,0.000120982421875,9.307521947472832,630.4547115142352,16.444885361552025,0.08361259777781176,0.011656383727206536,0.9145624261296049,0.0001358712815958853,9.193045775833607,818.9696875,18.4854375,0.07926700339057252,0.011329924426049805,0.8890442604992613,0.0001283671875,9.249959310142657,1026.720458553792,20.796296296296298,0.07103383101998659,0.010973235000440177,0.8608160484054518,0.00012041188637488534,9.311014231396898,1178.1968876008068,22.83171622983871,0.06025882336271453,0.010576798983265573,0.8395199070158181,0.00011186867673240768,9.369510501359777,814.26112,18.893055999999998,0.0707780422988717,0.011152998520577325,0.8898891652893084,0.00012438937600000002,9.270144756891685,988.589780745968,20.398122479838715,0.07127808795995727,0.011140050084416882,0.8663256015046582,0.00012410071588331656,9.295050623944892,1362.525376,24.472256,0.060000201095187576,0.010481844112559584,0.8156097442076271,0.00010986905600000001,9.394264097438132,1378.088224085366,24.872903963414636,0.05913761310905046,0.010337746970718372,0.81205391467953,0.00010686901243059687,9.412549739843751,999.2100676378773,20.950572320499482,0.06609030053324069,0.010853485476247812,0.865080963166873,0.00011779814698312219,9.31969515361378,1150.8548653455287,22.19963160569106,0.06786254443758234,0.010835434647828853,0.8447123274608203,0.00011740664400736997,9.334173999846218,1678.2418704474505,27.827978668054115,0.05094468535679559,0.010102126251714319,0.7730999318742746,0.0001020529548055756,9.456571073349096,fresh_baguette_12.jpg,fresh_bread
238.06735974409455,6.8712475393700805,0.418900689226522,0.08857564956676416,0.9557579607610927,0.007845645696174207,7.1311947608337665,497.63612127224246,9.797073594147186,0.35158975501985,0.07577636538002619,0.9067884890196227,0.005742057550207231,7.391903186530069,406.609251968504,8.145792322834648,0.4015563182062881,0.08108055627056626,0.9236724064655389,0.006574056605144462,7.215310129204433,475.6627193254386,9.384338768677535,0.37714553991655275,0.07877714138839512,0.9109050763032885,0.006205838005327195,7.3278786201309245,408.1511036706348,9.951450892857142,0.33695114253011904,0.08021158157378229,0.9242984133252224,0.006433897818567531,7.418222273333602,497.63612127224246,9.797073594147186,0.35158975501985,0.07577636538002619,0.9067884890196227,0.005742057550207231,7.391903186530069,795.6682787698412,12.991195436507937,0.30527992918636904,0.06446679037117434,0.849408391052586,0.004155967060760936,7.605873064475572,475.6627193254386,9.384338768677535,0.37714553991655275,0.07877714138839512,0.9109050763032885,0.006205838005327195,7.3278786201309245,543.301625,12.187625,0.2915625124388875,0.07601600879913388,0.8994458918345759,0.00577843359375,7.591108983746253,931.498866213152,15.247921390778533,0.2546019328737439,0.060275882748752375,0.824458079213656,0.0036331820411413442,7.771853352554799,1143.812,16.967125,0.24551687329383604,0.053972142698803426,0.7816741608232246,0.0029129921874999996,7.831028521948768,891.311539430587,14.494834971025448,0.29092339295638464,0.06308077720673211,0.8320381670327042,0.003979184453005374,7.698470257022711,679.6137852822583,14.10786290322581,0.2585745961739294,0.07332159051126054,0.8744967963344573,0.005376055635100971,7.708189423276161,1304.1137279999998,19.36928,0.20051163896515758,0.05106680675350672,0.7527475802721965,0.002607818752,7.985408419167161,1458.1625504032263,20.21307963709678,0.20537336930703945,0.04738711652728311,0.7194886801457492,0.002245538812770308,7.985875064721747,1249.0932480000001,18.42176,0.2355513915386751,0.052375388418607456,0.76320603341999,0.002743181312,7.923404522455822,796.158155487805,15.62525406504065,0.23701991202891218,0.0715861925566536,0.8532877579627993,0.005124582964758287,7.7943149159350735,1634.2431061394384,22.821409989594173,0.167430388382665,0.045163544624955976,0.6885611544899382,0.00203974576309039,8.127091203856157,1723.8701727642276,22.89443597560976,0.17528691286052062,0.04341421178048531,0.6661137495328225,0.0018847937845208294,8.099817820485466,1573.3407908428717,21.694198751300725,0.19899440227505638,0.04595337426006406,0.7001571921325003,0.002111712605885518,8.07473658153832,fresh_baguette_15.jpg,fresh_bread
340.07984744094483,11.6908218503937,0.18324396222528433,0.023614596896568776,0.9344834429206395,0.0005576491865874357,8.637708110590722,542.5330770661541,15.211482422964842,0.1318138650882446,0.0195866428605001,0.8956205932208882,0.0003836365785447795,8.87096017525819,556.752030019685,15.350455216535433,0.13240112700181447,0.019736731234904083,0.892914330601343,0.00038953855983883846,8.864288107347946,627.1672143344285,16.355012710025417,0.12772520516311794,0.01917192813072912,0.8793270745947841,0.00036756282824984256,8.913739394130891,493.11377728174597,14.514322916666666,0.15083950151928974,0.02109593333068529,0.9050060558588512,0.00044503840309271847,8.813724389699594,542.5330770661541,15.211482422964842,0.1318138650882446,0.0195866428605001,0.8956205932208882,0.0003836365785447795,8.87096017525819,878.5410466269841,19.82676091269841,0.09969449127124165,0.016516814400567886,0.8312917471358877,0.0002728051579428067,9.056184013322438,627.1672143344285,16.355012710025417,0.12772520516311794,0.01917192813072912,0.8793270745947841,0.00036756282824984256,8.913739394130891,626.2207499999998,16.561999999999998,0.13134461634926398,0.019838901966842817,0.8793541895849352,0.00039358203124999983,8.912276990162994,815.0598387503151,19.344923154446963,0.09976517268822829,0.01691475420860824,0.8434658618703627,0.00028610890993763016,9.042400552854883,1149.6284375,23.190312500000005,0.07963469632908002,0.014902548020388998,0.7796826646527784,0.0002220859375,9.161628537251804,1023.0938523557571,21.444192491811542,0.09266707529238458,0.015888817535509712,0.8034397668140434,0.0002524545226767209,9.103128646455387,731.4080141129034,17.90927419354839,0.12175513048284935,0.01876700718625386,0.8590474053656686,0.0003522005587289039,8.963038415558035,1068.52896,22.627776000000004,0.08429098281135182,0.015458947959030075,0.795218690771404,0.0002389790720000001,9.146344631929047,1389.2285156250002,26.057774697580648,0.07016661266872815,0.014210866391935436,0.7344519157728037,0.00020194872360944008,9.228436711462749,1314.553152,24.959296000000002,0.0764956999383401,0.014326425374111995,0.7478682083615555,0.000205246464,9.195338376831776,838.5158155487806,19.298716971544717,0.11012799353051823,0.01812985949099158,0.8384068140282891,0.0003286918051630974,9.011782636420454,1274.383389698231,25.209092091571282,0.07375624341132228,0.014960143880591107,0.7563893980962066,0.00022380590492798757,9.197614914075366,1618.9288617886182,28.39456300813008,0.06361457689140482,0.013700826866593104,0.6912596821034165,0.00018771265682835942,9.27348081718791,1613.741155046826,28.030567117585846,0.064135455567177,0.013463010292012247,0.6910864095841255,0.00018125264612282768,9.267837113463495,fresh_baguette_16.jpg,fresh_bread
874.1734128937007,16.347133366141733,0.20062767513286467,0.09731926462312364,0.8621249472052916,0.009471039266785565,8.516362932046214,1090.926033852068,19.173042346084692,0.16459023461003722,0.0891817960322574,0.8267726608794193,0.007953392743539161,8.683418944843519,1123.6381028543306,18.75362942913386,0.17367933492732773,0.09049156809879604,0.8215515592902481,0.00818872389697904,8.637481146983221,1515.6773513547025,22.63339326678653,0.15903157301636942,0.08927061969619278,0.7593093248056894,0.007969243540942283,8.741419753238883,1395.902839781746,21.662140376984127,0.1751385724107746,0.0952402851317188,0.7798842302360759,0.009070711911971096,8.669942060497569,1090.926033852068,19.173042346084692,0.16459023461003722,0.0891817960322574,0.8267726608794193,0.007953392743539161,8.683418944843519,1853.2814360119048,25.971540178571427,0.14143061405245141,0.08088066517098558,0.7036724985312284,0.00654168199850108,8.858698107502606,1515.6773513547025,22.63339326678653,0.15903157301636942,0.08927061969619278,0.7593093248056894,0.007969243540942283,8.741419753238883,1782.3868125,25.463562500000002,0.16354413321098943,0.09350622472595074,0.7189960917367056,0.008743414062500003,8.757264638663436,1808.4528218694886,26.348261526832957,0.1327570429202285,0.07880929997414694,0.7109344748799448,0.0062109057624150765,8.890845675509802,2333.9666875000003,30.564812500000002,0.12460224936668954,0.0730046953755373,0.6241793337032211,0.005329685546874998,8.979915356476676,2241.589947089947,29.921768707482993,0.1307418966485333,0.07859830629412266,0.6415906805418302,0.006177693752304723,8.946306184021417,2087.6465473790327,28.2358870967742,0.15529524956173832,0.092008496724211,0.67105476928547,0.008465563469449149,8.823953681566827,2357.622848,31.515455999999997,0.1135640250946251,0.07037433714075038,0.6205595927159825,0.0049525473279999985,9.017979003752512,2735.3840095766127,33.87796118951613,0.11338291034998196,0.06522918246760082,0.5563475001084298,0.004254846245391561,9.058699024767513,2741.3098240000004,34.50828800000001,0.11250423451354864,0.0701126061133089,0.5584802367991838,0.004915777536,9.042955680701166,2350.420985772358,30.511559959349597,0.14714064433912863,0.09064020692427464,0.6297067556208215,0.008215647111275325,8.86204971274093,2806.246422996878,35.23224505723205,0.10472806546493113,0.062428578167011986,0.5453523550981896,0.0038973273719547256,9.09432123123483,2976.702616869919,36.04192073170732,0.1045717284033358,0.058219244519947484,0.5131469600750603,0.0033894804324734354,9.109839215428579,3164.0536550468264,38.18489854318419,0.10028461643759704,0.06182624288030657,0.48666742782097283,0.003822484308694658,9.141928205256903,fresh_baguette_17.jpg,fresh_bread
1820.960076279528,28.695927657480322,0.08306545358007848,0.010208278437242604,0.6830572151599826,0.00010420894865227233,9.53226953971777,1911.9047678095358,30.572261144522294,0.04679893972218558,0.009316743594545126,0.6672552561257118,8.680171120649762e-05,9.591976264287936,666.681717519685,16.416707677165356,0.08501290763755581,0.011312627312556185,0.8840652342340825,0.00012797553671279216,9.236842404634045,2016.2480004960007,31.687271374542743,0.04462354397927715,0.009181358025314312,0.6490972483902543,8.429733518900353e-05,9.618709866030203,3202.632998511905,40.56256200396825,0.056938014944573484,0.009096322376401554,0.4419347605338738,8.274308077542363e-05,9.68749631293706,1911.9047678095358,30.572261144522294,0.04679893972218558,0.009316743594545126,0.6672552561257118,8.680171120649762e-05,9.591976264287936,1225.7447296626988,23.445374503968257,0.06185101970595014,0.009866719347206152,0.7870358297998141,9.73521506765322e-05,9.468904029979118,2016.2480004960007,31.687271374542743,0.04462354397927715,0.009181358025314312,0.6490972483902543,8.429733518900353e-05,9.618709866030203,4181.967374999999,47.934124999999995,0.045597307791997235,0.00862160259174592,0.2717479538939394,7.433203124999996e-05,9.752583859482858,3375.947278911565,43.52034517510708,0.029953086169700147,0.008337191238682746,0.4123503450081581,6.950875775036834e-05,9.755324996582393,1639.9249375,28.074562500000003,0.047541501513735616,0.009235630731032937,0.7156095172677727,8.529687499999999e-05,9.569392651295288,3459.479843789368,44.37994457042076,0.025778318898471316,0.008283242174717946,0.39782668749656425,6.86121009250261e-05,9.763707537494705,4951.37947328629,53.496912802419345,0.037867612168139726,0.008432072342479375,0.13896216763565516,7.10998439888056e-05,9.774018363913246,4515.959552,52.134528,0.021324191406462058,0.007980007017540773,0.21588292020586466,6.3680512e-05,9.812692297249292,1952.5078755040327,31.13060735887097,0.04377935610108716,0.008920133938408077,0.662292642402174,7.956878947913958e-05,9.6258583320559,4577.248896000001,52.70502400000001,0.021134872572280552,0.007977953622326969,0.20532053429369956,6.364774400000002e-05,9.8104002362243,5463.117632113822,57.065167682926834,0.031817347275588354,0.008186701421371385,0.05186498719571612,6.702208016268425e-05,9.800821288128313,5391.5810353798115,58.065036420395415,0.01958775232790791,0.007920036903418779,0.06742129792780549,6.272698455151532e-05,9.817377701009,2159.8391133130085,33.096227134146346,0.040619745673759255,0.0087831758073625,0.627528606979071,7.71441772630379e-05,9.656837680473094,5439.596383975026,58.82140998959417,0.017286666564851862,0.00786214738988654,0.05938723750752851,6.181336158029972e-05,9.826409688220842,fresh_baguette_2.jpg,fresh_bread
527.8200664370079,13.191621555118108,0.18103661279883135,0.07127529253438386,0.912806195532954,0.005080167325861995,8.624256900357999,813.0575361150723,15.016988033976068,0.16936026376831317,0.06277802647667949,0.8632508852510187,0.00394108060830667,8.702466926283055,682.6010088582677,13.798474409448819,0.17629974524712733,0.06346563655285592,0.8852838705932342,0.004027887023059201,8.652963718754634,981.2578585157171,18.314216628433257,0.1473683997785803,0.06265880198731989,0.8349615118377106,0.003926125466486164,8.858700594744482,972.5102306547619,19.40990823412698,0.14172660820722943,0.06971792749025145,0.8393289563430452,0.004860589413535959,8.879035455384425,813.0575361150723,15.016988033976068,0.16936026376831317,0.06277802647667949,0.8632508852510187,0.00394108060830667,8.702466926283055,1310.5611359126985,21.38417658730159,0.12764435688114323,0.05448760773755991,0.7757346977054158,0.0029688993969621985,8.977714243172056,981.2578585157171,18.314216628433257,0.1473683997785803,0.06265880198731989,0.8349615118377106,0.003926125466486164,8.858700594744482,1348.634625,24.096000000000004,0.123143157103397,0.06861654661049331,0.7771019091548476,0.0047082304687500005,9.003524984227923,1453.0658226253465,21.89613252708491,0.1258394971543365,0.05352122003339122,0.7510574003388193,0.002864520993862678,8.97568355192147,1872.4424374999999,27.4534375,0.10169660090415338,0.047947297727557084,0.6738008765927502,0.0022989433593750006,9.152809044812951,1829.7377802973042,28.040123456790127,0.10556599200559526,0.05332437747923461,0.686526180971554,0.0028434892335479035,9.152178533174737,1691.824848790323,28.009072580645167,0.11100567267052512,0.06784235459532396,0.7202505054342759,0.004602585077037674,9.083605015938868,1999.120128,27.507711999999998,0.09899288410624715,0.04656042886400425,0.6510788469725537,0.002167873536,9.137062818739599,2319.281186995968,32.17282006048387,0.08328123776348934,0.04182665881845963,0.5892095901832896,0.0017494693879158264,9.26558912782888,2492.517184,34.790592,0.08491306191432155,0.046393136044031336,0.5648961050232507,0.0021523230719999995,9.28531876170467,1978.0240091463415,31.02515243902439,0.10532850447380135,0.06746261101433414,0.6725038898901711,0.004551203884871358,9.131289218475867,2424.076808012487,32.05001300728408,0.08202847701652881,0.0409154298351774,0.5694883153283746,0.0016740723985973253,9.244439903443624,2681.6216336382117,36.011750508130085,0.07068582728065131,0.03495570506577716,0.5169792786853757,0.0012219013166455987,9.350302537768897,2984.061459417273,39.71494536940686,0.07044493737075086,0.04059856544077123,0.4698438407388795,0.001648243515848584,9.353230196968347,fresh_baguette_25.jpg,fresh_bread
238.06735974409455,6.8712475393700805,0.418900689226522,0.08857564956676416,0.9557579607610927,0.007845645696174207,7.1311947608337665,497.63612127224246,9.797073594147186,0.35158975501985,0.07577636538002619,0.9067884890196227,0.005742057550207231,7.391903186530069,406.609251968504,8.145792322834648,0.4015563182062881,0.08108055627056626,0.9236724064655389,0.006574056605144462,7.215310129204433,475.6627193254386,9.384338768677535,0.37714553991655275,0.07877714138839512,0.9109050763032885,0.006205838005327195,7.3278786201309245,408.1511036706348,9.951450892857142,0.33695114253011904,0.08021158157378229,0.9242984133252224,0.006433897818567531,7.418222273333602,497.63612127224246,9.797073594147186,0.35158975501985,0.07577636538002619,0.9067884890196227,0.005742057550207231,7.391903186530069,795.6682787698412,12.991195436507937,0.30527992918636904,0.06446679037117434,0.849408391052586,0.004155967060760936,7.605873064475572,475.6627193254386,9.384338768677535,0.37714553991655275,0.07877714138839512,0.9109050763032885,0.006205838005327195,7.3278786201309245,543.301625,12.187625,0.2915625124388875,0.07601600879913388,0.8994458918345759,0.00577843359375,7.591108983746253,931.498866213152,15.247921390778533,0.2546019328737439,0.060275882748752375,0.824458079213656,0.0036331820411413442,7.771853352554799,1143.812,16.967125,0.24551687329383604,0.053972142698803426,0.7816741608232246,0.0029129921874999996,7.831028521948768,891.311539430587,14.494834971025448,0.29092339295638464,0.06308077720673211,0.8320381670327042,0.003979184453005374,7.698470257022711,679.6137852822583,14.10786290322581,0.2585745961739294,0.07332159051126054,0.8744967963344573,0.005376055635100971,7.708189423276161,1304.1137279999998,19.36928,0.20051163896515758,0.05106680675350672,0.7527475802721965,0.002607818752,7.985408419167161,1458.1625504032263,20.21307963709678,0.20537336930703945,0.04738711652728311,0.7194886801457492,0.002245538812770308,7.985875064721747,1249.0932480000001,18.42176,0.2355513915386751,0.052375388418607456,0.76320603341999,0.002743181312,7.923404522455822,796.158155487805,15.62525406504065,0.23701991202891218,0.0715861925566536,0.8532877579627993,0.005124582964758287,7.7943149159350735,1634.2431061394384,22.821409989594173,0.167430388382665,0.045163544624955976,0.6885611544899382,0.00203974576309039,8.127091203856157,1723.8701727642276,22.89443597560976,0.17528691286052062,0.04341421178048531,0.6661137495328225,0.0018847937845208294,8.099817820485466,1573.3407908428717,21.694198751300725,0.19899440227505638,0.04595337426006406,0.7001571921325003,0.002111712605885518,8.07473658153832,fresh_baguette_27.jpg,fresh_bread
340.07984744094483,11.6908218503937,0.18324396222528433,0.023614596896568776,0.9344834429206395,0.0005576491865874357,8.637708110590722,542.5330770661541,15.211482422964842,0.1318138650882446,0.0195866428605001,0.8956205932208882,0.0003836365785447795,8.87096017525819,556.752030019685,15.350455216535433,0.13240112700181447,0.019736731234904083,0.892914330601343,0.00038953855983883846,8.864288107347946,627.1672143344285,16.355012710025417,0.12772520516311794,0.01917192813072912,0.8793270745947841,0.00036756282824984256,8.913739394130891,493.11377728174597,14.514322916666666,0.15083950151928974,0.02109593333068529,0.9050060558588512,0.00044503840309271847,8.813724389699594,542.5330770661541,15.211482422964842,0.1318138650882446,0.0195866428605001,0.8956205932208882,0.0003836365785447795,8.87096017525819,878.5410466269841,19.82676091269841,0.09969449127124165,0.016516814400567886,0.8312917471358877,0.0002728051579428067,9.056184013322438,627.1672143344285,16.355012710025417,0.12772520516311794,0.01917192813072912,0.8793270745947841,0.00036756282824984256,8.913739394130891,626.2207499999998,16.561999999999998,0.13134461634926398,0.019838901966842817,0.8793541895849352,0.00039358203124999983,8.912276990162994,815.0598387503151,19.344923154446963,0.09976517268822829,0.01691475420860824,0.8434658618703627,0.00028610890993763016,9.042400552854883,1149.6284375,23.190312500000005,0.07963469632908002,0.014902548020388998,0.7796826646527784,0.0002220859375,9.161628537251804,1023.0938523557571,21.444192491811542,0.09266707529238458,0.015888817535509712,0.8034397668140434,0.0002524545226767209,9.103128646455387,731.4080141129034,17.90927419354839,0.12175513048284935,0.01876700718625386,0.8590474053656686,0.0003522005587289039,8.963038415558035,1068.52896,22.627776000000004,0.08429098281135182,0.015458947959030075,0.795218690771404,0.0002389790720000001,9.146344631929047,1389.2285156250002,26.057774697580648,0.07016661266872815,0.014210866391935436,0.7344519157728037,0.00020194872360944008,9.228436711462749,1314.553152,24.959296000000002,0.0764956999383401,0.014326425374111995,0.7478682083615555,0.000205246464,9.195338376831776,838.5158155487806,19.298716971544717,0.11012799353051823,0.01812985949099158,0.8384068140282891,0.0003286918051630974,9.011782636420454,1274.383389698231,25.209092091571282,0.07375624341132228,0.014960143880591107,0.7563893980962066,0.00022380590492798757,9.197614914075366,1618.9288617886182,28.39456300813008,0.06361457689140482,0.013700826866593104,0.6912596821034165,0.00018771265682835942,9.27348081718791,1613.741155046826,28.030567117585846,0.064135455567177,0.013463010292012247,0.6910864095841255,0.00018125264612282768,9.267837113463495,fresh_baguette_29.jpg,fresh_bread
373.3650959645669,10.474717027559056,0.20532933140104073,0.017198795458692535,0.948882725370892,0.00029579856522994293,8.785258433572432,934.1992063984128,18.60642321284643,0.11810654015998968,0.01310147856519545,0.8716154896130149,0.0001716487405942758,9.210234188244598,630.371309055118,14.515132874015748,0.15653387075181938,0.014656699834814668,0.9132572576774517,0.00021481885004785633,9.037494240166286,650.9510819021639,14.16665633331267,0.15519484732855326,0.014421260828728662,0.9105427713469263,0.0002079727638902237,9.019473874899429,851.0084325396826,17.09102182539683,0.13716588960685816,0.013862706285748289,0.8836655321658565,0.0001921746255649251,9.142842040157745,934.1992063984128,18.60642321284643,0.11810654015998968,0.01310147856519545,0.8716154896130149,0.0001716487405942758,9.210234188244598,1303.413070436508,22.717509920634924,0.09811205268483189,0.011960258506000956,0.8210650071460012,0.0001430477835303682,9.34738852914348,650.9510819021639,14.16665633331267,0.15519484732855326,0.014421260828728662,0.9105427713469263,0.0002079727638902237,9.019473874899429,1313.3910624999999,22.4244375,0.10347351141458107,0.012343077513327055,0.8207993576903784,0.0001523515625,9.324997393226852,1916.8374905517765,29.15507684555304,0.07050311029943146,0.010710302389223955,0.7375896769767045,0.00011471057726861636,9.498500733160107,1929.8365625000001,29.1385625,0.07131284380619299,0.01070493825881308,0.7357254391243163,0.00011459570312499999,9.504229690085666,1304.451310153691,21.93745275888133,0.10051959552726654,0.011877235249687063,0.8214331580596305,0.00014106871717640892,9.329653619419014,1749.776587701613,27.07648689516129,0.08588585985756636,0.011372096927023474,0.7616895296234627,0.00012932458851761672,9.443634526806914,2755.578304,36.73337599999999,0.052293234820094694,0.009642041277654851,0.6244340207921923,9.296896e-05,9.625125017358993,2502.789755544355,34.46805695564517,0.05730957015566139,0.010078085297455859,0.6581595129789127,0.00010156780326279596,9.589616752544911,1918.8341759999998,28.252799999999997,0.0745013217538834,0.01065229965782037,0.7385086733437208,0.00011347148799999999,9.488316411723394,2155.8566438008133,31.111725101626018,0.07265156417006974,0.010664397104704185,0.7069582575992506,0.000113729365606823,9.531653505078861,3474.833311654527,42.757999479708644,0.0429569483455737,0.009098592888929584,0.5285331112574945,8.278439255848e-05,9.69194154338475,3021.8553734756097,38.9407393292683,0.048338366527194906,0.009762306615295268,0.5884285913492114,9.530263045103776e-05,9.638580437492962,2443.9345733610817,33.23777315296566,0.06110227916625907,0.009924076147241518,0.6684804932954836,9.848728737624805e-05,9.581957105211023,fresh_baguette_3.jpg,fresh_bread
874.1734128937007,16.347133366141733,0.20062767513286467,0.09731926462312364,0.8621249472052916,0.009471039266785565,8.516362932046214,1090.926033852068,19.173042346084692,0.16459023461003722,0.0891817960322574,0.8267726608794193,0.007953392743539161,8.683418944843519,1123.6381028543306,18.75362942913386,0.17367933492732773,0.09049156809879604,0.8215515592902481,0.00818872389697904,8.637481146983221,1515.6773513547025,22.63339326678653,0.15903157301636942,0.08927061969619278,0.7593093248056894,0.007969243540942283,8.741419753238883,1395.902839781746,21.662140376984127,0.1751385724107746,0.0952402851317188,0.7798842302360759,0.009070711911971096,8.669942060497569,1090.926033852068,19.173042346084692,0.16459023461003722,0.0891817960322574,0.8267726608794193,0.007953392743539161,8.683418944843519,1853.2814360119048,25.971540178571427,0.14143061405245141,0.08088066517098558,0.7036724985312284,0.00654168199850108,8.858698107502606,1515.6773513547025,22.63339326678653,0.15903157301636942,0.08927061969619278,0.7593093248056894,0.007969243540942283,8.741419753238883,1782.3868125,25.463562500000002,0.16354413321098943,0.09350622472595074,0.7189960917367056,0.008743414062500003,8.757264638663436,1808.4528218694886,26.348261526832957,0.1327570429202285,0.07880929997414694,0.7109344748799448,0.0062109057624150765,8.890845675509802,2333.9666875000003,30.564812500000002,0.12460224936668954,0.0730046953755373,0.6241793337032211,0.005329685546874998,8.979915356476676,2241.589947089947,29.921768707482993,0.1307418966485333,0.07859830629412266,0.6415906805418302,0.006177693752304723,8.946306184021417,2087.6465473790327,28.2358870967742,0.15529524956173832,0.092008496724211,0.67105476928547,0.008465563469449149,8.823953681566827,2357.622848,31.515455999999997,0.1135640250946251,0.07037433714075038,0.6205595927159825,0.0049525473279999985,9.017979003752512,2735.3840095766127,33.87796118951613,0.11338291034998196,0.06522918246760082,0.5563475001084298,0.004254846245391561,9.058699024767513,2741.3098240000004,34.50828800000001,0.11250423451354864,0.0701126061133089,0.5584802367991838,0.004915777536,9.042955680701166,2350.420985772358,30.511559959349597,0.14714064433912863,0.09064020692427464,0.6297067556208215,0.008215647111275325,8.86204971274093,2806.246422996878,35.23224505723205,0.10472806546493113,0.062428578167011986,0.5453523550981896,0.0038973273719547256,9.09432123123483,2976.702616869919,36.04192073170732,0.1045717284033358,0.058219244519947484,0.5131469600750603,0.0033894804324734354,9.109839215428579,3164.0536550468264,38.18489854318419,0.10028461643759704,0.06182624288030657,0.48666742782097283,0.003822484308694658,9.141928205256903,fresh_baguette_30.jpg,fresh_bread
654.8970841535433,16.169844980314963,0.11020208230571596,0.021802364866503936,0.9378577497631584,0.0004753431137721651,9.24252128224462,878.3491846983693,18.732221464442926,0.09565399123818226,0.01962516946646743,0.9164652420676911,0.0003851472765875654,9.331071816489185,489.4889271653544,13.35642224409449,0.14224960472611736,0.024201815139076335,0.9534629490310179,0.0005857278560260246,9.102832935161473,717.8596937193873,16.679459358918713,0.10837510291634789,0.022017508966294643,0.9317379219792961,0.00048477070108086495,9.252927671454849,1298.7797619047617,23.24169146825397,0.0769197997130424,0.016730619348886037,0.8765356777367155,0.00027991362379731986,9.45779564622626,878.3491846983693,18.732221464442926,0.09565399123818226,0.01962516946646743,0.9164652420676911,0.0003851472765875654,9.331071816489185,1065.1790674603176,20.5546875,0.09786912721074517,0.01951795891305756,0.8985043490953551,0.00038095072013180295,9.37333829173284,717.8596937193873,16.679459358918713,0.10837510291634789,0.022017508966294643,0.9317379219792961,0.00048477070108086495,9.252927671454849,1872.5641874999997,28.6451875,0.06152602679507334,0.013728961177015539,0.8214243436508953,0.0001884843749999999,9.578064969729242,1665.1287477954147,26.98437893675989,0.06469941869504262,0.01421900995436625,0.840948687379516,0.0002021802440823665,9.546482600154155,1584.8596249999996,25.847374999999996,0.07709767581066154,0.016116155520160505,0.8486326066680528,0.0002597304687499999,9.513730857292261,1354.6033005794911,23.48740236835475,0.0774303457590842,0.01753244580066235,0.8706831609371677,0.0003073866557531629,9.460437479060422,2410.0633820564517,33.14944556451613,0.05288344445067937,0.011839227163977143,0.7693015259853891,0.00014016729984025428,9.656202623641935,2332.3902719999996,33.038464000000005,0.05113739376020116,0.011670308307838315,0.7758887530670338,0.000136196096,9.64653069168818,2010.075100806452,29.897177419354847,0.06338809343258474,0.013457814670051407,0.8076397997650406,0.00018111277569345086,9.595524289980736,1843.175104,28.29088,0.06059175580652661,0.014537582742670805,0.8231023117357619,0.000211341312,9.557578228113266,2873.2312627032525,37.06230945121952,0.04514794606923031,0.01049201337070554,0.7239330743169686,0.00011008234457106384,9.707884656751897,2858.8887877211237,37.46253902185224,0.044166661649043176,0.009980283189488633,0.7236098200014413,9.960605254238938e-05,9.717574938879741,2351.4660188008133,33.108295223577244,0.05420504495310857,0.011729890173335025,0.7746206481072657,0.00013759032347850157,9.647245357630988,2213.742845993757,31.807492195629553,0.052947108290517256,0.012397330412598762,0.7863913893620519,0.0001536938013591462,9.626275219803588,fresh_baguette_4.jpg,fresh_bread
340.70792322834654,9.527682086614174,0.18727435846079327,0.05500220006870714,0.9455506774514165,0.0030252420123980874,8.485566026675693,594.1029822059645,13.63934527869056,0.13468740598124757,0.0457809730082441,0.9029571428847606,0.002095897489581575,8.790298301399774,521.1691683070867,12.609251968503939,0.14383084520106953,0.04609178002546756,0.9148891713752254,0.00212445218591609,8.723458453086323,638.7071114142229,14.105958211916427,0.13636853457044587,0.0456408723662091,0.8956699864084775,0.002083089230348589,8.803682588527327,501.7557043650794,13.175099206349206,0.14304365488730542,0.05410156241117419,0.9197768659878003,0.0029269790553301763,8.758303290105575,594.1029822059645,13.63934527869056,0.13468740598124757,0.0457809730082441,0.9029571428847606,0.002095897489581575,8.790298301399774,855.789310515873,17.734623015873016,0.10322609083497666,0.03686804650096962,0.8570694156170645,0.0013592528527976583,9.010467166039405,638.7071114142229,14.105958211916427,0.13636853457044587,0.0456408723662091,0.8956699864084775,0.002083089230348589,8.803682588527327,620.7845,15.750875,0.12756294878246005,0.05330464112650042,0.9006890523799819,0.002841384765625,8.885819124489476,900.9167296548251,18.4069035021416,0.10105598141370845,0.03634375792579671,0.8493955914526642,0.0013208687401689112,9.035028954812734,1151.2718125000001,21.671937500000002,0.08520872317098968,0.03149237258845386,0.8032487746952622,0.00099176953125,9.148986561612936,992.723293020912,19.697341899722854,0.09551915863793518,0.03620528980299172,0.8340412774533409,0.0013108230097186163,9.081971791221964,786.3400327620966,18.108429939516128,0.11609869414552507,0.05249408100125278,0.8741136268074811,0.002755628540166088,8.979872934450965,1152.6334080000001,22.039104000000002,0.08484039198399672,0.03089874664124744,0.8026435910301143,0.0009547325439999998,9.156932838578484,1291.9660408266132,24.225113407258068,0.07285558095581932,0.02626565488249651,0.7746690945836772,0.0006898846264064127,9.249838744124348,1285.392128,23.939968,0.07605675396271744,0.030788523576163896,0.7798938126582432,0.000947933184,9.211671772566808,909.477261178862,19.983485772357728,0.10856438871041826,0.05203658530010954,0.8542555825109571,0.002707806209695576,9.033014683652652,1281.6966050988556,24.68216701352758,0.06798626073816186,0.026054656611843252,0.7757918516494101,0.0006788451311610673,9.23573826229083,1402.1078506097563,26.2958587398374,0.06358938904848253,0.022562983649902352,0.7495267538949574,0.0005090882311857608,9.300365248844507,1436.6553720083248,26.61491935483871,0.06563722260588348,0.025776953652990958,0.7486469685391216,0.0006644513396284439,9.285649391395257,fresh_baguette_8.jpg,fresh_bread
771.7667937992128,16.006336122047248,0.1711504142242153,0.06128861241382009,0.8728928829954222,0.0037562940116114617,8.875041247828687,1224.6320912641827,21.337032674065348,0.1277347913744594,0.053079022763417194,0.7992484720068871,0.002817382657519361,9.093779642928002,724.4498646653543,16.09860974409449,0.1513233931210763,0.05432439652268172,0.8810678323483171,0.0029511400575535536,8.934580110308932,922.980097960196,18.295120590241183,0.13853155953338755,0.05313889894379662,0.8486903009550908,0.0028237425809590293,9.024025782527621,1453.8593750000002,23.242559523809526,0.13276860788294176,0.06038526008603254,0.7609994034145314,0.003646379635657794,9.09060337935034,1224.6320912641827,21.337032674065348,0.1277347913744594,0.053079022763417194,0.7992484720068871,0.002817382657519361,9.093779642928002,1426.4527529761904,23.93799603174603,0.1067200734758952,0.043402600623221224,0.7669633569099558,0.0018837857408588437,9.212200384643229,922.980097960196,18.295120590241183,0.13853155953338755,0.05313889894379662,0.8486903009550908,0.0028237425809590293,9.024025782527621,2047.7040625,28.6165625,0.11949925138927643,0.059711055561344754,0.663696080574627,0.00356541015625,9.189533463291337,2160.92151675485,30.77034517510708,0.09213227857356084,0.04279330359935438,0.648168023306293,0.001831266832946517,9.333102580468125,1928.9073125,29.432187499999998,0.08538696080510777,0.035660727698688374,0.6865152330095063,0.0012716875,9.367656664648148,1756.1125598387507,26.864512471655328,0.10039261957371487,0.042798101243308205,0.7140186869015206,0.0018316774700324592,9.273316415047136,2566.0808971774195,33.0124747983871,0.11399503667400962,0.0596949657130916,0.5789786503009737,0.0035634889314871817,9.241282360352677,2806.0322559999995,36.973440000000004,0.07421227791690063,0.03529801626154082,0.5459962504077471,0.001245949952,9.45533548808979,2297.806892641129,33.37707913306451,0.07220947869299152,0.03099952051659372,0.628162665437524,0.0009609702722587148,9.458546696824037,2465.0145279999997,33.186431999999996,0.08432734145914526,0.03560425322907363,0.6009794656408002,0.001267662848,9.394638188831362,2916.208587398374,35.9969512195122,0.1056882580567112,0.05962696967088066,0.522078456334515,0.0035553755121321222,9.279064299852095,3433.7174167533817,42.19439386056191,0.06332854205107329,0.031166834239639785,0.44745893215082144,0.0009713715565211829,9.517030198002878,2598.678671239838,36.38611534552846,0.06641710765485376,0.028683692736382885,0.5807030654492645,0.0008227542289952243,9.509722931613087,3058.236602497398,38.25429240374609,0.0717712010736778,0.031020327290744276,0.5075477855264947,0.000962260705224894,9.464553414729572,fresh_baguette_9.jpg,fresh_bread
2095.0167322834645,31.083292322834644,0.10270700172203909,0.0163019633943868,0.7675345264051521,0.00026575401051192726,9.385189087607856,2472.8203856407717,34.43387686775374,0.0886670029497205,0.015598361299653491,0.725344684067528,0.00024330887523452775,9.441191608025996,1969.7495693897636,29.969180610236215,0.10725584333036409,0.017489739639038663,0.7815441443190708,0.0003058909926413603,9.34231537011215,2259.9126418252836,32.51466302932606,0.08972424940646322,0.015471919451710203,0.7489971503967977,0.00023938029152020856,9.412156045621128,2800.717075892857,36.9944816468254,0.08324280135616814,0.014313116149828916,0.6887862166903757,0.00020486529391849331,9.494292123132865,2472.8203856407717,34.43387686775374,0.0886670029497205,0.015598361299653491,0.725344684067528,0.00024330887523452775,9.441191608025996,2569.8699156746034,35.076636904761905,0.08225185277383917,0.01503631386636939,0.7145752160210712,0.0002260907346879724,9.452055266550387,2259.9126418252836,32.51466302932606,0.08972424940646322,0.015471919451710203,0.7489971503967977,0.00023938029152020856,9.412156045621128,3323.1446250000004,41.044250000000005,0.07014791239964607,0.012980228354116117,0.630323647862007,0.000168486328125,9.564195824764344,3262.5806248425297,40.60544217687075,0.0694371714635176,0.013252385163613963,0.6365641366311269,0.00017562571252477548,9.548429490676078,2958.3541250000003,38.2515,0.0722797312185329,0.013986949832790564,0.6708948647470885,0.00019563476562499998,9.515303492211054,2902.346497858403,37.9786470143613,0.06967823361070836,0.013338699934670059,0.6766647896152046,0.00017792091594716702,9.521796861485427,3690.600617439516,43.96137852822581,0.06173355776750442,0.012026015857920897,0.5891006412597019,0.00014462505741496488,9.609560945735407,3890.7436159999997,45.356607999999994,0.0591859803530132,0.012065060961304754,0.5653271927772827,0.000145565696,9.619298028737157,3321.206338205646,40.88665574596775,0.06735792814844671,0.013301985094511139,0.6301009004258246,0.0001769428074545965,9.54374119450635,3418.7800319999997,42.132608000000005,0.05834370573138198,0.011981254692226521,0.6179983050429657,0.000143550464,9.588290640874634,4043.324631605691,46.5828887195122,0.054502296428032,0.011154294419977232,0.5495409167582865,0.0001244182840075352,9.65306649699778,4451.205970343393,49.48328563995838,0.04863312221013515,0.010975751016907478,0.501551343517546,0.00012046711038514555,9.663979803009926,3645.3502286585367,43.35607215447155,0.06103827470592686,0.012540963480110303,0.5934555023757877,0.0001572757650094603,9.584182937498575,3788.407258064516,44.913761706555675,0.04843412909305825,0.011047580352315227,0.5757645068914857,0.00012204903164086145,9.625532556444181,fresh_bread_1.jpg,fresh_bread
524.2024483267717,13.806532972440944,0.13479804834494158,0.012396529851834986,0.9186108176844183,0.00015367395236743595,9.123921993182176,757.2953685907373,17.815797631595263,0.09086205188221236,0.010938322567337452,0.8821261015800863,0.00011964690058712377,9.313037760110152,496.4136318897638,12.638287401574804,0.17010264518574011,0.013854638445683331,0.9226640363827262,0.00019195100646060665,8.982782836040048,762.4225928451856,17.494822989645975,0.0951713065029248,0.0110682811685872,0.8813298777433475,0.00012250684802690205,9.29534919299557,987.2034970238096,20.37574404761905,0.0848847628535426,0.010479312668177497,0.846992013956104,0.00010981599399742539,9.397746645666146,757.2953685907373,17.815797631595263,0.09086205188221236,0.010938322567337452,0.8821261015800863,0.00011964690058712377,9.313037760110152,946.0744667658729,18.838603670634917,0.10972782699107399,0.011357140111159654,0.852140681867892,0.00012898463150451154,9.293374362655804,762.4225928451856,17.494822989645975,0.0951713065029248,0.0110682811685872,0.8813298777433475,0.00012250684802690205,9.29534919299557,1310.4748749999999,24.3975,0.06587920367795519,0.009783396330007283,0.7971166099115247,9.571484374999999e-05,9.499137787626807,1369.94708994709,25.51436130007559,0.055281983917908874,0.009424994540267406,0.7864553671777049,8.883052208407042e-05,9.546194187888304,1270.2760625,22.7616875,0.08293604543889152,0.010375188251304165,0.8005982566247014,0.00010764453124999999,9.426801498868876,1334.1735323759135,25.007495590828924,0.057994303465230004,0.009514444178870173,0.7920570395856853,9.05246480328365e-05,9.532430319563257,1585.1203377016132,27.40788810483871,0.05774656545735783,0.009397426830098069,0.754899866496303,8.831163102704705e-05,9.559388194193438,1785.310592,30.131968,0.04327341759548,0.008941695588645366,0.7207822049639668,7.995392e-05,9.625547289033767,1523.432774697581,25.724609375000007,0.07068746121215214,0.00984618179076405,0.7596290954444143,9.694729585677357e-05,9.508772969772917,1698.034688,29.303424,0.04353597534787548,0.009039532731286503,0.7345903739075795,8.171315200000001e-05,9.607624861412695,1815.389418191057,29.764799288617887,0.05183388703555569,0.00913872957731838,0.7196889932880078,8.351637828735377e-05,9.602228224761195,2068.837604058273,33.20649063475547,0.038665565737162996,0.008711846389747197,0.675140243883475,7.589626751855128e-05,9.667924652630784,1703.82024898374,27.95846036585366,0.06223995802355506,0.009564734759250477,0.7296744292898362,9.148415101481428e-05,9.551081989608079,1932.2496748178983,32.184378251821016,0.03843333683334724,0.00873584634596777,0.6970275353066373,7.631501138035844e-05,9.659319383286409,fresh_bread_12.jpg,fresh_bread
728.9946481299212,15.254367618110237,0.1455320648140351,0.015078512483247555,0.9017222468093977,0.00022736153870745238,8.977968321141198,815.6642693285387,17.116560233120467,0.11574516776141335,0.013749776879087919,0.8895902852531969,0.0001890563642247007,9.095974084785079,545.8915477362206,12.811946358267718,0.1618198126861634,0.016050659930130006,0.9259985535829136,0.00025762368419268093,8.841354943655336,903.1050282100564,17.70469340938682,0.11924513779023203,0.013770379678595195,0.8777435269222073,0.0001896233564926675,9.095065740741727,1287.7774677579364,21.837859623015873,0.0970489063587277,0.012421005973185295,0.8266239258068049,0.0001542813893859048,9.240969665507796,815.6642693285387,17.116560233120467,0.11574516776141335,0.013749776879087919,0.8895902852531969,0.0001890563642247007,9.095974084785079,924.6097470238094,18.275669642857142,0.10164870032101554,0.013054081111220079,0.8741957495738848,0.00017040903365831285,9.130537931458093,903.1050282100564,17.70469340938682,0.11924513779023203,0.013770379678595195,0.8777435269222073,0.0001896233564926675,9.095065740741727,1802.2215,27.264375,0.0745240373141629,0.011166792987469589,0.7576596809954078,0.000124697265625,9.388677420314991,1503.9084782060972,24.960128495842785,0.07258116051126466,0.011358495835245367,0.795988382888885,0.00012901542763928635,9.341561906144486,1286.188875,22.620625,0.08010339128134729,0.0117737459523297,0.8244111967717734,0.00013862109375,9.279331774662516,1611.874716553288,26.01530612244898,0.07416471607838107,0.011306769167300225,0.7812781530183968,0.000127843029002611,9.370447163937609,2251.5913558467746,31.66192036290323,0.06042753424593282,0.010454398631295103,0.6974649360332592,0.00010929445074202494,9.483873004966101,2148.7838719999995,31.158015999999996,0.05705828144698694,0.010329112256142829,0.7079658780744919,0.00010669056000000001,9.477275615768706,1633.300466229839,26.422442036290327,0.06758895662323512,0.010921345100816762,0.7765852278243494,0.00011927577881113428,9.388491927835734,2291.552896,32.795776000000004,0.05721553538899324,0.01027165108441676,0.6883880474889768,0.000105506816,9.498974765707459,2675.133130081301,35.547002032520325,0.05457465540860214,0.009992260479216728,0.640612614899429,9.98452694845165e-05,9.536771160297251,2722.512031737773,36.26645421436004,0.04534928515037043,0.009789331600377949,0.6296817999161367,9.58310131821583e-05,9.552136271041334,1945.2797891260166,29.577553353658537,0.057492297787613444,0.010403102535930875,0.7335369781919141,0.00010822454237309141,9.45598441710939,2909.9565556711755,38.43509365244536,0.04820903604813494,0.009620115550000308,0.6038279904252015,9.254662319535772e-05,9.584939442737054,fresh_bread_15.jpg,fresh_bread
244.46696604330708,8.995878444881889,0.18019065591547845,0.01626256963189353,0.9434573031555022,0.00026447117103218577,8.655464879027928,328.4052328104657,10.859073718147437,0.14760745069521278,0.014643649672982663,0.9240083214123072,0.00021443647574504525,8.817786256911127,159.00584399606305,7.103038877952758,0.20826668188151126,0.017502446533097186,0.9633731349384759,0.00030633563464392566,8.483460856551305,303.32054064108127,10.068510137020272,0.15936524483871847,0.015544483346926765,0.9298046466772206,0.0002416309625228835,8.734143617956962,549.9272073412699,14.396329365079367,0.11728552440696728,0.013305089421972458,0.8721502681406786,0.0001770254045266834,9.001843264192766,328.4052328104657,10.859073718147437,0.14760745069521278,0.014643649672982663,0.9240083214123072,0.00021443647574504525,8.817786256911127,377.05784970238096,11.654327876984127,0.13140025503993696,0.014110705564283878,0.913142822329642,0.000199112011521912,8.869722564347235,303.32054064108127,10.068510137020272,0.15936524483871847,0.015544483346926765,0.9298046466772206,0.0002416309625228835,8.734143617956962,845.84825,18.756,0.09230765367710289,0.011851374524712313,0.8023724578365269,0.000140455078125,9.199154050047937,734.6385739480979,17.60342655580751,0.09408698006248267,0.011937959367931315,0.8291274915100271,0.00014251487387037905,9.163303476766933,598.2950000000001,15.439499999999999,0.09767310863197837,0.012522245829922042,0.8622183949512653,0.000156806640625,9.07851040968469,672.7711640211642,16.163706223230033,0.10055662692987216,0.01266946952380123,0.8434460707569382,0.00016051545801452818,9.08254260595183,1120.7872353830649,22.37216481854839,0.07735156737284513,0.011121327148089619,0.7372402805204413,0.00012368391753483517,9.296786502757243,1131.8529280000002,23.122304000000003,0.06584711621557993,0.010623421671006007,0.7355072344255603,0.00011285708800000005,9.346264092219036,815.3038684475808,18.76253780241936,0.07811984704171197,0.01146058759971457,0.8122492751153938,0.00013134506813073136,9.21767332594455,1012.1703679999999,20.928511999999998,0.07358727385480751,0.011338842268944393,0.7632384754159919,0.00012856934400000002,9.258514652359109,1369.5988948170734,25.356516768292686,0.06560352825652804,0.010534607850735758,0.6787567981519477,0.00011097796256878346,9.37564910833279,1492.3322710718003,27.692052549427682,0.04948592394982451,0.009898684195128358,0.6500395844949128,9.798394879488394e-05,9.455229970101371,1025.1880081300812,21.780741869918707,0.06534466022205884,0.010751522517085919,0.7638274704637452,0.00011559523643540552,9.32093034344713,1316.7038241415194,24.808402705515093,0.060792757306057627,0.010609312141065795,0.6909089998018894,0.00011255750410656607,9.355739075501905,fresh_bread_16.jpg,fresh_bread
1114.7276082677165,20.96186023622047,0.13514360587314767,0.0636125037599148,0.8587144408534096,0.004046550634605174,9.081037362990806,1564.9600099200202,25.69012338024676,0.1080518322930278,0.054386655786336766,0.8020940233880186,0.0029579083276214785,9.265153587010117,1195.683562992126,22.062253937007874,0.12157580217144254,0.05487618491867709,0.8493902204926461,0.0030113956712288425,9.17707237838123,1322.209870419741,23.423460846921696,0.11861703908841383,0.05442498584569857,0.8328045971316439,0.00296207908430449,9.204923176404936,1700.9843129960316,26.574962797619044,0.11951086984569056,0.06309049256590506,0.7837026141343837,0.003980410252208522,9.211183861765885,1564.9600099200202,25.69012338024676,0.1080518322930278,0.054386655786336766,0.8020940233880186,0.0029579083276214785,9.265153587010117,2008.3039434523807,30.10267857142857,0.0908384906478456,0.044992477938667355,0.747634360340303,0.0020243230710614685,9.39826222272287,1322.209870419741,23.423460846921696,0.11861703908841383,0.05442498584569857,0.8328045971316439,0.00296207908430449,9.204923176404936,2230.0948750000002,31.215000000000003,0.1104477341577734,0.0630698087935107,0.7153505537740451,0.0039778007812500005,9.292111696866213,2596.547052154195,34.97990677752583,0.08322375496494817,0.044806147199829595,0.6712980874788157,0.0020075908268927974,9.449558464601502,2766.8067499999997,36.650000000000006,0.07451368892814295,0.03659693890887597,0.6532472332200124,0.0013393359374999998,9.523960284517152,2134.3987150415724,31.062862181909804,0.09122143742565048,0.044831332112580155,0.7298796902478251,0.002009848338988461,9.394046081496109,2745.69587953629,35.50069304435484,0.1025565660528143,0.06290049456274543,0.6481939861696312,0.0039564722162379684,9.341229345630833,3619.533824,43.378688,0.06608467343081012,0.036604503329508514,0.5411697408971274,0.001339889664,9.57983657290217,3466.972215221774,42.329196068548384,0.06224480690077105,0.03234973311146878,0.5662086246011414,0.0010465052323832592,9.598516650069648,2844.640896,36.890879999999996,0.07352589143066264,0.03665851060804299,0.6396519012427035,0.0013438464000000005,9.500197004359297,3190.310213414634,39.0760924796748,0.09718349021550757,0.0629252387003047,0.5901060672988357,0.003959585665490323,9.381123362579125,4533.571214880333,50.16408688865765,0.05598753706134532,0.03251251901290387,0.42377668537321284,0.0010570638925644356,9.63849320071903,4157.147611788618,47.61077235772359,0.05503928599580879,0.029663929562261694,0.4806850455807174,0.0008799487170748233,9.655250760039397,3441.569588969823,41.56971904266389,0.06508843017708182,0.032494170354367906,0.5631626816502997,0.0010558711070186822,9.564375240277535,fresh_bread_17.jpg,fresh_bread
2372.568897637795,33.907849409448815,0.05641095624682021,0.008948797165475168,0.7309038093923331,8.008097070881641e-05,9.757739533767767,2667.380060760122,36.29766259532519,0.05030334829777833,0.008581475663695826,0.6963633851995459,7.36417245666037e-05,9.79263148907705,1847.466166338583,28.965182086614178,0.06901543409684291,0.009614775633043054,0.7899905934895062,9.244391047375848e-05,9.666097268336888,2524.8323516647033,35.095108190216386,0.05201186696079748,0.008815689471913845,0.7125704914466859,7.77163808652126e-05,9.764217987086125,3631.1664806547624,43.69884672619048,0.03781631677705345,0.007891938540670036,0.5875355586864713,6.22826939297131e-05,9.878382599041142,2667.380060760122,36.29766259532519,0.05030334829777833,0.008581475663695826,0.6963633851995459,7.36417245666037e-05,9.79263148907705,2781.6530257936506,37.35429067460317,0.04782159448919171,0.00852718012831257,0.6827427549119411,7.271280094068876e-05,9.80566905967169,2524.8323516647033,35.095108190216386,0.05201186696079748,0.008815689471913845,0.7125704914466859,7.77163808652126e-05,9.764217987086125,4672.1825625,50.8886875,0.030133654055131076,0.007420016214604925,0.4685352302227183,5.5056640625e-05,9.942675630289372,4119.678319475937,47.5420131015369,0.03237864543057704,0.007649625913975957,0.5288951298787281,5.851677662377249e-05,9.906698365296041,3571.5808124999994,43.767687499999994,0.03681363822534316,0.007929375763576852,0.5912942382000703,6.287499999999997e-05,9.87968510150023,3786.3728269085414,44.94992441421013,0.03630759827239956,0.007858388079904728,0.5668525567740194,6.175426321438871e-05,9.886983339114007,5554.356350806453,56.565020161290334,0.022914944219499522,0.007248613226761475,0.3666714742071049,5.2542393711181407e-05,9.969152203729298,5240.821568,55.174336,0.024884184085655264,0.007350950958889605,0.39807174587748506,5.403648e-05,9.948423497328571,4299.466040826612,49.39862651209677,0.030362196730359326,0.007608111909919862,0.5064138459292361,5.788336683386446e-05,9.918722192787452,4815.8964479999995,52.082944,0.02841311548100654,0.0075261931944376765,0.44641734758030516,5.6643584000000004e-05,9.922597625772667,6197.80837144309,60.6297637195122,0.020970833468386553,0.007209864957506684,0.2916972851706081,5.198215270548286e-05,9.97524638931867,6031.31750780437,60.2627471383975,0.021762101793000872,0.007262562057827069,0.3035071019001829,5.274480764378935e-05,9.962724947532116,4889.14837398374,53.78429878048781,0.02524566327999886,0.00743208100056776,0.4375243670288701,5.523582799900028e-05,9.945281677174076,5547.011706555671,56.71696149843912,0.02324658855821607,0.007371527528771685,0.35873483276480533,5.433941810743879e-05,9.940495126209742,fresh_bread_2.jpg,fresh_bread
495.51094980314974,12.352854330708665,0.1414797178765308,0.03471494505619765,0.9529457166966785,0.0012051274102548213,8.779958216009717,785.276148552297,15.976997953995905,0.11785307261727387,0.03149377451858328,0.9254816412395173,0.0009918578334273658,8.942641872024495,617.1904527559057,13.84522637795276,0.132751330740731,0.03274290902564719,0.9415366201100271,0.0010720980914618085,8.852039272196208,834.8882757765514,16.107198214396426,0.11933792698535678,0.031803737011658006,0.9207765938825905,0.0010114776879067053,8.929935608908,957.4477306547618,17.766183035714285,0.10950287572872028,0.0319284917696329,0.9089295384975956,0.0010194285866835162,8.99299569393908,785.276148552297,15.976997953995905,0.11785307261727387,0.03149377451858328,0.9254816412395173,0.0009918578334273658,8.942641872024495,1207.7939608134923,19.878658234126988,0.10083406161257696,0.027380913066813863,0.8856434013917112,0.0007497144003724181,9.067023630482913,834.8882757765514,16.107198214396426,0.11933792698535678,0.031803737011658006,0.9207765938825905,0.0010114776879067053,8.929935608908,1327.5073750000001,21.141125,0.10013423022721135,0.030525604007128185,0.8735396721091004,0.0009318125000000002,9.08541448083302,1509.801713277904,22.593474426807763,0.09155773178559246,0.02576789277252052,0.856571012417215,0.0006639842979361153,9.137687446446193,1753.4714374999999,24.2103125,0.08628411160736657,0.0230475476596752,0.8340740074607405,0.0005311894531249998,9.172035866467223,1615.241685563114,22.978017132779033,0.0920585151512474,0.026363460174844443,0.8465563887215845,0.0006950320323906089,9.13289386232777,1679.4817288306454,24.10093245967742,0.08975938703959868,0.028843738655616746,0.839740273047802,0.0008319612596335197,9.151741575077121,2190.868928,27.585983999999996,0.07897192867400565,0.02138945684209863,0.7917222542268056,0.000457508864,9.220183576231515,2261.2088583669356,27.75850554435484,0.0773509137670775,0.019713870076733784,0.7861360286964113,0.00038863667340233973,9.228720978032932,2344.9080320000003,28.119936000000006,0.08118397901157974,0.022450046948725964,0.7770500657275007,0.000504004608,9.225027271959748,2022.2387576219514,26.722497459349597,0.0834510139887365,0.026752073097446347,0.8066942406446239,0.0007156734150111126,9.19602813419899,2871.420590530697,32.23575702393341,0.0681156451013089,0.018011096602406112,0.7267649000981674,0.00032439960082120497,9.293733780575963,2738.0414761178863,31.080983231707318,0.07197241613988305,0.017445131393923233,0.7411344793562618,0.00030433260935124593,9.283755486987733,3017.2337408949015,32.68015088449532,0.07122506270346496,0.019419226061848954,0.7128025622695076,0.0003771063408411937,9.291064257374746,fresh_bread_21.jpg,fresh_bread
847.1955585629923,17.73000738188977,0.11319190320400921,0.013524513861871356,0.897981326723002,0.00018291247519995046,9.16073990975521,1301.9736499473001,22.289106578213158,0.09918844523386844,0.01266639924169601,0.8433750551403927,0.00016043766975003726,9.27941775109436,934.1045767716535,18.135949803149607,0.12456555577965674,0.013583423803368922,0.8874929783605673,0.00018450940222192942,9.151455100635662,1151.735631471263,21.56389112778226,0.0927375689561078,0.01262970071049675,0.8614347380953423,0.00015950934003672212,9.283302618689223,1496.296378968254,24.186879960317462,0.09138536835899395,0.012445897019124907,0.8200702009413072,0.00015490035261066226,9.316120759186251,1301.9736499473001,22.289106578213158,0.09918844523386844,0.01266639924169601,0.8433750551403927,0.00016043766975003726,9.27941775109436,1630.455729166667,25.512772817460323,0.09111136181031232,0.012067699033435382,0.8036922872407046,0.00014562935996157727,9.354233561046453,1151.735631471263,21.56389112778226,0.0927375689561078,0.01262970071049675,0.8614347380953423,0.00015950934003672212,9.283302618689223,2023.9153749999998,28.879749999999994,0.07821153059544408,0.011843378951971432,0.7569047194013574,0.00014026562499999993,9.39507966108462,2070.8600403124215,29.667044595616026,0.07403598288325018,0.011499609197954178,0.7513915849549403,0.00013224101170567236,9.435289149795901,1979.7850625,29.059437499999998,0.07508499036254797,0.01150730067174748,0.7615046131130307,0.00013241796875,9.420947516369608,2005.335348954397,29.663769211388264,0.07275965560843205,0.01146393131904699,0.7591653112672263,0.00013142172128782645,9.433667692742311,2496.0623109879034,32.72171118951613,0.07119627430126525,0.011425638373957716,0.7005845174122194,0.00013054521225245512,9.459369854355204,2623.539904,34.459711999999996,0.06423509081609734,0.010803969640831097,0.6853777959047502,0.00011672576,9.5077732953688,2203.5181451612902,31.128402217741936,0.06882009566431721,0.011102662020452308,0.7342098892566632,0.00012326910394039412,9.465794887022408,2639.3082879999997,35.018111999999995,0.06098597596543716,0.010802358261046521,0.6832257024423241,0.000116690944,9.50945532455293,2935.995109247968,36.089367378048784,0.0659924193999853,0.011050095211358718,0.6482630147309295,0.0001221046041800929,9.505811144444904,3154.740049427679,38.67995577523412,0.05386524903664082,0.010393015330805356,0.6218920537180103,0.00010801476766635514,9.561637043170375,2411.4033917682927,32.813706808943095,0.06262939699958817,0.010788886983315826,0.7086141148814816,0.00011640008233876166,9.499835789659237,3155.3565946930285,39.11687044745057,0.053176147788856515,0.010340381800691398,0.6212715044731777,0.00010692349578406989,9.561730937859199,fresh_bread_22.jpg,fresh_bread
498.2195497047245,14.059239665354335,0.12221520978286568,0.019527641065607972,0.9122955900816948,0.00038132876558721884,8.869819592458938,683.2158844317689,17.866141732283467,0.08667301037418555,0.018119635682967688,0.8790649030865553,0.0003283211972834759,9.070629294597254,538.511626476378,16.107098917322837,0.09353964545584155,0.019652813342390243,0.9057087454939594,0.00038623307227083194,9.002415404999212,743.3462706925415,18.68001736003472,0.08690525910814777,0.018042888299326428,0.8684206999058642,0.0003255458181819705,9.092516480151943,773.3863467261906,17.748325892857142,0.10021604431263625,0.017755234453467703,0.8623191693257655,0.0003152483504976066,9.046095244761784,683.2158844317689,17.866141732283467,0.08667301037418555,0.018119635682967688,0.8790649030865553,0.0003283211972834759,9.070629294597254,818.2130456349207,19.660838293650798,0.08237190435312072,0.018188999096293363,0.8559004272438657,0.00033083968812496075,9.105355570155535,743.3462706925415,18.68001736003472,0.08690525910814777,0.018042888299326428,0.8684206999058642,0.0003255458181819705,9.092516480151943,993.425625,20.56775,0.08661587671828891,0.01572729017504287,0.8209607333028017,0.00024734765625,9.148434731625892,1069.735512723608,22.232489292013103,0.07546146407038162,0.016051911437005708,0.8071988674962892,0.0002576638607814747,9.20430421650581,1084.5456249999997,22.818374999999993,0.07471213297486996,0.017355260819849408,0.8078942011149771,0.00030120507812499993,9.193162598894814,1192.2248047367095,23.74332325522802,0.0724330036769964,0.016417751976541155,0.7851054399175599,0.00026954257996322095,9.237425519506754,1197.9022807459678,22.994140625000004,0.07652690262300874,0.014546633700479499,0.7813619649493437,0.00021160455201592586,9.225281018344768,1435.288384,26.247360000000004,0.06533842173129438,0.014103906976437418,0.7361370504716812,0.00019892019200000007,9.313134476528925,1353.3116179435483,25.67956149193548,0.07206647886973945,0.016664060348507873,0.7586944479536678,0.0002776909072987123,9.262088425520927,1616.5221759999997,28.324287999999996,0.06269535628099691,0.013970922947321699,0.7026993937668246,0.000195186688,9.346521261943236,1408.8459095528456,25.47459349593496,0.06550501661501777,0.01306900110612764,0.7394984300066121,0.00017079878991196545,9.299250364372831,1801.290127471384,30.208831945889695,0.0546768105259775,0.012320325489576713,0.661457619669472,0.00015179042016911365,9.394371469950883,1613.105754573171,28.496379573170735,0.06342772600638553,0.015770078217288392,0.7104640676509992,0.00024869536697939387,9.32043772466552,2033.881958896982,32.53323361082205,0.054521450599885855,0.012468942224816863,0.617517841150864,0.00015547452020582092,9.429767556312525,fresh_bread_23.jpg,fresh_bread
1559.4069881889768,24.739788385826778,0.13624768600744808,0.06092688441069924,0.7562686908182326,0.0037120852439947063,9.114497880161741,2044.486266972534,29.565193130386263,0.11330004496101234,0.05375038880236709,0.6812268656910281,0.0028891042964056296,9.247369057685098,1587.0281742125987,25.373769685039374,0.13387747975141912,0.05466832919076864,0.7521942976111401,0.0029886262165102462,9.162468938621279,1927.2765825531653,28.735321470642948,0.116605554740603,0.053753785707300224,0.6994982187362465,0.0028894694778663537,9.241802830914992,2131.686879960317,30.06175595238095,0.1145800185168316,0.06088679185666951,0.6673007576689659,0.0037072014225973966,9.22582262421729,2044.486266972534,29.565193130386263,0.11330004496101234,0.05375038880236709,0.6812268656910281,0.0028891042964056296,9.247369057685098,2429.073784722222,33.162698412698404,0.09907045389552413,0.04457462215958847,0.6216387529221717,0.0019868969406700754,9.367355656137342,1927.2765825531653,28.735321470642948,0.116605554740603,0.053753785707300224,0.6994982187362465,0.0028894694778663537,9.241802830914992,2445.859625,33.012375,0.10662457403458422,0.06082268028868836,0.6187786761744336,0.0036993984375,9.27068705468915,2778.0481859410434,36.21346686822878,0.08798238099882225,0.04395357279665878,0.5685254656796384,0.0019319165615911823,9.405259077664729,3047.697125,38.477125,0.07975221101422543,0.03663673020344473,0.5264182547014433,0.0013422499999999997,9.475187544807007,2804.380448475687,36.30486268581507,0.08927513819999097,0.04414045464600015,0.5644162957184686,0.0019483797363555964,9.408702062630462,2818.9398941532254,36.298513104838705,0.10039403981949571,0.06008764945885574,0.5610096749212987,0.0036105256174903265,9.317108833338004,3393.277632,41.402816,0.07297687224927114,0.03666571673921021,0.4749397633484165,0.0013443747839999999,9.494138244793762,3605.708039314516,43.02419354838709,0.06665957771392456,0.0319072039083124,0.44066083237243686,0.0010180696612466262,9.549503373198831,3518.1032319999995,41.976,0.0750409731166172,0.03659717322417129,0.4555710211868395,0.001339353088,9.500055968087386,3144.4254319105694,38.81758130081301,0.09663607642521596,0.06035375067295305,0.5108141061025296,0.003642575220292981,9.330682490415143,3974.244667013528,46.079604578564,0.061833379480306025,0.032673827694431064,0.38661703272409664,0.0010675790162053705,9.559880637116175,4072.360518292683,46.74428353658537,0.059768024871488315,0.02940075679645834,0.36897576216131206,0.0008644045002044913,9.588923211690314,4115.0066987513,46.46091311134234,0.06508241936978995,0.03196416007852525,0.3648450127615475,0.001021707529525587,9.54904653536364,fresh_bread_24.jpg,fresh_bread
815.3875492125986,19.45927657480315,0.08758427986582164,0.012623849880801634,0.8392048275075961,0.00015936158581301543,9.272202024290607,994.9197718395438,21.667245334490673,0.07932457417786687,0.01224153157982212,0.8033824957500125,0.00014985509541978227,9.330228296161993,850.4191683070866,19.879429133858267,0.08883907312216965,0.01278588211846984,0.8322961490220783,0.0001634787815474068,9.275040643349179,1014.3985987971976,21.684977369954744,0.07678054094943358,0.01223556385441605,0.7995353102529241,0.00014970902283549254,9.334432392507562,1134.6941964285713,22.646701388888886,0.07511226519344238,0.011806913442523811,0.775737159365463,0.0001394032050392495,9.341234455132897,994.9197718395438,21.667245334490673,0.07932457417786687,0.01224153157982212,0.8033824957500125,0.00014985509541978227,9.330228296161993,1154.491691468254,23.06200396825397,0.07759020932678148,0.012179953216399418,0.771786898996968,0.00014835126035367852,9.35290360331705,1014.3985987971976,21.684977369954744,0.07678054094943358,0.01223556385441605,0.7995353102529241,0.00014970902283549254,9.334432392507562,1437.9306874999997,25.504937499999997,0.06584189850343511,0.01104412315442018,0.715244139300395,0.00012197265624999994,9.408681646562894,1385.092655580751,25.466931216931222,0.06720010176966866,0.011406336335842034,0.7250059236660302,0.00013010450860635029,9.407827790574824,1429.8221875,25.6569375,0.06793110189836547,0.011792890469473547,0.7166254833739346,0.000139072265625,9.409316117865853,1461.9882212144116,26.037603930461067,0.06547830587112001,0.011277343277552464,0.7097369449709465,0.00012717847139975775,9.424878486150329,1662.0871975806454,27.62210181451613,0.06153232496099097,0.010568539084322563,0.6702931136976142,0.00011169401837685358,9.441082483959487,1729.96,28.85472,0.057120209097061184,0.010708865859651058,0.6550081637002161,0.000114679808,9.468358673778368,1672.1582661290324,27.895791330645167,0.06276891857033454,0.011430848502839954,0.6679031970245138,0.0001306642974948784,9.445550240045762,1817.692928,29.483776,0.054524329179090704,0.010531646784810056,0.6374555538941423,0.000110915584,9.480947639398249,1853.5307418699185,29.735010162601625,0.0554128875233878,0.010112059914855493,0.6318826861042377,0.0001022537557216273,9.486608303326417,2059.5292013527574,32.02178720083246,0.04800631868420141,0.010197660945109903,0.5878655165522779,0.0001039922887514198,9.513332875316774,1883.7578760162605,29.86001016260163,0.05846847112938375,0.011027436197152424,0.625067063297037,0.00012160434908226752,9.481853001567284,2151.228733090531,32.718197190426636,0.048424449696606475,0.009963528662082489,0.5692941820845174,9.927190340013926e-05,9.525679284946508,fresh_bread_25.jpg,fresh_bread
758.7112450787401,17.63644192913386,0.09506265258378535,0.011175229206525056,0.8773987534513076,0.00012488574781837063,9.28842306919508,860.6644553289104,19.19120838241676,0.08601196692471985,0.01064282289048649,0.8610475175975691,0.0001132696790782632,9.35771914785954,682.8427042322835,16.43091781496063,0.10178111373337259,0.01143307868800199,0.8898511922279863,0.00013071528828604532,9.24603211309135,1078.5583731167462,21.089590179180355,0.08225428141346315,0.010489754055235058,0.8258715328314807,0.00011003494013932035,9.395379476098025,1399.7421254960318,24.711371527777782,0.0688939131083311,0.009811527998438731,0.7734380940851248,9.626608166414715e-05,9.498272638437573,860.6644553289104,19.19120838241676,0.08601196692471985,0.01064282289048649,0.8610475175975691,0.0001132696790782632,9.35771914785954,1250.596416170635,23.09468005952381,0.07160765662826704,0.010051912296999118,0.7983358128410368,0.00010104094082656208,9.457825230366357,1078.5583731167462,21.089590179180355,0.08225428141346315,0.010489754055235058,0.8258715328314807,0.00011003494013932035,9.395379476098025,1985.7095,30.23625,0.05460599873247986,0.009104536129040292,0.6784923824689243,8.289257812499999e-05,9.614199749443888,1536.6684933232552,26.33490803728899,0.05977209254873465,0.009444023589816735,0.7515308447151796,8.918958156501498e-05,9.544330360422618,1732.9415,27.98175,0.05611262980752624,0.009324028099485758,0.7206802228395293,8.693749999999999e-05,9.571930935916384,1916.8110355253216,29.658982111363066,0.05683268549303608,0.009249827656491875,0.6900823229022823,8.555931167480197e-05,9.589662919774653,2456.785345262097,34.5261466733871,0.04405374087661809,0.008697295325976512,0.6019611081598114,7.564294598725289e-05,9.679506185539523,2162.88224,32.162752,0.04769855409460408,0.008779671064453383,0.6502441378307896,7.7082624e-05,9.655570225912538,2179.395476310484,32.40681703629032,0.046874698662297994,0.008853916101544542,0.6488435766846117,7.83918303331897e-05,9.654044637044299,2551.7501439999996,35.834624000000005,0.04509038689229597,0.008699528263072659,0.5873597285396018,7.5681792e-05,9.687972486589743,2822.8144690040654,37.93184705284554,0.04026026865131191,0.008411169380466176,0.5423861419882472,7.074777034689174e-05,9.731653401166938,2756.4310613943812,37.392689906347556,0.03854500880084767,0.008475470848975082,0.5540524988416968,7.183360611182638e-05,9.71047435797908,2584.1979801829266,36.27013465447155,0.03930675501507051,0.008502761164705755,0.5836972538378467,7.229694742402836e-05,9.711025900280465,3014.1622008324666,40.458766909469304,0.03667043460689498,0.008369633946425769,0.5122617517470006,7.00507723971626e-05,9.738517031412798,fresh_bread_27.jpg,fresh_bread
1348.6056225393704,19.824249507874022,0.19022609968988574,0.029638080560853444,0.8236109574674504,0.0008784158193316388,8.617443397430046,1667.0918221836441,23.08066216132432,0.16083887627521376,0.025994175862796884,0.7824764635193036,0.0006756971787860121,8.750453139876315,1423.3247416338584,19.952448326771652,0.2211847512993341,0.03421221430356091,0.8137337214326971,0.0011704756075527776,8.531259307427355,2034.5309070618139,25.792237584475163,0.15127792467327827,0.025636957561531025,0.7345324700326429,0.0006572535930117428,8.821580326770249,2211.406746031746,27.484747023809526,0.14068566664444318,0.0243730808801831,0.7116715386946486,0.000594047071591947,8.878042428687296,1667.0918221836441,23.08066216132432,0.16083887627521376,0.025994175862796884,0.7824764635193036,0.0006756971787860121,8.750453139876315,2280.2238963293653,27.553261408730165,0.1693535681946076,0.028495427796718063,0.7023783030019446,0.0008119894053179724,8.796519425220398,2034.5309070618139,25.792237584475163,0.15127792467327827,0.025636957561531025,0.7345324700326429,0.0006572535930117428,8.821580326770249,2868.8092500000002,33.043,0.11730685286135127,0.02138961488666872,0.6270549809983604,0.000457515625,9.017102732164082,2647.1175359032504,31.646762408667172,0.11217190249783482,0.020681996537302974,0.6565654494327384,0.00042774498076901226,9.007166981237619,3071.8991875,33.9988125,0.1389566305348298,0.025111392459399775,0.6001763466248301,0.00063058203125,8.95909847972839,3264.537540942303,36.207860922146644,0.10382760457422484,0.020430993423263176,0.5764573512173872,0.0004174254922614232,9.079984420097805,3371.5086945564517,36.94921875,0.09942293881097852,0.019567849504368625,0.5630463833232843,0.00038290073422561947,9.105072297993145,3527.529408,38.486976,0.08404903053985024,0.017985309560861053,0.544912002263629,0.00032347136000000006,9.149710016669056,3810.3709047379043,39.55185231854839,0.11767622673352815,0.022865125968354175,0.5055675511131861,0.0005228139855487044,9.065146036262433,4232.5412479999995,43.64384,0.07944938174406198,0.017600523628574238,0.4539320513903524,0.00030977843200000004,9.21090419065825,3789.4004065040654,40.021595528455286,0.09001371384129472,0.018402075763077085,0.510379579472193,0.00033863639239002907,9.144598323266619,4257.380918314256,44.06939386056192,0.06536930919604364,0.016281657096493013,0.45401220376160684,0.0002650923578077813,9.233214875261215,4398.278391768294,43.9911712398374,0.10403998067057037,0.02103227571436433,0.4311136229364853,0.00044235662172503965,9.136868989431095,5055.616350156088,49.53739594172737,0.06330022397862446,0.01599558827202472,0.3515768280138682,0.00025585884416813473,9.285827706814578,fresh_bread_3.jpg,fresh_bread
1081.6232775590552,22.559916338582678,0.07033723719369045,0.009884051309624223,0.8057542231246246,9.769447029128431e-05,9.468237075214613,1201.9843759687521,24.171492342984692,0.06091851064673499,0.009598011694457632,0.7841116199309713,9.212182848694546e-05,9.512669438586855,791.361343503937,19.223179133858267,0.07766779837733666,0.010324296321292087,0.858048315176402,0.0001065910945298453,9.38537907915299,1186.7132494264988,23.954119908239818,0.06107465979252491,0.009615817482430372,0.7868299506949906,9.246394585541358e-05,9.509092067920502,1720.9146205357142,29.509734623015873,0.050947930816889545,0.009024719646541958,0.6904495054382039,8.14455646986804e-05,9.62582447367462,1201.9843759687521,24.171492342984692,0.06091851064673499,0.009598011694457632,0.7841116199309713,9.212182848694546e-05,9.512669438586855,1215.5962301587306,24.27232142857143,0.06154009476837452,0.009604312609615716,0.782084198473014,9.224282070322345e-05,9.510026008649774,1186.7132494264988,23.954119908239818,0.06107465979252491,0.009615817482430372,0.7868299506949906,9.246394585541358e-05,9.509092067920502,2260.8628125,34.606187500000004,0.041008366589884326,0.008628622427711159,0.5929597222380601,7.4453125e-05,9.696304891404317,1897.1565885613504,31.349206349206355,0.04639031630851337,0.008888140248101386,0.6589799824703864,7.899903706991976e-05,9.648501932974657,1627.3433125000001,28.5535625,0.052991109910264664,0.00914798048068534,0.7084778707288518,8.368554687499999e-05,9.599141945681033,1906.7579365079366,31.37887377173092,0.04426377377217289,0.008849443947087553,0.6571071946816569,7.831265817264451e-05,9.650025082860145,2712.3486643145166,38.66985887096775,0.034376436824302664,0.008351421539669834,0.5105098585673382,6.974624173326126e-05,9.748297921932963,2465.691456,36.534335999999996,0.038822944900058436,0.008521258123070793,0.5567069909148983,7.261183999999999e-05,9.712467842219176,1978.7290196572585,31.854901713709687,0.046994713931191014,0.008844159470050052,0.6455940322797982,7.821915673167601e-05,9.653279421240672,2508.637888,36.600768,0.03802543824947956,0.008542741480344587,0.5487061049502988,7.297843200000003e-05,9.710691691029012,3141.7247205284557,42.11445630081301,0.033360628568186355,0.008237424735509011,0.4314522409631191,6.78551662731757e-05,9.768525481156852,2966.2994276795,40.69680020811654,0.03348442161043122,0.008323899630170984,0.4655531185863893,6.928730505316065e-05,9.74454048127652,2303.139354674797,34.71303353658537,0.043353603669650145,0.008715278045231983,0.5877829874774989,7.595607140570263e-05,9.68224462969863,3014.0732960457854,40.84879032258064,0.03471537193319603,0.008335198156263292,0.4564396806303686,6.947552830417498e-05,9.744370276992395,fresh_bread_5.jpg,fresh_bread
393.6344734251969,11.858390748031498,0.21704725071589342,0.04248300451474244,0.9433722957500903,0.0018048056725996266,8.568096678331429,603.2253704507409,15.136958273916552,0.17257829166832322,0.036723443335827964,0.9130049350409929,0.0013486112904397673,8.750114356124813,345.0318651574803,11.480068897637794,0.20327988588264048,0.03950211618805209,0.9503409442141855,0.001560417183334367,8.579643029046835,390.75590551181097,12.195672391344782,0.1830179861694008,0.03840030622701041,0.9436480760554306,0.0014745835183281744,8.638762924260629,771.3099578373016,17.37084573412698,0.15639145614463207,0.036423228302358245,0.8887732850421732,0.0013266515599657108,8.834176479898062,603.2253704507409,15.136958273916552,0.17257829166832322,0.036723443335827964,0.9130049350409929,0.0013486112904397673,8.750114356124813,755.2555183531747,17.089099702380956,0.15308624914000363,0.03396153807901702,0.8910596518563415,0.0011533860686925232,8.855719254617858,390.75590551181097,12.195672391344782,0.1830179861694008,0.03840030622701041,0.9436480760554306,0.0014745835183281744,8.638762924260629,1110.5903749999998,21.509374999999995,0.1273285135120355,0.032562889872905926,0.83940189858745,0.0010603417968749994,8.972431600148155,1164.8928571428573,21.6343537414966,0.12402194827483773,0.0306533993070164,0.8312064632769771,0.0009396308890753935,9.00486627523077,1177.0276249999997,21.567249999999994,0.1273564196521284,0.029817216608026977,0.8298986931652007,0.0008890664062499997,9.009797249579204,784.3300579491056,17.863315696649032,0.13808394084242015,0.032985443701635475,0.8863639464346176,0.0010880394961937632,8.903378391812424,1419.7271925403224,24.978326612903224,0.11178357282480951,0.02985477164868541,0.7940198084024646,0.0008913073901951501,9.072870962173655,1627.508032,26.721728,0.09391780611480366,0.026518714900990205,0.7630186345552548,0.00070324224,9.156234875825717,1563.8820564516127,25.104964717741936,0.10994784539852512,0.027336962432884665,0.7736485177882724,0.0007473095150569475,9.104018432691111,1180.380928,22.60288,0.10895091722178867,0.02897737379404835,0.8281704949728603,0.000839688192,9.065711438126758,1687.761305894309,28.003175813008134,0.09426495969766718,0.02754676844048782,0.7542923322164764,0.0007588244515138558,9.147269697756421,1959.443418314256,30.54097294484912,0.07968843962157818,0.02396391326233477,0.7132226395975493,0.0005742691388447042,9.234021351499969,1914.991298272358,28.27877286585366,0.09416578862820166,0.025183376155381073,0.7224610521552011,0.0006342024345834161,9.185802244835385,1550.2574791883453,26.646266909469304,0.09270875339396557,0.026126110376891967,0.7732050410910547,0.000682573643425542,9.165216063947941,fresh_bread_7.jpg,fresh_bread
1196.2520300196852,16.71216781496063,0.1819638196911946,0.026072736995912827,0.7596216337532135,0.0006797876144580414,8.677760622603962,1540.517887035774,21.340256680513363,0.11061906799155118,0.018638643877567723,0.6900063471925216,0.00034739904559479283,8.965221169159808,1285.3972071850394,20.129121555118115,0.1206239564692001,0.020904360024346712,0.7410017614993292,0.0004369922680275049,8.93283238337725,1803.00744001488,23.80724161448323,0.10435483362050563,0.01839957489117807,0.6371664626963314,0.00033854435617607055,9.026987048076826,2016.1200396825398,23.976934523809522,0.1131218718419379,0.01943179041021766,0.5954376563332744,0.00037759447854662694,8.961323689109802,1540.517887035774,21.340256680513363,0.11061906799155118,0.018638643877567723,0.6900063471925216,0.00034739904559479283,8.965221169159808,1822.015811011905,25.893911210317462,0.08038037948588872,0.016410214400624432,0.6325980472526036,0.0002692951366744615,9.15686745952978,1803.00744001488,23.80724161448323,0.10435483362050563,0.01839957489117807,0.6371664626963314,0.00033854435617607055,9.026987048076826,2278.0765625,26.8579375,0.08809769504595728,0.01709857678653402,0.5433953293185654,0.000292361328125,9.067361898533736,2359.925547996977,28.583648274124467,0.07242421912355024,0.014650401084449509,0.5254804073748085,0.00021463425193523933,9.16853548075782,2155.2046875,29.348437500000003,0.06374395919054605,0.014724023736737183,0.5655146017691285,0.00021679687499999998,9.24488905516463,2443.659423028471,29.851158982111365,0.06609924738686883,0.014556194045286127,0.5084749744203468,0.00021188278508402328,9.208431683670305,2107.5528603830644,27.014805947580644,0.08231735533913102,0.01618026472130073,0.578197538267791,0.000261800966451369,9.133769804437097,2684.200832,31.919999999999998,0.06289654892078853,0.013587759197159774,0.4611393875061569,0.00018462720000000002,9.245316033756488,2372.054372479839,31.625315020161295,0.05828047091049467,0.013588583715509929,0.5216953856458093,0.00018464960739342164,9.302742385112357,2690.310208,32.701888,0.05628309505579032,0.01356384842144736,0.45951648926483285,0.00018397798400000002,9.273109956928206,2051.270261686992,27.485327743902435,0.0747518728168359,0.015754465414991984,0.5902902836690107,0.0002482031805121785,9.163667472805134,2685.3642039542146,32.89646201873049,0.05479562151305553,0.012890917431656346,0.46169149877317156,0.00016617575222978146,9.289117894939132,2618.8617251016262,33.8011305894309,0.05219235203500448,0.012859415507559903,0.4720207974208721,0.0001653645671960721,9.337344193721044,2699.619862122789,33.57901925078044,0.05176727631246336,0.013084610165206834,0.45823551326240985,0.00017120702317543403,9.305537339930922,fresh_sandwich_bread_1.jpg,fresh_bread
615.9493725393702,13.288078248031498,0.16139862382320755,0.01824758671253967,0.9125536480314878,0.00033297442083165423,8.740337308489403,717.0461900923801,14.879037758075517,0.12511370453961937,0.01588086914520142,0.8985074722930654,0.00025220200480701046,8.878930970417231,486.138533464567,12.273868110236222,0.14392657857857655,0.016933152469781516,0.9309309011343545,0.0002867316525648678,8.76074106898744,838.2760865521732,16.433194866389734,0.1147024144020457,0.0154738448279197,0.8813467513065982,0.00023943987375853727,8.933760697164576,1104.4727182539682,18.925595238095237,0.11808748462188397,0.015825108484105704,0.8438310613034291,0.0002504340585337144,8.976014718612996,717.0461900923801,14.879037758075517,0.12511370453961937,0.01588086914520142,0.8985074722930654,0.00025220200480701046,8.878930970417231,897.319072420635,17.509548611111114,0.10466935647772664,0.014691866118193397,0.8727450875135337,0.0002158509300349191,9.005361941144097,838.2760865521732,16.433194866389734,0.1147024144020457,0.0154738448279197,0.8813467513065982,0.00023943987375853727,8.933760697164576,1516.7795625,23.2058125,0.09872651274924679,0.014664876192794812,0.7864315733195083,0.00021505859375000003,9.11052287503395,1294.4205719324768,21.317523305618543,0.09026132402321385,0.013718843997804767,0.8178361157868288,0.0001882066806361039,9.118098733867194,1286.3164375000001,21.7541875,0.08416737931807636,0.01349631025965986,0.8178994615476428,0.00018215039062500002,9.140997466006525,1469.0545477450241,23.313177122700935,0.0812335029373753,0.013543625840657084,0.7932547313952302,0.00018342980091171432,9.158478561998988,1906.1244329637102,26.910471270161295,0.08575723552767671,0.01384964204321471,0.7327772343823606,0.00019181258472518055,9.197808895968185,1791.0632960000003,26.201856000000006,0.0720885606874097,0.012653805119409736,0.7493884354370562,0.00016011878400000007,9.24287663890908,1632.1757182459676,25.119014616935484,0.07461431288448182,0.012809666488047449,0.7693258666398496,0.00016408755553500587,9.230742129234681,2001.437504,28.628928,0.06595195165090044,0.01246768623281802,0.7199382048362363,0.0001554432,9.289294985144274,2260.259654471545,30.197154471544717,0.07547187374859718,0.013147328869478867,0.6844911096335156,0.00017285225640223246,9.265754928931743,2238.2906477627475,30.197515608740897,0.06655411987187809,0.011970323757260502,0.6886204010201495,0.0001432886508536352,9.319216793505598,1945.4560467479678,28.087652439024392,0.06732290087940494,0.01228772902559909,0.7256103493932907,0.00015098828460655033,9.290521203095103,2439.4266389177938,32.70473465140478,0.05893303705444559,0.011839397596075557,0.6605971323156472,0.00014017133543795966,9.360935606464633,fresh_sandwich_bread_12.jpg,fresh_bread
138.57332677165357,6.914247047244096,0.23265921718837884,0.021367758735008673,0.9613074749595203,0.0004565811133575394,8.291371002919517,348.3028706057412,11.02728005456011,0.1784271200141131,0.018497765829093904,0.9027310388229731,0.000342167340667994,8.602656035161765,316.12192421259846,10.198080708661418,0.19450741611596184,0.019398881657632042,0.9121215405063157,0.00037631660956681295,8.538786112184312,351.83786967573934,10.525947051894104,0.19747413264191066,0.01929738297164848,0.9017295163368713,0.0003723889895544687,8.545071820522015,273.02207341269843,9.580729166666668,0.19035950396664542,0.019242669574824452,0.9234168396246436,0.0003702803323658747,8.505960195050385,348.3028706057412,11.02728005456011,0.1784271200141131,0.018497765829093904,0.9027310388229731,0.000342167340667994,8.602656035161765,593.9437003968253,14.398437499999998,0.1523589300197267,0.016992028841048237,0.8348890849962254,0.0002887290441350151,8.766427801121019,351.83786967573934,10.525947051894104,0.19747413264191066,0.01929738297164848,0.9017295163368713,0.0003723889895544687,8.545071820522015,400.751375,11.55425,0.16413637605733084,0.01808724516060973,0.8870780852211845,0.0003271484375000001,8.613756161139875,639.8409549004787,15.377488032249937,0.12428733177527687,0.016056854022645412,0.820531289479114,0.0002578225611045441,8.831599056668253,799.4230625,17.3186875,0.11939870002412908,0.015293866213289561,0.7777622950470072,0.00023390234374999998,8.91575925927726,664.216301335349,14.954648526077097,0.16083743884087237,0.0170701976245679,0.8135810305877395,0.0002913916469418035,8.774921653535262,516.4310105846776,13.209866431451617,0.14455504501543326,0.017251949060568386,0.8537983409670542,0.0002976297463884464,8.70009452751682,865.522944,18.626944,0.08934553914589599,0.0145412450636113,0.7562118693772014,0.000211447808,8.959019308691639,988.039755544355,20.006363407258068,0.09570055985685044,0.014121760388495021,0.7253052421772945,0.00019942411647006706,9.027704355200182,883.571776,17.955391999999996,0.13620789726248123,0.015639064933684495,0.750774147877773,0.000244580352,8.895604888914717,627.1208079268293,14.690548780487806,0.12940903814408847,0.01640945992515033,0.8215990330220555,0.0002692703750351147,8.76892007715973,1062.8040452653488,21.47756243496358,0.06712938986903738,0.013584518798162016,0.69936356587564,0.00018453915097761718,9.049258041657538,1153.7547637195123,22.293762703252032,0.07894112769901934,0.013276417814781463,0.6793218134434218,0.00017626326999264658,9.114995958010905,1076.6487382934442,20.444133714880337,0.11553380454760047,0.01461128258839762,0.6946682232302233,0.00021348957887801147,8.98607594715292,fresh_sandwich_bread_13.jpg,fresh_bread
160.92907234251973,7.475086122047246,0.24456848847337997,0.04925598634858073,0.9841089806442741,0.002426152191171571,8.3320012787117,391.4258168516337,11.385640771281544,0.18586426594096372,0.04556534598567989,0.9611141152461303,0.0020762007547947144,8.608135152116123,308.76857775590554,10.038016732283465,0.20219420761586412,0.048673614053594626,0.9695254127566661,0.0023691207050382844,8.523899934614835,343.9420298840598,10.751255502511006,0.19064964798842288,0.046793728475120894,0.9658321406271061,0.00218965302460334,8.56822603952196,315.8098338293652,10.146143353174605,0.19903647886988834,0.04498294954010685,0.9686172024428661,0.002023465749327799,8.537724456432066,391.4258168516337,11.385640771281544,0.18586426594096372,0.04556534598567989,0.9611141152461303,0.0020762007547947144,8.608135152116123,634.358382936508,14.094618055555555,0.1638699146066564,0.04459072614862502,0.9370587968559089,0.0019883328584616713,8.726126801459909,343.9420298840598,10.751255502511006,0.19064964798842288,0.046793728475120894,0.9658321406271061,0.00218965302460334,8.56822603952196,453.92425000000003,12.169750000000002,0.17646691672570702,0.041186314474592166,0.9545998385965272,0.0016963125000000001,8.666957346625209,753.4989292013101,15.913265306122451,0.14850740053559586,0.038944055707557115,0.9242340032957614,0.0015166394749533119,8.835066021448196,917.567,17.1005,0.13836110031157692,0.04102723942699533,0.9085631393828976,0.001683234375,8.846118268612935,718.6145754598136,15.30668934240363,0.1512357082196854,0.041049291379735516,0.9277487682181877,0.0016850443227784285,8.791596364153477,573.9789566532259,13.811995967741936,0.16002658305455744,0.03809704887326749,0.9422088181197963,0.0014513851328521316,8.74926773633952,1066.453888,19.467264,0.12207652089789389,0.033005452155666644,0.891529121000515,0.001089359872,8.965456413015554,1046.0814642137098,19.23834425403226,0.12304057397413026,0.038107857533307914,0.8946671432973382,0.0014522088057788926,8.93238899341652,1051.1852159999999,18.85088,0.12316794565351398,0.03641855878532263,0.8931000000053734,0.001326311424,8.92354312449094,682.8622967479673,15.244029471544712,0.1487456474523552,0.035984245764676105,0.9308269816761996,0.0012948659432526102,8.812867561797592,1251.8227757544225,22.506178459937566,0.10026721986329934,0.02818497930820552,0.8703443354037023,0.0007943930586039734,9.076086592021372,1205.274580792683,21.36756859756098,0.11101466103987186,0.03566083079932512,0.877587938988176,0.0012716948532980948,9.003870964440038,1211.5671826222683,21.26268210197711,0.10712857125716556,0.03292937252292517,0.8745263631647877,0.001084343574753579,9.022812459413856,fresh_sandwich_bread_15.jpg,fresh_bread
691.9368233267717,17.40372785433071,0.08583683919064938,0.011625011625017436,0.8778629153110528,0.00013514089528179055,9.241516526453076,898.6322152644307,19.965713931427864,0.0711212204170687,0.011170092796543513,0.8416176541720453,0.00012477097308339328,9.32018158191317,817.2688853346456,18.664554625984252,0.08082449578215271,0.011647369704335537,0.8552677236048212,0.0001356612210294733,9.262806777133763,900.7001054002109,20.005704011408028,0.07092995587979016,0.01118883241269536,0.841280183996215,0.00012518997075938227,9.316446273017258,796.6306423611111,19.17863343253968,0.07328689907195443,0.011075391032656248,0.8600391075609178,0.00012266428652624243,9.31729391216852,898.6322152644307,19.965713931427864,0.0711212204170687,0.011170092796543513,0.8416176541720453,0.00012477097308339328,9.32018158191317,1302.1664186507935,23.120287698412696,0.07203695130287763,0.011105982143792062,0.7696497215430911,0.00012334283937822814,9.353745597174525,900.7001054002109,20.005704011408028,0.07092995587979016,0.01118883241269536,0.841280183996215,0.00012518997075938227,9.316446273017258,917.7964375,20.540687499999997,0.06695332102556606,0.010868712262729197,0.8396134500130064,0.00011812890625,9.344877034144744,1335.910367850844,24.087238599143365,0.061736184991328456,0.010708450036669592,0.7659050788351056,0.000114670902187849,9.39198971489709,1764.2179999999998,26.820999999999998,0.06262785385296109,0.010684210019931282,0.6882920103482771,0.00011415234375,9.416347957945444,1384.2231670445958,24.35997732426304,0.061478296844180914,0.010608129681262788,0.7575141990240077,0.00011253241533448855,9.404681341985283,1125.8253528225805,22.857232862903224,0.06114704734865577,0.010488704958413371,0.8043643575370704,0.00011001293170464523,9.400263267082316,1782.161216,27.8544,0.05339222617116428,0.010334860618315083,0.68976355644593,0.00010680934400000001,9.458160528591524,2222.3325352822585,30.215599798387103,0.057311717692190366,0.010501659059795188,0.6083865028000578,0.00011028484300817834,9.455716845871507,1878.6127999999999,28.121664000000003,0.05260508048810372,0.010343477171628503,0.6730712203395153,0.00010698751999999999,9.443370309833373,1224.838224085366,23.884082825203258,0.058297980114780865,0.010335307614642335,0.7882864357839885,0.00010681858348928383,9.429842863027229,2235.8788371488035,31.292989073881376,0.04909285042324274,0.010027321117699434,0.6140150333996478,0.00010054716879746102,9.495091228030452,2671.9380081300815,33.28061483739838,0.05170676252667132,0.01017480133468799,0.5301144519773799,0.0001035265822003685,9.49445448302085,2381.0359001040583,31.79331425598335,0.0483572000136147,0.010042074004701943,0.5890166514180329,0.00010084325031591053,9.496263799230238,fresh_sandwich_bread_18.jpg,fresh_bread
949.7813115157483,15.089997539370081,0.2235795738673973,0.027328020555989832,0.8839322879840948,0.0007468207075086027,8.432637684873807,1286.6355012710028,18.780705561411125,0.1661815747530721,0.023329724796963623,0.84328385723473,0.0005442760591020594,8.612083497676268,882.6902682086616,14.006213090551183,0.2617924392391814,0.0300390285353993,0.8921061668462537,0.0009023432353505334,8.255802372273283,1233.9001178002356,18.201190402380806,0.18282547582111006,0.023653270765512192,0.8497041375461404,0.0005594772179066338,8.59704896844067,1455.707217261905,20.79712301587302,0.15576701287710681,0.02216700399521297,0.8226974553374589,0.0004913760661237877,8.716026291806605,1286.6355012710028,18.780705561411125,0.1661815747530721,0.023329724796963623,0.84328385723473,0.0005442760591020594,8.612083497676268,1433.8159722222222,19.6344246031746,0.18202244292514258,0.024270059253464107,0.8253498545452429,0.0005890357761666587,8.56123864249322,1233.9001178002356,18.201190402380806,0.18282547582111006,0.023653270765512192,0.8497041375461404,0.0005594772179066338,8.59704896844067,1827.5498125,24.7238125,0.12392158497613645,0.019287250889512483,0.7781014451469224,0.00037199804687500004,8.877862690985086,2004.4800957420007,25.94734189972285,0.11016544326517537,0.01874381965371748,0.7574927106324337,0.0003513307752110857,8.896771563516193,1794.305,23.341,0.14104355726859924,0.021218312771636674,0.7822234401034577,0.00045021679687499993,8.737266743898122,1918.4059586797682,25.26196775006299,0.12210647793281437,0.0189119257175867,0.7678924270184702,0.00035766093434751726,8.878991738693802,2182.286794354839,28.036542338709683,0.10345042186073594,0.017592007503680767,0.735798283710148,0.0003094787280095604,8.970372688317408,2552.1774080000005,31.218048000000003,0.08247998757063775,0.016342572624896,0.6932626288388051,0.00026707968000000014,9.040801386447525,2169.023815524193,26.802419354838708,0.11546284892813287,0.019135860738137552,0.7377451245964386,0.0003661811661893942,8.856977717692127,2433.3320320000003,30.03488,0.08975473056116624,0.01633323385003717,0.7075188030647942,0.00026677452800000006,9.025776203793495,2460.600990853659,30.757367886178866,0.08664980417755472,0.01636533143563725,0.7029111627378832,0.0002678240729982567,9.03781183746159,2981.182427159209,35.27243756503641,0.06843834012447353,0.014901077310893464,0.6440399766753158,0.00022204210502522402,9.126147675497954,2530.700647865854,29.988884654471548,0.10083624984476527,0.017765828376128768,0.6951455068589429,0.00031562465789006217,8.944796633492727,2900.1855489073887,34.00331685744017,0.07204596861147018,0.014698518778319866,0.6536674939840799,0.00021604645427662173,9.124786363686521,fresh_sandwich_bread_19.jpg,fresh_bread
284.269562007874,7.47945374015748,0.4641559957204816,0.13361694152297676,0.9736657441529432,0.017853487061954592,6.674388543646363,707.468658937318,10.950461900923802,0.4314376855699831,0.12334048550026305,0.9330419220202916,0.0152128753634406,6.857115901443892,583.7808809055118,9.2154281496063,0.45049203682425587,0.1263746310894291,0.9447780267586984,0.015970547382989295,6.753797873168207,678.3930187860376,10.510695021390042,0.4358264611688208,0.1240055721468442,0.9357936424535961,0.015377381923466181,6.83689004829325,482.0064484126985,9.871279761904763,0.43805830489717457,0.12757644565227802,0.955318191606179,0.016275749485268647,6.836411300181055,707.468658937318,10.950461900923802,0.4314376855699831,0.12334048550026305,0.9330419220202916,0.0152128753634406,6.857115901443892,1030.8650173611113,12.951946924603178,0.4080454163567818,0.11248514458525621,0.9002827305477121,0.012652907752365996,6.984848782760771,678.3930187860376,10.510695021390042,0.4358264611688208,0.1240055721468442,0.9357936424535961,0.015377381923466181,6.83689004829325,649.4259375,11.719437500000002,0.4124829232350523,0.12216122639518237,0.9397567871953044,0.014923365234375001,6.956156001825284,1249.192050894432,15.630826404635929,0.3853429950640693,0.10819623919529688,0.8790182792085033,0.011706426176005896,7.117791477596339,1428.2256875,16.101437500000003,0.37008376779080804,0.10131842788024792,0.8585844108152885,0.010265423828125,7.153265598110776,1218.9288233812047,15.04396573444193,0.3889288369397997,0.1090865978813878,0.8819482954027573,0.011899885837335603,7.080446539907079,809.5747857862902,13.37241683467742,0.39268174744749074,0.11764331653945388,0.9248577565467487,0.013839949926402143,7.052441395848623,1724.0647680000002,19.500288,0.3438159788100264,0.09647685301666924,0.8289665188954816,0.009307783168,7.300379913836895,1822.1123991935483,19.06111391129032,0.3385689225283234,0.09130024508951369,0.8152445927156895,0.008335734753405268,7.2821751092322735,1683.8920959999998,18.836992000000002,0.349478404487902,0.09744995679834856,0.8329488702100056,0.009496494079999999,7.266231453687652,955.8090066056911,14.801003556910569,0.37426629396040817,0.11380692414286533,0.9112358354776953,0.012952015982859905,7.129771650110238,2143.098270031218,22.79233870967742,0.3068932040325701,0.08615252877356296,0.7821634106630636,0.007422258214079593,7.445349354729464,2015.9926321138212,21.035315040650406,0.309054070178087,0.08271018282326757,0.7911663698990503,0.006840974342658347,7.384611980033411,2110.267689906348,22.202393340270554,0.31304373927131507,0.08705039231335615,0.7854935447988144,0.0075777708019092145,7.419051524952246,fresh_sandwich_bread_2.jpg,fresh_bread
556.7276697834648,15.516916830708666,0.10278072077531034,0.011850446454000418,0.9023385208695902,0.0001404330811591311,9.157456930342779,762.7020274040549,18.88926777853556,0.07399122755295823,0.010824571801459404,0.8657746094189416,0.00011717135468495008,9.3088126978305,708.3079478346458,18.032972440944885,0.08791752049993362,0.011164642229596008,0.8752332123004544,0.00012464923611487852,9.267870881199633,824.7874015748032,19.610267220534446,0.07510780406796694,0.0108009305450936,0.8548311680851247,0.00011666010063993593,9.316835140175865,834.4719122023811,19.041232638888893,0.08084563713558023,0.011021107249161487,0.8537546755217562,0.00012146480499751987,9.281040686580456,762.7020274040549,18.88926777853556,0.07399122755295823,0.010824571801459404,0.8657746094189416,0.00011717135468495008,9.3088126978305,1052.130890376984,22.262586805555554,0.06783526586228725,0.010361158082988247,0.814067081263439,0.00010735359682067269,9.389787482955377,824.7874015748032,19.610267220534446,0.07510780406796694,0.0108009305450936,0.8548311680851247,0.00011666010063993593,9.316835140175865,1069.382125,21.413125,0.07760054475076189,0.010797044589840314,0.8127840380030354,0.000116576171875,9.3319101511491,1146.833774250441,23.190413202317966,0.06027797485413019,0.010196107793403393,0.7977396684624958,0.0001039606141347014,9.414766079512393,1360.7646875,25.6201875,0.055623873567748415,0.009833278160155952,0.7587556313104412,9.669335937500002e-05,9.474702958179185,1244.6090954900478,24.448223733938022,0.05749168396793534,0.010055048896919985,0.7803903514234726,0.00010110400831945182,9.441939983577479,1278.884576612903,23.447706653225808,0.07633948599413906,0.010731882044154838,0.7763019708008111,0.00011517329220965303,9.361026633877332,1508.7175039999997,26.76384,0.05609118515386368,0.009816022819859375,0.7334220471360349,9.6354304e-05,9.483152539364887,1665.3450730846776,28.57667590725807,0.051181183915079725,0.009556073115994575,0.7037995896213833,9.131853339823428e-05,9.526698110358748,1594.1552,28.007488,0.04975931226681164,0.009700381848154227,0.7180137519736606,9.409740800000001e-05,9.506822508209947,1471.6582825203254,25.47815040650407,0.06942176119064611,0.010347401173154374,0.7428298027423996,0.00010706871103819651,9.416020640073532,1830.2807622268472,29.912005723205,0.050413752925155354,0.009516119609261926,0.6759669596065655,9.055653241777936e-05,9.534076371063863,1970.9825965447158,31.479547764227643,0.04411647756668552,0.009309087490725527,0.648255143449275,8.66591099099825e-05,9.570470640372058,1921.1720863683659,31.219172736732567,0.04616154340065377,0.00937449862188849,0.6592292423456302,8.788122441178921e-05,9.55935757765851,fresh_sandwich_bread_22.jpg,fresh_bread
395.6455462598425,12.358390748031496,0.11876832466054066,0.014441010196104302,0.9406319495718173,0.00020854277548398842,8.873947655463416,611.3760307520615,16.216380432760864,0.08118197931894916,0.013010796559881773,0.9080798043681632,0.00016928082712263138,9.05467809969123,507.12303149606305,15.140378937007878,0.08203551202188851,0.013075895406760876,0.9234060243843236,0.00017097904068855016,9.03929751501307,547.1445222890447,15.587947175894353,0.08527284596325319,0.013090544734607508,0.9177418614266767,0.00017136236144876034,9.041237874737586,608.1126612103176,15.341951884920638,0.09678338929935998,0.013554002222682429,0.9091813505269901,0.0001837109762524802,9.005385402942904,611.3760307520615,16.216380432760864,0.08118197931894916,0.013010796559881773,0.9080798043681632,0.00016928082712263138,9.05467809969123,738.6532738095237,18.046875,0.07589269949194533,0.012699012136691683,0.8881811510402119,0.00016126490924784265,9.122912500630614,547.1445222890447,15.587947175894353,0.08527284596325319,0.013090544734607508,0.9177418614266767,0.00017136236144876034,9.041237874737586,781.927875,17.525125000000003,0.08525209561121272,0.01298865189790688,0.8838016082752133,0.000168705078125,9.082057787753753,877.6592970521542,19.396762408667172,0.07207755333746681,0.012498587090521348,0.8683656583772306,0.00015621467925934688,9.143689035164535,929.9625000000001,20.298,0.06688670142299517,0.012461738316743775,0.858783388618703,0.000155294921875,9.166400231016283,781.4135802469136,18.67220962459058,0.07464117913773849,0.0125869979055469,0.8828199935748271,0.00015843251627424204,9.134980574981121,941.0439768145161,19.395539314516128,0.07758158368768511,0.012602145216180298,0.8608761916329399,0.00015881406404969595,9.138643739140898,1054.19232,21.588160000000002,0.06500441147682637,0.012248352705568207,0.8421824796674525,0.000150022144,9.195801549992167,1088.2016129032259,22.313256048387096,0.06087430520199506,0.01219978363474644,0.8342888112492209,0.00014883472073462704,9.205449315158724,1002.8709119999999,21.384064,0.06502400172381134,0.012271655796998219,0.8499221243036604,0.000150593536,9.188587912498013,1077.73824949187,20.88560721544716,0.07211342132030718,0.012358769253001656,0.8415177164937107,0.0001527391774489391,9.168582404742857,1261.872008324662,24.043314255983354,0.059271256259028564,0.011921106670598704,0.8115387498831954,0.0001421127842517929,9.240548284119377,1235.7891895325204,24.109438516260166,0.056840067303851285,0.012079867621007628,0.811367674804561,0.0001459232017410685,9.231071007725145,1240.654266389178,24.018470343392302,0.058982991810969776,0.012005518863473424,0.8148013718793797,0.00014413248318121622,9.230802172808264,fresh_sandwich_bread_23.jpg,fresh_bread
454.806532972441,12.86669537401575,0.24446557448511014,0.06820451585781889,0.9215840011206726,0.0046518559833994685,8.414343477909012,679.02356004712,16.3513547027094,0.19344045084302677,0.0608677040432343,0.882296994312369,0.0037048773954947607,8.61622713166598,594.411786417323,15.169414370078744,0.20384197435860232,0.06128830369441549,0.8976268802753599,0.003756256169738904,8.58123844974369,753.8146816293633,16.923491846983694,0.18429899720746326,0.06021758652267959,0.8693105418667643,0.0036261577266164025,8.64766393709139,770.9409722222222,17.11061507936508,0.19674887795586504,0.06320143592982132,0.8663028013738587,0.003994421503591309,8.604238160198674,679.02356004712,16.3513547027094,0.19344045084302677,0.0608677040432343,0.882296994312369,0.0037048773954947607,8.61622713166598,1064.492683531746,20.321180555555554,0.1701175945038524,0.05765117164948294,0.8158202081810892,0.0033236575925581456,8.753528533217244,753.8146816293633,16.923491846983694,0.18429899720746326,0.06021758652267959,0.8693105418667643,0.0036261577266164025,8.64766393709139,1002.9888125,19.6563125,0.1766739251125679,0.05959367625847561,0.8251198494043718,0.0035514062499999994,8.693490663833444,1175.6989795918369,21.811098513479468,0.16435185700246008,0.05752477823861017,0.7941014878322094,0.0033091001114012785,8.77732179606579,1479.4164999999998,24.109125000000002,0.15368941094746733,0.05458103923296074,0.743107107887117,0.0029790898437499994,8.843257904819579,1348.9356890904512,22.98721340388007,0.15132783103687464,0.0556267287187146,0.7635983602049861,0.003094332947945468,8.816266091132293,1188.2795488911288,21.558404737903224,0.1626018891880086,0.05687430560578657,0.7918106314514167,0.0032346866381404056,8.758162240386078,1630.6231679999999,25.8864,0.14577273934323887,0.05447330590298334,0.7118221740516321,0.0029673410559999994,8.873681729162122,1868.151398689516,27.201171875,0.14214192524109778,0.05206138738613764,0.6743578214004226,0.002710388056569492,8.91516714285268,1858.6957439999999,27.266880000000004,0.13596144665591275,0.05119111922980391,0.6711577079245011,0.0026205306879999997,8.909441022161396,1345.892466971545,23.075393800813007,0.14974958281587675,0.0545677318069763,0.763276702357631,0.002977637354558093,8.804185084734238,2036.0576873048904,29.189581165452648,0.1325712814544524,0.05139208638851911,0.6369361664283147,0.0026411465433650114,8.93188408915839,2212.9546493902444,30.07736280487805,0.13351977692390252,0.0488529442548681,0.6127543520581695,0.00238661016236925,8.975747799119082,2327.273348074922,31.11166753381894,0.12004800077325674,0.046447639123063655,0.5843945738200182,0.0021573831801063536,8.974466600577804,fresh_sandwich_bread_24.jpg,fresh_bread
332.2966904527559,11.680179625984252,0.14584880516679827,0.013868902408945186,0.9534850587289426,0.00019234645402884556,8.99676304217782,747.2842705685412,17.265298530597065,0.10152502038659322,0.01183179411437031,0.8951218804937506,0.0001399913519648479,9.233560491614469,558.6164493110236,15.212782972440944,0.11443573301761224,0.012400192452602377,0.921643066046676,0.00015376477286157696,9.170243269996112,540.6645173290347,15.492466984933968,0.09495231641761176,0.011873549845104442,0.9241195360460408,0.0001409811859241797,9.208989609051265,708.326140873016,17.508804563492067,0.09815387935607847,0.011604767782670456,0.9008461147964156,0.0001346706352897062,9.27360313718972,747.2842705685412,17.265298530597065,0.10152502038659322,0.01183179411437031,0.8951218804937506,0.0001399913519648479,9.233560491614469,1179.3809523809523,22.67224702380952,0.07605618194483171,0.010496449590544138,0.834265324130397,0.0001101754540068342,9.418474105810851,540.6645173290347,15.492466984933968,0.09495231641761176,0.011873549845104442,0.9241195360460408,0.0001409811859241797,9.208989609051265,1065.8957500000001,21.832375,0.07664803293227818,0.010733908741693308,0.8508008658239026,0.000115216796875,9.395240865104713,1631.141156462585,26.610166288737716,0.0659006040519005,0.01011435672717685,0.7706282655012053,0.00010230021200458758,9.475224383244992,1765.3728125,28.3594375,0.06090887585465071,0.009768212157298796,0.7515824596117735,9.541796874999999e-05,9.531648546886133,953.5165658856135,21.13032249937012,0.0682072678773798,0.010565125282308664,0.8659094242151544,0.00011162187223087774,9.395131736871605,1423.9744833669356,25.532951108870968,0.0656070612824834,0.010120436366787895,0.8006750283631351,0.00010242323225420296,9.480976928112174,2383.910912,33.696512,0.0510222316410207,0.009366548136853833,0.6642911144164448,8.7732224e-05,9.587044575148889,2297.3292590725805,33.34828629032258,0.04937861731141634,0.009255912064909189,0.6759899003050559,8.567190815333148e-05,9.609571002504955,1335.5976959999998,25.250559999999997,0.05745985443199286,0.010006743326377469,0.8119044423323619,0.000100134912,9.479009511105701,1773.2559070121956,28.89310213414634,0.05788375940809222,0.009711239453764106,0.751828100520861,9.430817172834459e-05,9.54463427088694,2969.6579084287196,39.09755463059312,0.04127618051989876,0.008932036722618558,0.5807158726678997,7.978128001420646e-05,9.649021521842768,2750.2904598577243,37.53664888211382,0.04158546383838241,0.008848273276030907,0.6111051970254743,7.82919399673227e-05,9.665838054913676,1706.5840920915712,28.87415452653486,0.05124992477663798,0.009635272439211535,0.7590824819148189,9.283847497782941e-05,9.538684898455458,fresh_sandwich_bread_25.jpg,fresh_bread
160.92907234251973,7.475086122047246,0.24456848847337997,0.04925598634858073,0.9841089806442741,0.002426152191171571,8.3320012787117,391.4258168516337,11.385640771281544,0.18586426594096372,0.04556534598567989,0.9611141152461303,0.0020762007547947144,8.608135152116123,308.76857775590554,10.038016732283465,0.20219420761586412,0.048673614053594626,0.9695254127566661,0.0023691207050382844,8.523899934614835,343.9420298840598,10.751255502511006,0.19064964798842288,0.046793728475120894,0.9658321406271061,0.00218965302460334,8.56822603952196,315.8098338293652,10.146143353174605,0.19903647886988834,0.04498294954010685,0.9686172024428661,0.002023465749327799,8.537724456432066,391.4258168516337,11.385640771281544,0.18586426594096372,0.04556534598567989,0.9611141152461303,0.0020762007547947144,8.608135152116123,634.358382936508,14.094618055555555,0.1638699146066564,0.04459072614862502,0.9370587968559089,0.0019883328584616713,8.726126801459909,343.9420298840598,10.751255502511006,0.19064964798842288,0.046793728475120894,0.9658321406271061,0.00218965302460334,8.56822603952196,453.92425000000003,12.169750000000002,0.17646691672570702,0.041186314474592166,0.9545998385965272,0.0016963125000000001,8.666957346625209,753.4989292013101,15.913265306122451,0.14850740053559586,0.038944055707557115,0.9242340032957614,0.0015166394749533119,8.835066021448196,917.567,17.1005,0.13836110031157692,0.04102723942699533,0.9085631393828976,0.001683234375,8.846118268612935,718.6145754598136,15.30668934240363,0.1512357082196854,0.041049291379735516,0.9277487682181877,0.0016850443227784285,8.791596364153477,573.9789566532259,13.811995967741936,0.16002658305455744,0.03809704887326749,0.9422088181197963,0.0014513851328521316,8.74926773633952,1066.453888,19.467264,0.12207652089789389,0.033005452155666644,0.891529121000515,0.001089359872,8.965456413015554,1046.0814642137098,19.23834425403226,0.12304057397413026,0.038107857533307914,0.8946671432973382,0.0014522088057788926,8.93238899341652,1051.1852159999999,18.85088,0.12316794565351398,0.03641855878532263,0.8931000000053734,0.001326311424,8.92354312449094,682.8622967479673,15.244029471544712,0.1487456474523552,0.035984245764676105,0.9308269816761996,0.0012948659432526102,8.812867561797592,1251.8227757544225,22.506178459937566,0.10026721986329934,0.02818497930820552,0.8703443354037023,0.0007943930586039734,9.076086592021372,1205.274580792683,21.36756859756098,0.11101466103987186,0.03566083079932512,0.877587938988176,0.0012716948532980948,9.003870964440038,1211.5671826222683,21.26268210197711,0.10712857125716556,0.03292937252292517,0.8745263631647877,0.001084343574753579,9.022812459413856,fresh_sandwich_bread_26.jpg,fresh_bread
691.9368233267717,17.40372785433071,0.08583683919064938,0.011625011625017436,0.8778629153110528,0.00013514089528179055,9.241516526453076,898.6322152644307,19.965713931427864,0.0711212204170687,0.011170092796543513,0.8416176541720453,0.00012477097308339328,9.32018158191317,817.2688853346456,18.664554625984252,0.08082449578215271,0.011647369704335537,0.8552677236048212,0.0001356612210294733,9.262806777133763,900.7001054002109,20.005704011408028,0.07092995587979016,0.01118883241269536,0.841280183996215,0.00012518997075938227,9.316446273017258,796.6306423611111,19.17863343253968,0.07328689907195443,0.011075391032656248,0.8600391075609178,0.00012266428652624243,9.31729391216852,898.6322152644307,19.965713931427864,0.0711212204170687,0.011170092796543513,0.8416176541720453,0.00012477097308339328,9.32018158191317,1302.1664186507935,23.120287698412696,0.07203695130287763,0.011105982143792062,0.7696497215430911,0.00012334283937822814,9.353745597174525,900.7001054002109,20.005704011408028,0.07092995587979016,0.01118883241269536,0.841280183996215,0.00012518997075938227,9.316446273017258,917.7964375,20.540687499999997,0.06695332102556606,0.010868712262729197,0.8396134500130064,0.00011812890625,9.344877034144744,1335.910367850844,24.087238599143365,0.061736184991328456,0.010708450036669592,0.7659050788351056,0.000114670902187849,9.39198971489709,1764.2179999999998,26.820999999999998,0.06262785385296109,0.010684210019931282,0.6882920103482771,0.00011415234375,9.416347957945444,1384.2231670445958,24.35997732426304,0.061478296844180914,0.010608129681262788,0.7575141990240077,0.00011253241533448855,9.404681341985283,1125.8253528225805,22.857232862903224,0.06114704734865577,0.010488704958413371,0.8043643575370704,0.00011001293170464523,9.400263267082316,1782.161216,27.8544,0.05339222617116428,0.010334860618315083,0.68976355644593,0.00010680934400000001,9.458160528591524,2222.3325352822585,30.215599798387103,0.057311717692190366,0.010501659059795188,0.6083865028000578,0.00011028484300817834,9.455716845871507,1878.6127999999999,28.121664000000003,0.05260508048810372,0.010343477171628503,0.6730712203395153,0.00010698751999999999,9.443370309833373,1224.838224085366,23.884082825203258,0.058297980114780865,0.010335307614642335,0.7882864357839885,0.00010681858348928383,9.429842863027229,2235.8788371488035,31.292989073881376,0.04909285042324274,0.010027321117699434,0.6140150333996478,0.00010054716879746102,9.495091228030452,2671.9380081300815,33.28061483739838,0.05170676252667132,0.01017480133468799,0.5301144519773799,0.0001035265822003685,9.49445448302085,2381.0359001040583,31.79331425598335,0.0483572000136147,0.010042074004701943,0.5890166514180329,0.00010084325031591053,9.496263799230238,fresh_sandwich_bread_29.jpg,fresh_bread
436.206815944882,13.568282480314963,0.11273121351538876,0.012563076138749386,0.9216024295359321,0.0001578308820680142,9.053039679842005,633.0823361646724,17.013020026040053,0.08098857036985034,0.011367008790136414,0.8858206814702358,0.00012920888883503852,9.220626154841389,576.5319881889764,16.120324803149607,0.09890782898039743,0.011737423960876911,0.8959317394868797,0.00013776712123736746,9.177790708584201,694.3321966643933,17.802715605431214,0.08117016266745569,0.011294493005964404,0.8747585108628902,0.00012756557226177882,9.244527916115654,706.6524057539682,17.15600198412698,0.09069264573139352,0.011626777401165163,0.8731081895135243,0.00013518195273624494,9.194330979142899,633.0823361646724,17.013020026040053,0.08098857036985034,0.011367008790136414,0.8858206814702358,0.00012920888883503852,9.220626154841389,918.9011036706349,20.588727678571427,0.07271697495195817,0.01073018038222528,0.8335475907275287,0.00011513677103509225,9.333940120884415,694.3321966643933,17.802715605431214,0.08117016266745569,0.011294493005964404,0.8747585108628902,0.00012756557226177882,9.244527916115654,937.8376874999999,19.6535625,0.08284562949722829,0.011337076204868696,0.8317617877654119,0.000128529296875,9.25503888606732,1015.6031116150164,21.548563869992442,0.06758664596654648,0.010631199489331642,0.8163777763033694,0.00011302240258196538,9.354693307368029,1231.0033125,24.1230625,0.058962587266860204,0.010228349848582615,0.7762334113729102,0.000104619140625,9.416512203847834,1109.6634542705974,22.801524313429077,0.06017652304678782,0.010471106410242667,0.7992717440775257,0.00010964406945462507,9.377426536080618,1140.0291708669356,21.733681955645167,0.08282937612079921,0.01117251767096647,0.7956497524726599,0.00012482515110805804,9.292280277637477,1376.0615039999998,25.267775999999998,0.05745218067974934,0.010206645678184386,0.7506549667948498,0.000104175616,9.426364045768237,1532.9305065524193,27.1691658266129,0.0529066817236698,0.009890730099273019,0.7203657391245611,9.782654189666526e-05,9.477819486933189,1458.400768,26.479872,0.05454986109980832,0.010020548487982082,0.7354316334005553,0.000100411392,9.462044365637283,1332.8217098577238,23.838732215447155,0.07338123729838178,0.010729736989321802,0.7612802912969128,0.00011512725586002049,9.35818514021403,1696.629097294485,28.45714099895942,0.05550305791131567,0.009877510057351335,0.6918442095261123,9.756520493307678e-05,9.483628209666024,1835.7821392276423,30.14811991869919,0.04637308540554674,0.009615740869859548,0.6639071703941194,9.246247247628727e-05,9.528300011595203,1787.9560353798129,29.85145681581686,0.04851310932170555,0.009719192023688173,0.6746202115660229,9.446269359332381e-05,9.509689037035724,fresh_sandwich_bread_4.jpg,fresh_bread
455.5378321850395,13.303457185039374,0.11250687868556448,0.013942921210995971,0.9322825254370336,0.00019440505189604134,8.93216845990627,672.9060078120157,17.077376154752308,0.07708159718368189,0.012597244332060257,0.8997815171001455,0.00015869056476162425,9.103750013909014,570.582062007874,16.026574803149607,0.08058723783071178,0.012738810858697394,0.9146316926500668,0.00016227730209366666,9.076585688005805,609.6671213342428,16.46469092938186,0.08194847338128884,0.01266450234149912,0.9092055449885356,0.0001603896195578367,9.096507001407964,668.6266121031746,16.1922123015873,0.09129789874006224,0.013086803778843158,0.9010737476131815,0.00017126443314594353,9.05712756593007,672.9060078120157,17.077376154752308,0.07708159718368189,0.012597244332060257,0.8997815171001455,0.00015869056476162425,9.103750013909014,799.9662698412698,18.854786706349206,0.07342758650181379,0.012368742682876107,0.8800474344071334,0.0001529857955552012,9.151052257914392,609.6671213342428,16.46469092938186,0.08194847338128884,0.01266450234149912,0.9092055449885356,0.0001603896195578367,9.096507001407964,844.1033125000001,18.3513125,0.07997223205945182,0.012555190659643525,0.8757293998511542,0.0001576328125,9.132447860407456,941.1485260770976,20.21705719324767,0.06916496213780812,0.012204595680516519,0.8601809312594741,0.00014895215572488247,9.18163031220789,991.0956249999999,21.033250000000002,0.06570155552465726,0.012121052836903238,0.8509238242257265,0.00014691992187500002,9.202281109121433,842.2601410934744,19.472789115646258,0.06863935671261089,0.012202076026221647,0.8748922923391137,0.00014889065934969305,9.177136388541058,1004.8650453629035,20.17741935483871,0.07278290954048244,0.012357627012315272,0.8528291595007765,0.00015271094537550408,9.166957330688073,1118.7790080000002,22.371072000000005,0.06412542724111853,0.011970566569715908,0.8340959894117609,0.00014329446400000007,9.22386703759226,1151.2273815524195,23.032699092741943,0.059418894427305996,0.011867775738023808,0.8263538560806953,0.00014084410096802652,9.241414608774562,1065.6762240000003,22.093632000000003,0.06402241459669339,0.011874371730748538,0.8420319369721391,0.00014100070400000005,9.23253052547376,1141.6278582317075,21.651486280487806,0.06989762668167175,0.012047261525200864,0.8336902376830583,0.00014513651025658503,9.205740859496368,1326.2360822060355,24.793574401664934,0.05758913141441688,0.011668102964365996,0.8038095866052848,0.00013614462678704654,9.266330334738072,1298.3774771341464,24.795922256097562,0.05718094009533524,0.011706220787429994,0.8036970687064524,0.0001370356051240581,9.268477435106643,1306.5296566077004,24.76066597294485,0.05795925274651677,0.011687661796640693,0.806824119811225,0.00013660143827265436,9.266458018609056,fresh_sandwich_bread_5.jpg,fresh_bread
566.7246555118111,14.25688976377953,0.1204168237064609,0.01322424053582499,0.9280440841564256,0.00017488053774935682,9.112526528343569,799.8193316386632,16.3506727013454,0.11069741439545766,0.012683761646711691,0.8986913488449778,0.0001608778095105945,9.176050850047293,598.9048966535433,14.10310039370079,0.1267425916060923,0.013604997289473822,0.9241709443682551,0.00018509595124659004,9.076640451253741,778.97705995412,16.23727447454895,0.11381103376188056,0.012803438433150962,0.9013277553767117,0.00016392803571148713,9.160297377917146,864.2098214285713,17.39831349206349,0.10608827051915182,0.012307280098784679,0.8902077727210269,0.0001514691434299414,9.2214571836296,799.8193316386632,16.3506727013454,0.11069741439545766,0.012683761646711691,0.8986913488449778,0.0001608778095105945,9.176050850047293,950.2837301587301,17.919270833333332,0.10717808360256158,0.012613884074202882,0.8799730713392317,0.0001591100714374291,9.212062666022053,778.97705995412,16.23727447454895,0.11381103376188056,0.012803438433150962,0.9013277553767117,0.00016392803571148713,9.160297377917146,1122.984,20.035249999999998,0.09503195109047058,0.011655286488327943,0.8572538308183084,0.00013584570312499993,9.305270267160147,1291.7887377173092,21.21189216427312,0.09385251017927311,0.011709361388044476,0.8366753085005946,0.00013710914411582686,9.313883481554019,1230.4470000000001,20.89075,0.09444271495103451,0.01200626464080315,0.8449516416002425,0.000144150390625,9.311027558272801,1219.0707357016881,20.63473167044596,0.09468090942844722,0.011727813201794743,0.8458525719139055,0.00013754160249619104,9.306654553887435,1380.8802923387098,22.66658266129032,0.08395955886273922,0.01100074579765182,0.8243724816220953,0.00012101640810455417,9.378715548936912,1727.0144000000005,25.315456000000005,0.08305398167071629,0.010960922588906467,0.782041166214242,0.00012014182400000004,9.418160361905613,1491.893271169355,23.47542842741936,0.08588876895947634,0.011561111163803562,0.8124385476589716,0.00013365929134182334,9.369168890315132,1578.3729279999998,24.340032,0.0750747019294083,0.010893920506410904,0.8007523515120556,0.00011867750400000002,9.411894821772673,1632.6646976626018,24.96017530487805,0.07745557353875378,0.01059475209194968,0.79210582840709,0.00011224877188987212,9.432852100979234,2141.257544224766,29.13059313215401,0.07303234574979227,0.010370505380202198,0.730234224909479,0.00010754738184080276,9.498598236740055,1659.3451473577238,25.446392276422767,0.07820811238315378,0.011138459562181116,0.7918631460948162,0.00012406528141834392,9.427457160363863,1904.2607310093656,27.605814255983354,0.06764809166404798,0.010318166960777149,0.7599836934247504,0.00010646456943047315,9.487687760740304,fresh_sandwich_bread_6.jpg,fresh_bread
927.2709153543306,15.162155511811024,0.2652886445851957,0.06286885372159084,0.8587832851073272,0.003952492768266787,7.943542565121989,1845.2729865459735,23.060078120156245,0.22108999327058984,0.05753917157043379,0.7203370183006176,0.0033107562650118165,8.166770157253087,1658.6907603346458,21.2052780511811,0.3065049828696795,0.07988576061059179,0.7477422104739438,0.006381734748332779,7.896761305480612,1721.3572447144898,22.28402256804514,0.23391873292071585,0.060745980050383654,0.7391154936727514,0.003690074092281609,8.12635386530079,1488.8932291666665,20.247891865079364,0.21172175101362797,0.05205614413971468,0.7739706843576988,0.002709842142694751,8.137008761949263,1845.2729865459735,23.060078120156245,0.22108999327058984,0.05753917157043379,0.7203370183006176,0.0033107562650118165,8.166770157253087,2679.2263764880954,28.69525049603175,0.2676920509710677,0.07067014993698019,0.5946499872364488,0.004994270092115262,8.088665200106673,1721.3572447144898,22.28402256804514,0.23391873292071585,0.060745980050383654,0.7391154936727514,0.003690074092281609,8.12635386530079,1919.7694375,23.8841875,0.1774199114711332,0.04557411546042336,0.7093715959617795,0.0020769999999999994,8.241136627068014,2795.208742756362,30.37818090199043,0.16619744247179738,0.04606790434033716,0.5799053332563436,0.0021222518103104554,8.367154584244986,3383.9769375000005,33.47968750000001,0.24390512394718902,0.06412350753623823,0.4908989804971154,0.004111824218750001,8.214530448924068,2801.686948853616,30.107583774250443,0.18252987672969728,0.04983834282150967,0.5789395111168077,0.0024838604151943243,8.325811780111946,2257.9018397177415,26.545866935483872,0.16330869303927578,0.041947628562840664,0.6590277643951579,0.0017596035420460458,8.3117341290199,3409.8122879999996,34.95327999999999,0.1357424176196535,0.03930988679708961,0.4918622823617863,0.0015452672000000002,8.479371401840588,3995.8572328629034,37.62058971774195,0.22027677216108674,0.05818994572142933,0.4020700519599875,0.0033860697830628917,8.308194975028448,3619.388352,35.623104,0.15389343909563005,0.04334798948048225,0.46060452470970914,0.0018790481919999998,8.433191076880094,2545.0898755081307,28.863122459349597,0.14883040752013257,0.040277848670373304,0.6166492860799376,0.0016223050935134924,8.364329282475577,4098.291493236212,39.31607700312174,0.11824036636287837,0.035773608041771265,0.3941216573328035,0.0012797510323262816,8.552847998350305,4608.87068089431,41.280868902439025,0.20297497702229123,0.053213094878149333,0.3141579416164835,0.002831633466510923,8.394037206689477,4294.985757023933,39.774128511966694,0.13595268423801352,0.03851866758467014,0.3649041729274694,0.0014836877524983182,8.515771966134169,fresh_sandwich_bread_7.jpg,fresh_bread
1191.5444758858266,21.234190452755904,0.13979233909178518,0.02143305241084439,0.8963782586002826,0.0004593757356460025,9.088052723409746,2006.5270010540016,28.237584475168948,0.08829716070535727,0.015836814869721046,0.825609468965682,0.0002508047052178176,9.28792578628736,1985.6469611220473,27.414554625984252,0.10088433928234777,0.016968759774936164,0.8277344468180926,0.0002879388082994916,9.239103203731037,2269.0802281604565,30.093434186868375,0.08749115183029388,0.01629978425411834,0.8028071674614413,0.0002656829667308042,9.29250426148981,2045.2157118055554,28.537760416666664,0.09734201269597381,0.017845190175495823,0.821841330988639,0.00031845081239961266,9.27232950330216,2006.5270010540016,28.237584475168948,0.08829716070535727,0.015836814869721046,0.825609468965682,0.0002508047052178176,9.28792578628736,2945.273251488096,34.849392361111114,0.07369096987408295,0.013500500916064067,0.7446696760088579,0.0001822635249846467,9.409357865449275,2269.0802281604565,30.093434186868375,0.08749115183029388,0.01629978425411834,0.8028071674614413,0.0002656829667308042,9.29250426148981,2549.1285625,32.75631249999999,0.08786718594268203,0.016249399027348677,0.7775702596575955,0.00026404296875000006,9.35707087961131,3492.619866465105,39.421327790375415,0.06215773705990772,0.012557254516882955,0.6961679243137525,0.00015768464100177738,9.484621001000335,3816.6059999999998,40.830375000000004,0.05853199147433834,0.011897757798215594,0.6692805267295855,0.00014155664062499997,9.502764350231065,3395.506298815823,38.95691609977324,0.0635343363565738,0.012807058655301148,0.7046770007923233,0.00016402075140032406,9.47434793062035,3390.7319178427415,38.92319808467742,0.07410987003804642,0.014758080977214346,0.7035689402321584,0.00021780095413001594,9.452235832363016,4605.548160000001,47.43987200000001,0.04613289661490849,0.010852671560496062,0.5988648321085863,0.00011778048000000005,9.604808417899651,4852.819997479839,47.6784904233871,0.049905394919667265,0.010886579020413446,0.5795551146823859,0.0001185176027677062,9.597360344107802,4749.951936000001,47.99660800000001,0.0483555994321509,0.011111789774829257,0.5864060494973781,0.00012347187200000004,9.593421855090137,3837.0830792682927,41.875127032520325,0.06794197621262257,0.013968957107613084,0.66401419126975,0.0001951317626743341,9.48791097473713,5549.126105619147,53.952328303850166,0.03774075595471588,0.009833842263407742,0.5158498315443104,9.670445366158432e-05,9.673136753841035,5401.585175304879,51.26022611788619,0.04538423766680997,0.010186788418158278,0.5320997074731691,0.00010377065827632363,9.643535525289822,5841.524973985433,55.05202913631634,0.03960246806796196,0.01013410599955352,0.49074793319820553,0.00010270010441018668,9.663705921782512,fresh_sandwich_bread_8.jpg,fresh_bread
622.161909448819,16.28395669291339,0.11661854441469555,0.01385723298564574,0.9015798935741772,0.00019202290601846834,9.193809692598848,824.1055242110485,19.930807861615726,0.0785261138654535,0.012639208479874244,0.8695099625019305,0.000159749590997725,9.352664792518745,481.97791584645665,14.174889271653543,0.1421977668981242,0.01624586532509019,0.9235583922158684,0.00026392814016096776,9.094386345148646,859.6080972161944,20.529171058342115,0.07731386797120761,0.01260883459841566,0.8638781342746038,0.00015898270993020382,9.370708976933884,1268.630828373016,24.38144841269841,0.07310554009966204,0.011000507030685886,0.7998782332021966,0.0001210111549321696,9.447216640388353,824.1055242110485,19.930807861615726,0.0785261138654535,0.012639208479874244,0.8695099625019305,0.000159749590997725,9.352664792518745,1032.7169518849207,22.14440724206349,0.09466832146488499,0.013712062276452334,0.8360527360335535,0.00018802065187330716,9.3960334969432,859.6080972161944,20.529171058342115,0.07731386797120761,0.01260883459841566,0.8638781342746038,0.00015898270993020382,9.370708976933884,1792.6043125,29.6709375,0.055906977680153694,0.009729746592280809,0.7175861044519709,9.466796875e-05,9.563280869233514,1687.2753842277652,30.012723607961703,0.04771227185213148,0.0099657737246479,0.7333521290976883,9.931664593088247e-05,9.59124863920145,1560.7115,28.30625,0.06954979375088063,0.012272141978888608,0.7519128164954977,0.00015060546875,9.538630171171368,1735.4830561854374,30.841710758377424,0.04490892566451398,0.009957110993131716,0.725671368322794,9.914405932954446e-05,9.60572287848046,2198.9507308467746,33.6577620967742,0.0455883606191894,0.009145572960182155,0.6536241017761438,8.364150477001498e-05,9.631932575873499,2398.33312,36.791616000000005,0.03693891974209576,0.008887938793668643,0.6210513546698275,7.899545599999999e-05,9.680868039747683,2037.1732610887095,33.06186995967742,0.05793577417467749,0.0113639784579108,0.6756407071352162,0.0001291400063918607,9.615418580588962,2445.7354239999995,37.538432,0.034250036384180574,0.008832,0.6133888947843735,7.8004224e-05,9.70180097773214,2507.199314024391,36.448043699187,0.039886055033517415,0.008903837939866481,0.6052524621228693,7.927833005940579e-05,9.669926420714258,2957.4523933402706,41.596253902185225,0.030853899963908846,0.008518405694025467,0.5321191749390104,7.25632355680055e-05,9.722492359110667,2468.144817073171,36.95680894308944,0.04948712889865624,0.010700463533421637,0.6063166718412618,0.00011449991983008626,9.659582457254972,3018.1813215400625,42.44953173777316,0.028921432753159892,0.00843958760834941,0.5223824292876652,7.12266389990049e-05,9.743814921994224,fresh_sandwich_bread_9.jpg,fresh_bread
1060.8900713582677,18.956508366141733,0.1154153871799063,0.01686148785609111,0.8633829608629644,0.00028430977272110797,8.966996340193958,1169.778659557319,20.783557567115132,0.09737330562395796,0.01591031183073033,0.8497006224857574,0.0002531380225510775,9.065970202086234,974.3626968503938,18.01316437007874,0.1361486346229891,0.01912689716225024,0.8746223825027126,0.00036583819505529635,8.915658230040009,1227.8290656581314,20.981771963543927,0.10599926609344834,0.016389331421374803,0.8422443946571562,0.0002686101844396634,9.022860925515722,1450.9107142857142,23.193700396825392,0.09121355295669598,0.015287027761297083,0.8134216157753219,0.0002336932177746677,9.112876178907799,1169.778659557319,20.783557567115132,0.09737330562395796,0.01591031183073033,0.8497006224857574,0.0002531380225510775,9.065970202086234,1318.4605034722224,22.534536210317462,0.09974633517888515,0.016378615511059125,0.8308146746829645,0.0002682590460591066,9.094599112774036,1227.8290656581314,20.981771963543927,0.10599926609344834,0.016389331421374803,0.8422443946571562,0.0002686101844396634,9.022860925515722,1774.7916249999996,26.233624999999993,0.0787659807276129,0.014669137457601246,0.7720158753762303,0.00021518359374999993,9.177036915651463,1583.2408037288992,25.487843285462336,0.07729417094746094,0.014477276994300707,0.7974217240439697,0.0002095915491697085,9.198268128897077,1578.71575,25.56575,0.08540205901221008,0.015369346013249881,0.797883856827884,0.000236216796875,9.18065798633154,1722.5219198790628,25.91043083900227,0.08064522763123576,0.014747907530245801,0.7796060229228269,0.0002175007765206808,9.167642254115785,2053.640120967742,28.711441532258064,0.07342189745528102,0.014313914361321785,0.736688228917973,0.00020488814434325406,9.231727525073707,1916.3388160000004,28.618368000000004,0.06711699024736344,0.013852415240671934,0.7556242128789563,0.00019188940800000007,9.2621246187892,1804.8388986895166,27.853263608870975,0.07630581051106226,0.01470655014913829,0.7695720685950287,0.0002162826172891195,9.233510149489792,2155.6879360000003,29.794559999999997,0.07293135990754465,0.01401388111837688,0.7251137766656351,0.00019638886400000002,9.245605206408282,2336.425368394309,31.001969004065042,0.07059335164467598,0.013910278495347927,0.7009304682516784,0.000193495847818139,9.269469307273294,2254.683922996878,31.46709157127992,0.06032228951998017,0.013321040255127998,0.7138022375621699,0.0001774501134787406,9.306076373444512,2021.037093495935,29.847688008130085,0.07167319451147518,0.014296873857164404,0.7426646526159785,0.000204400602087671,9.272010099269924,2555.5659469302814,33.31841831425599,0.0649279270327858,0.013516157982922473,0.6756308610643439,0.0001826865266193189,9.297291893156496,multigrain_bread_1.jpg,fresh_bread
609.4335629921261,13.40120570866142,0.289632983880096,0.05271228417430734,0.9310246469140087,0.0027785849028729315,8.319393478036217,749.9198958397916,15.224006448012894,0.2687686484518727,0.049686243316246236,0.9151491954430967,0.002468722774881224,8.409040467338404,528.5460137795277,12.12942913385827,0.3379340621863818,0.054864253776373474,0.9403433686642232,0.0030100863424383107,8.180668111536008,715.7202554405108,14.617521235042467,0.2959601910920393,0.05060928886271996,0.9190210554403581,0.0025613001191902305,8.352670207952205,918.8338293650793,17.522197420634917,0.22827443215007615,0.04580223943853441,0.8957431323448104,0.0020978451375848373,8.569667382241358,749.9198958397916,15.224006448012894,0.2687686484518727,0.049686243316246236,0.9151491954430967,0.002468722774881224,8.409040467338404,825.621837797619,16.18532986111111,0.2806083575902909,0.04869327206848568,0.9068425476928325,0.0023710347447355676,8.433437260042538,715.7202554405108,14.617521235042467,0.2959601910920393,0.05060928886271996,0.9190210554403581,0.0025613001191902305,8.352670207952205,1170.3211875000002,20.660812500000002,0.1962945602416155,0.04048234568920136,0.8668476181623392,0.0016388203124999999,8.726194104025122,1075.9242252456538,19.625031494079117,0.2056229965109051,0.04103438005547002,0.8779575414764049,0.0016838203465367556,8.671153045794627,981.6321875,18.543687499999997,0.2440417686929124,0.04451336263556147,0.889267424501782,0.001981439453125,8.566638132647213,1080.2481733434115,18.95351473922903,0.23429839265872876,0.04252283863963251,0.8774818187001379,0.0018081918059722232,8.610723752886159,1431.661605342742,23.623550907258064,0.17141224258295687,0.036447982411275434,0.836643882528877,0.0013284554218526436,8.85865789359765,1351.94816,23.045887999999998,0.1698797055411039,0.03510206011048354,0.8461948524573698,0.0012321546240000002,8.83879660628926,1133.0040952620968,20.408077116935484,0.220733377586972,0.040720349765314044,0.8722130517361018,0.0016581468850095113,8.670304805371426,1333.2374400000003,21.858752000000003,0.1923730022925712,0.036146886117617384,0.8483666426755929,0.0013065973760000003,8.777343160906792,1674.887004573171,26.221227134146346,0.15026152563063186,0.03274280153114758,0.8083107909239429,0.0010720910521081202,8.953379321938652,1635.577003121748,26.054890738813732,0.14561697442818636,0.03102881414675941,0.8132896280365522,0.0009627873073541367,8.951000446703752,1261.6112169715448,21.854865345528456,0.19925223539120548,0.03785041542943829,0.8577221911958782,0.00143265394818106,8.746461828181005,1592.2535770031213,24.66772892819979,0.16471013124478018,0.031507209173861614,0.8183315501782426,0.0009927042299254694,8.902740068017364,multigrain_bread_13.jpg,fresh_bread
1060.9088951771655,18.970903051181107,0.11524246438670652,0.01682812732023719,0.8634842572364249,0.00028318586910611334,8.968351872727023,1169.0773761547525,20.782627565255133,0.0983143874776764,0.015977577511341053,0.8499067632044564,0.0002552829831309114,9.065760091676061,973.1106668307086,18.01556348425197,0.13540576998176662,0.019165043473367442,0.8748831845114159,0.00036729889133606394,8.911363712728576,1226.4782069564142,20.984871969743942,0.10428909742930921,0.01630562005849267,0.8425398827781041,0.0002658732454919184,9.026638385447638,1451.340773809524,23.192832341269845,0.09065879388301915,0.015272560400455297,0.8135047690335295,0.00023325110118555526,9.106342802209184,1169.0773761547525,20.782627565255133,0.0983143874776764,0.015977577511341053,0.8499067632044564,0.0002552829831309114,9.065760091676061,1317.1861979166665,22.534288194444443,0.10005975259167418,0.016438186344040498,0.8311134662836052,0.00027021397028139955,9.0955334134269,1226.4782069564142,20.984871969743942,0.10428909742930921,0.01630562005849267,0.8425398827781041,0.0002658732454919184,9.026638385447638,1775.2669375,26.2319375,0.07876124008285056,0.014685970665059903,0.7721213406328327,0.000215677734375,9.17716280184042,1582.1498488284205,25.479528848576464,0.07744476650056725,0.014523586012196969,0.7977149003508618,0.00021093455065368345,9.202969145173856,1578.9861875000001,25.5758125,0.08589615430468198,0.015378238988096133,0.7980107256269615,0.00023649023437499997,9.18444824220736,1721.7478584026203,25.90772234819854,0.08182889865294699,0.014809318399770711,0.7798726577271465,0.00021931591146578732,9.161454005419916,2053.103767641129,28.705204133064512,0.07212956726710185,0.014243301381288688,0.7369464400731165,0.00020287163423822024,9.229548347253541,1914.8316159999997,28.608384,0.06822152529947442,0.013826888587097243,0.7559986772561652,0.000191182848,9.270049058046252,1805.4451234879036,27.859942036290327,0.07614075095900946,0.014754651187810448,0.7696824511606144,0.00021769973167395625,9.227481164009934,2156.024448,29.79392,0.07262000641770998,0.014065883832877336,0.7252765420231491,0.00019784908800000002,9.24113253679051,2337.2003302845533,31.00749491869919,0.06887631384703338,0.013979494543494847,0.7010423370317141,0.0001954262676916022,9.263223802694549,2255.0492976066603,31.48113943808533,0.0606324366259438,0.013351804457017917,0.7139714706163834,0.0001782706822584435,9.312959752689697,2020.607723577236,29.848704268292686,0.07113335733833953,0.014307733725721881,0.7429309324445015,0.00020471124436615933,9.272609275489897,2556.761186264308,33.3267429760666,0.06501067658409104,0.01355225426378218,0.675723354940159,0.00018366359563020226,9.293064914310435,multigrain_bread_16.jpg,fresh_bread
412.2802657480315,7.975270669291338,0.6901155227608429,0.6620190518317105,0.9244642779773484,0.43826922498815707,3.533328049777689,620.775001550003,9.702151404302807,0.6875990764782652,0.6587958860605779,0.886877317180539,0.4340120194903419,3.58667495442749,479.8608513779527,8.314837598425196,0.6904794451876075,0.6631843255341786,0.9120825348905,0.4398134496342234,3.5213380152262825,509.8199516399033,9.121210242420487,0.6791045156308814,0.6560190242913078,0.907096451145112,0.4303609602321195,3.5952569408201285,634.4730902777778,10.367187500000002,0.6752091673708851,0.653207924042641,0.8843860618509525,0.4266805920320967,3.6417250182089638,620.775001550003,9.702151404302807,0.6875990764782652,0.6587958860605779,0.886877317180539,0.4340120194903419,3.58667495442749,821.7224702380953,11.333333333333336,0.6760555273861542,0.6554338391833542,0.8502654055695307,0.42959351754663105,3.6258682122958414,509.8199516399033,9.121210242420487,0.6791045156308814,0.6560190242913078,0.907096451145112,0.4303609602321195,3.5952569408201285,835.9309999999998,12.128374999999998,0.66388193939717,0.6442529588601048,0.8485054372974629,0.4150618749999999,3.7305100242527276,1095.224993701184,13.208112874779541,0.6695521620588859,0.6468144095338687,0.8025638826106225,0.4183688803806472,3.7114393230677134,1139.298875,13.661249999999997,0.6677857443526721,0.6475609979714264,0.7935265173134889,0.4193352460937497,3.6990700793706686,857.3364827412447,12.421642731166541,0.6598359927207665,0.640787534755492,0.8454480244495964,0.4106086646980208,3.749539600421646,1079.3324092741937,14.212071572580644,0.6529577832132093,0.6351525878785054,0.805462174328099,0.40341880988876244,3.811527478391035,1546.453248,16.211712000000002,0.6540750162624982,0.6346201920014839,0.7242110614088003,0.4027427880960003,3.8246558726614444,1459.4529989919356,15.918724798387096,0.6574659076010959,0.6395590876321676,0.7369496082442755,0.40903582657289067,3.7778220356343346,1208.9195520000003,15.284864000000002,0.6434072135857714,0.6251716278655006,0.7844056129602254,0.39083956428800004,3.884677119156426,1318.5904471544716,15.985391260162604,0.6421023858566146,0.625903640136954,0.7636401430458407,0.39175536673668954,3.8871103996164833,1897.603537981269,18.46839229968782,0.6409679146866487,0.6221428999292746,0.6652095135841104,0.3870617879324075,3.935473874454626,1698.3128810975613,17.57685467479675,0.6481150270143926,0.6314264384984792,0.6955741712630501,0.39869934723487377,3.848393742425004,1550.400364203954,17.799427679500518,0.6268185216867651,0.6090972141730364,0.7264658914878468,0.3709994163133538,4.012960383689655,multigrain_bread_20.jpg,fresh_bread
1721.135088582677,24.9375,0.2688057621421715,0.21991885083419913,0.8695754855898803,0.04836430095223473,7.823892593920417,1823.9177878355754,25.91840783681567,0.26614443965708906,0.21935063379121955,0.8616426959972078,0.04811470054460971,7.837985663390378,972.7584891732286,18.947957677165356,0.2891154055034285,0.2307035096783451,0.9266390816175816,0.053224109377906274,7.653736412105875,1814.3304606609213,25.744063488126972,0.2645679363446877,0.21897566087848305,0.8623699638320433,0.04795034005716841,7.83408039925688,2527.1242559523807,31.036458333333336,0.2448203000916611,0.20649963876055916,0.8073174837239266,0.04264210080824142,7.9869130311048835,1823.9177878355754,25.91840783681567,0.26614443965708906,0.21935063379121955,0.8616426959972078,0.04811470054460971,7.837985663390378,1524.2502480158728,24.277653769841265,0.2777328542893458,0.22809213815892057,0.884955228192253,0.05202602348990811,7.742698715281844,1814.3304606609213,25.744063488126972,0.2645679363446877,0.21897566087848305,0.8623699638320433,0.04795034005716841,7.83408039925688,3224.2195,35.8985,0.22735448550643128,0.1915046201302986,0.7525592511267702,0.03667401953124997,8.130154627044405,2733.5891912320485,32.70042831947595,0.24356844080912254,0.20617499246912893,0.7911681449621214,0.04250812751964537,7.998763349775528,1918.2893125,27.500687500000005,0.27112805105658855,0.22683779395335557,0.8551104770635858,0.051455384765624994,7.784201696000648,2686.018266565886,32.21516754850089,0.24126407408031075,0.2053887908691542,0.7948023137230188,0.04218455541469316,8.006094325299037,3871.3211945564512,40.30342741935483,0.20910824627717114,0.17664825135162887,0.7008388727566134,0.031204604705588248,8.261223864740106,3505.574207999999,38.30303999999999,0.22478506326925074,0.19175313729897603,0.7302032123424091,0.036769265663999955,8.14561446171378,2200.1971396169356,29.795173891129032,0.2673009312873183,0.22623854487992773,0.8337203960816397,0.05118387918938708,7.810361181624387,3480.4511359999997,37.70592,0.22178370256958851,0.19046210214108208,0.7321367398387668,0.03627581235199999,8.1486079778802,4541.529217479674,44.71481199186992,0.19178114036048183,0.16158245092037982,0.6464706590141857,0.026108888445436955,8.372285222476958,4325.559248178981,43.68541883454735,0.20959161168851978,0.17662125099768625,0.664527333760658,0.031195066303987683,8.263436159066316,2476.474402947155,31.65694867886179,0.264777693226472,0.22607837240105622,0.8126610950516251,0.051111430467510655,7.827700847594121,4313.332791363163,43.06158949011446,0.20550761080462987,0.17568786980112686,0.665475567695585,0.030866227595257704,8.264751522352682,multigrain_bread_25.jpg,fresh_bread
713.1510826771655,14.4152312992126,0.33697635282394484,0.06625854338426683,0.9016147746251159,0.00439019457140477,7.820043476139998,1798.0737801475605,24.289664579329163,0.23657208740195473,0.05269073160662778,0.7522981324076855,0.002776313197241684,8.159103888891323,1677.7007258858266,23.21499753937008,0.25448804841549805,0.05634088632712571,0.7690947267598472,0.0031742954721261005,8.105505614889863,1691.3260586521176,23.52706305412611,0.23740395797363453,0.05255950580052623,0.7670004877258916,0.0027625016499955505,8.157575103151258,990.3616071428572,17.832341269841272,0.25599249946455643,0.051430226694986404,0.8632761600329223,0.0026450682178976925,8.05465304404849,1798.0737801475605,24.289664579329163,0.23657208740195473,0.05269073160662778,0.7522981324076855,0.002776313197241684,8.159103888891323,2373.2294146825398,28.63045634920635,0.18078370817571296,0.04408667453213498,0.6740130320879824,0.001943634871302399,8.337613908967398,1691.3260586521176,23.52706305412611,0.23740395797363453,0.05255950580052623,0.7670004877258916,0.0027625016499955505,8.157575103151258,1211.4716250000001,20.191375,0.20917891174813638,0.044348231362704875,0.8326283174210993,0.001966765625,8.197396491580562,2537.16975308642,30.1444318468128,0.16448284288677467,0.04136229051369526,0.6509050717135072,0.001710839076539325,8.396912378213068,2749.885,31.698625,0.14715566926672516,0.03869408768629905,0.6230721274575164,0.0014972324218749998,8.4573307564401,2455.6574703955657,29.55706727135299,0.1642298422574718,0.04079972558051532,0.6620961263446129,0.001664617607445356,8.395821696543306,1388.326927923387,21.997038810483872,0.17961866891288553,0.039969144306778365,0.8080297875394101,0.0015975324966160736,8.292298640067001,2996.2561920000007,33.630656,0.13224383702526418,0.03663853272171254,0.588229633166635,0.0013423820800000004,8.519723171470844,3238.921938004033,34.81256300403226,0.12373353524354927,0.03536274953191316,0.5571554213041188,0.0012505240544568245,8.55391445960996,2866.4764800000003,32.845632,0.12998986072518254,0.0354983141008133,0.606027507924156,0.0012601303040000002,8.519262411247032,1569.3239964430895,23.74409298780488,0.15960728295169205,0.0371287448502123,0.7827637082393287,0.0013785436941521664,8.373029882993109,3609.3396852237256,37.375585327783554,0.11448953881696164,0.033778360301071474,0.5046731775127129,0.0011409776246290014,8.601260045274488,3534.985518292682,36.91692073170731,0.1097946562178669,0.033258814499517196,0.5180114591016333,0.001106148741913295,8.608820503073781,3279.3239464099897,35.519055671175856,0.10985391548197627,0.03229701695769401,0.5498857791144032,0.0010430973043655746,8.60925896151697,multigrain_bread_4.jpg,fresh_bread
890.4390994094489,19.303149606299215,0.09931930864834858,0.025940797807112895,0.8506163425888853,0.0006729249908695132,9.224094120883853,1012.2407464814931,21.138384276768555,0.0902680796044027,0.023989281355225663,0.8279627904817884,0.0005754856199401777,9.286821459675675,725.1844242125985,17.023006889763778,0.11577606751434738,0.02462224968997585,0.8770628998458956,0.0006062551797955158,9.141708129996015,1037.6063612127223,20.78324756649513,0.09521210552044035,0.023491870710306364,0.8236729185154695,0.00055186798946975,9.273208628319372,1177.0841393849205,23.757254464285715,0.0785709491048365,0.024299069581234997,0.8019971279358376,0.0005904447825136999,9.364522054895472,1012.2407464814931,21.138384276768555,0.0902680796044027,0.023989281355225663,0.8279627904817884,0.0005754856199401777,9.286821459675675,1175.8603050595239,22.450830853174608,0.09230471531226606,0.021673247414073234,0.7979402946825228,0.00046972965347163206,9.311822184093245,1037.6063612127223,20.78324756649513,0.09521210552044035,0.023491870710306364,0.8236729185154695,0.00055186798946975,9.273208628319372,1470.49125,27.056125,0.06894913183586332,0.022969536551158357,0.751927586575775,0.0005275996093749998,9.42813314649662,1392.9398463088942,26.121378180901992,0.06965021282580436,0.020932643395012246,0.7591334712834853,0.00043817555950274975,9.42839592916566,1479.9685625000002,25.8176875,0.08030059857186428,0.01895569464237594,0.7422370877476925,0.00035931835937499994,9.409398289874526,1490.7851473922904,26.149470899470902,0.06823776891546929,0.019808248565907117,0.7423535586998712,0.00039236671124876133,9.417175511564723,1649.3570438508066,29.271106350806456,0.061159952151602456,0.021682496957238465,0.720973700288542,0.0004701306743006553,9.471134260146677,1677.079232,29.369535999999997,0.0580849380429132,0.018457593342578547,0.7047004389084599,0.00034068275199999984,9.487709006849357,1718.8848286290327,28.31262600806452,0.07302308859813224,0.01709645499118935,0.6969589237879114,0.00029228877326576325,9.46028006880848,1835.968576,29.663296000000003,0.06067781716122626,0.016604145988276545,0.6771691335408394,0.00027569766400000004,9.474017499136066,1874.5400152439024,31.4858993902439,0.05732483921426861,0.020390252946792843,0.6816550440662252,0.0004157624152341942,9.505287254625525,1916.964099895942,31.898413111342354,0.053121807549656085,0.016823892453822233,0.6565457524177438,0.00028304335729777667,9.524742600129072,1913.3653455284555,30.126524390243905,0.06768604603232141,0.015515073588728827,0.6594470412731006,0.0002407175084636708,9.490401814161235,2131.942052549428,32.750065036420395,0.05193523615789545,0.014160700480763698,0.6190450705534472,0.00020052543810590123,9.528122306487138,multigrain_bread_8.jpg,fresh_bread
564.8540846456694,14.108513779527561,0.14182184966252004,0.014631310852144353,0.8723701132515144,0.0002140752572520771,8.918909938811094,829.473308946618,17.804141608283217,0.1062276593656573,0.013083274922115107,0.8132958223685457,0.00017117208268764607,9.113230905421997,736.4435900590553,16.295214074803155,0.13143405993717172,0.01417287323808066,0.8338495943960529,0.00020087033582270297,9.013598039325917,822.0982081964164,17.79626759253518,0.10216391679838091,0.012944818201604948,0.8149351052437833,0.00016756831827260276,9.113879218130752,861.7798239087304,18.051649305555557,0.1021381436924362,0.012859658890828718,0.8057551032241093,0.00016537082678847007,9.119761558630156,829.473308946618,17.804141608283217,0.1062276593656573,0.013083274922115107,0.8132958223685457,0.00017117208268764607,9.113230905421997,1135.7741815476193,20.856770833333336,0.09359261089594337,0.012442266957705105,0.743755321096273,0.00015481000704680023,9.192635198883428,822.0982081964164,17.79626759253518,0.10216391679838091,0.012944818201604948,0.8149351052437833,0.00016756831827260276,9.113879218130752,1091.2180625,20.7385625,0.08358132673575637,0.0120762551107535,0.7546435439161544,0.0001458359375,9.20973130504095,1318.118858654573,23.12074829931973,0.07812271765511028,0.011712410480392501,0.7041052016578383,0.0001371805592612081,9.281844864965219,1440.741125,24.081500000000005,0.07963427197666142,0.011758640440118916,0.67172056902264,0.000138265625,9.275038662867374,1186.7166792642984,22.223230032753847,0.07304226373497202,0.011663529351577431,0.7334979317700918,0.00013603791693510826,9.267112590801442,1294.2039440524195,23.054372479838715,0.0732374096524116,0.01145435139324019,0.7098937294915912,0.00013120216583982348,9.285213091622463,1686.2663040000002,26.889664000000003,0.06437311314714357,0.011057748052836077,0.6187021807742669,0.00012227379200000006,9.358893561100086,1710.260773689516,26.884135584677416,0.06737198105978723,0.011135773331447526,0.6054482321199895,0.00012400544768937792,9.346972842747174,1515.030016,25.731968000000002,0.058995282807870725,0.01088,0.6571667006065073,0.0001183744,9.34879097395392,1474.4103150406506,25.005208333333336,0.06301783622259734,0.01106368657682956,0.6706201818814915,0.0001224051606703186,9.329784659910626,2013.9774973985434,30.138267429760667,0.05644328306848816,0.010594650466730561,0.540423219346573,0.00011224661851219411,9.413323459424118,1956.3762703252032,29.364456300813014,0.05854512737208511,0.010709319896679868,0.543808455347432,0.0001146895326494233,9.398715612983322,1791.4393860561918,28.723465140478673,0.05024995123033674,0.01040948491908034,0.5906823379965183,0.00010835737628056104,9.409503975005931,multigrain_bread_9.jpg,fresh_bread
262.8422736220473,6.884842519685039,0.5653847628924982,0.43683384132461445,0.9749858255591907,0.19082380492641846,4.87850592179481,1060.3512927025854,10.953561907123815,0.5382081148341182,0.4273102791363299,0.8963342720305899,0.18259407465556818,5.004612936396992,981.5511811023622,10.0871062992126,0.5463586949237587,0.4348902545142502,0.9041304592154411,0.1891295334714693,4.921241334529922,1079.1930063860127,11.080786161572323,0.5365142692336993,0.4268975080100614,0.8944922032948547,0.1822414823452004,5.006832027715968,399.69593253968253,8.386160714285715,0.5497540505930908,0.42704845692758936,0.961923847822527,0.18237038456423516,4.984668655288862,1060.3512927025854,10.953561907123815,0.5382081148341182,0.4273102791363299,0.8963342720305899,0.18259407465556818,5.004612936396992,1855.73474702381,14.618303571428575,0.5255186067749045,0.4227821267992351,0.8135449596997704,0.17874472674088449,5.0666483655004715,1079.1930063860127,11.080786161572323,0.5365142692336993,0.4268975080100614,0.8944922032948547,0.1822414823452004,5.006832027715968,501.854625,9.448625,0.5375173385670108,0.4169570665098507,0.9521429896445186,0.17385319531250004,5.085666005866522,1972.6355505165031,16.01209372637944,0.5074692692398605,0.40757967787751226,0.801415535380645,0.16612119381873663,5.2087996591635966,2632.7224375000005,18.4630625,0.5041771401862819,0.4110886841668109,0.7274797230299624,0.16899390625,5.180557049873486,1984.0185185185187,15.999118165784832,0.5054707752655299,0.40675603583977255,0.8002696163557813,0.16545047269208632,5.211585818957167,607.4805947580645,10.487021169354838,0.5293548229112617,0.40703225858599207,0.9420095176626145,0.16567525952961393,5.162550799349401,2772.296768,20.347328,0.47720085057423406,0.38737351219720745,0.7121937532524747,0.15005823795200005,5.3829584059967885,3279.967237903225,21.756678427419352,0.4858226887527375,0.399667048245362,0.6499869570437965,0.15973374945316052,5.276678315073229,2793.1360640000003,20.309824,0.4761514654502534,0.3868204129463697,0.7100303198005258,0.149630031872,5.380476428491923,694.7290396341464,11.408155487804878,0.5153771967401592,0.3970476384656061,0.933613616167812,0.15764682721111464,5.2394384847167546,3432.015478668054,23.980879292403745,0.44972870450480373,0.36746756217685245,0.6323385383755747,0.13503240925219892,5.532839906477499,3797.5664380081303,24.39418191056911,0.4690563891047989,0.38835033543720193,0.5833405101163276,0.15081598303418725,5.362564792633044,3452.3286940686785,23.989984391259107,0.45004078413839954,0.36669149600398776,0.630162444907784,0.13446265324164258,5.533035724566028,white_bread_slices_1.jpg,fresh_bread
609.3111466535433,16.871309055118115,0.11232946890873358,0.050616976453646025,0.9493220760465944,0.002562078305308956,8.609570385286846,823.6279372558746,19.07886415772832,0.09895280076686547,0.040612116287745456,0.9313909889420534,0.0016493439893693598,8.702646918158123,651.9458046259844,16.486528051181107,0.11937228793905207,0.04110276335880327,0.946126326208323,0.0016894371557297809,8.59266533574755,818.3791927583854,19.274970549941095,0.0962185214361016,0.04062359121370304,0.9318284149239693,0.001650276163098051,8.708885795584548,887.204799107143,19.475632440476193,0.10335830366398946,0.050203901311898065,0.9256552560389143,0.0025204317069348003,8.647702440296388,823.6279372558746,19.07886415772832,0.09895280076686547,0.040612116287745456,0.9313909889420534,0.0016493439893693598,8.702646918158123,980.2424355158729,19.70176091269841,0.10215695681175459,0.032619597645050236,0.9188861741230986,0.0010640381505249668,8.699710698954311,818.3791927583854,19.274970549941095,0.0962185214361016,0.04062359121370304,0.9318284149239693,0.001650276163098051,8.708885795584548,1185.04725,21.365875000000003,0.10596764337684614,0.05027642340103362,0.8999177940012666,0.0025277187500000005,8.662260062968556,1302.43537414966,22.989040060468632,0.08504408973037147,0.03230411422152609,0.8904583831922864,0.0010435557956374043,8.790862202877372,1308.4976249999997,22.339249999999996,0.09020223064965877,0.0271978787660913,0.8915766064268192,0.000739724609375,8.761446261390148,1299.5296674225247,23.156273620559332,0.08642096592909576,0.032230924238563975,0.8907037473184285,0.0010388324772720506,8.794084711124702,1516.5796370967741,23.597908266129032,0.10277646926165634,0.05017492951866405,0.8706384738056238,0.002517523552202905,8.697367692122558,1881.147008,26.927616,0.07902381428909169,0.026979435131225415,0.8401246415150068,0.0007278899200000001,8.846511851059308,1700.5697454637098,25.07264364919355,0.08512159482429008,0.026149064394659693,0.8589573636468983,0.0006837735687160593,8.808197263068958,1854.6391679999997,26.949824,0.0776837727081715,0.026924876824230785,0.8423605448733932,0.0007249489919999999,8.847004703408954,1839.5351880081307,25.16768292682928,0.10766421017581529,0.05005633410440276,0.8414122810365171,0.0025056365839715945,8.709477120856448,2555.3252471383976,31.234066077003124,0.07220181283229667,0.026035087186149487,0.7800168159162648,0.0006778257647904052,8.887337179811025,2115.1504065040654,27.87512703252033,0.07671727313328475,0.021202304190064265,0.8243604438198675,0.00044953770296801666,8.8619691839564,2502.243171175859,31.149518730489078,0.07092110219033018,0.02589895289588807,0.7845759027885519,0.0006707557611034292,8.894993240519021,white_bread_slices_12.jpg,fresh_bread
272.13065944881896,7.106791338582679,0.550806829891856,0.40489647596818273,0.9525583929607994,0.16394115625145317,5.28164515071536,533.0308760617522,9.762601525203051,0.5065242249968084,0.39177626194288967,0.9057435331247378,0.15348863942194368,5.449882881509657,434.7197342519685,8.378813976377952,0.5254011704395792,0.40178462559158573,0.9230622282446895,0.16143088536177075,5.345820281890929,534.1290222580444,9.86564573129146,0.5103261577595756,0.39717516313814205,0.9055493466615824,0.15774811021380974,5.429907079236992,421.96168154761915,9.262400793650796,0.5210764265028028,0.39115647502113005,0.9264956344358659,0.15300338795095592,5.435408843360707,533.0308760617522,9.762601525203051,0.5065242249968084,0.39177626194288967,0.9057435331247378,0.15348863942194368,5.449882881509657,832.6334325396826,12.386904761904765,0.48344113041236697,0.3856244102552119,0.8504411749522907,0.14870618578467998,5.542654101091394,534.1290222580444,9.86564573129146,0.5103261577595756,0.39717516313814205,0.9055493466615824,0.15774811021380974,5.429907079236992,568.1544375,11.103437499999998,0.49985361645702747,0.38095349381929156,0.9011168564483985,0.145125564453125,5.542951113780981,977.7263794406651,14.107709750566894,0.4652214399232403,0.3709471065662819,0.8247052384943334,0.13760175586989648,5.671633419969,1214.2838749999999,15.884875000000001,0.45542910892351146,0.3706994734409195,0.7785230149627617,0.137418099609375,5.686781930184461,987.2210884353742,14.393172083648274,0.4679152835210114,0.3770166799847205,0.8230029496088216,0.14214157698670113,5.663836029976393,710.5607358870968,12.760332661290322,0.48422275386139285,0.3711004434495135,0.8764680921230533,0.13771553912842557,5.629107690827553,1396.5020160000004,17.985024000000003,0.42982523130128497,0.3515783743975161,0.7460821562325904,0.12360735334400001,5.854665688353133,1535.844947076613,18.693737399193548,0.43139093773510606,0.358538004101393,0.715879113760963,0.12854950038501053,5.789289429857309,1440.6791040000003,18.531008000000003,0.43531914068967936,0.356896383035749,0.7380504273384358,0.12737502822400007,5.850260450917726,833.3375889227644,14.242060467479678,0.47404019290682586,0.3627533675088414,0.8552768597589954,0.13159000563900455,5.704675402207685,1762.1366415192508,21.245382414151926,0.4073841073398539,0.3357424528437943,0.6755872623934956,0.11272299464156742,5.979793373145333,1817.7404090447158,21.135988313008134,0.41464285736216727,0.34581696019716934,0.6595206329989691,0.1195893699600106,5.869577627229333,1832.672411550468,21.98796826222685,0.40866900891341706,0.3387335938184853,0.6625252092773849,0.11474044758118657,5.9906078486387475,white_bread_slices_13.jpg,fresh_bread
292.41695374015745,10.127583661417322,0.3085418942839717,0.2319802943319264,0.7991834336965347,0.053814856958327204,6.638429972829359,408.83613367226735,11.443734887469775,0.29143487463582757,0.22147446217917177,0.7187090155258397,0.04905093739755338,6.721888389780798,301.7135826771654,9.749876968503935,0.3082807562978462,0.23209036561219126,0.7927989984664683,0.05386593781000061,6.602792657277906,417.18755037510084,11.765887531775062,0.28776972453629096,0.22134068147675234,0.7129630013343028,0.04899169727659314,6.732431396973268,445.8470982142857,12.235615079365083,0.2876771251512897,0.21842470302943504,0.6932396810327917,0.047709350893496885,6.760689792739332,408.83613367226735,11.443734887469775,0.29143487463582757,0.22147446217917177,0.7187090155258397,0.04905093739755338,6.721888389780798,503.54526289682536,12.38814484126984,0.28890298927393854,0.21888346202012124,0.6535410770209482,0.04790996994591385,6.748604083035948,417.18755037510084,11.765887531775062,0.28776972453629096,0.22134068147675234,0.7129630013343028,0.04899169727659314,6.732431396973268,558.026625,13.632625000000003,0.2717104764893951,0.20522728920485941,0.615259373774054,0.04211824023437501,6.854837164357288,691.0335097001763,14.85978835978836,0.26088111798770686,0.19590236186063065,0.5225062146039471,0.03837773538257347,6.918003435351633,684.5025,14.4735,0.27312756940487215,0.20524708813403422,0.5280585034751244,0.042126367187500006,6.858135893579529,691.7651801461325,14.961073318216174,0.26084366192755554,0.1957761482712778,0.5220006413054052,0.03832830023193735,6.919126195356604,649.8484122983871,14.801285282258066,0.2584257317765957,0.19159683667315566,0.5509311636447504,0.036709347823159884,6.942309570635755,953.4897920000002,17.782656000000003,0.2347224712204302,0.16974021675489873,0.3378018585726793,0.028811741184,7.080226107901965,826.9426663306451,16.110005040322584,0.2558898517878495,0.191347680263379,0.42855260723311916,0.03661393474217632,6.960715042216635,954.1015039999997,17.826943999999997,0.23466528787739402,0.16962536866872238,0.337377024921719,0.02877276569599999,7.085484713315634,722.0621189024391,15.736661585365857,0.24489652506052165,0.17788978584229442,0.4997864600714376,0.03164477590701737,7.03323280471873,1162.93912591051,20.31984911550468,0.20674323272537143,0.14302549862998484,0.18754125418036194,0.0204562932583558,7.2318727507696705,941.2873475609757,17.436229674796756,0.2418510173727969,0.1774471926897714,0.34791666272544,0.03148750619348086,7.04300817288155,1178.6048387096776,20.48348074921956,0.20754287261407936,0.14301739531623395,0.17659679020146085,0.020453975363039938,7.23762992549575,white_bread_slices_15.jpg,fresh_bread
824.6041461614175,18.897453248031496,0.13063077231407383,0.04934924281286741,0.8599236042552687,0.002435347766203345,8.952262712049627,1371.00093000186,24.788269576539154,0.0989877867046525,0.03894550509369985,0.766302786758988,0.001516752367003401,9.156138019751587,1276.5829847440946,23.786847933070867,0.10081951850395197,0.03915348094850153,0.7822506896377633,0.0015329950703846724,9.123696899264477,1237.762477524955,23.38216876433753,0.10451327602931418,0.03903687038560984,0.789015304780261,0.0015238772495029024,9.1182949427991,1038.8425099206347,21.13392857142857,0.11982973753054502,0.048853500665599334,0.8237638570405454,0.0023866645272837142,9.019294528000287,1371.00093000186,24.788269576539154,0.0989877867046525,0.03894550509369985,0.766302786758988,0.001516752367003401,9.156138019751587,1948.272321428571,29.956225198412696,0.07941376809589559,0.02980624332442998,0.6664914711190764,0.0008884121411151267,9.270517119568204,1237.762477524955,23.38216876433753,0.10451327602931418,0.03903687038560984,0.789015304780261,0.0015238772495029024,9.1182949427991,1249.0583125,23.6678125,0.10978946509488173,0.04855831706566858,0.7883474901638016,0.0023579101562500003,9.076562944624289,2189.916729654825,32.15154950869237,0.07691952906803984,0.029559202458001522,0.6258950902707004,0.0008737464499531233,9.307409689584516,2580.3368124999993,35.08718749999999,0.06667332788146463,0.024549455823907787,0.556761287996356,0.0006026757812499999,9.367993604287488,1887.9091710758378,29.486772486772487,0.08199199361311763,0.029681093555541077,0.6774968987148194,0.0008809673146527821,9.26626864614025,1437.9141255040322,25.601247479838708,0.104994003516221,0.04855113781989829,0.7567223846928492,0.002357212983606758,9.123724814469465,2864.974848,37.598464,0.0623905449239705,0.02438320208668255,0.5094637643059534,0.0005945405440000002,9.402852534469467,3056.963835685484,39.163810483870975,0.05974310721352734,0.023716729634457017,0.472788913318258,0.0005624832645539316,9.434344585157087,2499.20096,34.531904,0.06908995293893513,0.024446031334349548,0.5721216163159076,0.000597608448,9.355580446906362,1525.3681402439024,26.510797764227643,0.10234463408202668,0.04845888974579187,0.7422498922093475,0.0023482639953948128,9.135918672477096,3401.4167533818945,42.03160770031218,0.05596567622059129,0.02366088078851419,0.41626302621131994,0.0005598372796882799,9.45805512270519,3448.2152566056916,42.29503302845529,0.05103559947611039,0.018843466434233395,0.4028190308078542,0.0003550762272580806,9.489493512990016,2968.5330385015604,38.33467741935483,0.06334460023990779,0.02376598459012746,0.4906164476467289,0.000564822023538176,9.406908146216661,white_bread_slices_17.jpg,fresh_bread
217.47170275590557,6.659202755905513,0.3936550776429395,0.11061971787710177,0.9757849332110642,0.012236721983209591,7.2024491363258685,446.0755161510324,11.46196292392585,0.3285243902986287,0.10533851173603999,0.9504579085934235,0.011096202054763835,7.534578869982189,531.0256520669292,12.068097933070867,0.3251333301428114,0.10815261916007902,0.9410651086134638,0.011696989031185092,7.518154172725611,694.191642383285,13.370264740529482,0.3100858197346916,0.106803262504953,0.9229023483962515,0.011406936881701902,7.565924047959449,386.0394345238095,9.257688492063492,0.33896467883867415,0.10572129333855967,0.9569779649202301,0.011176991865177783,7.432427951832986,446.0755161510324,11.46196292392585,0.3285243902986287,0.10533851173603999,0.9504579085934235,0.011096202054763835,7.534578869982189,1329.5161830357147,20.20591517857143,0.2718344031182305,0.10246303493069547,0.8528306477258466,0.01049867352720892,7.795018290627299,694.191642383285,13.370264740529482,0.3100858197346916,0.106803262504953,0.9229023483962515,0.011406936881701902,7.565924047959449,578.802625,11.728375000000002,0.3073034481074907,0.10331445665116283,0.9354347914571619,0.010673876953125005,7.574472484588232,1184.2825018896447,19.34234063995969,0.2724989460067853,0.09811405011687921,0.8686889325912603,0.009626366830337485,7.830867255424119,2276.7842499999997,28.000750000000004,0.23965220172964147,0.09735504047685462,0.7486326984002899,0.00947800390625,7.972492886061527,1619.2729276895943,22.46453766691862,0.2564950918205128,0.10034754964097851,0.8204654767189902,0.010069630718948648,7.863458932492923,782.4224420362902,14.038621471774194,0.2853046639066095,0.10006544886985584,0.9126273721398507,0.010013094057525733,7.685781182341488,2036.7139200000004,26.446144000000004,0.23842203663923853,0.08996510754731527,0.7745178045326389,0.008093720576000002,8.024424463682212,3274.7319178427424,35.433908770161295,0.21910165505575174,0.09276888590859667,0.6394060733055663,0.008606066192722226,8.11021479729257,2637.363328,30.730239999999995,0.22551915776867118,0.09457909519550288,0.7080498253033469,0.008945205247999995,8.05450528689386,931.9256859756099,15.748856707317074,0.26670362975359674,0.09732887136697736,0.895828193171967,0.009472909201569625,7.785660129769479,2980.739529136317,33.53219302809573,0.21149378983263104,0.08217197939261492,0.6704506538736462,0.00675223419730033,8.187084284812851,4238.993521341464,42.069740853658544,0.1982194829102539,0.08848870542245597,0.534501112542761,0.00783025098734219,8.21170097242248,3679.015803850156,38.479513527575435,0.20101124660476086,0.08969275754094949,0.5933274186461776,0.008044790755299552,8.210031428424726,white_bread_slices_18.jpg,fresh_bread
304.4158464566929,10.57074311023622,0.17413920515142667,0.06201261872450774,0.9491474611109773,0.003845564881071168,8.447411456358566,430.27552855105716,12.542873085746173,0.15330131529891905,0.055219804028037174,0.9280731472764303,0.00304922675689483,8.572145669977726,336.8591289370079,11.21592027559055,0.17020534536470985,0.05557977622213621,0.9438392084915337,0.0030891115249027374,8.517889656409501,374.65044330088665,12.001550003100007,0.15452281422996286,0.055148648519084936,0.9373652462450247,0.0030413734334815688,8.561410233814032,443.6326264880952,12.984188988095237,0.15703280026298191,0.06169882441148367,0.9257142332610455,0.0038067449337590934,8.571687792582614,430.27552855105716,12.542873085746173,0.15330131529891905,0.055219804028037174,0.9280731472764303,0.00304922675689483,8.572145669977726,553.7557043650794,14.533482142857142,0.13567305465429566,0.045871749293068996,0.9076049341277321,0.0021042173832061762,8.701882292911986,374.65044330088665,12.001550003100007,0.15452281422996286,0.055148648519084936,0.9373652462450247,0.0030413734334815688,8.561410233814032,568.2716875,14.830062500000004,0.14608201438154084,0.061459892282487764,0.9045862849475539,0.0037773183593749994,8.639578329484944,731.7777777777778,16.62156714537667,0.12918518850308883,0.045292427828326765,0.8773070997316001,0.0020514040185841886,8.768246501552099,755.7814375,17.388437500000002,0.1189977541094937,0.03822826690585121,0.8737967737698618,0.0014614003906249988,8.826323533415579,544.1881456286219,14.622637944066515,0.13208383424039993,0.04520467952732994,0.9087199705302187,0.0020434630511686025,8.714292287827476,723.5616809475806,16.680884576612904,0.14406809458139627,0.06155393995581274,0.8782086982907088,0.0037888875240838,8.694681712623328,1042.024704,20.342144,0.11474501155014558,0.03834598868199905,0.8247370402746907,0.0014704148479999996,8.89242577949658,962.6585811491938,19.96112651209678,0.1056242937075185,0.033763343001501384,0.8391023137607506,0.0011399633306370324,8.919596595176495,703.7701119999999,16.848384,0.11880860678392327,0.038081075615061084,0.8815148933101142,0.0014501683200000002,8.815676956339562,865.8363185975611,18.383066565040657,0.13501899731037126,0.06122713804708682,0.853898087644007,0.0037487624334370264,8.739697362865451,1341.106074401665,23.69647502601457,0.10177461921622133,0.03407402621311347,0.7737702398106522,0.001161039262371944,8.978859293512869,1150.588668699187,22.35467479674797,0.09551158638857928,0.030595591984137284,0.8075301199264077,0.0009360902488598056,8.99320237118543,856.6947190426639,18.996227887617067,0.1066449448388859,0.03368782993718928,0.8552257989209818,0.001134869885876986,8.894140918516515,white_bread_slices_19.jpg,fresh_bread
338.42162893700794,7.270177165354332,0.5358193037810756,0.26467321268499905,0.9664451283788463,0.07005190951299875,5.762983075881943,984.1186062372125,11.010912021824044,0.49224940849094756,0.25516317312010217,0.8996848488672081,0.06510824491671924,5.959704829059535,818.3465797244096,9.248154527559057,0.5154603746281248,0.258078527342859,0.9166120304055954,0.06660452627545882,5.865066738025495,971.8830057660118,10.788331576663154,0.49842576087304025,0.2523150026042596,0.9009320726293542,0.06366286053918752,5.960004290757231,643.9099082341271,10.439546130952383,0.4968797888048989,0.25639020241526417,0.9361315999511686,0.06573593589454012,5.9512533552742015,984.1186062372125,11.010912021824044,0.49224940849094756,0.25516317312010217,0.8996848488672081,0.06510824491671924,5.959704829059535,1600.2816840277783,14.602492559523814,0.46607419933442723,0.24298950128156985,0.8321129912101044,0.059043897733066036,6.124507840972425,971.8830057660118,10.788331576663154,0.49842576087304025,0.2523150026042596,0.9009320726293542,0.06366286053918752,5.960004290757231,905.6941875000002,12.967687500000004,0.4716854229700438,0.25008665295128213,0.9101324811515253,0.06254333398437502,6.090069441628804,1923.0074326026706,17.35260770975057,0.4372350027949194,0.23972945060944192,0.7981268791298244,0.057470209489504855,6.24078376917454,2381.784125,19.47075,0.42767193524367814,0.229355699971409,0.7424170323399645,0.05260403710937499,6.314436865441708,1889.3199798437895,16.93260267069791,0.4417442103961537,0.23453424819192759,0.8016633143548291,0.055006313574952684,6.255378287953197,1116.1348286290324,14.962449596774198,0.45170960064857263,0.24449217015699728,0.8892122325484126,0.05977642126807812,6.198550824249924,2793.1816960000006,22.689920000000004,0.3974177360315246,0.22628855603410442,0.6976732220431605,0.05120651059200001,6.452757619316417,3074.881111391129,23.63060735887097,0.3975443111147567,0.2186309958018095,0.6566725820300884,0.04779951232529084,6.462758842456034,2720.0811520000007,22.05504,0.4029969103615072,0.22107857672782322,0.7055854362632596,0.04887573708800001,6.461891930143557,1301.25393800813,16.71963922764228,0.43512797090910715,0.24042025838809644,0.8707907434920629,0.05780190064339906,6.289968889355104,3510.4667663891782,27.07771852237253,0.3673789873413396,0.2146236213974936,0.6076748703913297,0.046063298861774675,6.610984278333049,3663.835619918699,27.064405487804876,0.37326167302837127,0.2085621083176527,0.5790360890893431,0.043498153025904304,6.5811350011882785,3383.5093002081167,26.167989073881373,0.37136633021399185,0.2105569201710488,0.6218634691415481,0.04433421663191741,6.615789464850284,white_bread_slices_21.jpg,fresh_bread
224.08101624015748,5.662586122047244,0.519264653801153,0.10805156651369428,0.9740994768806194,0.0116751410260633,6.467526016724428,747.712195424391,9.144646289292579,0.44150254179596427,0.09397277004266032,0.9111754742351851,0.008830881509490716,6.77481533237374,697.0401082677165,8.353100393700787,0.4859814850176384,0.0998840541574961,0.9171530718712182,0.009976824274937613,6.640689873791593,800.2504805009611,9.685783371566744,0.4551310896963189,0.09572916522280783,0.9049337187140087,0.00916407307425564,6.772751162747299,374.3117559523809,7.7754216269841265,0.4359140558149254,0.09936244733419647,0.9567552119480933,0.009872895940240966,6.7172630164302,747.712195424391,9.144646289292579,0.44150254179596427,0.09397277004266032,0.9111754742351851,0.008830881509490716,6.77481533237374,1298.7326388888887,12.893601190476188,0.3993778509515365,0.08462758063759675,0.841115116711053,0.00716182740457294,6.9950070377230675,800.2504805009611,9.685783371566744,0.4551310896963189,0.09572916522280783,0.9049337187140087,0.00916407307425564,6.772751162747299,505.0546874999999,9.479062499999998,0.3804916687895128,0.09477871019511712,0.9416731005928062,0.008983003906249997,6.892187226203386,1394.7440161249683,14.034769463340888,0.3361535635672898,0.07842479757284541,0.8295483964685746,0.006150448874341781,7.1530606592964965,1894.6300625,17.2179375,0.33339109234869924,0.07382238238247937,0.7610459096974589,0.005449744140625001,7.255711485260447,1494.0771604938277,15.188145628621823,0.35259860119057296,0.07992937926298382,0.8174052030435305,0.006388705669365908,7.169796427921272,637.1160534274194,11.03528225806452,0.33775945234376703,0.09162187957810339,0.926448899305652,0.008394568817424479,7.015441382167778,1997.4170240000003,18.428608,0.2661347473630081,0.06807670403302439,0.7484790767761655,0.004634437632,7.4029956735462,2512.8650453629034,21.476058467741936,0.2828239359397771,0.0648451842869705,0.6729763529165395,0.0042048979252111655,7.439613185986143,2148.9710080000004,20.086144,0.28620999850865914,0.06939669064155726,0.7293814069980717,0.0048159006720000005,7.421226376516268,743.8753175813009,12.355373475609756,0.30443365728421834,0.0893646468530019,0.9141428223544426,0.007986040107161743,7.127216383843319,2594.69244276795,22.637031737773153,0.2173442279128333,0.05969346154747511,0.6630602529478005,0.0035633093515198893,7.589284771848948,2924.4312118902444,24.577934451219512,0.24641133271165577,0.057816580751269595,0.6083781533112933,0.003342757009768078,7.571739912157423,2764.8946409989594,24.394510926118627,0.2386234955644646,0.060937199774769815,0.640923809618287,0.0037133423163902063,7.60420910168086,white_bread_slices_22.jpg,fresh_bread
311.8670644685039,7.8874876968503935,0.42871882427174623,0.2855634902523154,0.969489237727414,0.08154650696508424,6.3262207047967625,643.8150536301073,10.722735445470892,0.409273507649685,0.28046840747185003,0.9354662696102993,0.07866252758979571,6.4750241508794675,484.65071358267716,8.758735236220472,0.42370865426473153,0.2847781711741468,0.9515181589877817,0.08109860677729165,6.359337007295959,571.0060760121519,9.817409634819269,0.4152304230032725,0.2802916956305061,0.9427643824845697,0.07856343463942428,6.430779957954017,566.7660590277778,10.837487599206352,0.41023342897555926,0.27915118548918205,0.944442160616168,0.07792538436001571,6.468937871526988,643.8150536301073,10.722735445470892,0.409273507649685,0.28046840747185003,0.9354662696102993,0.07866252758979571,6.4750241508794675,908.900421626984,12.61235119047619,0.3988144066650171,0.27664201501128116,0.9067447523940241,0.0765308044695019,6.559039516248581,571.0060760121519,9.817409634819269,0.4152304230032725,0.2802916956305061,0.9427643824845697,0.07856343463942428,6.430779957954017,795.79325,13.298,0.39689282997201114,0.27271159359523023,0.9218617119734182,0.07437161328125001,6.590332942466092,1211.5195893172083,15.943373645754598,0.37934167722935214,0.26853096662859816,0.8751791846445296,0.07210888003848928,6.706267664727766,1319.4720000000002,16.111,0.3784624280819454,0.26922194752889306,0.8610000222182013,0.07248045703125004,6.698849642808813,1059.055366591081,14.215104560342658,0.3840101577239069,0.2682016213595368,0.8908873157891019,0.07193210969988434,6.650293301044394,1007.9730972782261,15.481665826612906,0.3871253333316853,0.2666560238227095,0.9008687968180996,0.0711054350409374,6.675272516105972,1731.280128,20.533376,0.35342297574012327,0.2570294262375419,0.8165151009887224,0.06606412595199998,6.878595852889998,1693.700226814516,19.226310483870968,0.36009304144899695,0.2620095422562766,0.8166210264141671,0.06864900023334358,6.813123089962099,1508.43072,18.000128,0.36071339896839655,0.25651979628870747,0.840133174378636,0.06580240588799999,6.8259724162601305,1196.8069105691056,17.427591463414636,0.374597041314374,0.2604896923810787,0.8821140014680416,0.06785487983678902,6.755608317362886,2171.5461108220607,24.429435483870968,0.33454750869534416,0.24588786933291062,0.763011405677974,0.06046084428507853,7.027502243390154,1990.2783282520327,21.84502032520325,0.3439288838453067,0.25485823605932967,0.7790866199931309,0.064952720487273,6.920158774785753,1914.0487122788759,21.44725546305931,0.3402895935551863,0.24502055570287187,0.7911130178050249,0.060035072716944145,6.971743292468167,white_bread_slices_23.jpg,fresh_bread
498.2917076771654,12.917445866141732,0.23515257315011673,0.07519842903306591,0.8523967025721977,0.00565480372904105,8.243715792698268,647.2072044144089,14.927955855911714,0.1970881991324003,0.06605891363853049,0.8069534946735164,0.00436378007110283,8.39625803222615,536.4148622047245,13.549704724409452,0.22473671685404706,0.06687047595650292,0.8400841105741041,0.004471660554649235,8.321145117225296,647.2430404860809,15.054932109864218,0.21539037065903383,0.06634520259013472,0.8069458328792734,0.00440168590672602,8.36697086016383,700.957527281746,15.845052083333332,0.19839963436829938,0.07418831156839595,0.7922294517120141,0.005503905573369393,8.382088356140716,647.2072044144089,14.927955855911714,0.1970881991324003,0.06605891363853049,0.8069534946735164,0.00436378007110283,8.39625803222615,824.4811507936508,17.389756944444443,0.18074633186685277,0.05678052113466963,0.7524215814314499,0.0032240275803246646,8.514422677097096,647.2430404860809,15.054932109864218,0.21539037065903383,0.06634520259013472,0.8069458328792734,0.00440168590672602,8.36697086016383,834.1424375000001,17.657062500000002,0.17904199125054704,0.07381414054061729,0.7524672036564252,0.00544852734375,8.450983078828036,946.8456160241876,18.957608969513732,0.15410841564806751,0.056384341604728924,0.7153106623180729,0.0031791939781987653,8.581118693458752,1047.9644375000003,20.3389375,0.15298357011551122,0.04898263802741743,0.6828795740131784,0.0023992988281250002,8.64231470730863,943.6549508692366,18.986520534139583,0.17816503411570722,0.056782575693978564,0.7162795091660002,0.003224260902442405,8.545946887152185,935.8290700604841,18.98279989919355,0.1672561288628942,0.0736602556772232,0.722312695404148,0.005425833266433894,8.504353255552545,1187.7954559999998,22.097408,0.12619945697875945,0.048409834372780076,0.6396024407305716,0.0023435120639999996,8.703990076751003,1230.8277469758066,22.527343750000007,0.13358915831750182,0.042981635256432914,0.6246760996750441,0.0018474209693170366,8.718462556419707,1134.9737599999999,21.386304000000003,0.15529135351359394,0.04914881239663884,0.6556583554650101,0.0024156057599999995,8.648845439642017,1003.5876524390244,20.023246951219512,0.15705359733231872,0.07331377914334093,0.7023207895238928,0.0053749102122785716,8.53548996430537,1398.7348465140476,24.563670655567115,0.11128702087704459,0.042543289931619835,0.5723246044816456,0.0018099315182058659,8.78324420625187,1375.9696392276423,24.296493902439025,0.12053607834509339,0.039379671516357295,0.5771120595677147,0.0015507585287362023,8.77262892602906,1307.984391259105,23.545005202913625,0.13294268532535866,0.04311762623605604,0.6001097541885453,0.001859129692232228,8.719032682297549,white_bread_slices_24.jpg,fresh_bread
315.03125000000006,9.650959645669294,0.42392270486337624,0.2829523573463944,0.9270874475464682,0.08006203652788169,6.406736905688211,604.268522537045,12.297662595325189,0.38063287682792324,0.2714340928799704,0.8572101255197028,0.07367646677757239,6.567023013927352,544.107406496063,11.263533464566928,0.40029583557781045,0.27994551035911885,0.8716445147456863,0.07836948877022754,6.47152275633385,590.018166036332,11.9755099510199,0.3913410388067058,0.2747775478864699,0.8605775135932916,0.07550270082250127,6.543766757982297,431.89614335317464,11.36080109126984,0.390977340405669,0.2732301967041421,0.8998702288249539,0.0746547403909842,6.534100429263457,604.268522537045,12.297662595325189,0.38063287682792324,0.2714340928799704,0.8572101255197028,0.07367646677757239,6.567023013927352,891.7760416666665,14.929315476190474,0.36009876575686556,0.265940397608343,0.7850258656205555,0.07072429508008357,6.673729216161767,590.018166036332,11.9755099510199,0.3913410388067058,0.2747775478864699,0.8605775135932916,0.07550270082250127,6.543766757982297,521.291875,12.82675,0.369660473278695,0.2641216464824968,0.8789433665761801,0.06976024414062501,6.628782519897369,968.4581128747795,16.11381960191484,0.3400185844498161,0.2518641426235787,0.7657602310670416,0.0634355463395104,6.787855739553427,1235.4480624999999,18.216687500000003,0.3309075857039839,0.2519437367436924,0.6953826477634074,0.063475646484375,6.831552594439201,961.2981229528848,15.868417737465359,0.3489176508289266,0.25602913989343057,0.7674920089958652,0.06555092047456983,6.770909581258908,605.7818800403227,13.9499747983871,0.3568261137055743,0.2560212787349932,0.8591185433422168,0.06554689516510108,6.711105921049147,1312.891776,19.474815999999997,0.3126300073003804,0.2349578116343443,0.6746960200905753,0.055205173248000006,6.95628845631997,1544.0751008064517,21.0304939516129,0.31232069577782395,0.24048279275811538,0.6109867158627647,0.057831973612742664,6.938223921953171,1346.148608,19.641215999999996,0.31748621581669856,0.23961568376047507,0.666455752304193,0.057415675904,6.9441172059074265,692.3837017276423,15.196328760162602,0.34482214340798434,0.24867286699617927,0.8387259775187267,0.06183819478009947,6.776717440342122,1654.3076222684704,22.774323621227886,0.289712337999227,0.2203945919744311,0.5806888560388566,0.04857377617157596,7.099840159784321,1832.587779471545,23.691310975609767,0.29477881587239585,0.229501620668352,0.5277328381913715,0.052670993889400136,7.034879654964186,1703.507544224766,23.010405827263266,0.2931876929105604,0.22369241577552565,0.5680811781310113,0.05003829687549064,7.088508345128071,white_bread_slices_25.jpg,fresh_bread
447.89019438976374,13.06293061023622,0.2001543794882148,0.07722778492039471,0.8764092927448321,0.0059641307637107455,7.866144907929096,696.0572261144523,16.25699051398103,0.17071194051319738,0.06906911209904108,0.80331633753003,0.004770542246149903,8.017011139960397,489.33747539370074,12.725393700787402,0.20149269178077298,0.07394634308969009,0.8615935789051399,0.005468061656338157,7.841611040242688,564.8673817347635,13.808791617583235,0.1920860547795364,0.07151829192202411,0.8403865721278083,0.005114866079443859,7.899706556813225,647.4727182539683,16.42199900793651,0.17043333412100325,0.07286088921383123,0.8215266263418511,0.005308709177030187,8.016553604109047,696.0572261144523,16.25699051398103,0.17071194051319738,0.06906911209904108,0.80331633753003,0.004770542246149903,8.017011139960397,812.3364955357143,17.209263392857146,0.16174861756657616,0.0638202179713084,0.76438835562225,0.004073020221905315,8.060039949231,564.8673817347635,13.808791617583235,0.1920860547795364,0.07151829192202411,0.8403865721278083,0.005114866079443859,7.899706556813225,802.3855625,18.6690625,0.15308153582619527,0.06961905270829244,0.7790983353630071,0.0048468125,8.084995671769047,1102.1473922902494,21.16528092718569,0.1343710591597202,0.056092961926884295,0.6810276201318894,0.0031464203777308913,8.200962199152581,1055.370625,20.106875000000002,0.13918305282127996,0.05599604129422899,0.6856221223421248,0.0031355566406249986,8.168834612253937,868.0182035777274,17.81336608717561,0.15704555424328837,0.06104165157097362,0.74880963284497,0.0037260832265121457,8.099039295094608,974.5214843750002,20.507119455645164,0.1457704509771924,0.0675900257580235,0.7321713685052051,0.00456841158197028,8.128737643784751,1464.9023359999997,24.799552,0.11320423091604541,0.046383842704114116,0.5652377109051872,0.002151460864,8.298316996123756,1273.8511214717744,22.353641633064523,0.12593042658124975,0.05138916466048452,0.6109584761516306,0.002640846244502391,8.233930115565252,1131.102336,20.627200000000002,0.1354618304124948,0.05353880207849256,0.6644550235334424,0.0028664033279999996,8.19343250500079,1113.03899898374,22.00635162601626,0.1360599963035452,0.06596199550193553,0.694585128243672,0.004350984850597363,8.149692058588236,1784.5241935483873,27.637356919875128,0.10094823347874063,0.03927023253285065,0.4582291221627016,0.0015421511631841611,8.353858642528042,1449.0203887195123,24.018864329268293,0.119403840116402,0.047611379353138146,0.5473197985412694,0.0022668434439084293,8.280667731140673,1368.3549037460978,22.88729188345473,0.12274015196909092,0.04810576564954901,0.5846921150209751,0.0023141646887293293,8.259367172133858,white_bread_slices_26.jpg,fresh_bread
335.12296998031496,7.527743602362204,0.20703156276133045,0.025402242707895657,0.9709367738964982,0.000645273934590838,7.868387459987894,462.1142042284085,8.96769793539587,0.1952736077607555,0.024868233506095225,0.9600179954983841,0.0006184290377136772,7.927253258497565,226.68842273622047,7.031926673228346,0.20844189317669626,0.025747923208365983,0.9803593896429027,0.0006629555495439117,7.850345097330998,478.224316448633,9.068510137020274,0.1948911174504317,0.024902216858728413,0.9586246375207822,0.0006201204044791375,7.927892752126763,689.8505084325395,9.983940972222221,0.1879302325721383,0.024322632282574044,0.9402535095808906,0.0005915904411533131,7.957835872298979,462.1142042284085,8.96769793539587,0.1952736077607555,0.024868233506095225,0.9600179954983841,0.0006184290377136772,7.927253258497565,508.23933531746025,9.47470238095238,0.1933735419095807,0.024738301263175628,0.9560677391709169,0.0006119835493876369,7.939681597641086,478.224316448633,9.068510137020274,0.1948911174504317,0.024902216858728413,0.9586246375207822,0.0006201204044791375,7.927892752126763,1042.6740625,12.324312500000001,0.17571471076060097,0.023405394677296087,0.9098071042786697,0.0005478125,8.033311239219756,1029.2401738473168,13.150730662635425,0.16994729675956655,0.023430748229841144,0.911254498661324,0.0005489999626102039,8.046905194069709,798.021,11.653625,0.18685661069869333,0.02411941321321893,0.9311772928715485,0.0005817460937499999,8.002463922321562,1066.3133660871758,13.241559586797685,0.16739570829917458,0.023540007100837104,0.908063983053499,0.0005541319343074613,8.038309490566597,1402.1564390120966,14.669291834677418,0.1643741806329194,0.022742143052724137,0.8788465970420857,0.0005172050706305687,8.090475852532952,1594.3029119999999,16.989248,0.1587677775697066,0.022342738238631362,0.8629585187696949,0.000499197952,8.142708825322314,1077.3270539314517,13.744266633064516,0.1745040495105145,0.02346361011210592,0.9072997802212269,0.0005505409994929192,8.055288713826009,1675.06848,17.263807999999997,0.1526201596791354,0.022453102769995955,0.8560374391325076,0.000504141824,8.125437043608667,1769.9105055894315,17.086445630081304,0.16019192746280747,0.02225798629199465,0.8472093196529857,0.0004954179537746217,8.150458823733183,2137.0159989594176,20.678459937565037,0.14762562504137444,0.02153859553096766,0.816819523065876,0.00046391109744662007,8.224752448450468,1341.0895579268295,15.72332317073171,0.1618365854401703,0.02285588296050146,0.8848574254636986,0.0005223913859041411,8.106936415436639,2283.6902315296575,21.32836888657649,0.1393779355463236,0.021734525603615565,0.8042939789054692,0.00047238960321422047,8.201834454149688,white_bread_slices_27.jpg,fresh_bread
229.30302657480314,6.052165354330709,0.5789392299602507,0.46434568408362575,0.9760253338447353,0.21561691432709038,4.751465202576816,954.5319610639219,10.119784239568478,0.5587911235983843,0.45599343068645576,0.8971284289515167,0.2079300088292035,4.878842302627956,851.6764271653544,8.826033464566931,0.5708346511306263,0.46249672079579474,0.9082334024666333,0.2139032167468633,4.7903802721646755,895.1969743939486,9.271250542501086,0.5605660970510443,0.45631504323092587,0.9035230637525111,0.20822341867884175,4.859016897783914,394.41716269841265,7.893229166666666,0.5644905677874756,0.45487745701078336,0.9587498993807597,0.20691350089659705,4.867259125240899,954.5319610639219,10.119784239568478,0.5587911235983843,0.45599343068645576,0.8971284289515167,0.2079300088292035,4.878842302627956,1682.8101438492063,13.894593253968253,0.5403935378284228,0.4508405617095749,0.8127837274418536,0.20325721208260505,4.954348396241735,895.1969743939486,9.271250542501086,0.5605660970510443,0.45631504323092587,0.9035230637525111,0.20822341867884175,4.859016897783914,545.8994999999999,9.514999999999999,0.5489075280701792,0.4448746860950001,0.9428891004132005,0.19791348632812486,4.963694875841767,1875.4152179390278,15.890652557319227,0.5280880119602629,0.43811912543494586,0.7912823900830736,0.19194836807188184,5.089358389483683,2551.5870625000002,18.9244375,0.5198924311323074,0.43957907778350874,0.7065837532687635,0.19322976562500002,5.071012053945455,1731.9640967498108,14.261400856638954,0.529309140588738,0.4391469026830388,0.8072472680834879,0.19285000213610634,5.0467010054121,706.9125504032256,11.024571572580644,0.5373713659730072,0.43509018443432235,0.9260189924614772,0.18930346859109262,5.0596668917111,2798.942400000001,21.430208000000004,0.49781991521250196,0.42007726953978375,0.6780188017597505,0.1764649123840001,5.25676782621877,3227.348349294355,22.961000504032256,0.49917970494479635,0.4283490903068189,0.6175066268945516,0.1834829431666793,5.178702160633335,2570.944832,19.050816,0.5070622101956656,0.4219793299203173,0.7042468978222142,0.17806655487999998,5.19932761032631,860.9439151422764,12.532202743902442,0.5256940168712262,0.4249399464451648,0.9098675935092561,0.18057395808481952,5.145891382024723,3521.451677939646,25.928004682622273,0.4732836061048169,0.40200626013356583,0.5825857534522557,0.1616090331865762,5.403644109507885,3914.117695630081,26.88662347560976,0.47995940068202,0.4168316842837238,0.5199797794938229,0.17374865302280598,5.279592163493755,3182.870512486992,22.756048387096776,0.47980182591924136,0.4043694053142314,0.6227193730495478,0.16351461595418512,5.337998381237384,white_bread_slices_28.jpg,fresh_bread
694.493725393701,12.672490157480317,0.5514160770000919,0.4619390373327111,0.9175945707760256,0.21338767421187185,5.017901879983199,1461.8146196292396,16.468100936201875,0.527473962612993,0.4535704553140657,0.8201843428481717,0.20572615793380886,5.1206249827346175,1254.2913385826769,14.614050196850393,0.5374513910489607,0.4599436630919234,0.845797196933831,0.21154817321841674,5.045426126575164,1275.5610391220785,14.93508587017174,0.5312216882605961,0.45405864994095824,0.8430951206759857,0.20616925758620566,5.106350644347268,916.7977430555554,14.477058531746032,0.5394566968346579,0.4523195008808924,0.891148244959357,0.20459293087713964,5.116077980284656,1461.8146196292396,16.468100936201875,0.527473962612993,0.4535704553140657,0.8201843428481717,0.20572615793380886,5.1206249827346175,2063.979228670635,19.01965525793651,0.5146311920186967,0.44857158972467176,0.7363593847218844,0.20121647110811924,5.188163430176784,1275.5610391220785,14.93508587017174,0.5312216882605961,0.45405864994095824,0.8430951206759857,0.20616925758620566,5.106350644347268,1091.3473749999998,15.943,0.5276954825517702,0.4421238690966594,0.8703376044236842,0.195473515625,5.213974453785112,2298.646447467876,21.080813807004283,0.5007896092250336,0.43608982619461595,0.7060766270621615,0.19017433651045035,5.309181597012469,2735.4563125000004,22.666812500000006,0.4968808528111871,0.4370397556823349,0.6363355665876606,0.19100374804687498,5.2958348879371595,2049.6808390022675,19.284013605442176,0.5037347020134603,0.4371006725584529,0.7379113667918586,0.19105699795105185,5.289958671241183,1230.971144153226,17.216733870967744,0.5159582575979179,0.43181855333738833,0.8536464031612526,0.1864672630063949,5.301481764422399,2949.468608,24.868159999999996,0.47516433648464235,0.4182169138234368,0.6073159174006012,0.17490538700799996,5.458750988918711,3278.259387600806,25.48569808467742,0.47719490437016465,0.4256553328604763,0.5475804402978418,0.18118246239256286,5.39173944730737,2652.454464,22.699199999999998,0.4784611972919379,0.4200690545898377,0.6468595580209274,0.17645801062400004,5.430846523965707,1367.6995045731708,18.3646468495935,0.5062669964934482,0.4213824064141791,0.8372708425942805,0.17756313243540445,5.386034888499011,3475.319263787721,27.71208376690947,0.45061187553893345,0.40002566489732466,0.5196133047788077,0.1600205325765467,5.59447616002242,3806.3102769308953,28.306338922764233,0.4602361942191695,0.41426942663375216,0.4519416309506272,0.17161915784345774,5.471805559907596,3198.898998439126,25.63156867845994,0.45521864697018144,0.40286519920201574,0.5578223462175651,0.16230036872807982,5.556963631131123,white_bread_slices_3.jpg,fresh_bread
756.8375369094485,18.209584153543304,0.14725674704713593,0.08022184240602856,0.9299964854621082,0.006435543999017683,8.603268838029232,1087.258106516213,21.004526009052015,0.13323089701604762,0.07329579033662188,0.8978818484069779,0.005372272881070035,8.688337853022409,760.4758858267716,16.633120078740156,0.14369856119105884,0.07366679704185919,0.9284922863424226,0.005426796986406473,8.602194992838356,1090.1032922065842,21.043090086180168,0.1279000631072551,0.07303451447185692,0.8976199207923401,0.005334040304139879,8.695175241182469,1340.4916914682542,24.08916170634921,0.13424818827944113,0.07922018236199495,0.8761640241392742,0.006275837293467736,8.696675879072345,1087.258106516213,21.004526009052015,0.13323089701604762,0.07329579033662188,0.8978818484069779,0.005372272881070035,8.688337853022409,1291.4674479166667,21.823474702380956,0.12367199879422028,0.06511658103955113,0.8766106217678931,0.004240169126280431,8.744257656628077,1090.1032922065842,21.043090086180168,0.1279000631072551,0.07303451447185692,0.8976199207923401,0.005334040304139879,8.695175241182469,1957.832625,28.80525,0.1287933538564789,0.07861878950034781,0.8193284247954672,0.0061809140625,8.751400130550337,2038.6125598387505,29.344230284706477,0.11121880656246502,0.06431678550198923,0.805668771800269,0.004136648897308893,8.829787518776408,1826.7975625,26.223687500000004,0.1102027088041439,0.05822030157621138,0.8225483711145977,0.0033896035156250016,8.84084103116962,2005.8291131267322,28.863756613756614,0.11176887856885737,0.06419265947977522,0.8088508501513662,0.004120697531086375,8.826396335710243,2545.191091229839,32.737210181451616,0.12420615217781905,0.07809163630562459,0.7654107357204805,0.0060983036608899446,8.782314440416197,2999.0568959999996,35.996544,0.1014057131033353,0.057413422263439394,0.7096006343077267,0.0032963010559999987,8.920474708418208,2357.272555443549,29.931955645161295,0.10077054048697567,0.05127738679613922,0.7671833942782339,0.0026293703966408723,8.917804273904412,2945.3134720000003,35.468224,0.10030245340277888,0.05716454061741421,0.7149991277841101,0.003267784703999999,8.919481460946603,3063.424415650407,36.10594512195122,0.12063654071787866,0.07785769696261492,0.7177976042166878,0.006061820976322378,8.816167452150157,3920.257544224766,41.6377471383975,0.0909091000136047,0.0504655173805961,0.6143996182147187,0.002546768444491247,8.996465109144573,2771.8192327235774,33.02705792682927,0.09039206950685535,0.0450873070737412,0.722166245448823,0.0020328652591618335,8.970369622257614,3837.6291623309053,40.902835587929246,0.08980274058479515,0.05028577164469172,0.6229249461224797,0.0025286588299020816,8.990107794322466,white_bread_slices_6.jpg,fresh_bread
385.60802165354335,8.146530511811022,0.552674436767885,0.429474497916414,0.9738015878144303,0.1844483443605559,5.235918286088501,1077.5968751937505,11.873643747287495,0.533349107412593,0.42082252468906745,0.9258404571593057,0.17709159728568077,5.362815212746488,975.4242125984251,10.757258858267717,0.5419117059872275,0.42645582352409644,0.9328760754934701,0.1818645694176153,5.293834011690752,1206.1682683365366,13.032054064108129,0.5293277549743188,0.4199633353140564,0.9169922543133706,0.17636920300810657,5.391864835009079,736.4058159722222,11.491009424603174,0.5352108672647257,0.4206664286943187,0.9499606895442938,0.1769602442304323,5.3737621056043,1077.5968751937505,11.873643747287495,0.533349107412593,0.42082252468906745,0.9258404571593057,0.17709159728568077,5.362815212746488,1926.983878968254,16.86669146825397,0.5112816067701396,0.41325765081348437,0.8656147667114502,0.17078188595587976,5.484811898140216,1206.1682683365366,13.032054064108129,0.5293277549743188,0.4199633353140564,0.9169922543133706,0.17636920300810657,5.391864835009079,1074.7105625,14.3069375,0.5205573890147207,0.4117301053936911,0.9269583623186547,0.16952167968749998,5.480422407716835,2095.3841647770214,18.251259763164523,0.49757569072430485,0.40275858019041477,0.8538600939255522,0.16221447391699875,5.580102911803067,2861.5403125,22.2903125,0.48733385859803835,0.40042717424645397,0.7976786425282153,0.16034192187500002,5.6180470704367655,2382.8088309397826,20.435563114134542,0.4920922354109012,0.4002451706230835,0.833814025799913,0.16019619660710124,5.625909949699995,1407.088835685484,16.91985887096774,0.5068534037634844,0.4028107457330275,0.9043488062783173,0.16225649687799773,5.582884801183274,3096.664448,24.155648,0.4697882936958865,0.3840596140392792,0.7810485197042721,0.1475017871360001,5.7635942029963765,3729.246156754032,27.314453125,0.4637596766098112,0.38776027564611204,0.7326122971693996,0.15035803136914877,5.728724222394878,3521.583232,27.131776,0.46158768993911253,0.3803050713098631,0.7510043872757974,0.14463194726400003,5.816197583423902,1724.6389100609758,19.344829776422767,0.495665052149735,0.3946645372404865,0.8827525049776618,0.15576009695524734,5.6668072520515,4012.2996227887616,29.464815296566076,0.4422575622276373,0.36594531361354166,0.7123520879986354,0.13391597255571336,5.915370003176982,4526.478150406504,31.801575203252032,0.4430210718252181,0.37493335256774074,0.6714390065753683,0.14057501886768578,5.839723686880328,4549.104643600416,33.349310613943814,0.43163429554737326,0.36093718036731653,0.673867712975566,0.13027564817150877,5.98228897157176,white_bread_slices_8.jpg,fresh_bread
387.38330462598424,8.90385088582677,0.39999584668645094,0.10355046564662201,0.9586891979449872,0.010722698935632246,6.814872692825774,863.2810465620931,11.616591233182467,0.3812232021362976,0.09558103887750659,0.9058904709873098,0.009135734992903426,6.932703416095636,780.5184547244096,10.521038385826774,0.41216719074316754,0.09931365545828204,0.9149162047740982,0.009863202160486355,6.819829949626355,867.1321842643686,11.651373302746606,0.3742726363860984,0.0952323519229003,0.905471253043744,0.009069200852767132,6.957174950897709,525.2181919642857,10.870845734126984,0.3557982731961933,0.09850072444671011,0.9439844094130092,0.009702392716526714,7.0043728718057405,863.2810465620931,11.616591233182467,0.3812232021362976,0.09558103887750659,0.9058904709873098,0.009135734992903426,6.932703416095636,1345.1725570436506,14.309957837301585,0.3640457594205684,0.08956886886452246,0.8499598300434524,0.008022582269670023,7.019759695085064,867.1321842643686,11.651373302746606,0.3742726363860984,0.0952323519229003,0.905471253043744,0.009069200852767132,6.957174950897709,667.3281875000001,12.5639375,0.3300737441181789,0.09563656996999108,0.9288165138248269,0.009146353515625,7.118281428060228,1468.3613000755859,15.804610733182162,0.3322238092692401,0.08505277967296694,0.8362169143819145,0.00723397533009826,7.168207079945695,1902.1956250000003,17.892375,0.33383167277353504,0.08271620580711497,0.7827808310036529,0.006841970703125,7.1613576382202435,1521.44816074578,16.500440917107586,0.3191732361380969,0.08391410475706144,0.8302986568251173,0.007041576977179083,7.205507525834983,829.7148437499999,14.372857862903226,0.3086239321615196,0.09318622248194965,0.911477944642112,0.008683672060455417,7.236618471132361,2044.276288,19.604544,0.29986129360428054,0.07720359286976222,0.7665710318735467,0.0059603947519999995,7.3275742327208935,2385.713835685484,20.901083669354836,0.3090072385868856,0.07644896137524802,0.7213561635932587,0.005844443695354164,7.267010406789257,2149.00096,20.809728,0.28205097058601153,0.0752973123557541,0.7546231774585235,0.005669685248,7.386293633361033,968.5881605691059,15.850736788617887,0.2911242640233279,0.09116805025113811,0.896623932950406,0.008311613386594044,7.329869089252922,2547.212994276795,23.01619406867846,0.2719786767680907,0.07056435128998619,0.7025798993886533,0.004979327672976576,7.455241062982397,2732.606643800814,23.374555386178862,0.2875328517747067,0.0712894688041315,0.6737600951341707,0.005082188362375239,7.3652069864770935,2692.741480228928,24.593327263267433,0.2478443712819779,0.06809855164003926,0.6856109211557745,0.004637412735471094,7.5269863681748115,bread_with_green_mold_11.jpg,spoiled_bread
782.6598794291338,17.7677780511811,0.1533493469707554,0.07991297003296634,0.8334629526087792,0.006386082779489777,8.557693963323832,1052.50759501519,20.426374852749703,0.1390640341880279,0.07297538383321651,0.7728700157633129,0.005325406645605279,8.65206344057656,933.8039493110236,18.605868602362207,0.15747630168333887,0.07351256721916401,0.7983493751743034,0.005404097539152107,8.561916494065493,1067.4893049786097,20.647839295678587,0.1362016772464775,0.07297733280096708,0.7696355943092513,0.005325691102743106,8.651877885730135,988.8067956349205,20.330605158730158,0.14216327819586352,0.07896953288711098,0.789722008323887,0.0062361871244085015,8.635453666344569,1052.50759501519,20.426374852749703,0.1390640341880279,0.07297538383321651,0.7728700157633129,0.005325406645605279,8.65206344057656,1244.0523313492065,21.90525793650794,0.13346053610794886,0.06505910962113017,0.7274022677325037,0.004232687744694232,8.691849373313193,1067.4893049786097,20.647839295678587,0.1362016772464775,0.07297733280096708,0.7696355943092513,0.005325691102743106,8.651877885730135,1104.3261874999998,21.869437499999997,0.13343182513128368,0.07842701623165323,0.7653707120595318,0.006150796874999998,8.677298726733913,1379.4855757117662,23.79257999496095,0.12105476762498171,0.06418451598873481,0.6981446552970149,0.004119652092708154,8.769911895669917,1487.9350000000002,24.003125,0.12179714288951393,0.05834159911675374,0.6690745995859331,0.0034037421875000007,8.765651300070513,1405.547871000252,24.057319223985893,0.1186620889209576,0.06418043612848098,0.6924370747483607,0.004119128381642027,8.769789102927685,1210.0508442540327,22.972971270161295,0.13145742757165024,0.07752132212478068,0.7431518395654139,0.00600955538397401,8.701944661602331,1639.2453759999999,26.4496,0.10743235854048823,0.057304790166267945,0.6363408970097851,0.0032838389759999994,8.858938626343875,1714.7326738911288,25.83222026209677,0.11185941377413765,0.051467874020918444,0.6127509773192472,0.002648942056233132,8.825295862715546,1703.325184,26.947584,0.10492336309024529,0.057251013894952116,0.6221097142604348,0.0032776785920000003,8.857983836083644,1320.2942073170732,24.20795223577236,0.12756724247309636,0.07753924198515913,0.7196201119204619,0.0060123340476330635,8.727334434996106,1874.2502601456818,28.668834547346513,0.09425671170523058,0.05054187736963137,0.5783217964477098,0.002554481368046856,8.921273194899173,1826.5550050813008,27.162220528455286,0.10650873650891662,0.045199663107111376,0.5808306035496373,0.002043009544996365,8.869264658013517,1980.8651144640999,29.579214360041625,0.09290032397039515,0.05028461506427876,0.5542960101758135,0.0025285425121626902,8.933324845180664,bread_with_green_mold_15.jpg,spoiled_bread
999.77312992126,19.443405511811022,0.19321880730297422,0.07835137209908079,0.8899306902815628,0.006138937509808615,8.65614868487696,1461.6945253890508,23.200632401264805,0.16988857160885823,0.07097660354435714,0.8373721059180695,0.0050376782506928505,8.784457192041792,1132.4582308070867,19.879490649606296,0.1993561604074615,0.0719834142405308,0.8744199026306122,0.005181611925723853,8.67787986164671,1388.2630665261327,22.56017112034224,0.17821909827434618,0.07089183485133453,0.845535660998806,0.005025652248588889,8.755539085015133,1577.8973214285718,25.051835317460323,0.1666038481194731,0.07692342595780634,0.8256695553792714,0.005917213461086113,8.796164727968495,1461.6945253890508,23.200632401264805,0.16988857160885823,0.07097660354435714,0.8373721059180695,0.0050376782506928505,8.784457192041792,1853.9611235119046,26.094680059523807,0.16290134082513924,0.06430841337088462,0.7921531541297541,0.004135572030280572,8.861437332157466,1388.2630665261327,22.56017112034224,0.17821909827434618,0.07089183485133453,0.845535660998806,0.005025652248588889,8.755539085015133,1886.9335,27.844625,0.15363640188382707,0.0758249551805011,0.7907631532702855,0.005749423828125,8.856604512483138,2209.2466616276142,29.703829680020156,0.139836355726293,0.06340150029246908,0.7506327182723344,0.004019750239335957,8.9540975213094,2316.1771875,29.8154375,0.14340479025898417,0.05782450888788422,0.737444630844005,0.003343673828125001,8.97531185811724,2105.703073822122,28.5148652053414,0.15064720788028596,0.06339624356362973,0.7622844221805158,0.004019083697979065,8.91301620748823,2155.736832157258,30.27173639112903,0.1438044931081121,0.07554561797744584,0.759993955912419,0.005707140395594188,8.905394639831503,2708.493184,33.933824,0.12184927103384108,0.0565910930094127,0.6897676448360105,0.0032025518079999995,9.063970270538881,2700.0849294354834,32.71106350806451,0.12724542859461518,0.05033901924231866,0.6904847014610892,0.0025340168582785277,9.052383309960032,2594.623424,32.322496,0.13077258848084755,0.056543610638161414,0.7027158993336757,0.0031971799040000004,9.024946520890321,2417.6147738821137,32.73545477642277,0.13625813980060256,0.07493547322259575,0.7295586019720823,0.0056153251470943645,8.945538679502398,3238.3350026014573,38.24174037460979,0.1029307036671208,0.049093236372627774,0.6234321078101052,0.0024101458575387026,9.171298055939662,2956.01937245935,35.0889862804878,0.11660827853575628,0.0444843781268309,0.6575133784708009,0.0019788598973308714,9.120234955733892,2981.633649843913,35.554695629552555,0.11733244229051783,0.04916267305254031,0.6530944219672445,0.002416968421670973,9.098448011627953,bread_with_green_mold_16.jpg,spoiled_bread
259.7022022637795,6.44900344488189,0.5945435452897424,0.5380178611729226,0.9254642632552237,0.28946321894108623,4.3919877771796445,293.1653543307087,6.99720999441999,0.5824487225007456,0.5305308278438787,0.9163023675891396,0.2814629592927113,4.45844792922899,150.65538877952756,5.0894438976377945,0.5994830457355576,0.5385413350595285,0.9567625960205912,0.2900267695676993,4.352350749062243,302.6085312170625,7.13255626511253,0.5807159020322272,0.5304282056991315,0.9136069255761329,0.28135408140120016,4.458959402621174,507.7288566468253,9.302145337301585,0.5763269471066607,0.5281742371950054,0.8550482800186584,0.27896802483652583,4.522997455288468,293.1653543307087,6.99720999441999,0.5824487225007456,0.5305308278438787,0.9163023675891396,0.2814629592927113,4.45844792922899,278.26915922619054,7.030815972222223,0.5719783772072848,0.5245905361444474,0.9205652320895579,0.2751952306123188,4.481505618101126,302.6085312170625,7.13255626511253,0.5807159020322272,0.5304282056991315,0.9136069255761329,0.28135408140120016,4.458959402621174,737.5290000000002,11.737500000000004,0.5654590039868644,0.5207198836856771,0.7905627197469042,0.27114919726562514,4.620576683716111,554.5474930713026,10.101158982111365,0.5584073057886477,0.5141600935449622,0.843343728298852,0.26436060179416426,4.626894536233407,405.9468125000001,8.676812500000002,0.559014492561882,0.5153919700698684,0.8847555280374555,0.26562888281250013,4.565293334751943,602.2154195011339,10.511967750062988,0.5531688740044677,0.5132890733481374,0.8298793836745535,0.26346567281858957,4.621162914694333,946.2776587701612,13.877457157258064,0.5460651145208602,0.5083195348583193,0.7327124605098673,0.25838874951857804,4.718571345024975,789.2094079999999,12.687295999999998,0.5353764134310683,0.4966054400346415,0.7794266923261913,0.24661696307199993,4.7612694315233135,535.516885080645,10.20917338709677,0.5440679911343727,0.5020354022979121,0.848776287250528,0.2520395451604265,4.6508949273066875,911.9219839999997,13.599935999999998,0.534060201326152,0.49789742673767645,0.7451329486753466,0.24790184755199987,4.744418258611623,1125.6054369918702,15.607088414634148,0.5325123132868954,0.4977006905499344,0.6837544217410767,0.24770597737388156,4.8007772986560315,999.5358350676379,14.936459417273674,0.5139904219751541,0.47784916499200103,0.723543397695192,0.2283398244835526,4.891131030878734,672.8161839430893,11.67555894308943,0.5308028818832687,0.48935169510309195,0.8110107229078831,0.2394650815002695,4.730238556767628,1186.860691987513,16.29474505723205,0.5114596580135621,0.47968271547239905,0.6717333773006722,0.23009550752297456,4.87297267572742,bread_with_green_mold_18.jpg,spoiled_bread
680.5374630905511,14.087782972440944,0.33313566859283716,0.0895508938891309,0.9379688516451402,0.008019362596342382,7.916596447775604,1369.8378076756153,18.843449686899376,0.2905075631776631,0.07924632137766831,0.8734570271671512,0.006279979451892688,8.127042618574974,1205.5469980314963,17.118725393700792,0.29746887643756226,0.0805205190167883,0.8886047686972557,0.006483553982732967,8.064945389926088,1362.0256680513364,19.156178312356626,0.28181447860819187,0.07916181319516126,0.8741747724745345,0.006266592668345607,8.125527241955615,925.8196304563494,16.901475694444446,0.30291450533747544,0.08696796474370512,0.9156312167635352,0.0075634268916623375,8.04533238100801,1369.8378076756153,18.843449686899376,0.2905075631776631,0.07924632137766831,0.8734570271671512,0.006279979451892688,8.127042618574974,2041.4915054563496,23.210627480158735,0.24847025097446798,0.06989261011752682,0.8087332425523891,0.004884976949040613,8.288222358629598,1362.0256680513364,19.156178312356626,0.28181447860819187,0.07916181319516126,0.8741747724745345,0.006266592668345607,8.125527241955615,1134.9653125,18.9708125,0.281924923225253,0.08522841552264127,0.8966022137294528,0.0072638828125,8.11013141821341,2281.7853993449235,25.419060216679263,0.23686136231964255,0.06850530524957048,0.7863509908860209,0.004692976847336828,8.357569178857515,2823.444875,28.503375000000002,0.2181819753256734,0.06225889431940629,0.7317329129979562,0.0038761699218750004,8.429745924243022,2276.3914084152184,25.72008062484253,0.2360855819590163,0.06856624851625175,0.7868272483250331,0.004701330435592395,8.336523477351685,1286.7583165322583,20.394783266129036,0.266038095349589,0.08375386707895842,0.8828031268704353,0.007014710250679836,8.166565590584138,3111.2427519999997,30.832127999999997,0.20331015635586525,0.06050215890362921,0.7047147352628838,0.0036605112319999995,8.50574376516888,3509.0848034274195,32.98185483870968,0.19281159777106305,0.05614118880754508,0.6621718555542764,0.003151833080724425,8.542984861653933,3113.20576,31.270528,0.20698611789866558,0.06081704182217349,0.7044358574795094,0.0036987125759999993,8.47425316740835,1428.3422891260163,21.681465955284555,0.2517815026138434,0.08268591294126121,0.8699179459318236,0.006836960198929829,8.210369438277237,3829.5674427679496,35.55144380853278,0.17569727988473427,0.054234545192900246,0.6319409132186397,0.0029413858922807392,8.617806742410067,4068.533727134147,36.689977134146346,0.17231162822652074,0.05020298443420296,0.6031518183704704,0.0025203396461008247,8.645091788093303,3840.7942247658693,35.877991675338194,0.18119092808253195,0.0545640257375958,0.630648190748945,0.002977232904693017,8.575100356778634,bread_with_green_mold_2.jpg,spoiled_bread
484.58501476377955,11.833784448818896,0.23405310117718955,0.08467090218717728,0.9571632263853287,0.007169161677190543,8.52841438082777,947.459296918594,17.63984127968256,0.16720727989845333,0.0754631803778743,0.9155949432151436,0.005694691592743594,8.843762341391281,816.3294783464567,15.703494094488189,0.19167033734318942,0.0763589110204301,0.9272687337685048,0.005830683292225961,8.740741688997618,1007.749395498791,18.026908053816108,0.18119084379459605,0.07590104204719256,0.9102269874456321,0.0057609681838496915,8.827895692499752,777.9516369047619,15.857142857142856,0.19387449995185543,0.08310273689847646,0.9312389695959565,0.0069060648800174,8.734059167963805,947.459296918594,17.63984127968256,0.16720727989845333,0.0754631803778743,0.9155949432151436,0.005694691592743594,8.843762341391281,1573.447916666667,23.63368055555556,0.14355766111464863,0.06589642194787403,0.8585530011813292,0.004342338425532253,9.026643570607558,1007.749395498791,18.026908053816108,0.18119084379459605,0.07590104204719256,0.9102269874456321,0.0057609681838496915,8.827895692499752,1008.5666875,18.5895625,0.17514336753590076,0.0821206714993247,0.9109041624817846,0.0067438046875000004,8.83477883533211,1773.8924162257497,26.088183421516753,0.12436982482596884,0.06464929781796773,0.8405607273843525,0.004179531708356288,9.104650992270255,2320.65975,30.14275,0.11782223930935114,0.058226608098231186,0.7892020175872523,0.003390337890625002,9.18533569807408,1931.7163013353493,26.92504409171076,0.14173884226188482,0.06543026633493938,0.8263916564887943,0.004281119752661102,9.079623625940295,1264.4828629032259,21.107862903225808,0.1620934388316567,0.08147873306668517,0.8882986433806799,0.006638783942152135,8.903265915787763,2530.021632,32.740352,0.10280314612510251,0.05699612337694555,0.7703283840163125,0.0032485580799999987,9.246570820982248,3011.1290952620975,35.61536038306452,0.10003342859754226,0.050967594674560836,0.7234786324874589,0.002597695706910322,9.293099923256493,2775.119488,33.792767999999995,0.11796037298410758,0.057264963389493224,0.7481099275378809,0.0032792760319999992,9.222820353767364,1512.7129700203254,23.46208079268293,0.1488538732599426,0.08061498402811952,0.8663711642795409,0.006498775649853966,8.958104815575753,3250.545525494277,38.44003642039542,0.08582515518980323,0.05023687765671568,0.7016420472190126,0.002523743876695819,9.33978463625913,3505.8529598577243,39.771532012195124,0.08889027554664972,0.0446182627148109,0.674715297321015,0.0019907893676878842,9.368800670736611,3570.0584677419356,39.89886836628512,0.09829302343806233,0.05002066052951859,0.6723528134403907,0.002502066479809339,9.32108859056068,bread_with_green_mold_21.jpg,spoiled_bread
883.8873031496064,14.239296259842519,0.5821407723658105,0.49538377515037746,0.8953807212654262,0.2454050846822397,4.8691741961882675,1312.3849587699176,17.396552793105588,0.5513423672712273,0.484017452539307,0.8437721358511947,0.23427289436264032,4.984785940861926,1062.5735728346458,14.943036417322837,0.5641428726942755,0.4940187250320008,0.8732779687714821,0.2440545006822436,4.904386810726703,1279.5682931365868,17.034348068696143,0.5565285380376528,0.48859832329463765,0.8476786707029703,0.23872832152633125,4.973257182358655,1170.417906746032,16.625992063492063,0.5660262285209909,0.4836746353834879,0.8617098623650034,0.23394115291335,4.961260247610156,1312.3849587699176,17.396552793105588,0.5513423672712273,0.484017452539307,0.8437721358511947,0.23427289436264032,4.984785940861926,1703.4619295634925,19.79712301587302,0.5377594301166578,0.4801558857663019,0.7956383941514581,0.230549674636022,5.055627863940052,1279.5682931365868,17.034348068696143,0.5565285380376528,0.48859832329463765,0.8476786707029703,0.23872832152633125,4.973257182358655,1346.4595,18.143250000000002,0.5554080374290453,0.47373188454810594,0.8412060368814791,0.2244218984375,5.044787124203943,1968.9991181657851,22.12496850592089,0.519133324392071,0.46324887519511104,0.7646724094246335,0.21459952036953558,5.177977176177716,2269.7031249999995,23.620499999999996,0.5178428785530427,0.4682834740938174,0.7261755307214226,0.21928941210937491,5.149880116587791,1924.4667422524567,21.826278659611994,0.5265304160777111,0.471066379738262,0.7699947565143785,0.22190353411971245,5.155552102103842,1588.6629284274195,19.965977822580648,0.5457761080331995,0.46527578182847157,0.812990141057852,0.2164815531560955,5.113127999512436,2606.168512,26.463551999999996,0.49511189148629053,0.44632811464213185,0.6874512662781379,0.19920878591999996,5.316786004809893,2743.897429435484,26.69795866935484,0.501954759631185,0.4569236097785303,0.6674870034305163,0.20877918517304264,5.22972555468043,2510.340352,25.935871999999996,0.5009565352293173,0.4533994460340683,0.6989461551338368,0.205571057664,5.295093195660879,1807.3584857723583,21.64799288617887,0.5367925270714422,0.456958067591966,0.7876253979294062,0.20881067553738375,5.17381350787013,3187.5729708636836,30.303329864724247,0.4742501442037821,0.42973875941995704,0.6169027519215963,0.18467540134780372,5.431808703425233,3194.08606453252,29.637004573170735,0.4870773409076667,0.4459564467749918,0.6107829336544186,0.1988771524201761,5.294669550185903,3074.8856009365236,29.762812174817892,0.48059714391098307,0.437418227936151,0.6304054359839016,0.19133470613080256,5.410554323584138,bread_with_green_mold_22.jpg,spoiled_bread
981.3407972440947,17.856422244094492,0.2013857638132851,0.07941086236089236,0.8934214812378645,0.006306085060900591,8.563310059088241,1462.9631099262197,21.387438774877545,0.17878997692511095,0.07224408649025367,0.8395125345416424,0.005219208032811253,8.692776645613955,1218.4611835629921,18.99723179133858,0.19104303807134557,0.07294225769771899,0.8662619741275494,0.0053205729580404456,8.626082364732149,1550.2559985119972,22.23243846487693,0.1769085302019648,0.07225795933203388,0.8299346737103416,0.005221212686829862,8.706262315733529,1445.9457465277778,22.589099702380953,0.168664617593426,0.07785576610484565,0.8430184870054733,0.006061520315772433,8.700863629009625,1462.9631099262197,21.387438774877545,0.17878997692511095,0.07224408649025367,0.8395125345416424,0.005219208032811253,8.692776645613955,2035.643229166667,25.857514880952387,0.15509682198847016,0.06531883366172554,0.7741939629784936,0.004266550030928171,8.812516214414394,1550.2559985119972,22.23243846487693,0.1769085302019648,0.07225795933203388,0.8299346737103416,0.005221212686829862,8.706262315733529,1784.2081875000001,25.699937500000004,0.15404640210724158,0.07733870564358446,0.8062518639834814,0.005981275390625001,8.779569499634636,2233.2486142605194,27.587364575459816,0.14501570421792973,0.06445547792791795,0.752525379660617,0.004154508634916318,8.870628198355918,2675.02775,30.842375000000004,0.13121054321205572,0.05859279165882952,0.6999717578063102,0.0034331152343750016,8.956105573405237,2459.8512219702698,29.52947845804989,0.14433229948905724,0.06429499088461461,0.7274055693824384,0.004133845852852677,8.895458209950444,2063.0422757056454,28.300088205645167,0.14642274135617694,0.07649291507903826,0.7758580473448362,0.005851166057288959,8.83942052083346,2751.327808,31.54016,0.12900388804565577,0.05738816156665066,0.6917028922515353,0.0032934010879999993,8.995574254217516,3248.9819178427424,35.00132308467742,0.11501754078162477,0.05090495774156461,0.6314741709209996,0.0025913147226704785,9.052362519819525,3176.2362880000005,35.09849600000001,0.12116247660607059,0.05712095909558943,0.6440653668278761,0.003262803968000001,9.034073159206955,2266.1028328252037,30.180322662601625,0.1381456351059411,0.07632555028611268,0.7535235493608373,0.005825589626477915,8.885390845732811,3194.4436134235175,34.874804890738815,0.11402002869768049,0.049934822122225185,0.6378648177937654,0.00249348646037827,9.09690349715682,3597.3271722560976,37.905424288617894,0.10369719944717623,0.04517680793903198,0.5876250827191876,0.0020409439755601825,9.139154761640217,3815.4567507804377,39.965205515088456,0.10317286066987949,0.049473526029326115,0.5674124656281759,0.002447629777774409,9.136836181062673,bread_with_green_mold_23.jpg,spoiled_bread
544.1481914370079,15.82855561023622,0.14790694064749244,0.08064173763902548,0.9269777831841262,0.0065030898494414175,8.679464117132422,969.1861863723728,19.33945067890136,0.13119787484989393,0.07349621114554548,0.8680837665452908,0.005401693052750605,8.80162923256108,727.2495078740158,15.505290354330707,0.14695880083006543,0.0738586158732067,0.9010813344411854,0.005455095138705901,8.652075258007475,919.8870357740717,18.486328972657947,0.13445454079505004,0.07350674928839632,0.8747938890311041,0.005403242190947152,8.777547303861038,880.1483754960318,20.43681795634921,0.1325858603396338,0.07945056731328719,0.8818533497046763,0.006312392646403179,8.81821269152614,969.1861863723728,19.33945067890136,0.13119787484989393,0.07349621114554548,0.8680837665452908,0.005401693052750605,8.80162923256108,1316.4191468253966,21.561631944444443,0.12246402442591257,0.0653426518230345,0.8182608067712451,0.004269662147266314,8.879063954767748,919.8870357740717,18.486328972657947,0.13445454079505004,0.07350674928839632,0.8747938890311041,0.005403242190947152,8.777547303861038,1125.6978749999998,23.392500000000002,0.12515844234190532,0.0790263380739295,0.8488841560276817,0.006245162109374999,8.895398469371791,1664.7231040564375,25.968505920886876,0.10937907671103311,0.0645159881215754,0.7699257683701624,0.004162312723303257,8.988563790864685,1856.0475625000001,26.1891875,0.10604283523129471,0.05844328179953621,0.7396736690496276,0.0034156171875000005,9.007295630617314,1580.0173217435122,24.773809523809526,0.1127488497804692,0.06459385720615933,0.7816328647444719,0.0041723663887697025,8.967365094657804,1337.1737651209678,25.637096774193544,0.12076672503480365,0.07838690420086843,0.8205139367896366,0.006144506750196124,8.925798571596909,2243.3550720000003,30.691008000000004,0.09640165494773334,0.0573176903931064,0.6849519953404543,0.0032853176320000016,9.098283214736355,2364.470514112904,29.9897933467742,0.09547333449842889,0.051251563242022125,0.6629674196648424,0.0026267227347509937,9.098725928300015,2148.283584,29.422144,0.09844647237184562,0.05740848160333105,0.6983119791728422,0.0032957337599999995,9.074136956624686,1502.4920604674799,27.262766768292686,0.1170328407626993,0.07780718537379981,0.7982922143274374,0.006053958095792848,8.954026520116878,2750.6161550468255,34.46618106139437,0.08502689405689312,0.05046379915658503,0.6074132462056315,0.0025465950253161524,9.169120285371937,2735.681974085366,32.914443597560975,0.08663755359489453,0.045062044873398016,0.6041490140826793,0.0020305878881721365,9.160624521095968,2679.7433012486995,33.23991935483871,0.08782750829552428,0.05074499782089972,0.6175554111920102,0.0025750548038431177,9.14663929906456,bread_with_green_mold_24.jpg,spoiled_bread
458.7933686023622,12.677718996062993,0.1978912738654672,0.09439759404383485,0.9010669388724722,0.008910905761264645,8.219745201075451,726.9317998635997,15.27676855353711,0.17345189922582396,0.08711684835524477,0.8412991124292704,0.007589345267350715,8.34921971287826,546.396530511811,12.581569881889763,0.19859715782786969,0.08782541322059426,0.880602239474424,0.007713303207368132,8.225126666474798,735.2491164982331,15.529357058714117,0.1713496287855323,0.08691469863394302,0.8394822458226974,0.007554164838629137,8.369145826127816,729.0894717261904,16.790612599206348,0.16702956471657474,0.09258797447354107,0.8429383148480879,0.008572533017113094,8.39948237994004,726.9317998635997,15.27676855353711,0.17345189922582396,0.08711684835524477,0.8412991124292704,0.007589345267350715,8.34921971287826,965.9719742063492,17.651661706349202,0.1569303027121401,0.0789999905458581,0.7861771371376172,0.00624099850624567,8.470299956276305,735.2491164982331,15.529357058714117,0.1713496287855323,0.08691469863394302,0.8394822458226974,0.007554164838629137,8.369145826127816,936.0070000000001,19.427500000000002,0.1562249715139409,0.09162056605915508,0.7985601565230707,0.008394328125000001,8.479086372177262,1197.431216931217,20.523809523809526,0.14418531462485518,0.07784399886682582,0.7354385188352234,0.00605968815957838,8.55672638103477,1313.3854375,21.2305625,0.1391454729343501,0.07151151294983907,0.7054124159503482,0.005113896484375002,8.604995826218094,1274.4368228772992,21.638384983623077,0.13800524848508428,0.0776748070226986,0.718422400221969,0.006033375646013469,8.588562611269444,1138.2350050403227,21.577746975806452,0.14591327797389483,0.09073242382131079,0.755198442803316,0.008232372732489964,8.530944544873748,1607.920768,24.495488,0.12459968673886863,0.07008651659199508,0.6403430473452508,0.004912119808000001,8.671928758087535,1649.2852192540322,24.457472278225808,0.12323282484324044,0.06506808347154863,0.6248400442068484,0.00423385548666042,8.699810611067148,1712.172928,25.929983999999997,0.12060633462546234,0.06991647771448445,0.6170205324493616,0.004888313856,8.705189603033533,1309.833841463415,23.42352642276423,0.14100987833338874,0.09016493883587956,0.7181453218098905,0.008129716195277902,8.565843797728089,1959.7096123829347,27.64704734651405,0.11279560384863455,0.06327921718234787,0.5556767654300881,0.00400425932721075,8.755496061023617,1933.8004319105692,27.030614837398375,0.11290171557904359,0.059086374414217914,0.5542890631305634,0.0034911996414171455,8.762419187323745,2075.2410249739855,29.321670135275756,0.11007382969279036,0.06330334269678624,0.5294703198346644,0.004007313196586759,8.784224856166304,bread_with_green_mold_25.jpg,spoiled_bread
491.99206446850394,13.329539862204724,0.18200272856816785,0.07149776151456896,0.9457829526187379,0.00511192990159418,8.73046425208263,780.5297910595821,17.087916175832348,0.143188590589788,0.06233866590184234,0.9130338610873326,0.0038861092664215203,8.931686569728706,648.031065452756,14.988619586614178,0.16755514014159884,0.06296408021413887,0.9277248392221104,0.003964475397212514,8.835004426424604,790.5154070308141,17.036828073656146,0.14443645624519427,0.06239698763178147,0.9119228428584721,0.0038933840655206897,8.929147389706728,744.0302579365078,16.94233630952381,0.1493529261370113,0.07057666883658589,0.9180650854992805,0.004981066184069115,8.888102587750062,780.5297910595821,17.087916175832348,0.143188590589788,0.06233866590184234,0.9130338610873326,0.0038861092664215203,8.931686569728706,1107.9281374007935,20.550905257936506,0.12259682483266734,0.05400801902417582,0.8750127637737921,0.0029168661189157372,9.07605968999271,790.5154070308141,17.036828073656146,0.14443645624519427,0.06239698763178147,0.9119228428584721,0.0038933840655206897,8.929147389706728,971.84475,19.839625,0.13523222129981474,0.06993359014987005,0.893074665029472,0.004890707031250002,8.978291842777326,1314.2833207357016,23.21050642479214,0.11102121855354347,0.05339328618626253,0.8519689291202261,0.002850843009768133,9.148862485982704,1542.9245,24.998125,0.10570387811864305,0.04794336665535704,0.82386356996223,0.0022985664062500017,9.209058091200886,1370.622197026959,23.654320987654323,0.11103453630098827,0.053142598065484034,0.8456291429865311,0.0028241357291495872,9.151474871283735,1202.4698210685488,22.4761214717742,0.12461339115131576,0.06917606042409674,0.8678589171983908,0.004785327335798283,9.052382108230258,1806.811712,28.240704,0.0926649267146159,0.04702451990185545,0.7942260254519387,0.0022113054719999996,9.2786049284799,1918.0913558467741,28.718119959677416,0.08910655577946813,0.0420266412505575,0.7787180120596007,0.0017662385748030615,9.307823687040349,1904.28128,28.790591999999997,0.0904031107047695,0.04690224182275299,0.7831353094932184,0.0021998202879999996,9.282796973775845,1428.5981961382115,24.80017784552846,0.11686375655883997,0.0687431997152075,0.8431446569566121,0.004725627507084903,9.100289922633204,2188.96221383975,32.252016129032256,0.07970715271615755,0.04122277984053383,0.7483508440959558,0.0016993175777811225,9.366902582324009,2216.6908028455287,31.87754065040651,0.07676969586418303,0.035233466269403865,0.7410812237207659,0.0012413971453572197,9.393748546629379,2342.9480359001036,33.05690686784599,0.07857200651750221,0.04109509318490669,0.730660573315493,0.0016888066838761646,9.367168112378552,bread_with_green_mold_27.jpg,spoiled_bread
1435.0728961614172,23.81194635826771,0.15243696432507065,0.06950675231555103,0.820409336334736,0.004831188617455359,9.028972360601639,1602.7376774753552,24.724781449562904,0.13907150430576387,0.05946278975358723,0.7974774120531217,0.0035358233652793185,9.094676897385593,1726.3060408464567,25.7109375,0.14223329503863383,0.059808415141757644,0.7823524997737467,0.003577046521768825,9.106979538272663,2374.8153016306032,31.38198276396553,0.1255493405414265,0.059255335276791665,0.6999218170364703,0.003511194758764991,9.196646393368916,2119.3096478174602,29.944816468253965,0.1337033195051997,0.06800067381129017,0.7341927351064336,0.004624091638789485,9.142294093860446,1602.7376774753552,24.724781449562904,0.13907150430576387,0.05946278975358723,0.7974774120531217,0.0035358233652793185,9.094676897385593,2786.9142485119046,34.657924107142854,0.1109312590557048,0.055102414129481705,0.645146946162369,0.003036276042896905,9.286467693275316,2374.8153016306032,31.38198276396553,0.1255493405414265,0.059255335276791665,0.6999218170364703,0.003511194758764991,9.196646393368916,2643.2635,34.334500000000006,0.11914308378110944,0.0667605767603531,0.6677488465005592,0.004456974609374999,9.209192973543775,2390.8382464096753,31.887503149407912,0.10618905434765018,0.05450124780107528,0.6941592264534222,0.0029703860118742128,9.269540599885469,3511.656125,39.913875000000004,0.09399813356552142,0.048154576950171626,0.5482923517364705,0.0023188632812500003,9.378485743517272,3485.6186696900986,39.837616528092724,0.10404748796074723,0.0543663524684908,0.5541235251092856,0.002955700280728176,9.33170190800873,3109.5643271169356,37.83574848790323,0.11236810841317307,0.06595682671993859,0.6085583909073727,0.004350302990964005,9.241907370827374,2999.1020799999997,36.676992,0.0902714743722327,0.04731498401141017,0.6114457009598877,0.0022387077119999997,9.352111088813107,4076.856224798388,44.07774697580646,0.08411786369825006,0.04176079118273253,0.4699764487223126,0.0017439636802077912,9.449473328702773,4231.929984,45.422591999999995,0.08641128939577447,0.04685453506332124,0.45174153438272135,0.0021953474559999993,9.426165840442788,3443.129192073171,40.44499491869919,0.10824534510642961,0.06568630095351344,0.5662978640709263,0.004314690132955541,9.267143342964044,3489.4049817898026,40.63026795005203,0.07657988749820538,0.041115133053895594,0.5422295361995483,0.0016904541660395383,9.426487999286035,4451.231072154473,47.1088668699187,0.07208227871237448,0.036130229573601146,0.4151640999730629,0.0013053934890411227,9.496181273890748,4686.428199791884,49.01716961498439,0.07640347573482582,0.0408052619838235,0.3852195217081087,0.0016650694055684713,9.470159061448213,bread_with_green_mold_29.jpg,spoiled_bread
884.2750984251968,14.51316437007874,0.3532492783221543,0.10558934897087074,0.923029806405399,0.011149110616092323,7.56266986362553,1318.8552297104595,18.093124186248374,0.3133174667528513,0.09720149399306548,0.8844120229879792,0.009448130434483944,7.73495607855514,1196.6434547244094,17.05093503937008,0.32785076990832085,0.10068823899806773,0.8952874105447571,0.010138121472532007,7.677870521269076,1405.8907557815116,18.813069626139256,0.3101370814437908,0.09822957512968852,0.8767853549324877,0.009649049430159123,7.736059143973559,1189.9489707341272,17.598028273809526,0.31474064059770257,0.10103856261571684,0.8962535727369786,0.010208791135450132,7.711038183707728,1318.8552297104595,18.093124186248374,0.3133174667528513,0.09720149399306548,0.8844120229879792,0.009448130434483944,7.73495607855514,1804.7943948412696,21.92609126984127,0.2866121858498017,0.0892714285480838,0.8409605475126228,0.00796938795501563,7.870095509039933,1405.8907557815116,18.813069626139256,0.3101370814437908,0.09822957512968852,0.8767853549324877,0.009649049430159123,7.736059143973559,1436.7205625000001,19.7549375,0.2950287365295387,0.09848286653017366,0.8745259775129324,0.009698875,7.792389892052402,2036.957860922147,23.83327034517511,0.2739554852309975,0.08671740128674563,0.819913016323486,0.007519907685926473,7.937048381141432,2429.50525,26.744500000000002,0.2575360204357724,0.08139206330318699,0.784359502090409,0.006624667968749999,8.012537798131147,2104.820924666163,24.281368102796677,0.27237971162432956,0.08738251184678818,0.8139216542139048,0.007635703376654077,7.930235042402858,1672.822769657258,21.856665826612904,0.27856479179160637,0.0967527899094305,0.8536481640464841,0.009361102355258395,7.855289465768534,2623.8963839999997,28.240191999999997,0.24764738353600665,0.07885148044266513,0.7659137405680447,0.006217555968000001,8.075320354756304,2962.0463079637093,30.559538810483872,0.23729550855361536,0.074882578419834,0.7351724732682461,0.0056074005508025895,8.11654661986044,2732.4991360000004,29.00384,0.24427922339559516,0.07940134406922846,0.7562503028080352,0.00630457344,8.076856853002207,1923.3419715447149,23.80233739837398,0.26827544488384103,0.09520167872419685,0.8313935079007634,0.009063359631905195,7.912853453343233,3233.5352497398553,32.694979188345485,0.22248594846825465,0.07169822172896517,0.7088521478349459,0.0051406349990958545,8.20019926282387,3350.1429751016262,33.726943597560975,0.22157524682675256,0.06919337893368216,0.6983774928092715,0.004787723688260129,8.206216272886794,3327.3618626430803,33.35822060353798,0.22320446981650158,0.07202119217089355,0.7004585795821024,0.0051870521217167774,8.202362973904414,bread_with_green_mold_3.jpg,spoiled_bread
1319.4889271653542,23.876107283464563,0.11782840512557348,0.05941711175397855,0.8173466054239891,0.0035303931691847757,9.14149322669328,1850.117676235352,28.981337962675923,0.09469583943014073,0.05017869254568787,0.7407440988652643,0.002517901185594671,9.302021936875649,1610.2539985236222,26.66258612204724,0.10019717393566807,0.051291187364110015,0.7741014138883846,0.002630785901220239,9.256264954760747,1729.6631533263067,27.95951391902784,0.09678712356897312,0.05116580658749145,0.7576245729909834,0.0026179397637485836,9.279678359052458,1665.985367063492,27.66803075396825,0.10341035366980574,0.058077796808124305,0.7695558295539927,0.0033730304820857736,9.234986562785334,1850.117676235352,28.981337962675923,0.09469583943014073,0.05017869254568787,0.7407440988652643,0.002517901185594671,9.302021936875649,2173.9144965277774,31.947730654761905,0.08015749227318647,0.04174741502457293,0.6912191657711144,0.0017428466612339378,9.400606884660567,1729.6631533263067,27.95951391902784,0.09678712356897312,0.05116580658749145,0.7576245729909834,0.0026179397637485836,9.279678359052458,1846.5841249999999,29.495875,0.09725006525171329,0.05678103501610376,0.7446841471316265,0.003224085937500001,9.26511417599864,2300.509385235576,33.118480725623584,0.07729934052186217,0.04015128256775996,0.6738752210431701,0.001612125491836105,9.41987014706211,2481.7531875,34.6648125,0.06841819761981452,0.03494035095702387,0.6430325499524521,0.001220828124999999,9.455718018367975,2160.6758629377678,32.17472915091963,0.07815113149179799,0.04183701255399609,0.6937013618870806,0.0017503356194432267,9.388084686193771,2045.8038054435488,31.172631048387103,0.09522516723919539,0.05577289389629785,0.7173619466360821,0.0031106156935676982,9.299245050509171,2710.4494080000004,36.834559999999996,0.06510750191552683,0.033422678767567396,0.6110928345213142,0.0011170754560000005,9.47567353130124,2667.2917716733873,36.891696068548384,0.06212023321873336,0.028994692491164393,0.611812773621544,0.0008406921926571849,9.51998320603974,2475.676032,35.183744,0.06934473961651269,0.035282956792196424,0.6447894006308508,0.00124488704,9.461932704263027,2181.524326727643,32.329585873983746,0.0945293607112748,0.055014120256819,0.6987721813214199,0.003026553427631743,9.314560211343522,3017.895161290322,39.677289281997915,0.057097727573244925,0.027968761171699302,0.5622862022058221,0.0007822516014795545,9.535285353458278,2898.3593114837395,39.22948424796748,0.051990010279957,0.023976525889032572,0.5725514530659246,0.0005748737937074491,9.568936108372641,2635.1604448491153,37.25578824141519,0.060962717133750996,0.029106613813418128,0.6178207444283398,0.000847194967683463,9.517106521499699,bread_with_green_mold_8.jpg,spoiled_bread
668.0919045275592,13.50922736220473,0.30950781387845805,0.07541540936826363,0.9108913786112142,0.005687483970182787,7.541500852892526,884.0050840101679,16.7263934527869,0.2701884618140527,0.07059547952147487,0.8823306741616441,0.004983721728866977,7.675525081834156,748.331446850394,15.258120078740161,0.2889820780977429,0.07326777382422359,0.900188197751279,0.005368166681157583,7.603233072541645,861.3469526939055,16.625643251286505,0.2716728195077252,0.0703400355619943,0.8853473537448344,0.004947720602862621,7.676340509522366,955.0001860119047,16.952814980158728,0.2825648353365442,0.0708480197606403,0.8728857591058757,0.005019441904004078,7.701727039758355,884.0050840101679,16.7263934527869,0.2701884618140527,0.07059547952147487,0.8823306741616441,0.004983721728866977,7.675525081834156,1123.1892361111113,19.311631944444446,0.2515196455348164,0.06652190739062869,0.8504925722175224,0.0044251641628873795,7.769363730356555,861.3469526939055,16.625643251286505,0.2716728195077252,0.0703400355619943,0.8853473537448344,0.004947720602862621,7.676340509522366,1168.4461875,19.4299375,0.2588069086954882,0.06630135097134146,0.8447849822936077,0.0043958691406250005,7.831267891353939,1351.1299445704208,21.72266313932981,0.23279747338149073,0.06309069821933805,0.8208388140964235,0.003980436201803585,7.896472378776535,1482.0721875,22.5039375,0.23132605858422603,0.06261292922591946,0.8031039494057701,0.00392037890625,7.890052175037293,1290.195389266818,21.35512723607962,0.23161711031780244,0.06288653934425194,0.8289222593959924,0.003954716830696147,7.881656302053219,1365.3612651209678,21.577368951612904,0.24226959424838174,0.06247065050512411,0.8189831330867221,0.003902582174533364,7.938177487845801,1765.5683200000003,25.572928000000005,0.20471274602454093,0.05748904869625172,0.7667016258508894,0.0033049907200000013,8.068553124713603,1862.0839843749998,25.55802671370968,0.2145605561947574,0.0594895703056682,0.7530911376644817,0.0035390089751530392,7.983925011416536,1790.10912,25.83776,0.20923415155966157,0.05820299483703567,0.7634665299833765,0.0033875886080000006,8.03651685895202,1556.5047637195125,23.506923272357728,0.22531903486660776,0.05926952013936964,0.7940371542126292,0.0035128760175511435,8.024156908428523,2206.7023933402706,29.279266389177945,0.18455470716681383,0.052905399121889955,0.7093585895621793,0.0027989812562464744,8.208946571554137,2261.382240853659,28.380208333333336,0.20163687087167562,0.05707592484611002,0.7006976786663364,0.0032576611970387996,8.064988999919843,2231.719042663892,29.22970863683663,0.1929823980099024,0.05424195370851358,0.7060733101723398,0.0029421895421165296,8.168556058777806,bread_with_mold_000002.jpg,spoiled_bread
704.0054749015749,17.129859744094492,0.1157805669339,0.018415363618893822,0.9071026109176911,0.00033912561721607823,8.885164267267117,807.99720999442,18.098270196540398,0.11420954445249146,0.01787405616882351,0.89317370226904,0.0003194818839262578,8.917611134452969,528.9084645669291,14.826771653543304,0.12820161471855918,0.019397564873943805,0.9301546649221715,0.00037626552303885857,8.795082762955513,721.477896955794,17.353028706057415,0.11641078579445,0.01829140263348612,0.9046113262628379,0.00033457541030030294,8.892184405174902,1138.9073660714287,21.346230158730165,0.10171426278830427,0.016786479423628688,0.8496124768805114,0.00028178589143990936,9.016484166254209,807.99720999442,18.098270196540398,0.11420954445249146,0.01787405616882351,0.89317370226904,0.0003194818839262578,8.917611134452969,808.5288938492063,18.132688492063494,0.11427681795361905,0.018163564842285325,0.8930703812898177,0.00032991508777990353,8.91465221530462,721.477896955794,17.353028706057415,0.11641078579445,0.01829140263348612,0.9046113262628379,0.00033457541030030294,8.892184405174902,1541.6009375,24.7503125,0.09022042597932964,0.015433007949683691,0.7962876197793407,0.00023817773437500003,9.09989531165094,1311.7386621315195,22.80165028974553,0.09486182545780147,0.015927038767524878,0.826164244830802,0.00025367056390224033,9.051709825558508,999.2634375,20.0004375,0.1074854507226856,0.01740964396893285,0.867623319096722,0.000303095703125,8.961346298602443,1162.3504661123711,21.721214411690603,0.10225483250090155,0.016645626386559975,0.8459351698074579,0.00027707687780094165,9.017831564644755,1905.654296875,27.57755796370968,0.08244336879043343,0.014617682279831179,0.747965457521399,0.00021367663523409045,9.155563176602595,1786.946688,26.654591999999997,0.0822398388012406,0.01457444558122195,0.7625446699454842,0.000212414464,9.144196727248023,1160.4494077620966,21.49275453629032,0.09918803575554729,0.01660756891367503,0.8459907647672776,0.00027581134522246524,9.011762424152229,1575.962112,25.124864,0.09088572043298004,0.01522177808273396,0.7904919808372619,0.00023170252799999998,9.112238542168956,2245.13655995935,30.21404979674797,0.07352177614601224,0.014002922692376466,0.7028804699333895,0.00019608184392867176,9.212447639202072,2188.7459027055147,29.799232570239337,0.07431670246889334,0.013711121225907116,0.7082513479553851,0.00018799484527152064,9.204834864143091,1351.0341082317073,23.159616361788622,0.09389070244651243,0.015863241607872208,0.8203844820503031,0.000251642434309728,9.059990796753738,1977.4789281997923,28.427159209157132,0.07755071693055418,0.014048694790992055,0.7362034080405154,0.0001973658253304473,9.181387876614057,bread_with_mold_000003.jpg,spoiled_bread
472.99883120078744,12.115588090551181,0.2618404732167152,0.025759641445703852,0.9271767251759568,0.0006635591274112237,8.433373473708556,574.3963047926095,13.510571021142042,0.23186066432357946,0.023896121863103147,0.9113864605338051,0.0005710246400962762,8.538495843530965,426.5482898622047,11.189530019685039,0.24376779102473678,0.024549485345829278,0.9339447257432705,0.0006026772307450865,8.442864607986253,663.48961497923,14.403248806497615,0.22776462266006045,0.023812850526661704,0.897642613350333,0.0005670518502051326,8.561185313330633,811.7028769841272,16.219246031746035,0.2334511126100235,0.0246644506609095,0.8755088391050679,0.0006083351264044392,8.581512564197087,574.3963047926095,13.510571021142042,0.23186066432357946,0.023896121863103147,0.9113864605338051,0.0005710246400962762,8.538495843530965,735.7622767857142,15.204985119047619,0.19070314367868724,0.02142181020703657,0.8858248878367682,0.0004588939525462963,8.65047168490057,663.48961497923,14.403248806497615,0.22776462266006045,0.023812850526661704,0.897642613350333,0.0005670518502051326,8.561185313330633,1083.5555,19.049500000000002,0.21415159550499846,0.023640908995319957,0.8344523491515479,0.000558892578125,8.675658427440236,1022.9834341143867,18.698097757621568,0.17536227473944788,0.020710991090776527,0.842474835829065,0.0004289451519622247,8.760187459244566,1000.8793125,18.3456875,0.14516833977139149,0.019273220572857044,0.8443574601875691,0.00037145703124999993,8.793840044023867,1087.6535021415973,19.083585285966237,0.1737941078932061,0.020663476273613843,0.8325208151232425,0.0004269792517102022,8.771461563187954,1335.0723286290327,21.32699092741936,0.20242869012740466,0.02313886881277829,0.7968253922043994,0.0005354072499349637,8.742792678672053,1390.6565119999998,22.474112,0.1352525282380655,0.018548851824304383,0.7862591037873432,0.00034405990400000004,8.897902729480288,1232.5109627016127,20.875882056451612,0.11179230622644323,0.0181718308990462,0.8079346610261152,0.0003302154382235302,8.887747982035359,1410.1808640000002,22.464384000000003,0.12950526349871688,0.018596873715762016,0.7832701170661592,0.00034584371200000017,8.901158026939097,1547.1415777439024,23.142339939024392,0.19095011442845256,0.022695045038734388,0.7654838559113598,0.0005150650693101824,8.78405174903207,1705.3105489073882,25.433337669094698,0.10357412057790205,0.017204315280126278,0.7384233752581292,0.00029598846425798656,8.997191092269205,1437.2762322154472,23.03245680894309,0.08791038234320515,0.017557105304408686,0.775555452560225,0.00030825194667009556,8.953543146908817,1677.6824921956297,25.168444328824144,0.09802445283964101,0.01724477202698511,0.742689623503273,0.0002973821622626881,8.995053936924249,bread_with_mold_000004.jpg,spoiled_bread
739.9496801181103,17.382750984251967,0.16136377851152997,0.019553010577613307,0.8955913574401217,0.0003823202226482578,9.102037546353039,899.4336288672577,19.650257300514596,0.129391377704833,0.016808266777695972,0.8727956033096884,0.0002825178320701981,9.218966401862168,586.3017962598425,15.599409448818896,0.15454301732615255,0.018719293675422796,0.9175425540595296,0.0003504119557067239,9.076756281692806,1015.0294500589002,20.993613987227974,0.12130126710975103,0.01727713303751841,0.8564461909246736,0.00029849932599611,9.247318832211104,1283.4876612103176,23.49820188492064,0.12462245540336095,0.016974824928080137,0.8179021774668848,0.00028814468133897086,9.292292356376612,899.4336288672577,19.650257300514596,0.129391377704833,0.016808266777695972,0.8727956033096884,0.0002825178320701981,9.218966401862168,1176.5953621031745,23.12289186507936,0.10771147900296904,0.015295010396259932,0.8341793641097374,0.0002339373430216994,9.337854156022942,1015.0294500589002,20.993613987227974,0.12130126710975103,0.01727713303751841,0.8564461909246736,0.00029849932599611,9.247318832211104,1679.75125,27.316500000000005,0.1078750613208739,0.015515302426153349,0.7603441603095917,0.000240724609375,9.375700311245554,1599.5019526329052,27.31223230032754,0.08835665526971725,0.013582385304211086,0.7720458757880359,0.00018448119055204925,9.435702813151288,1679.4495000000002,28.430375,0.08369437375230998,0.013239825102696787,0.7628552871206802,0.00017529296875,9.464438526490284,1786.5091962711012,28.825396825396822,0.08866052343307843,0.014403644151414539,0.745374752054868,0.00020746496484057823,9.439972838837154,2019.7920236895166,30.48405997983871,0.09351660815308008,0.014180386837030613,0.7101678200739756,0.00020108337084783108,9.444757274718118,2165.497472,32.649856,0.06773734377139108,0.011674870106343797,0.6890000054766943,0.000136302592,9.54671495849654,2117.8676915322585,32.57157258064517,0.06917213891571926,0.01192125531594366,0.7003478925047488,0.00014211632830791497,9.547960563878052,2429.8053760000003,34.365248,0.07154792561780521,0.012482953496668968,0.6509269718153573,0.00015582412800000002,9.53063746025165,2325.297764227643,33.2005843495935,0.08303766081710838,0.013388603914947077,0.6643107852822899,0.0001792547147913362,9.488081535683097,2664.0486472424564,37.20720603537981,0.05177934266314432,0.010314784476024626,0.6143211681825853,0.00010639477878683863,9.619190353447138,2498.743267276423,36.03366361788618,0.06002934905450296,0.010956508851676629,0.6457542281968004,0.0001200450862168683,9.599881865679425,3016.710783038502,39.135731009365244,0.05660670467170344,0.011338554804151649,0.5629792344960968,0.00012856282504675044,9.601539199563815,bread_with_mold_000006.jpg,spoiled_bread
556.0109498031497,9.8839812992126,0.6599337968414137,0.5605667287889935,0.9391267081466488,0.31423505742519303,3.99872626003435,863.0828321656643,11.861057722115444,0.6331822802092747,0.5491359680352756,0.9050379697092119,0.3015503113900393,4.094221688752129,735.629183070866,10.582923228346456,0.6472301066291258,0.5604392975589572,0.9188686213649767,0.31409220624837736,4.020571514342485,875.7940975881952,12.005766011532025,0.6416289678379985,0.5552210351998189,0.9036393929711483,0.30827039792835853,4.076651875441507,737.3301091269841,11.447420634920634,0.6434888534104946,0.5471597732804957,0.9194647763628617,0.29938381749636345,4.090863591243445,863.0828321656643,11.861057722115444,0.6331822802092747,0.5491359680352756,0.9050379697092119,0.3015503113900393,4.094221688752129,1216.0128968253969,14.107762896825395,0.6220175743061351,0.5471621973381369,0.8651948740250278,0.2993864701958982,4.1538249054903496,875.7940975881952,12.005766011532025,0.6416289678379985,0.5552210351998189,0.9036393929711483,0.30827039792835853,4.076651875441507,901.9870000000003,12.805625000000003,0.6319336798959748,0.5369694838279918,0.9017321849983089,0.28833622656249996,4.15653460871408,1406.798689846309,15.741622574955912,0.6046916727375895,0.5283771705299778,0.8448090106758737,0.27918243433726525,4.264830739474392,1638.3339999999998,17.042749999999998,0.6001063512037097,0.5337660199586519,0.8174164876120245,0.28490616406249997,4.256483001428617,1395.6792642983123,15.788989669942055,0.6138252523141497,0.5376551653993424,0.8460356500408125,0.2890730768805943,4.243194666719341,1093.3912550403224,14.236265120967744,0.6238420160350389,0.5283185064514472,0.8811875995538031,0.2791204442590879,4.218999175382951,1914.7598719999996,19.278656,0.5814546897054857,0.5143378027716804,0.78827029458983,0.26454337536000005,4.381546758453357,2027.2535282258063,19.62563004032258,0.5855206330973983,0.5233654381590717,0.7730542592661295,0.2739113818594371,4.3279397580367975,1908.4335360000002,19.357183999999997,0.5883370951062851,0.5215222950708818,0.7889730282530713,0.2719855042559998,4.373780023511134,1284.3071646341464,15.566056910569106,0.6149475478915787,0.520849692386354,0.8607924333535631,0.27128440205895965,4.268003888260586,2385.768990634755,22.52874609781477,0.5633185511885835,0.5018110315744471,0.7358114026585372,0.25181431140981075,4.469828332726953,2363.359629065041,21.907393292682926,0.5731226010566896,0.5143413446803072,0.7345255849600046,0.26454701884754656,4.383190116606145,2404.445174297606,22.6903616024974,0.5691157886151794,0.5068564594853816,0.7336972171679286,0.25690347052205625,4.474054684889227,bread_with_mold_000008.jpg,spoiled_bread
856.6115895669291,15.039616141732283,0.4791467512207063,0.4545864898990402,0.9235150476670634,0.20664887679873017,5.634981761665227,1035.9448198896396,16.246760493520988,0.47087780879627333,0.4471939793255501,0.9075375413476139,0.19998245514502055,5.696513921085081,612.070866141732,11.993479330708658,0.4894646790513173,0.45766719787559756,0.9453495474595468,0.20945926401130135,5.550485717392915,1038.6722053444105,16.35364870729741,0.4695448060771881,0.4471931820591279,0.9072941106551687,0.1999817420801683,5.700561741846699,1261.1876240079364,18.052951388888886,0.465065159848241,0.44207576658463205,0.8874339509991643,0.1954309834013901,5.7493631548069475,1035.9448198896396,16.246760493520988,0.47087780879627333,0.4471939793255501,0.9075375413476139,0.19998245514502055,5.696513921085081,1059.4903273809523,15.877108134920633,0.4731933021605614,0.44827614586020514,0.9054362429208829,0.20095150294727993,5.680770932314628,1038.6722053444105,16.35364870729741,0.4695448060771881,0.4471931820591279,0.9072941106551687,0.1999817420801683,5.700561741846699,1634.276625,20.608500000000003,0.45138824318303356,0.42930540738791073,0.8541725452778062,0.1843031328125,5.85598313077668,1634.0376669186198,20.410178886369366,0.4498423515821413,0.4266748493987913,0.8542140455855947,0.18205142710948122,5.876919548481352,1413.264375,18.408625,0.46298005302979817,0.4386141950614173,0.8738935970183125,0.192382412109375,5.7761784586612235,1679.083774250441,20.74313429075334,0.4493982442657027,0.42661095346168815,0.8501951114551426,0.18199690561349063,5.886576709239531,2015.1679687500005,23.39490927419355,0.4371055349441818,0.41645809249848903,0.8202107234562165,0.17343734280748002,5.952649563093536,2218.9128960000003,24.631168000000002,0.42650463372553227,0.4056364278710678,0.8020143350739676,0.16454091161599999,6.050840815031478,1715.4242691532259,20.489919354838708,0.45214037409093616,0.42942719694903275,0.8469744831480286,0.18440771747950338,5.857896699040772,2286.7936,24.947968,0.4271850393336123,0.40544536192192415,0.7959575825347782,0.16438594150400004,6.0450057848829015,2337.4424542682927,25.59959349593496,0.42475887123734335,0.4034055194136372,0.7914608118383533,0.16273601309338645,6.044497273767984,2760.1265608740896,28.262096774193555,0.4051151051766951,0.38445600419601833,0.7536107930805297,0.14780641916236886,6.191040345816193,1984.7849339430888,22.2369156504065,0.44261629951765863,0.4209814551848325,0.8229158412493975,0.17722538560953913,5.922494934244218,2843.7669094693033,28.666493236212283,0.40454704218441273,0.3842596999253956,0.7461444401063689,0.14765551698675505,6.1972408106408805,bread_with_mold_000011.jpg,spoiled_bread
663.605561023622,13.524114173228346,0.3805147247345113,0.06697704866975145,0.9257024035686793,0.004485925048510253,7.794129471899073,741.4785789571581,14.427428854857713,0.35237953479964623,0.06365207333881243,0.9171067599476869,0.004051586440329555,7.889647148143148,442.23517470472456,11.284387303149607,0.4072008719683288,0.07175777070641028,0.9503532143276722,0.0051491776567537525,7.684867193347906,795.6707173414347,15.375596751193502,0.363802795951144,0.06540027176369437,0.9110505776720341,0.004277195546765079,7.875227970746835,1139.4100322420636,17.9819568452381,0.31453735003122396,0.05892174824840954,0.8729576258452212,0.003471772416648953,8.012338226480708,741.4785789571581,14.427428854857713,0.35237953479964623,0.06365207333881243,0.9171067599476869,0.004051586440329555,7.889647148143148,754.0601438492063,15.167534722222221,0.3550013074105188,0.06525631197055122,0.9155034478123073,0.004258386251997906,7.897869741271656,795.6707173414347,15.375596751193502,0.363802795951144,0.06540027176369437,0.9110505776720341,0.004277195546765079,7.875227970746835,1590.9765625,21.852687500000002,0.26270846395005715,0.05328761875426598,0.8233223111099875,0.0028395703124999994,8.149307160816715,1311.3456790123457,19.831569664903,0.26747326047936093,0.05382956356637941,0.8542564556169636,0.002897621913746882,8.15526951778976,995.72425,17.723875,0.3173128397698292,0.06000771434782364,0.8886349254000182,0.0036009257812499996,8.035715240349225,1409.7157974300835,21.09624590576972,0.29450458967835397,0.05621004091349866,0.8433392722045703,0.0031595686994971934,8.125876355582097,2014.519846270161,25.343813004032256,0.22232328498907872,0.04926079360567826,0.777169624982013,0.0024266257866612326,8.273290278809474,1824.8936320000003,24.329664,0.20858456232051895,0.04795725029648803,0.7983382044753509,0.002299897856000001,8.324657166286682,1225.2800529233873,19.809916834677423,0.28704324758725286,0.05533063471341911,0.8632103932160465,0.00306147913778982,8.141258926756011,1972.8318719999997,25.693440000000002,0.24159139837357643,0.04936958091780809,0.7820388049370439,0.0024373555200000005,8.31050236271706,2407.2927464430895,28.534489329268297,0.1916329519334123,0.046278014279759576,0.7347512180923524,0.002141654605677631,8.359671209992285,2336.1284469302814,28.57784859521332,0.16813113390640347,0.043734901346081455,0.7432583724406346,0.0019127415957514774,8.450705773147837,1460.5099085365855,21.78302845528455,0.2605545263682289,0.05163713744088944,0.837296259203513,0.0026663939630893066,8.238860425193803,2511.3260275754424,29.80300468262227,0.2026577686781648,0.04425089227201786,0.7241141233548701,0.00195814146686973,8.437610754599326,bread_with_mold_000012.jpg,spoiled_bread
1090.3462106299212,18.81126968503937,0.21012927334485865,0.07732910015366502,0.8844350570662272,0.005979789730575557,8.550412212025627,1629.5373550747104,22.98071796143593,0.1844528868469384,0.07026630268765693,0.8254504793637503,0.004937353293393424,8.683588232203036,1377.941437007874,20.7064468503937,0.20328687053519903,0.07104572227161024,0.8525102879991568,0.005047494653094775,8.600104299281519,1651.5190030380063,23.11414222828446,0.1868734753270785,0.07005787680485882,0.823096156441178,0.004908106102404776,8.688763592602168,1508.994419642857,22.6469494047619,0.18504410031948124,0.07579131089901171,0.8399026874253381,0.005744322807790653,8.664803358594945,1629.5373550747104,22.98071796143593,0.1844528868469384,0.07026630268765693,0.8254504793637503,0.004937353293393424,8.683588232203036,2094.705853174603,26.375620039682538,0.16599428870900224,0.063283957679545,0.7733012674932432,0.004004859299586443,8.773981219629217,1651.5190030380063,23.11414222828446,0.1868734753270785,0.07005787680485882,0.823096156441178,0.004908106102404776,8.688763592602168,1763.1266875000001,24.9646875,0.17236373430468843,0.07500144529857407,0.8127070336388427,0.005625216796874999,8.733684376618555,2385.8786848072564,28.808893927941547,0.15079858044891073,0.06247860154954674,0.7413202122562575,0.0039035756515870246,8.85167042731196,2643.2696874999992,30.517937499999995,0.1472614035342698,0.056317234123978405,0.7106479102142796,0.0031716308593749977,8.873057761232966,2429.9527588813307,28.962711010330057,0.154350405021086,0.062397997432580704,0.7365438961689075,0.003893510083596348,8.841079274007356,1970.7030619959678,26.769720262096772,0.16295509924120619,0.07408276294630298,0.7903801495838568,0.005488255765758121,8.785688312880094,3010.9252480000005,33.647552,0.12790628919789587,0.05539136221469913,0.6693532651320713,0.003068203007999999,8.980254424026192,3150.5252016129034,34.05065524193548,0.13224805942105983,0.04905344409837513,0.6511058570927676,0.0024062403779124136,8.966442797047154,3075.5225600000003,33.88121600000001,0.13176289234380167,0.055200268984851884,0.6622634360206173,0.003047069696000001,8.974292741443577,2174.90999745935,28.508955792682926,0.15444223827565914,0.07382061035737,0.7681496993080241,0.005449482513534643,8.837865183927713,3649.026664932361,38.31828824141519,0.11212541743508657,0.04797702393711085,0.5940139110293603,0.0023017948258621072,9.094288191174932,3545.3784298780492,37.22586382113822,0.12044779458121277,0.04307517108179749,0.6029580094472224,0.0018554703637261223,9.03918580171586,3664.6322840790835,38.190556711758575,0.11693541742218329,0.04785944848425559,0.5922867390210994,0.002290526809217115,9.07798866945852,bread_with_mold_000013.jpg,spoiled_bread
1319.4889271653542,23.876107283464563,0.11782840512557348,0.05941711175397855,0.8173466054239891,0.0035303931691847757,9.14149322669328,1850.117676235352,28.981337962675923,0.09469583943014073,0.05017869254568787,0.7407440988652643,0.002517901185594671,9.302021936875649,1610.2539985236222,26.66258612204724,0.10019717393566807,0.051291187364110015,0.7741014138883846,0.002630785901220239,9.256264954760747,1729.6631533263067,27.95951391902784,0.09678712356897312,0.05116580658749145,0.7576245729909834,0.0026179397637485836,9.279678359052458,1665.985367063492,27.66803075396825,0.10341035366980574,0.058077796808124305,0.7695558295539927,0.0033730304820857736,9.234986562785334,1850.117676235352,28.981337962675923,0.09469583943014073,0.05017869254568787,0.7407440988652643,0.002517901185594671,9.302021936875649,2173.9144965277774,31.947730654761905,0.08015749227318647,0.04174741502457293,0.6912191657711144,0.0017428466612339378,9.400606884660567,1729.6631533263067,27.95951391902784,0.09678712356897312,0.05116580658749145,0.7576245729909834,0.0026179397637485836,9.279678359052458,1846.5841249999999,29.495875,0.09725006525171329,0.05678103501610376,0.7446841471316265,0.003224085937500001,9.26511417599864,2300.509385235576,33.118480725623584,0.07729934052186217,0.04015128256775996,0.6738752210431701,0.001612125491836105,9.41987014706211,2481.7531875,34.6648125,0.06841819761981452,0.03494035095702387,0.6430325499524521,0.001220828124999999,9.455718018367975,2160.6758629377678,32.17472915091963,0.07815113149179799,0.04183701255399609,0.6937013618870806,0.0017503356194432267,9.388084686193771,2045.8038054435488,31.172631048387103,0.09522516723919539,0.05577289389629785,0.7173619466360821,0.0031106156935676982,9.299245050509171,2710.4494080000004,36.834559999999996,0.06510750191552683,0.033422678767567396,0.6110928345213142,0.0011170754560000005,9.47567353130124,2667.2917716733873,36.891696068548384,0.06212023321873336,0.028994692491164393,0.611812773621544,0.0008406921926571849,9.51998320603974,2475.676032,35.183744,0.06934473961651269,0.035282956792196424,0.6447894006308508,0.00124488704,9.461932704263027,2181.524326727643,32.329585873983746,0.0945293607112748,0.055014120256819,0.6987721813214199,0.003026553427631743,9.314560211343522,3017.895161290322,39.677289281997915,0.057097727573244925,0.027968761171699302,0.5622862022058221,0.0007822516014795545,9.535285353458278,2898.3593114837395,39.22948424796748,0.051990010279957,0.023976525889032572,0.5725514530659246,0.0005748737937074491,9.568936108372641,2635.1604448491153,37.25578824141519,0.060962717133750996,0.029106613813418128,0.6178207444283398,0.000847194967683463,9.517106521499699,bread_with_mold_000015.jpg,spoiled_bread
1022.5498277559054,19.707062007874015,0.1482412327984171,0.06248422551684297,0.8322628837635214,0.00390427843843969,9.01266006996703,1130.0540021080042,21.379936759873523,0.13117113966901495,0.05445480103066726,0.8149449487105084,0.00296532535528956,9.116967210667783,814.7858021653543,17.474655511811022,0.15195198743944088,0.055223996180688184,0.8668367938681394,0.003049689754164663,8.993925112556319,1275.1844503689008,22.46760493520987,0.130597319286949,0.05451087430714889,0.79118549786331,0.002971435417729785,9.123834040681626,1553.7188740079364,25.581225198412696,0.12461493492766947,0.06188924779008189,0.7445986187607577,0.0038302789920221557,9.166817813541613,1130.0540021080042,21.379936759873523,0.13117113966901495,0.05445480103066726,0.8149449487105084,0.00296532535528956,9.116967210667783,1384.778459821429,23.759362599206355,0.11656693443585509,0.04510657649258426,0.7740952581931739,0.002034603242881355,9.20916078212906,1275.1844503689008,22.46760493520987,0.130597319286949,0.05451087430714889,0.79118549786331,0.002971435417729785,9.123834040681626,1988.9605,29.98425,0.11154253065552648,0.061428057514461586,0.6720933814094383,0.0037734062500000003,9.258088279632776,1683.2253716301338,27.514109347442684,0.10068869147090592,0.04467301628379708,0.7242890332616823,0.001995678383892399,9.297875315069009,1839.094125,28.447125,0.09596433347333985,0.0371536610746505,0.7006556455733457,0.0013803945312499996,9.348046193244892,1978.049319727891,29.49817334341144,0.10308264743810988,0.04455881326289227,0.6760348390530704,0.0019854878393973045,9.316374909458027,2382.415007560484,33.71616683467742,0.10433299418658513,0.061443549878677325,0.6060741397628606,0.003775309821693508,9.298194794344504,2163.236608,32.427392,0.07996728403624345,0.037045884629739914,0.6454109990473634,0.001372397568,9.416974206701713,2206.163747479839,32.04038558467742,0.08439762268500217,0.0323105661700275,0.6414769573349602,0.0010439726862277253,9.43034944476221,2529.8559999999998,34.690688,0.08464881683925106,0.037000331241760526,0.5854106019102248,0.001369024512,9.42709456722616,2684.5860010162605,36.38783028455285,0.0983101829492154,0.06115054130443783,0.554940602549528,0.003739388701825757,9.330516538962806,2610.3510015608736,36.60295265348594,0.06865678037936115,0.03239434003600944,0.5715496444133379,0.001049393266368604,9.48750876360782,2543.5510035569105,35.20013973577236,0.07514429642028068,0.0297183479290852,0.586799543901213,0.0008831802036341627,9.497219492460033,2917.703173777315,38.29084287200832,0.07374573081865453,0.03199256477883687,0.5212973334122619,0.0010235242011280737,9.488396797177739,bread_with_mold_000025.jpg,spoiled_bread
500.7243479330709,14.02220718503937,0.20953212717837333,0.09148736126974646,0.8690279852166127,0.008369937272101105,8.15575821515938,747.4056048112097,16.767747535495072,0.19059376784925833,0.0825899251141181,0.8014041224705222,0.006821095730355636,8.290582879401978,573.365218996063,14.519869586614174,0.2027621070916498,0.0850693403749408,0.8482740893530212,0.007236792671827532,8.210283322384939,686.213218426437,16.312666625333254,0.18826186916534532,0.0829343378847995,0.8176637753202977,0.006878104400390089,8.293937687033518,718.2822420634919,17.2390873015873,0.18922741312004315,0.08809591146064756,0.8113720147021162,0.007760889616082255,8.29230115784939,747.4056048112097,16.767747535495072,0.19059376784925833,0.0825899251141181,0.8014041224705222,0.006821095730355636,8.290582879401978,966.5811011904764,19.246155753968257,0.17126351528538608,0.07560396859607349,0.7401167151777746,0.0057159600674760655,8.40787217294999,686.213218426437,16.312666625333254,0.18826186916534532,0.0829343378847995,0.8176637753202977,0.006878104400390089,8.293937687033518,884.692125,19.553375000000003,0.17448120011248341,0.08573497727371834,0.7669150738313176,0.007350486328125001,8.382844130102544,1183.4960947341901,21.75207860922147,0.15891859934852237,0.07125483721027709,0.6791863179170545,0.005077251825863088,8.505172770780932,1283.4646874999999,22.703312499999996,0.1529285231145867,0.06799059275462303,0.649366488012281,0.004622720703124998,8.53560241669317,1051.24716553288,20.972411186696903,0.157082770001523,0.0716092671914217,0.7150354146038739,0.0051278871476924245,8.50759681942168,1056.228767641129,21.55147429435484,0.16350926364774715,0.0838496921901008,0.7208151567377993,0.00703077088037465,8.442423802399409,1520.5527040000002,25.316224000000005,0.13915952568645829,0.06218042187055345,0.5798147528658258,0.0038664048640000017,8.63720943976425,1546.1353326612905,25.44644657258065,0.13858229420049717,0.061672854345846365,0.5709746535002752,0.003803540963163981,8.63505340729216,1373.774464,24.513536000000002,0.13592172072045236,0.06264830187642759,0.6203750378767158,0.003924809728000001,8.628130548722725,1195.6259527439026,23.184006605691057,0.15818332926953074,0.08186536335436975,0.6829206260954953,0.0067019377171429854,8.497282602784432,1813.817572840791,28.31380072840791,0.12417735498534987,0.05478582125687274,0.4892392291295608,0.003001486210790009,8.737961388282983,1745.2426956300815,27.55557672764228,0.12687650117366253,0.05798571902265301,0.5085513517424037,0.0033623436105740634,8.693376944218029,1638.3973725286162,27.204734651404788,0.12232093818987967,0.05494105348073343,0.5385298863576382,0.003018519357572811,8.72040997247036,bread_with_mold_000026.jpg,spoiled_bread
469.45884596456693,12.132443405511811,0.29300792061351233,0.06944104885224994,0.9309295634014447,0.004822059265700562,8.178342750586047,653.7074214148429,14.136586273172547,0.24927019125325578,0.060247198879992525,0.9037021540333479,0.0036297249728853725,8.322097878945986,564.3588828740158,12.740403543307085,0.2920289926875894,0.06234247010530799,0.9169303265149488,0.0038865835788312202,8.210192701097327,666.7209994419989,13.865397730795463,0.2739709047318689,0.060359373629962125,0.9017929430074615,0.0036432539850013673,8.306474339699829,633.9422123015875,14.429067460317462,0.2248999735614227,0.06691332834368562,0.9066425683203626,0.004477393510029882,8.37267613348001,653.7074214148429,14.136586273172547,0.24927019125325578,0.060247198879992525,0.9037021540333479,0.0036297249728853725,8.322097878945986,828.9161086309525,15.90618799603175,0.21999848727123064,0.05091084629438144,0.877832949008676,0.0025919142704101325,8.453478954148697,666.7209994419989,13.865397730795463,0.2739709047318689,0.060359373629962125,0.9017929430074615,0.0036432539850013673,8.306474339699829,773.6487500000001,16.18,0.19012971988750715,0.06581546764439192,0.8859871175433334,0.004331675781249999,8.492023156443718,938.2076089695138,17.627865961199298,0.18770252098842158,0.04936236523479293,0.8614962188810994,0.002436643101573094,8.560811534912071,1084.6643749999998,18.658625,0.18169057207115813,0.04196375854532099,0.8399288524642238,0.00176095703125,8.611618151912499,1006.7752582514488,17.523809523809526,0.2080517525681823,0.04921832372365457,0.8513947695216929,0.002422443390166458,8.575046039963635,905.5403855846773,17.700415826612904,0.16747358413579308,0.06511793633379737,0.8664568359220423,0.004240345632372487,8.581823074965143,1219.0989440000003,20.832704000000003,0.1510894044242873,0.04040658639380468,0.8196521621718015,0.001632692224000001,8.735909833495903,1312.3457031250002,21.181388608870968,0.15442071540089056,0.03739333103919892,0.8060795961578486,0.0013982612062071172,8.730102136840298,1356.1571199999998,21.219136,0.16728798043213144,0.04032086348281744,0.7994526311406377,0.0016257720320000005,8.764717802973538,1027.163236788618,19.084984756097562,0.15304693864656355,0.0646820260842297,0.8484409838380164,0.004183764498360971,8.645119962155558,1500.7461628511967,24.02009625390219,0.12615202086104021,0.036035459253571524,0.7775020165662975,0.0012985543236158136,8.847499841688037,1520.2450457317075,23.4349593495935,0.13754034281909308,0.034246751790804435,0.7750508929226569,0.0011728400082209665,8.825313238210637,1694.6401534859522,24.49681321540063,0.13983504347652825,0.03564681146466967,0.7489248375460881,0.0012706951675977053,8.885968871606698,bread_with_mold_000027.jpg,spoiled_bread
290.99815452755905,7.125738188976377,0.5858022397062962,0.46716092474232107,0.9727424045842085,0.2182393296061006,4.840656656468469,992.1209002418004,11.473866947733896,0.5594153420594293,0.45652887103841167,0.9046643989460336,0.2084186100916067,5.0144892069760925,863.9058809055118,9.903051181102363,0.5697078370149926,0.46386273982381154,0.9170316330178475,0.21516864139685307,4.917557648071787,913.1984623969249,10.333436666873334,0.5645718931721311,0.4589040964090824,0.9122482710797138,0.2105929697010364,4.9716086764580885,466.92113095238096,9.67596726190476,0.5631446101372204,0.4574512094342063,0.956236804688687,0.20926160901281807,4.9891259770936545,992.1209002418004,11.473866947733896,0.5594153420594293,0.45652887103841167,0.9046643989460336,0.2084186100916067,5.0144892069760925,1674.4309275793655,15.207837301587306,0.5394759447883417,0.4498719355862409,0.8348181162576217,0.20238475842811088,5.103496584513157,913.1984623969249,10.333436666873334,0.5645718931721311,0.4589040964090824,0.9122482710797138,0.2105929697010364,4.9716086764580885,653.075,11.853875000000002,0.5471523018472997,0.447358935954257,0.9387496818122406,0.200130017578125,5.105986671093093,1893.881078357269,17.479087931468886,0.5213496927691373,0.4357635416112669,0.812966109813535,0.18988986419759435,5.245009875085717,2469.6932500000003,19.795,0.5155223108813077,0.4363764165867869,0.7495239488388374,0.19042437695312497,5.233428942801852,1698.290627362056,15.32602670697909,0.5314410049323196,0.44156328626499347,0.8322820232312299,0.19497813577714057,5.175321234278629,826.5190902217744,13.747668850806454,0.5332909254969042,0.4374148809298748,0.9224308869965271,0.19133177805889656,5.204476253617969,2735.1612160000004,22.371456,0.4903151355603945,0.41459428711934754,0.7221676753982282,0.171888422912,5.407067216475973,3179.271673387098,23.65183971774194,0.4936277459690902,0.4229904989332501,0.6687134964903181,0.17892096218779985,5.336270332841015,2475.444224,19.804160000000003,0.5021060604575611,0.4233570491204795,0.7485492192735347,0.17923119104000007,5.335186319914253,997.5736788617887,15.405995934959352,0.5218708247794287,0.42787539731070867,0.9063217804822417,0.18307735562379682,5.284074655045699,3410.577848595213,26.231074401664927,0.460365265589321,0.3937967660714399,0.6439335006793714,0.15507589296832436,5.5504105321825055,3720.7548272357726,26.649009146341463,0.4732384450709651,0.40977126233882716,0.6020759601340014,0.1679124874387559,5.434116921057436,3160.0822710718003,23.732245057232046,0.477688210667097,0.4055068011027352,0.6700853984936371,0.16443576574057323,5.478155180754434,bread_with_mold_000031.jpg,spoiled_bread
687.8631889763781,11.721579724409452,0.5921039093485714,0.5522553915569983,0.8896249619668894,0.3049860175037735,4.553168319419101,770.2724285448573,12.575237150474305,0.5839343491334672,0.5452400782020544,0.8768760292700996,0.2972867428777825,4.619628487216261,580.1476377952757,10.998892716535435,0.5944721759805442,0.552560783465217,0.9069090792868815,0.3053234194236944,4.539635220894524,826.7272614545232,13.198710397420797,0.5795505588798402,0.543572699612423,0.8678520230391322,0.29547127976393744,4.636561395348739,1018.554935515873,14.540922619047617,0.5795178525595637,0.5439397605005406,0.8371943045381978,0.29587046305338544,4.657236210628435,770.2724285448573,12.575237150474305,0.5839343491334672,0.5452400782020544,0.8768760292700996,0.2972867428777825,4.619628487216261,826.9903273809525,13.398189484126988,0.5808528232657527,0.5441171066965517,0.8678139679120518,0.29606342579982664,4.644195495847335,826.7272614545232,13.198710397420797,0.5795505588798402,0.543572699612423,0.8678520230391322,0.29547127976393744,4.636561395348739,1267.53325,16.580625,0.5673716176407086,0.534945072384773,0.798177900828622,0.28616623046875,4.752501885512944,1121.963718820862,15.62887377173092,0.5643783382544904,0.5316727923359927,0.822019306716072,0.2826759581103516,4.760718838183132,1015.4765000000002,15.093875000000004,0.5703592570342048,0.5354848927023993,0.8383114613449361,0.2867440703125001,4.732958490139782,1263.526455026455,16.83358528596624,0.5610123496737806,0.5286354477182469,0.7995627570876038,0.27945543658427136,4.796289325337858,1485.2964969758068,18.45413306451613,0.5554767276400292,0.525359734058782,0.7644108570676111,0.2760028501703142,4.8302971154408105,1414.4161279999998,18.080639999999995,0.5485471662378909,0.5180710956615896,0.7772956195997153,0.2683976601599999,4.894092002653288,1199.5211693548385,16.710559475806452,0.557633639835354,0.5263312056473343,0.8097388872908878,0.27702453803817645,4.822319952139862,1650.4326399999998,19.989248,0.539970550792414,0.5114428128187941,0.7401340587063735,0.261573750784,4.943197474139863,1635.2146849593498,19.822916666666668,0.5440825014918752,0.5151677665626733,0.7416200123683044,0.265397827705173,4.916986605868719,1642.7095473465142,20.25104058272633,0.5311773114885676,0.502504183113189,0.7432347976813511,0.25251045404625344,5.021600645370639,1379.1686991869922,18.193724593495936,0.5463795882301373,0.5160888422778019,0.7820777939950954,0.266347693123642,4.901400805933884,1962.9276795005205,22.561784599375653,0.5194846714196949,0.4925920970787147,0.6931828127632408,0.2426469741044059,5.084645758771748,bread_with_mold_000032.jpg,spoiled_bread
673.6246924212599,16.56908218503937,0.14756578833441653,0.06311698613834128,0.8423614852052217,0.003983753939187565,8.828040693174277,817.9551119102239,18.664889329778664,0.12384360562809751,0.05422725221111399,0.8080656413327634,0.002940594882367767,8.959898595145859,760.4463582677166,17.961737204724415,0.12670365363271135,0.05422313976217964,0.8213210948831596,0.002940148885668867,8.930641746448163,821.010726021452,18.751069502139007,0.12360907922026508,0.054179098455835316,0.8073462184983677,0.002935374709487097,8.953505683955456,858.0076884920635,18.96465773809524,0.13707157065173636,0.06269071875531589,0.799622392681111,0.003930126218058116,8.912805731551527,817.9551119102239,18.664889329778664,0.12384360562809751,0.05422725221111399,0.8080656413327634,0.002940594882367767,8.959898595145859,960.5910838293652,20.52511160714286,0.10714543536844576,0.044469058428713515,0.7735727484155411,0.0019774971575363368,9.052392156804284,821.010726021452,18.751069502139007,0.12360907922026508,0.054179098455835316,0.8073462184983677,0.002935374709487097,8.953505683955456,969.873,20.44975,0.12942864238708657,0.06231963035934183,0.7740818534193701,0.003883736328125,8.961929175079455,1052.2001763668432,21.713151927437643,0.10449431430940873,0.044173092839118085,0.752801932427944,0.0019512621309733455,9.088559482713851,1163.8235,22.692,0.09485986585413564,0.03642632225637115,0.7245689460968318,0.0013268769531250004,9.142489272652496,1097.2462207105063,22.316515495086925,0.10027340374356994,0.04409312796916128,0.7422127007264918,0.0019442039341048328,9.096518517437863,1061.9745463709678,21.61101310483871,0.12512278702030427,0.062214495999850766,0.7531982793199653,0.003870643512515447,8.990439718173947,1251.335296,23.977088000000002,0.08847765835834223,0.03625875364653341,0.7055866987883174,0.0013146972159999999,9.168802862223586,1329.8023563508063,24.325289818548384,0.08718686422726382,0.032748311742031015,0.6838741632375658,0.0010724519219532465,9.18294693484684,1321.650176,24.63168,0.0873181730064109,0.036242878472880706,0.6890133501000422,0.0013135462399999998,9.176400417555984,1113.0019054878048,22.385035569105696,0.1195379897061671,0.0623145012373874,0.7420123772808425,0.0038830970644643564,9.001797571554802,1418.4871227887618,25.977757544224772,0.0788748589948885,0.03288013985667557,0.6655103515731763,0.0010811035969945457,9.213952762992864,1475.9498221544716,25.850863821138216,0.08010317912545177,0.031067633218281897,0.6474516648823607,0.0009651978337856928,9.214335739870448,1491.3850156087406,26.380593132154,0.08373465349933515,0.03283353876977902,0.6482939375914469,0.0010780412681465818,9.206794560107845,bread_with_mold_000034.jpg,spoiled_bread
329.98954232283455,6.857037401574801,0.6308220834084659,0.5006190541680383,0.9678853047926245,0.25061943739610126,4.483328185489422,1018.6403372806747,10.772521545043093,0.6047588867304812,0.4926246627009883,0.8980999966782176,0.2426790583012625,4.620078311235859,886.3964074803148,9.348302165354331,0.6144187812094554,0.49894398018548664,0.9113461169478051,0.24894509536333526,4.526578959419723,999.982515965032,10.557257114514229,0.6027947695835023,0.4933470016287547,0.8999664376431579,0.24339126401608252,4.610875116358858,541.7909226190476,9.37251984126984,0.6080463628350494,0.49188215798534596,0.9472592596324633,0.24194805734432084,4.627165928034692,1018.6403372806747,10.772521545043093,0.6047588867304812,0.4926246627009883,0.8980999966782176,0.2426790583012625,4.620078311235859,1698.6543898809525,14.550471230158733,0.5806692516078935,0.4882298942349136,0.8251133226465389,0.2383684296246349,4.712353130769837,999.982515965032,10.557257114514229,0.6027947695835023,0.4933470016287547,0.8999664376431579,0.24339126401608252,4.610875116358858,711.44525,11.355125,0.5915388572332151,0.4826890902149125,0.930725123481314,0.23298875781249997,4.741540062722535,1885.0811287477954,16.468379944570422,0.5669549557900604,0.47551415213082715,0.805859439287484,0.22611370887669943,4.848740247900361,2451.5445,18.994875,0.5563311401891294,0.4772210040628451,0.7399296629820206,0.22773988671875003,4.840341921243946,1869.7800453514737,16.27689594356261,0.5651244295975295,0.4766662927208378,0.8074352658472911,0.22721075461622747,4.840608181969918,848.2754536290322,12.896547379032256,0.5784211824641663,0.4735916799970945,0.9173771333397962,0.22428907936247036,4.838307074509766,2637.7418240000006,20.949248000000004,0.5345646271734151,0.4581067001649289,0.7200848558140797,0.20986174873600005,5.017172327090911,3076.6322454637093,22.697895665322584,0.5351672957852313,0.46659353662465103,0.6647581467373044,0.21770952841989957,4.9464362445965255,2655.1087360000006,21.131264000000005,0.5363532293340704,0.4599076648893777,0.7182418924003322,0.2115150602240001,5.008883703838848,991.7952235772359,14.300558943089431,0.5647331169921607,0.4641397701186594,0.9033682726425978,0.215425726205802,4.919589536363246,3218.223270031217,24.237578043704477,0.5093251939450296,0.44062263852907574,0.6492885302460616,0.19414830958432452,5.15587665803223,3652.813198678861,25.941120426829272,0.5163487858080111,0.4559858771045449,0.589708949508553,0.20792312011880115,5.029851780777109,3267.3810483870966,24.907193028095733,0.51042090895644,0.4429646587231037,0.6439314759802581,0.1962176888776757,5.14926308957455,bread_with_mold_000041.jpg,spoiled_bread
884.2750984251968,14.51316437007874,0.3532492783221543,0.10558934897087074,0.923029806405399,0.011149110616092323,7.56266986362553,1318.8552297104595,18.093124186248374,0.3133174667528513,0.09720149399306548,0.8844120229879792,0.009448130434483944,7.73495607855514,1196.6434547244094,17.05093503937008,0.32785076990832085,0.10068823899806773,0.8952874105447571,0.010138121472532007,7.677870521269076,1405.8907557815116,18.813069626139256,0.3101370814437908,0.09822957512968852,0.8767853549324877,0.009649049430159123,7.736059143973559,1189.9489707341272,17.598028273809526,0.31474064059770257,0.10103856261571684,0.8962535727369786,0.010208791135450132,7.711038183707728,1318.8552297104595,18.093124186248374,0.3133174667528513,0.09720149399306548,0.8844120229879792,0.009448130434483944,7.73495607855514,1804.7943948412696,21.92609126984127,0.2866121858498017,0.0892714285480838,0.8409605475126228,0.00796938795501563,7.870095509039933,1405.8907557815116,18.813069626139256,0.3101370814437908,0.09822957512968852,0.8767853549324877,0.009649049430159123,7.736059143973559,1436.7205625000001,19.7549375,0.2950287365295387,0.09848286653017366,0.8745259775129324,0.009698875,7.792389892052402,2036.957860922147,23.83327034517511,0.2739554852309975,0.08671740128674563,0.819913016323486,0.007519907685926473,7.937048381141432,2429.50525,26.744500000000002,0.2575360204357724,0.08139206330318699,0.784359502090409,0.006624667968749999,8.012537798131147,2104.820924666163,24.281368102796677,0.27237971162432956,0.08738251184678818,0.8139216542139048,0.007635703376654077,7.930235042402858,1672.822769657258,21.856665826612904,0.27856479179160637,0.0967527899094305,0.8536481640464841,0.009361102355258395,7.855289465768534,2623.8963839999997,28.240191999999997,0.24764738353600665,0.07885148044266513,0.7659137405680447,0.006217555968000001,8.075320354756304,2962.0463079637093,30.559538810483872,0.23729550855361536,0.074882578419834,0.7351724732682461,0.0056074005508025895,8.11654661986044,2732.4991360000004,29.00384,0.24427922339559516,0.07940134406922846,0.7562503028080352,0.00630457344,8.076856853002207,1923.3419715447149,23.80233739837398,0.26827544488384103,0.09520167872419685,0.8313935079007634,0.009063359631905195,7.912853453343233,3233.5352497398553,32.694979188345485,0.22248594846825465,0.07169822172896517,0.7088521478349459,0.0051406349990958545,8.20019926282387,3350.1429751016262,33.726943597560975,0.22157524682675256,0.06919337893368216,0.6983774928092715,0.004787723688260129,8.206216272886794,3327.3618626430803,33.35822060353798,0.22320446981650158,0.07202119217089355,0.7004585795821024,0.0051870521217167774,8.202362973904414,green_mold_on_bread_14.jpg,spoiled_bread
812.8519931102362,19.29625984251968,0.12140598277121925,0.0605689628121848,0.8150761264715132,0.003668599256143825,8.880381780175279,938.1329902659805,20.200198400396804,0.11842208706481103,0.05259529390590663,0.7862543459090143,0.0027662649410486987,8.91406729113504,870.59375,19.991141732283463,0.11532641716665457,0.053032640394265855,0.8016216964463826,0.0028124609471875187,8.937526873276845,934.9503999007998,20.53251906503813,0.11459088613802121,0.05252488257428207,0.7869870301945836,0.00275886328944212,8.942949306526467,998.7819940476189,21.30741567460317,0.11916901507352379,0.06001425232550277,0.7727101465566363,0.0036017104821891143,8.92154339140593,938.1329902659805,20.200198400396804,0.11842208706481103,0.05259529390590663,0.7862543459090143,0.0027662649410486987,8.91406729113504,1124.393539186508,22.682725694444443,0.10252903490188198,0.0431973463505628,0.743422208417108,0.0018660107317304813,9.037359323415245,934.9503999007998,20.53251906503813,0.11459088613802121,0.05252488257428207,0.7869870301945836,0.00275886328944212,8.942949306526467,1100.8505625,22.6465625,0.11529351617552475,0.060181528779601465,0.7494207020559295,0.0036218164062499997,8.958132429569897,1211.3705593348452,23.530675233056186,0.10012471981205559,0.04266530690360679,0.7235856019459522,0.0018203284131789572,9.035169004008164,1345.2036249999999,25.417749999999995,0.0897213493572587,0.03550132039797956,0.6925077768469894,0.0012603437499999995,9.128845263944296,1264.0799319727894,24.625031494079117,0.09588261230841716,0.042694194212429495,0.7115708166436778,0.001822794219448648,9.086533634115217,1253.834929435484,24.302419354838708,0.11386759870518498,0.05985107830046961,0.7146691684116337,0.003582151573728944,9.003069601673579,1424.692544,25.939648,0.09107524254778826,0.035563274539895794,0.6743866427731684,0.0012647464960000004,9.117048445734694,1498.4771295362902,27.22586945564516,0.08131218844034097,0.031062042212444317,0.6568307939285268,0.0009648504664076727,9.183072591234941,1515.6671999999999,27.555328,0.08469259803933149,0.03524459720297567,0.653615516190349,0.001242181632,9.17343828089624,1338.7307545731708,25.165205792682933,0.11262420916282691,0.05992805428546275,0.6953366768973732,0.00359137169044137,9.016187784820834,1617.2692507804372,28.067247658688867,0.08321349605024658,0.031662084726723806,0.6299325633601747,0.001002487609242237,9.172320098347278,1644.1676829268295,28.929369918699187,0.07601250934970863,0.028591595998367778,0.62275557721023,0.0008174793617338803,9.227667850039904,1729.62825182102,30.063995837669097,0.07346543873273617,0.030922065182532175,0.604262919273353,0.0009561741151527686,9.242323282616582,green_mold_on_bread_16.jpg,spoiled_bread
621.7394192913385,10.270669291338582,0.4337600155108721,0.10780076272077467,0.9470276828427336,0.011621004443180762,6.775790382410675,1067.6287432574866,13.271126542253086,0.391439306752035,0.09904923917409907,0.908427620300528,0.009810751780967882,6.936683574599366,976.3474409448819,12.486589566929133,0.41081104453582257,0.10180366577476355,0.9163664433028427,0.010363986365179762,6.880479946243797,1170.247566495133,14.080786161572325,0.39329224125512474,0.09977325527800551,0.8996268442432331,0.009954702468770055,6.934866621844778,860.808841765873,12.412140376984127,0.3984504801825294,0.10340878989990154,0.9265487892446366,0.010693377828561978,6.904248108458791,1067.6287432574866,13.271126542253086,0.391439306752035,0.09904923917409907,0.908427620300528,0.009810751780967882,6.936683574599366,1602.567398313492,16.976252480158728,0.36765767815613737,0.09181682361960752,0.8617820575283799,0.008430329099594118,7.059265808864806,1170.247566495133,14.080786161572325,0.39329224125512474,0.09977325527800551,0.8996268442432331,0.009954702468770055,6.934866621844778,1079.32,14.193625,0.3751679671759786,0.10103379694438887,0.907759241181038,0.010207828125,6.982150228763521,1755.8313177122702,18.273116654069035,0.3534592077256663,0.08987163129891129,0.8481248846425257,0.008076910112327453,7.112539356476416,2219.8359375,21.3708125,0.3373110811564378,0.08459571825379225,0.8071942526196579,0.007156435546874999,7.1887166508248255,1878.80788611741,19.192743764172338,0.35146587039385735,0.08976684393615152,0.8374944417730318,0.008058086270257381,7.129042949882596,1283.8808593750002,15.912613407258068,0.3610489605638203,0.09978213757489662,0.8900872899006479,0.009956474979015598,7.046103244057827,2402.9518080000003,22.6144,0.3242502523145759,0.08287456352826239,0.7903265936561733,0.006868193279999999,7.235008653529718,2836.6977066532263,25.463835685483875,0.3156703328842565,0.07846471183143713,0.7518813600436505,0.0061567110027904715,7.2875017444504735,2566.067456,23.863552,0.3190899144130668,0.08181972613007207,0.7761148098607413,0.006694467583999999,7.264547155630584,1500.7216717479675,17.524009146341463,0.34694906902618994,0.0985285531892454,0.8713036648359727,0.009707875793565959,7.096054433078687,3028.7001170655567,26.830189906347556,0.29835481975053346,0.0763844520660705,0.7333466559130759,0.005834584517433822,7.345994587730002,3270.6100101626016,28.63008130081301,0.2964745118518297,0.07307643034326379,0.7120894719878268,0.005340164671713886,7.379771976713249,3225.411745577523,28.34735952133195,0.29193650063554694,0.07507869553063314,0.7160755695483697,0.005636810522581512,7.387579024622487,green_mold_on_bread_17.jpg,spoiled_bread
1012.7819881889764,20.38336614173228,0.13277506234293,0.06205620423986479,0.8396564876301023,0.003850972484659813,9.075051378654042,1198.466798933598,23.15946431892864,0.10895679417189937,0.05261248473777996,0.81108965667432,0.002768073550283129,9.221466627553536,1073.3432578740158,21.558193897637793,0.11413167503306354,0.05279880921600152,0.8303105877740541,0.002787714254627727,9.181233473719058,1170.5462830925662,22.912579825159654,0.10874202699311325,0.052615261050874856,0.8154916465336691,0.0027683656954517084,9.221767240437355,1297.6652405753966,23.642423115079364,0.11925603736506658,0.06160199561383557,0.7951813110555587,0.0037948058636070167,9.160864032489062,1198.466798933598,23.15946431892864,0.10895679417189937,0.05261248473777996,0.81108965667432,0.002768073550283129,9.221466627553536,1416.8648313492063,25.648809523809522,0.09151282978275938,0.04292013930737464,0.7769933053597775,0.001842138358164446,9.324396886869305,1170.5462830925662,22.912579825159654,0.10874202699311325,0.052615261050874856,0.8154916465336691,0.0027683656954517084,9.221767240437355,1571.06025,26.50575,0.11140910150249353,0.06136005737142852,0.7528237221199885,0.003765056640625,9.219358660389297,1712.6826656588562,28.743764172335602,0.08978246743405874,0.042674093689327015,0.732055038321894,0.00182107827220546,9.369998531435593,1809.0241875000002,29.575812499999998,0.07728731331434491,0.034374318175056214,0.7165017271550838,0.0011815937499999997,9.420764209268238,1688.0468002015623,28.523494583018397,0.08759467744108679,0.04273025847652028,0.7359093428487691,0.0018258749894702333,9.371787574454718,1818.680569556452,28.789314516129036,0.1071447660961928,0.06131753948669768,0.7147220036109074,0.0037598406487027295,9.260448568070135,2216.402048,33.28448,0.0733236285766428,0.03453812641125745,0.6558598141988587,0.0011928821759999994,9.457295926034345,2159.8090977822576,32.49722782258064,0.06833366999360813,0.030854387528097875,0.6629015861160888,0.0009519932297340416,9.47719456116494,2200.6496640000005,33.36300800000001,0.07136224591691848,0.03447589766779105,0.6583049766352934,0.0011885875200000006,9.459964957747973,2037.7679751016262,30.89259400406504,0.10400828099630537,0.06115619827049889,0.6812961970308751,0.003740080586900571,9.288683520930714,2668.0309573361083,37.06386576482829,0.06395578748435274,0.031213620013479687,0.5886544838367235,0.0009742900743458997,9.508217214322467,2433.1518673780492,34.586826727642276,0.06273138253950147,0.028437982453911506,0.6214528357477939,0.0008087188460489786,9.500841239965833,2638.4749609781475,37.11895161290322,0.06293701688707286,0.030840158088493313,0.5932445220123838,0.0009511153509232594,9.511988248074772,green_mold_on_bread_19.jpg,spoiled_bread
484.58501476377955,11.833784448818896,0.23405310117718955,0.08467090218717728,0.9571632263853287,0.007169161677190543,8.52841438082777,947.459296918594,17.63984127968256,0.16720727989845333,0.0754631803778743,0.9155949432151436,0.005694691592743594,8.843762341391281,816.3294783464567,15.703494094488189,0.19167033734318942,0.0763589110204301,0.9272687337685048,0.005830683292225961,8.740741688997618,1007.749395498791,18.026908053816108,0.18119084379459605,0.07590104204719256,0.9102269874456321,0.0057609681838496915,8.827895692499752,777.9516369047619,15.857142857142856,0.19387449995185543,0.08310273689847646,0.9312389695959565,0.0069060648800174,8.734059167963805,947.459296918594,17.63984127968256,0.16720727989845333,0.0754631803778743,0.9155949432151436,0.005694691592743594,8.843762341391281,1573.447916666667,23.63368055555556,0.14355766111464863,0.06589642194787403,0.8585530011813292,0.004342338425532253,9.026643570607558,1007.749395498791,18.026908053816108,0.18119084379459605,0.07590104204719256,0.9102269874456321,0.0057609681838496915,8.827895692499752,1008.5666875,18.5895625,0.17514336753590076,0.0821206714993247,0.9109041624817846,0.0067438046875000004,8.83477883533211,1773.8924162257497,26.088183421516753,0.12436982482596884,0.06464929781796773,0.8405607273843525,0.004179531708356288,9.104650992270255,2320.65975,30.14275,0.11782223930935114,0.058226608098231186,0.7892020175872523,0.003390337890625002,9.18533569807408,1931.7163013353493,26.92504409171076,0.14173884226188482,0.06543026633493938,0.8263916564887943,0.004281119752661102,9.079623625940295,1264.4828629032259,21.107862903225808,0.1620934388316567,0.08147873306668517,0.8882986433806799,0.006638783942152135,8.903265915787763,2530.021632,32.740352,0.10280314612510251,0.05699612337694555,0.7703283840163125,0.0032485580799999987,9.246570820982248,3011.1290952620975,35.61536038306452,0.10003342859754226,0.050967594674560836,0.7234786324874589,0.002597695706910322,9.293099923256493,2775.119488,33.792767999999995,0.11796037298410758,0.057264963389493224,0.7481099275378809,0.0032792760319999992,9.222820353767364,1512.7129700203254,23.46208079268293,0.1488538732599426,0.08061498402811952,0.8663711642795409,0.006498775649853966,8.958104815575753,3250.545525494277,38.44003642039542,0.08582515518980323,0.05023687765671568,0.7016420472190126,0.002523743876695819,9.33978463625913,3505.8529598577243,39.771532012195124,0.08889027554664972,0.0446182627148109,0.674715297321015,0.0019907893676878842,9.368800670736611,3570.0584677419356,39.89886836628512,0.09829302343806233,0.05002066052951859,0.6723528134403907,0.002502066479809339,9.32108859056068,green_mold_on_bread_20.jpg,spoiled_bread
981.3407972440947,17.856422244094492,0.2013857638132851,0.07941086236089236,0.8934214812378645,0.006306085060900591,8.563310059088241,1462.9631099262197,21.387438774877545,0.17878997692511095,0.07224408649025367,0.8395125345416424,0.005219208032811253,8.692776645613955,1218.4611835629921,18.99723179133858,0.19104303807134557,0.07294225769771899,0.8662619741275494,0.0053205729580404456,8.626082364732149,1550.2559985119972,22.23243846487693,0.1769085302019648,0.07225795933203388,0.8299346737103416,0.005221212686829862,8.706262315733529,1445.9457465277778,22.589099702380953,0.168664617593426,0.07785576610484565,0.8430184870054733,0.006061520315772433,8.700863629009625,1462.9631099262197,21.387438774877545,0.17878997692511095,0.07224408649025367,0.8395125345416424,0.005219208032811253,8.692776645613955,2035.643229166667,25.857514880952387,0.15509682198847016,0.06531883366172554,0.7741939629784936,0.004266550030928171,8.812516214414394,1550.2559985119972,22.23243846487693,0.1769085302019648,0.07225795933203388,0.8299346737103416,0.005221212686829862,8.706262315733529,1784.2081875000001,25.699937500000004,0.15404640210724158,0.07733870564358446,0.8062518639834814,0.005981275390625001,8.779569499634636,2233.2486142605194,27.587364575459816,0.14501570421792973,0.06445547792791795,0.752525379660617,0.004154508634916318,8.870628198355918,2675.02775,30.842375000000004,0.13121054321205572,0.05859279165882952,0.6999717578063102,0.0034331152343750016,8.956105573405237,2459.8512219702698,29.52947845804989,0.14433229948905724,0.06429499088461461,0.7274055693824384,0.004133845852852677,8.895458209950444,2063.0422757056454,28.300088205645167,0.14642274135617694,0.07649291507903826,0.7758580473448362,0.005851166057288959,8.83942052083346,2751.327808,31.54016,0.12900388804565577,0.05738816156665066,0.6917028922515353,0.0032934010879999993,8.995574254217516,3248.9819178427424,35.00132308467742,0.11501754078162477,0.05090495774156461,0.6314741709209996,0.0025913147226704785,9.052362519819525,3176.2362880000005,35.09849600000001,0.12116247660607059,0.05712095909558943,0.6440653668278761,0.003262803968000001,9.034073159206955,2266.1028328252037,30.180322662601625,0.1381456351059411,0.07632555028611268,0.7535235493608373,0.005825589626477915,8.885390845732811,3194.4436134235175,34.874804890738815,0.11402002869768049,0.049934822122225185,0.6378648177937654,0.00249348646037827,9.09690349715682,3597.3271722560976,37.905424288617894,0.10369719944717623,0.04517680793903198,0.5876250827191876,0.0020409439755601825,9.139154761640217,3815.4567507804377,39.965205515088456,0.10317286066987949,0.049473526029326115,0.5674124656281759,0.002447629777774409,9.136836181062673,green_mold_on_bread_21.jpg,spoiled_bread
491.99206446850394,13.329539862204724,0.18200272856816785,0.07149776151456896,0.9457829526187379,0.00511192990159418,8.73046425208263,780.5297910595821,17.087916175832348,0.143188590589788,0.06233866590184234,0.9130338610873326,0.0038861092664215203,8.931686569728706,648.031065452756,14.988619586614178,0.16755514014159884,0.06296408021413887,0.9277248392221104,0.003964475397212514,8.835004426424604,790.5154070308141,17.036828073656146,0.14443645624519427,0.06239698763178147,0.9119228428584721,0.0038933840655206897,8.929147389706728,744.0302579365078,16.94233630952381,0.1493529261370113,0.07057666883658589,0.9180650854992805,0.004981066184069115,8.888102587750062,780.5297910595821,17.087916175832348,0.143188590589788,0.06233866590184234,0.9130338610873326,0.0038861092664215203,8.931686569728706,1107.9281374007935,20.550905257936506,0.12259682483266734,0.05400801902417582,0.8750127637737921,0.0029168661189157372,9.07605968999271,790.5154070308141,17.036828073656146,0.14443645624519427,0.06239698763178147,0.9119228428584721,0.0038933840655206897,8.929147389706728,971.84475,19.839625,0.13523222129981474,0.06993359014987005,0.893074665029472,0.004890707031250002,8.978291842777326,1314.2833207357016,23.21050642479214,0.11102121855354347,0.05339328618626253,0.8519689291202261,0.002850843009768133,9.148862485982704,1542.9245,24.998125,0.10570387811864305,0.04794336665535704,0.82386356996223,0.0022985664062500017,9.209058091200886,1370.622197026959,23.654320987654323,0.11103453630098827,0.053142598065484034,0.8456291429865311,0.0028241357291495872,9.151474871283735,1202.4698210685488,22.4761214717742,0.12461339115131576,0.06917606042409674,0.8678589171983908,0.004785327335798283,9.052382108230258,1806.811712,28.240704,0.0926649267146159,0.04702451990185545,0.7942260254519387,0.0022113054719999996,9.2786049284799,1918.0913558467741,28.718119959677416,0.08910655577946813,0.0420266412505575,0.7787180120596007,0.0017662385748030615,9.307823687040349,1904.28128,28.790591999999997,0.0904031107047695,0.04690224182275299,0.7831353094932184,0.0021998202879999996,9.282796973775845,1428.5981961382115,24.80017784552846,0.11686375655883997,0.0687431997152075,0.8431446569566121,0.004725627507084903,9.100289922633204,2188.96221383975,32.252016129032256,0.07970715271615755,0.04122277984053383,0.7483508440959558,0.0016993175777811225,9.366902582324009,2216.6908028455287,31.87754065040651,0.07676969586418303,0.035233466269403865,0.7410812237207659,0.0012413971453572197,9.393748546629379,2342.9480359001036,33.05690686784599,0.07857200651750221,0.04109509318490669,0.730660573315493,0.0016888066838761646,9.367168112378552,green_mold_on_bread_23.jpg,spoiled_bread
704.0054749015749,17.129859744094492,0.1157805669339,0.018415363618893822,0.9071026109176911,0.00033912561721607823,8.885164267267117,807.99720999442,18.098270196540398,0.11420954445249146,0.01787405616882351,0.89317370226904,0.0003194818839262578,8.917611134452969,528.9084645669291,14.826771653543304,0.12820161471855918,0.019397564873943805,0.9301546649221715,0.00037626552303885857,8.795082762955513,721.477896955794,17.353028706057415,0.11641078579445,0.01829140263348612,0.9046113262628379,0.00033457541030030294,8.892184405174902,1138.9073660714287,21.346230158730165,0.10171426278830427,0.016786479423628688,0.8496124768805114,0.00028178589143990936,9.016484166254209,807.99720999442,18.098270196540398,0.11420954445249146,0.01787405616882351,0.89317370226904,0.0003194818839262578,8.917611134452969,808.5288938492063,18.132688492063494,0.11427681795361905,0.018163564842285325,0.8930703812898177,0.00032991508777990353,8.91465221530462,721.477896955794,17.353028706057415,0.11641078579445,0.01829140263348612,0.9046113262628379,0.00033457541030030294,8.892184405174902,1541.6009375,24.7503125,0.09022042597932964,0.015433007949683691,0.7962876197793407,0.00023817773437500003,9.09989531165094,1311.7386621315195,22.80165028974553,0.09486182545780147,0.015927038767524878,0.826164244830802,0.00025367056390224033,9.051709825558508,999.2634375,20.0004375,0.1074854507226856,0.01740964396893285,0.867623319096722,0.000303095703125,8.961346298602443,1162.3504661123711,21.721214411690603,0.10225483250090155,0.016645626386559975,0.8459351698074579,0.00027707687780094165,9.017831564644755,1905.654296875,27.57755796370968,0.08244336879043343,0.014617682279831179,0.747965457521399,0.00021367663523409045,9.155563176602595,1786.946688,26.654591999999997,0.0822398388012406,0.01457444558122195,0.7625446699454842,0.000212414464,9.144196727248023,1160.4494077620966,21.49275453629032,0.09918803575554729,0.01660756891367503,0.8459907647672776,0.00027581134522246524,9.011762424152229,1575.962112,25.124864,0.09088572043298004,0.01522177808273396,0.7904919808372619,0.00023170252799999998,9.112238542168956,2245.13655995935,30.21404979674797,0.07352177614601224,0.014002922692376466,0.7028804699333895,0.00019608184392867176,9.212447639202072,2188.7459027055147,29.799232570239337,0.07431670246889334,0.013711121225907116,0.7082513479553851,0.00018799484527152064,9.204834864143091,1351.0341082317073,23.159616361788622,0.09389070244651243,0.015863241607872208,0.8203844820503031,0.000251642434309728,9.059990796753738,1977.4789281997923,28.427159209157132,0.07755071693055418,0.014048694790992055,0.7362034080405154,0.0001973658253304473,9.181387876614057,green_mold_on_bread_24.jpg,spoiled_bread
668.0919045275592,13.50922736220473,0.30950781387845805,0.07541540936826363,0.9108913786112142,0.005687483970182787,7.541500852892526,884.0050840101679,16.7263934527869,0.2701884618140527,0.07059547952147487,0.8823306741616441,0.004983721728866977,7.675525081834156,748.331446850394,15.258120078740161,0.2889820780977429,0.07326777382422359,0.900188197751279,0.005368166681157583,7.603233072541645,861.3469526939055,16.625643251286505,0.2716728195077252,0.0703400355619943,0.8853473537448344,0.004947720602862621,7.676340509522366,955.0001860119047,16.952814980158728,0.2825648353365442,0.0708480197606403,0.8728857591058757,0.005019441904004078,7.701727039758355,884.0050840101679,16.7263934527869,0.2701884618140527,0.07059547952147487,0.8823306741616441,0.004983721728866977,7.675525081834156,1123.1892361111113,19.311631944444446,0.2515196455348164,0.06652190739062869,0.8504925722175224,0.0044251641628873795,7.769363730356555,861.3469526939055,16.625643251286505,0.2716728195077252,0.0703400355619943,0.8853473537448344,0.004947720602862621,7.676340509522366,1168.4461875,19.4299375,0.2588069086954882,0.06630135097134146,0.8447849822936077,0.0043958691406250005,7.831267891353939,1351.1299445704208,21.72266313932981,0.23279747338149073,0.06309069821933805,0.8208388140964235,0.003980436201803585,7.896472378776535,1482.0721875,22.5039375,0.23132605858422603,0.06261292922591946,0.8031039494057701,0.00392037890625,7.890052175037293,1290.195389266818,21.35512723607962,0.23161711031780244,0.06288653934425194,0.8289222593959924,0.003954716830696147,7.881656302053219,1365.3612651209678,21.577368951612904,0.24226959424838174,0.06247065050512411,0.8189831330867221,0.003902582174533364,7.938177487845801,1765.5683200000003,25.572928000000005,0.20471274602454093,0.05748904869625172,0.7667016258508894,0.0033049907200000013,8.068553124713603,1862.0839843749998,25.55802671370968,0.2145605561947574,0.0594895703056682,0.7530911376644817,0.0035390089751530392,7.983925011416536,1790.10912,25.83776,0.20923415155966157,0.05820299483703567,0.7634665299833765,0.0033875886080000006,8.03651685895202,1556.5047637195125,23.506923272357728,0.22531903486660776,0.05926952013936964,0.7940371542126292,0.0035128760175511435,8.024156908428523,2206.7023933402706,29.279266389177945,0.18455470716681383,0.052905399121889955,0.7093585895621793,0.0027989812562464744,8.208946571554137,2261.382240853659,28.380208333333336,0.20163687087167562,0.05707592484611002,0.7006976786663364,0.0032576611970387996,8.064988999919843,2231.719042663892,29.22970863683663,0.1929823980099024,0.05424195370851358,0.7060733101723398,0.0029421895421165296,8.168556058777806,green_mold_on_bread_27.jpg,spoiled_bread
354.70318651574803,7.774544783464566,0.5759886420319699,0.1956802601275834,0.9709789661013759,0.03829076420359871,5.722750465791785,1003.0417260834523,11.557691115382232,0.5344486033564094,0.1845235770400784,0.9165025963113345,0.03404895048366575,5.9095384773749,896.5617002952756,10.292138287401576,0.5633840093781212,0.1904810230359997,0.9254526457360172,0.03628302013684105,5.808038717171806,934.8695517391035,10.860003720007441,0.5441790402789222,0.1842053108307424,0.9221767981933304,0.033931596538250425,5.87246702890652,508.8032614087301,9.618861607142856,0.5301032853006317,0.18334535145075773,0.9583158919674013,0.033615517898601864,5.887465798217912,1003.0417260834523,11.557691115382232,0.5344486033564094,0.1845235770400784,0.9165025963113345,0.03404895048366575,5.9095384773749,1573.0584077380954,14.211185515873014,0.5116006006315745,0.17523314758399763,0.866816917335287,0.03070665601219509,6.000602258868553,934.8695517391035,10.860003720007441,0.5441790402789222,0.1842053108307424,0.9221767981933304,0.033931596538250425,5.87246702890652,637.2186875,10.857062500000001,0.49675837878518514,0.1757766471619595,0.9477605845789981,0.03089742968750001,5.996027708753241,1752.4975434618293,16.188901486520535,0.47399751995845774,0.16934779558427693,0.8512362122382822,0.02867867586925404,6.1286785666994295,2240.1616250000006,17.953375000000005,0.47489456109840533,0.16560313534924392,0.806762856792396,0.0274243984375,6.135774925641577,1621.1628873771733,14.773746535651298,0.4887527950885183,0.1681255596595188,0.862379385403362,0.02826620381082642,6.072536763728138,757.4568422379032,11.97687752016129,0.46686524872991847,0.16945068881532963,0.9378507965101784,0.028713535939989675,6.088391699013135,2486.972288,20.491903999999998,0.428575776894815,0.15890486653340735,0.7847306527821098,0.025250756608,6.284205984455281,2839.9809097782263,21.34053679435484,0.44761950736630773,0.15824383652528712,0.7505535441131158,0.02504111179824179,6.237756150276514,2274.050496,18.253248,0.45138878557513135,0.15823057444122485,0.8031432936050555,0.025036914688,6.208879154864553,877.7682291666667,13.154789126016261,0.4406907809263192,0.1642991259924029,0.9279281535716055,0.02699420280186748,6.173087096067027,3151.994081685744,24.420200312174817,0.39140991581367013,0.1505859575293895,0.7218971026674976,0.022676130605043095,6.4073436746326315,3338.3959603658536,24.20134654471545,0.4262366892867897,0.15226636086528206,0.7016003833924715,0.0231850446511563,6.342939491539564,2836.300338189386,21.30853277835588,0.41663015244031554,0.1492500193076595,0.749715236330249,0.02227556826333673,6.323513281034692,green_mold_on_bread_29.jpg,spoiled_bread
1319.4889271653542,23.876107283464563,0.11782840512557348,0.05941711175397855,0.8173466054239891,0.0035303931691847757,9.14149322669328,1850.117676235352,28.981337962675923,0.09469583943014073,0.05017869254568787,0.7407440988652643,0.002517901185594671,9.302021936875649,1610.2539985236222,26.66258612204724,0.10019717393566807,0.051291187364110015,0.7741014138883846,0.002630785901220239,9.256264954760747,1729.6631533263067,27.95951391902784,0.09678712356897312,0.05116580658749145,0.7576245729909834,0.0026179397637485836,9.279678359052458,1665.985367063492,27.66803075396825,0.10341035366980574,0.058077796808124305,0.7695558295539927,0.0033730304820857736,9.234986562785334,1850.117676235352,28.981337962675923,0.09469583943014073,0.05017869254568787,0.7407440988652643,0.002517901185594671,9.302021936875649,2173.9144965277774,31.947730654761905,0.08015749227318647,0.04174741502457293,0.6912191657711144,0.0017428466612339378,9.400606884660567,1729.6631533263067,27.95951391902784,0.09678712356897312,0.05116580658749145,0.7576245729909834,0.0026179397637485836,9.279678359052458,1846.5841249999999,29.495875,0.09725006525171329,0.05678103501610376,0.7446841471316265,0.003224085937500001,9.26511417599864,2300.509385235576,33.118480725623584,0.07729934052186217,0.04015128256775996,0.6738752210431701,0.001612125491836105,9.41987014706211,2481.7531875,34.6648125,0.06841819761981452,0.03494035095702387,0.6430325499524521,0.001220828124999999,9.455718018367975,2160.6758629377678,32.17472915091963,0.07815113149179799,0.04183701255399609,0.6937013618870806,0.0017503356194432267,9.388084686193771,2045.8038054435488,31.172631048387103,0.09522516723919539,0.05577289389629785,0.7173619466360821,0.0031106156935676982,9.299245050509171,2710.4494080000004,36.834559999999996,0.06510750191552683,0.033422678767567396,0.6110928345213142,0.0011170754560000005,9.47567353130124,2667.2917716733873,36.891696068548384,0.06212023321873336,0.028994692491164393,0.611812773621544,0.0008406921926571849,9.51998320603974,2475.676032,35.183744,0.06934473961651269,0.035282956792196424,0.6447894006308508,0.00124488704,9.461932704263027,2181.524326727643,32.329585873983746,0.0945293607112748,0.055014120256819,0.6987721813214199,0.003026553427631743,9.314560211343522,3017.895161290322,39.677289281997915,0.057097727573244925,0.027968761171699302,0.5622862022058221,0.0007822516014795545,9.535285353458278,2898.3593114837395,39.22948424796748,0.051990010279957,0.023976525889032572,0.5725514530659246,0.0005748737937074491,9.568936108372641,2635.1604448491153,37.25578824141519,0.060962717133750996,0.029106613813418128,0.6178207444283398,0.000847194967683463,9.517106521499699,green_mold_on_bread_6.jpg,spoiled_bread
704.0054749015749,17.129859744094492,0.1157805669339,0.018415363618893822,0.9071026109176911,0.00033912561721607823,8.885164267267117,807.99720999442,18.098270196540398,0.11420954445249146,0.01787405616882351,0.89317370226904,0.0003194818839262578,8.917611134452969,528.9084645669291,14.826771653543304,0.12820161471855918,0.019397564873943805,0.9301546649221715,0.00037626552303885857,8.795082762955513,721.477896955794,17.353028706057415,0.11641078579445,0.01829140263348612,0.9046113262628379,0.00033457541030030294,8.892184405174902,1138.9073660714287,21.346230158730165,0.10171426278830427,0.016786479423628688,0.8496124768805114,0.00028178589143990936,9.016484166254209,807.99720999442,18.098270196540398,0.11420954445249146,0.01787405616882351,0.89317370226904,0.0003194818839262578,8.917611134452969,808.5288938492063,18.132688492063494,0.11427681795361905,0.018163564842285325,0.8930703812898177,0.00032991508777990353,8.91465221530462,721.477896955794,17.353028706057415,0.11641078579445,0.01829140263348612,0.9046113262628379,0.00033457541030030294,8.892184405174902,1541.6009375,24.7503125,0.09022042597932964,0.015433007949683691,0.7962876197793407,0.00023817773437500003,9.09989531165094,1311.7386621315195,22.80165028974553,0.09486182545780147,0.015927038767524878,0.826164244830802,0.00025367056390224033,9.051709825558508,999.2634375,20.0004375,0.1074854507226856,0.01740964396893285,0.867623319096722,0.000303095703125,8.961346298602443,1162.3504661123711,21.721214411690603,0.10225483250090155,0.016645626386559975,0.8459351698074579,0.00027707687780094165,9.017831564644755,1905.654296875,27.57755796370968,0.08244336879043343,0.014617682279831179,0.747965457521399,0.00021367663523409045,9.155563176602595,1786.946688,26.654591999999997,0.0822398388012406,0.01457444558122195,0.7625446699454842,0.000212414464,9.144196727248023,1160.4494077620966,21.49275453629032,0.09918803575554729,0.01660756891367503,0.8459907647672776,0.00027581134522246524,9.011762424152229,1575.962112,25.124864,0.09088572043298004,0.01522177808273396,0.7904919808372619,0.00023170252799999998,9.112238542168956,2245.13655995935,30.21404979674797,0.07352177614601224,0.014002922692376466,0.7028804699333895,0.00019608184392867176,9.212447639202072,2188.7459027055147,29.799232570239337,0.07431670246889334,0.013711121225907116,0.7082513479553851,0.00018799484527152064,9.204834864143091,1351.0341082317073,23.159616361788622,0.09389070244651243,0.015863241607872208,0.8203844820503031,0.000251642434309728,9.059990796753738,1977.4789281997923,28.427159209157132,0.07755071693055418,0.014048694790992055,0.7362034080405154,0.0001973658253304473,9.181387876614057,moldy_bread_000002.jpg,spoiled_bread
491.8829355314962,13.130843996062996,0.23576290636180272,0.041788191432382917,0.9310563692729984,0.0017462529431894807,8.5565318549788,660.3925847851697,16.075640151280304,0.1960958706593228,0.03745102594471567,0.9074385111793258,0.0014025793443117665,8.742002414668644,374.9352854330708,12.086122047244093,0.22272086940653282,0.0387050418765869,0.947479436501228,0.0014980802666683458,8.621730463264303,588.5592411184823,15.3496186992374,0.20007813055468074,0.03768972698304404,0.9175065846146894,0.001420515520056398,8.74405976141097,859.0187872023808,17.837859623015873,0.20051654188419096,0.03792355011273014,0.8795967206804606,0.001438195653152754,8.74336594948027,660.3925847851697,16.075640151280304,0.1960958706593228,0.03745102594471567,0.9074385111793258,0.0014025793443117665,8.742002414668644,722.8100818452381,17.370721726190474,0.176477498171535,0.03290036542538891,0.8987625379411721,0.0010824340451241262,8.861477869990205,588.5592411184823,15.3496186992374,0.20007813055468074,0.03768972698304404,0.9175065846146894,0.001420515520056398,8.74405976141097,1143.6438125,20.7156875,0.18392282610872174,0.03501336240458777,0.8397733685041425,0.0012259355468750002,8.837812975308593,1175.72940287226,22.125724363819604,0.15678487568586402,0.03068308940251316,0.8352318044416099,0.0009414519752826152,8.963396905348986,1021.721,20.928250000000002,0.1512387668203635,0.028642905153370878,0.8568951705620617,0.000820416015625,9.001884863227994,1008.5374149659865,20.899218946837998,0.15996438618018644,0.03171483477948079,0.8586512179973019,0.0010058307450897643,8.953450683674689,1411.6448462701615,23.165637600806452,0.1698323981570635,0.03250989749338882,0.802480459358417,0.0010568934350306484,8.910457426347307,1619.2263039999998,26.240832,0.13228050689330378,0.026391174282324008,0.7731945170982125,0.0006964940800000001,9.085416300303574,1284.4355468750002,23.836378528225808,0.13030770712664366,0.025420546010767788,0.8199145854899871,0.0006462041594855621,9.102519425777555,1330.854464,24.456512,0.1358499308842774,0.027668103802031684,0.8135380894443726,0.0007655239680000001,9.074141570146647,1668.8196773373986,25.48266006097561,0.1561585886873709,0.03054901016816167,0.7667726859742624,0.0009332420222544451,8.977529881803797,2062.068288241415,30.443938605619145,0.11031166031479034,0.02328667153769039,0.7112739353738414,0.0005422690713042798,9.187307655650294,1525.9681148373986,26.36661585365854,0.1133284928403318,0.022958162886671678,0.7857457516583796,0.0005270772431309489,9.172938652465266,1639.256698751301,27.54819198751301,0.11956276546705571,0.02465660989609753,0.7703503920377744,0.0006079484115683346,9.156625798421889,moldy_bread_000006.jpg,spoiled_bread
646.3040723425197,13.437561515748031,0.435222238954528,0.33721396544836557,0.897827988817656,0.1137132584934115,6.100146608174372,1184.1714303428603,17.62049724099448,0.40601564582708316,0.3259982468005044,0.8082497406439995,0.10627485691700256,6.247061328497106,1067.298720472441,16.32000492125984,0.416441521591142,0.3323039570746703,0.8274266919851156,0.11042591988748433,6.16917413609253,1224.3632587265172,18.016926033852066,0.4084797025017568,0.3277710719436244,0.8017415668111563,0.10743387560307262,6.243094335688045,943.7639508928571,16.665984623015873,0.41270585191876774,0.3211531493504999,0.850575053713767,0.10313934533774448,6.241117769702223,1184.1714303428603,17.62049724099448,0.40601564582708316,0.3259982468005044,0.8082497406439995,0.10627485691700256,6.247061328497106,1681.275855654762,21.07421875,0.3870553989247638,0.31517559063273964,0.7212496974444133,0.0993356529306963,6.324680139274958,1224.3632587265172,18.016926033852066,0.4084797025017568,0.3277710719436244,0.8017415668111563,0.10743387560307262,6.243094335688045,1098.312125,18.366500000000002,0.3977626894713899,0.309173188596416,0.8258072988781668,0.09558806054687502,6.338187314656304,1836.5835222978078,22.73683547493071,0.36819685281581915,0.3011264439371901,0.694616220716249,0.09067713523825771,6.449937063768728,2108.1264999999994,24.134124999999994,0.36604221345719035,0.30171357938345267,0.6424149648774858,0.09103108398437498,6.425119334153221,1846.7447719828672,22.798059964726633,0.37376966536133993,0.3065066203724298,0.692926626535862,0.09394630833212882,6.437408230845541,1186.0141129032259,19.41179435483871,0.38519170142916637,0.2978318426845984,0.8115536011481898,0.08870380651690335,6.413483341349773,2298.177664,26.178176,0.3429044862324332,0.28022677171176913,0.6084550543318027,0.07852704358399998,6.593332626191874,2451.4673639112902,26.38193044354839,0.3488755922991934,0.2896617320694344,0.5744002118114889,0.0839039190254648,6.501938505595882,2265.3849599999994,25.795711999999995,0.3509995799626621,0.28822655266994396,0.6140428487571501,0.08307454566399997,6.5760019574385025,1279.9972052845528,20.336001016260163,0.3766555310766643,0.28833157154199074,0.7963171657735643,0.08313509514787412,6.483009845868486,2690.579279396462,29.039607180020813,0.31886717531494224,0.2615790700446571,0.5301087552896633,0.0684236098854276,6.722930034539346,2775.9510289634154,28.63192327235773,0.33288957055538604,0.27888993897386016,0.5061159821511826,0.07777959806084346,6.564764699891241,2680.862643080125,28.85991155046826,0.325507418630371,0.26882495392572753,0.5318093012676888,0.07226685585316954,6.707055434264156,moldy_bread_000007.jpg,spoiled_bread
856.6115895669291,15.039616141732283,0.4791467512207063,0.4545864898990402,0.9235150476670634,0.20664887679873017,5.634981761665227,1035.9448198896396,16.246760493520988,0.47087780879627333,0.4471939793255501,0.9075375413476139,0.19998245514502055,5.696513921085081,612.070866141732,11.993479330708658,0.4894646790513173,0.45766719787559756,0.9453495474595468,0.20945926401130135,5.550485717392915,1038.6722053444105,16.35364870729741,0.4695448060771881,0.4471931820591279,0.9072941106551687,0.1999817420801683,5.700561741846699,1261.1876240079364,18.052951388888886,0.465065159848241,0.44207576658463205,0.8874339509991643,0.1954309834013901,5.7493631548069475,1035.9448198896396,16.246760493520988,0.47087780879627333,0.4471939793255501,0.9075375413476139,0.19998245514502055,5.696513921085081,1059.4903273809523,15.877108134920633,0.4731933021605614,0.44827614586020514,0.9054362429208829,0.20095150294727993,5.680770932314628,1038.6722053444105,16.35364870729741,0.4695448060771881,0.4471931820591279,0.9072941106551687,0.1999817420801683,5.700561741846699,1634.276625,20.608500000000003,0.45138824318303356,0.42930540738791073,0.8541725452778062,0.1843031328125,5.85598313077668,1634.0376669186198,20.410178886369366,0.4498423515821413,0.4266748493987913,0.8542140455855947,0.18205142710948122,5.876919548481352,1413.264375,18.408625,0.46298005302979817,0.4386141950614173,0.8738935970183125,0.192382412109375,5.7761784586612235,1679.083774250441,20.74313429075334,0.4493982442657027,0.42661095346168815,0.8501951114551426,0.18199690561349063,5.886576709239531,2015.1679687500005,23.39490927419355,0.4371055349441818,0.41645809249848903,0.8202107234562165,0.17343734280748002,5.952649563093536,2218.9128960000003,24.631168000000002,0.42650463372553227,0.4056364278710678,0.8020143350739676,0.16454091161599999,6.050840815031478,1715.4242691532259,20.489919354838708,0.45214037409093616,0.42942719694903275,0.8469744831480286,0.18440771747950338,5.857896699040772,2286.7936,24.947968,0.4271850393336123,0.40544536192192415,0.7959575825347782,0.16438594150400004,6.0450057848829015,2337.4424542682927,25.59959349593496,0.42475887123734335,0.4034055194136372,0.7914608118383533,0.16273601309338645,6.044497273767984,2760.1265608740896,28.262096774193555,0.4051151051766951,0.38445600419601833,0.7536107930805297,0.14780641916236886,6.191040345816193,1984.7849339430888,22.2369156504065,0.44261629951765863,0.4209814551848325,0.8229158412493975,0.17722538560953913,5.922494934244218,2843.7669094693033,28.666493236212283,0.40454704218441273,0.3842596999253956,0.7461444401063689,0.14765551698675505,6.1972408106408805,moldy_bread_000008.jpg,spoiled_bread
1077.316437007874,18.74224901574803,0.22411408321322374,0.05979496836845955,0.8459507428345916,0.003575438242185078,8.41701431898601,1413.7609275218551,22.532705065410134,0.18175981964640933,0.050455188939237776,0.7983429276145987,0.002545726090894182,8.605767600703032,1292.2719611220473,21.285617618110237,0.18319566749353075,0.050463670679966884,0.8154538137541552,0.0025465820584961493,8.581778960387297,1339.2804885609771,21.86242172484345,0.1830578575390105,0.050356048801672895,0.8089785568044086,0.002535731650916462,8.60225635865367,1412.0685763888887,22.41269841269841,0.20294954795045206,0.058697801314598175,0.7983217972419347,0.0034454318791680436,8.52849583189893,1413.7609275218551,22.532705065410134,0.18175981964640933,0.050455188939237776,0.7983429276145987,0.002545726090894182,8.605767600703032,1675.286272321429,25.287884424603178,0.16456829914407986,0.04247805840603262,0.7613032917965892,0.001804385445946319,8.72803988344581,1339.2804885609771,21.86242172484345,0.1830578575390105,0.050356048801672895,0.8089785568044086,0.002535731650916462,8.60225635865367,1636.2539375000001,24.7915625,0.1862186285820919,0.05817675786987446,0.7666314205806052,0.0033845351562499996,8.59766901466098,1943.0355253212397,27.608717561098516,0.1560948603381901,0.04192492473974936,0.7237425367749033,0.0017576993144336481,8.759694748368032,1992.0831875000001,28.294562499999998,0.14447261493137142,0.036573315707972114,0.7157270901918237,0.0013376074218749998,8.81270265323528,1816.2767699672463,26.403502141597382,0.15813829681094915,0.04212224469558102,0.7418409663943951,0.0017742834981944035,8.746168561782808,1893.4334047379034,27.06974546370968,0.17727153682216798,0.05735391707562114,0.7303432796406654,0.003289471803917226,8.653356343211787,2263.1546880000005,30.723712000000003,0.14098160897330161,0.036298129097792356,0.6780476328746348,0.0013175541760000002,8.854085904622014,2190.465788810484,30.47561743951613,0.12973700842635222,0.03264046707459545,0.6870407627524168,0.0010654000908477494,8.892163027256133,2176.26528,29.84288,0.13889850382317806,0.03624327402429312,0.6906262097838333,0.0013135749120000003,8.845933454197993,2127.525597052846,29.07945884146342,0.170476879513961,0.05696803081868302,0.6974091440867234,0.003245356535358418,8.688282293264809,2538.5803199791885,33.52204734651406,0.12262762633084173,0.03224734352616297,0.6387267099487349,0.0010398911644943648,8.946721157374794,2359.2091590447153,32.36744156504065,0.11995185146135075,0.029504721500762332,0.6619595994569714,0.000870528590837547,8.954702302700223,2459.075442247659,32.61355359001041,0.12365917665242362,0.032276055968049486,0.6504977735510656,0.0010417437888526628,8.927662188962628,moldy_bread_000009.jpg,spoiled_bread
679.1806717519687,16.39450049212599,0.16852979546440353,0.0801855946869451,0.902509677362161,0.006429729595299037,8.676619703959332,934.1059582119165,18.818463636927277,0.14212953305944365,0.0724914692500534,0.8638717944302817,0.005255013114031438,8.78390523558464,736.5493356299212,16.31705216535433,0.15731924679208537,0.07279361495415784,0.8925650116726624,0.005298910378094193,8.717743869674539,996.5929691859385,19.843511687023373,0.1402005037275788,0.07221910067546639,0.8547665715650996,0.005215598502373148,8.821753500568988,1023.1000744047618,20.573040674603174,0.14431950201201435,0.07901901605975384,0.8532732092666191,0.006244004899051635,8.804279016744594,934.1059582119165,18.818463636927277,0.14212953305944365,0.0724914692500534,0.8638717944302817,0.005255013114031438,8.78390523558464,1208.3390376984125,21.698536706349206,0.12705687883362965,0.06406432312597031,0.8209624249892635,0.004104237497588734,8.905292645755186,996.5929691859385,19.843511687023373,0.1402005037275788,0.07221910067546639,0.8547665715650996,0.005215598502373148,8.821753500568988,1238.2503124999998,22.7750625,0.13657436760703642,0.07817765725416695,0.8225588547152589,0.006111746093750002,8.85770797545051,1483.748803224994,24.50327538422777,0.11637207941036604,0.0631935113123547,0.7805213076790423,0.003993419871984703,8.966749842479002,1615.3613125000002,25.7896875,0.10979524775847044,0.05731403351274451,0.7566929595913685,0.0032848984375000003,9.03323623954785,1554.0728143109095,25.662131519274375,0.11397883654018143,0.06298839443140393,0.7701252676441482,0.003967537833046118,8.994144476789314,1439.2932207661293,24.90146169354839,0.12824002007888685,0.07751137484321015,0.7939698663814295,0.006008013230084631,8.903373962058208,1879.893824,28.07072,0.10331161760484431,0.05640887533004005,0.7174868174127664,0.0031819612160000005,9.065369693318777,1946.5994203629032,28.669480846774192,0.09643615352590709,0.05020591261778031,0.7017757578509338,0.0025206336617841925,9.101597569641328,1978.7473919999998,29.674879999999998,0.0997981035207747,0.05601437072751955,0.7026495166424647,0.0031376097279999997,9.096923447494117,1609.0251524390246,26.389862804878053,0.1288046092734287,0.0771084128378368,0.7698418824152524,0.005945707330370276,8.920850884248871,2247.9391909469305,31.082010926118627,0.0938535446532312,0.04955376208532305,0.6566827251272233,0.0024555753368088002,9.131300002039206,2129.7700076219517,30.7250381097561,0.08978006304482242,0.0437902352051256,0.6683643524384728,0.0019175846993202217,9.15770093838902,2329.769055671176,32.55625650364204,0.08822559649657467,0.04922741516729896,0.6442216688217993,0.002423338404053616,9.155804336285,moldy_bread_000010.jpg,spoiled_bread
567.9944635826772,11.937007874015746,0.5662171865744499,0.5445660982069895,0.9071467838529305,0.2965522353163846,4.7899221708805,734.7459854919709,13.907991815983632,0.5552217806909586,0.5367643001788618,0.8802252236970066,0.28811591394650327,4.8784032006494105,627.7332677165354,12.707554133858267,0.5638098032276242,0.5424130458205846,0.8973809490635896,0.2942119122763636,4.817699227858896,709.03131006262,13.71777543555087,0.555529066255709,0.5370120742224683,0.8844171070935417,0.28838196786071785,4.879783993502746,816.6910962301588,14.804191468253967,0.553693470964032,0.5359286785867695,0.8668698571462669,0.28721954853176085,4.899747895816793,734.7459854919709,13.907991815983632,0.5552217806909586,0.5367643001788618,0.8802252236970066,0.28811591394650327,4.8784032006494105,875.739459325397,15.445808531746035,0.5489861754234421,0.5315286968974555,0.8572442875148175,0.2825227556255071,4.926913194851479,709.03131006262,13.71777543555087,0.555529066255709,0.5370120742224683,0.8844171070935417,0.28838196786071785,4.879783993502746,1014.66475,16.85225,0.5424147609075617,0.5271548893292654,0.8350599332819851,0.27789227734375,4.984506208437644,1053.9300831443688,17.272612748803226,0.5346843745056066,0.5198115474799769,0.8291331552258635,0.2702040448935283,5.040652095939016,1074.66875,17.594625,0.5363057446228201,0.5205964371666647,0.8253059098339962,0.2710206503906251,5.028482055217182,1012.822625346435,16.957923910304864,0.5363364015734433,0.5204411772531284,0.8357976405868497,0.2708590189806222,5.032328816726201,1170.7133316532256,18.373739919354836,0.5324119902027201,0.5182400876590387,0.8102160195962845,0.2685727884568482,5.069087123531533,1342.590976,20.102784,0.5168814869056898,0.5024409522162777,0.7834743207266117,0.25244691046399986,5.179650288783252,1249.6203377016127,19.342615927419352,0.5228122428250755,0.5094275466020178,0.7974244289611498,0.25951642523695106,5.1096037137073615,1260.005248,19.51616,0.5181271949571769,0.5033356871432821,0.7967932921580771,0.253346813952,5.178665519357297,1308.2686737804877,19.68165650406504,0.5229038247007946,0.5091826167826927,0.788489051885141,0.25926693723367056,5.1345171019638265,1604.5113163371486,22.609911550468258,0.4974904169415557,0.48450948775234837,0.7425236934489062,0.23474944372204304,5.3148097651748065,1439.8347306910568,21.17657520325203,0.5106095977611995,0.4980793578045821,0.7672184505212215,0.24808304667102496,5.195676088865914,1482.6726066597294,21.70122268470343,0.5001690961225703,0.4858081082306061,0.7620751797134637,0.23600951802260028,5.305856649162789,moldy_bread_000014.jpg,spoiled_bread
691.3832431102362,13.078125,0.4987886220240856,0.386337200098381,0.9117792563955223,0.14925643217985649,5.69084629498707,1066.8838117676237,16.25922251844504,0.46135261941208333,0.37250602477329,0.8630224376383302,0.13876073849239892,5.829461893020175,973.4058809055117,15.190944881889763,0.4747051328537665,0.38389143943903126,0.8750166899555059,0.14737263727457142,5.743841255669533,1132.0921941843885,16.73277946555893,0.46661006700577645,0.37731124094641116,0.8546503120418261,0.14236377254452076,5.819133602215966,932.0440228174604,15.446924603174605,0.4758955235755161,0.3724007163977195,0.8810706120242654,0.1386822935735347,5.816983025477285,1066.8838117676237,16.25922251844504,0.46135261941208333,0.37250602477329,0.8630224376383302,0.13876073849239892,5.829461893020175,1521.6645585317458,19.799355158730158,0.4427830930120798,0.36683568247146203,0.8033748871665217,0.13456841793430332,5.916587898176825,1132.0921941843885,16.73277946555893,0.46661006700577645,0.37731124094641116,0.8546503120418261,0.14236377254452076,5.819133602215966,1156.678875,17.267625,0.4626908735613853,0.36165431256501696,0.8524257724189411,0.13079384179687498,5.894663545151904,1661.945452254976,21.198916603678512,0.4238632954869199,0.34828673713302516,0.7852820479698155,0.12130365126276896,6.042589063182845,1974.6379375000001,23.261062499999998,0.41744079389892597,0.3501711607155492,0.7431787695681799,0.122619841796875,6.044507498937389,1737.0384227765182,21.614260519022427,0.4316752621252856,0.3552629285216521,0.775580280188947,0.12621174838178048,6.028613110724148,1365.9792086693546,18.97127016129032,0.45347305956171396,0.3540071885416253,0.8257642121675891,0.12532108953914584,5.963984660988913,2168.069376,24.92608,0.3978435202259098,0.3301724116881966,0.718152002112463,0.10901382144,6.198888029390725,2410.1425151209673,26.385206653225804,0.39832246810690414,0.33580856040298834,0.6847372650435063,0.11276738923992746,6.148760147435177,2266.2482559999994,25.514431999999992,0.40293571899161496,0.3344160547342187,0.7053936254787896,0.11183409766399995,6.197434421508223,1533.8121189024391,20.303988821138212,0.4437092984746109,0.34744604231990556,0.8044459350640866,0.12071875232376561,6.023509877859785,2665.1995967741937,28.54741155046826,0.37552122291006856,0.3138402768207419,0.6517127301217989,0.09849571935491991,6.324539439416265,2803.1563135162596,29.149834857723576,0.3830962471321149,0.3232516554971459,0.6317216870602583,0.10449163278164551,6.233308355283395,2790.2859651404788,29.349570759625394,0.3784867015726761,0.3164679032828112,0.6353077927873816,0.10015193380821875,6.329640014363372,moldy_bread_000015.jpg,spoiled_bread
552.1710137795276,11.410310039370078,0.5003503260530064,0.37474707044649946,0.9292016347613674,0.14043536680823365,5.75310174531087,910.4798189596381,14.694587389174782,0.4600240149944819,0.3604778544829273,0.8824478308567176,0.1299442835726145,5.902030192076144,682.4618602362204,11.75246062992126,0.48688799652289594,0.3728135531325604,0.9117871326516597,0.13898994539932444,5.775146092587757,953.8255936511872,15.020832041664082,0.46717902189301347,0.3651796671998919,0.8768514521868315,0.1333561893362238,5.886178107390593,867.2000248015872,14.748387896825395,0.47656077617918924,0.36001271614633507,0.8889310239181009,0.12960915578706161,5.892535004062228,910.4798189596381,14.694587389174782,0.4600240149944819,0.3604778544829273,0.8824478308567176,0.1299442835726145,5.902030192076144,1252.6981646825393,17.00086805555555,0.44716014659320646,0.35692298216301394,0.8369143951469333,0.12739401519613916,5.978170675711608,953.8255936511872,15.020832041664082,0.46717902189301347,0.3651796671998919,0.8768514521868315,0.1333561893362238,5.886178107390593,1055.3130625,16.6695625,0.45980389711732483,0.3480932155597836,0.865006749394259,0.12116888671875,5.983625986225008,1537.449609473419,20.15154950869237,0.41992863465371594,0.3350518118169939,0.8003218403011607,0.11225971660185029,6.134165648703071,1720.5968125000002,20.7506875,0.4216079243435108,0.3408707857504439,0.7743474350233356,0.116192892578125,6.1206918313287595,1641.5869236583526,20.907659360040316,0.4272114986664176,0.3423747428429762,0.786796878491486,0.11722046453679409,6.125102068927478,1229.686491935484,18.26008064516129,0.4466763720290412,0.33801058215711893,0.8429092449527983,0.11425115365019446,6.062787269609483,2025.005248,23.86272,0.39021132066791053,0.3150678009064081,0.7354664600882717,0.09926771916800002,6.293022726330717,2132.189579133065,23.894972278225808,0.4010781116974288,0.32730036873524865,0.7185440135507245,0.10712553137422971,6.224432805633662,2196.2031359999996,25.182336,0.3952800746927911,0.32053786477107504,0.7131073040973698,0.10274452275199998,6.298364147944472,1396.8722052845528,19.819486788617887,0.43394068537220165,0.32886956146576163,0.8217631425564402,0.10815518845868238,6.138168632235407,2469.5906607700313,27.376170655567115,0.3639957087862688,0.2964349090428738,0.6758511930519929,0.08787365529925686,6.427217611012747,2488.895388719512,26.620617378048784,0.38217502714756957,0.31536297460286067,0.6698142231461458,0.09945380575036455,6.310119925699478,2671.5390218522366,28.731659729448488,0.36860828274993124,0.30022901384015815,0.6492776212564688,0.09013746075143386,6.441489495974469,moldy_bread_000016.jpg,spoiled_bread
1709.3300319881894,27.266055610236226,0.1346821042951573,0.0711590179129579,0.7565462784214058,0.005063605830336662,8.942784423813709,2106.314030628061,31.10812821625644,0.1113040976436245,0.062348531268521926,0.7012984640956277,0.0038873393513418563,9.083978113626994,1960.0216535433071,30.12143208661417,0.11247281424355222,0.06255614725551178,0.7212478968786278,0.003913271559453275,9.068847590715986,2130.45210490421,31.508587017174037,0.10992626268144666,0.06204513525152343,0.6978787853555375,0.0038495988083798354,9.080429027380378,2158.868117559524,31.387958829365076,0.12343986342745193,0.07075097007862746,0.6933616820294913,0.005005699767066839,9.021700647712654,2106.314030628061,31.10812821625644,0.1113040976436245,0.062348531268521926,0.7012984640956277,0.0038873393513418563,9.083978113626994,2464.586619543651,34.54296875000001,0.09643616636655568,0.054372460221493016,0.6510831388192874,0.00295636443053784,9.18079031373745,2130.45210490421,31.508587017174037,0.10992626268144666,0.06204513525152343,0.6978787853555375,0.0038495988083798354,9.080429027380378,2459.1411874999994,33.84293749999999,0.11953701775890409,0.07045547962632147,0.6518220984365377,0.004963974609374999,9.056779542016983,2697.6012849584276,36.017006802721085,0.09474814213959473,0.05403313878720701,0.6202163691128851,0.0029195800871975744,9.184628107798757,2879.9335625,37.5715625,0.08514998453021706,0.046138717472422236,0.5941893157603637,0.002128781250000001,9.243999439376964,2643.3849836230793,35.815066767447725,0.0935649956146352,0.053915159150940604,0.6278448029883466,0.0029068443862712546,9.179360423777668,2685.095010080646,35.66847278225807,0.11517163756078898,0.06994178332480498,0.6210276360210868,0.004891853054653968,9.075221820384437,3096.569728,39.108095999999996,0.08190703230248984,0.04576123075267971,0.5674282586641336,0.0020940902399999993,9.244410955082474,3162.293283770161,39.88715977822581,0.07605755262299986,0.040990042804563344,0.5551774629791887,0.0016801836091199353,9.294629662044171,3124.842432,39.388224,0.08146027559632733,0.045875278571361276,0.5634723314238175,0.0021045411839999994,9.250989412110577,2892.2762322154476,37.18324441056911,0.11404272426784119,0.07015976886690678,0.5931506539989405,0.004922393167457782,9.08831312865821,3434.4345733610817,41.631113423517164,0.07359550865229127,0.04066029983556827,0.5225063164927897,0.0016532599827183134,9.295766350113457,3420.593114837399,41.62157012195122,0.06705129907439497,0.036484411042399634,0.5195018101183811,0.0013311122491107721,9.330440738878336,3465.981139438085,41.875780437044746,0.07357554745793432,0.040721317424124555,0.5181524055495563,0.0016582256927563101,9.284292061668317,moldy_bread_000018.jpg,spoiled_bread
705.4732406496064,16.62235482283465,0.1801369763896486,0.050934816486446044,0.7940241970913795,0.0025943555305079358,8.720756544241324,1159.2382664765328,22.757889515779027,0.10805250706173836,0.03949685283664124,0.6616682087066331,0.0015600013839992953,9.008225643189862,1125.614788385827,22.19918799212599,0.11414357183487686,0.039634764018247455,0.6723700559419235,0.0015709145187821634,8.988083712435156,1249.1893483786966,23.544981089962178,0.10969178967886897,0.03943312680830344,0.6354098216557764,0.0015549714898797392,9.014428166071685,1016.282490079365,20.540426587301585,0.14513773873973457,0.04997512148463889,0.703030253055921,0.0024975127674044155,8.856171971567724,1159.2382664765328,22.757889515779027,0.10805250706173836,0.03949685283664124,0.6616682087066331,0.0015600013839992953,9.008225643189862,1620.751240079365,27.734374999999996,0.0832322109920623,0.03071162389435704,0.5284951453927008,0.0009432038422284424,9.156456630341381,1249.1893483786966,23.544981089962178,0.10969178967886897,0.03943312680830344,0.6354098216557764,0.0015549714898797392,9.014428166071685,1245.3551249999998,23.098999999999997,0.13062973093643787,0.04957818163012838,0.6356014990684343,0.002457996093749999,8.928845129528558,1664.1540690350216,28.40236835474931,0.08101760813231425,0.030533733032824167,0.514123322384429,0.0009323088529197777,9.166652344579239,1922.812875,30.98025,0.06705005453326537,0.025202500185993452,0.4404378307468083,0.000635166015625,9.222797321518158,1702.922020660116,28.447341899722854,0.08462087927003323,0.030574376738959283,0.5027786349169024,0.0009347925129758144,9.154243130475924,1374.8709677419354,24.63961693548387,0.12232345208488529,0.0494896573126055,0.5974772573360007,0.0024492261809191274,8.970307032517045,2016.46048,32.161472,0.06484293189522372,0.02504821334945868,0.41023964339413416,0.000627412992,9.242407634546126,2223.3853326612907,33.93989415322581,0.06235991630427824,0.024474167526408335,0.3522437240432309,0.0005989848761107003,9.271054899813532,1997.7591040000004,31.774976000000006,0.06606229026717746,0.02511467969136776,0.41564901985880714,0.0006307471360000001,9.222409727933446,1471.8755716463415,25.808117378048784,0.11378522928722931,0.049206698959792704,0.5685473892781832,0.002421299222519664,8.99553432981822,2347.189906347555,35.25871488033299,0.06081872712972772,0.024573312404676115,0.3122760145386366,0.0006038476825378091,9.27843350403155,2469.2654344512202,36.348259654471555,0.0526178415374423,0.019275118215712705,0.2807891608557164,0.00037153018222969977,9.32862742657203,2237.6958246618105,34.090985952133195,0.06299858144064673,0.024423362404556087,0.344251761360083,0.0005965006311442837,9.264094624602121,moldy_bread_000023.jpg,spoiled_bread
749.7795890748031,16.276513287401574,0.2189937077362214,0.07129908729946609,0.8670725380889939,0.005083559849736887,8.299021471537312,944.7855415710831,18.54051708103416,0.19515324678170612,0.06357542114151132,0.8320490052936643,0.004041834173320525,8.408319010603073,722.2790969488188,15.803211122047246,0.21383597425032635,0.06553786288308704,0.8717370308088469,0.004295211471282317,8.311098806885798,998.5274970549942,19.227230454460912,0.1992264382366828,0.06445022485072739,0.8225019399641427,0.004153831483309318,8.417162187560063,1026.8270709325395,19.852120535714285,0.19445264389530806,0.06874508055172805,0.8178034416073606,0.004725886100063579,8.430372695563614,944.7855415710831,18.54051708103416,0.19515324678170612,0.06357542114151132,0.8320490052936643,0.004041834173320525,8.408319010603073,1152.7969990079368,21.195932539682545,0.17541602152145702,0.05474551885697007,0.7947462976900753,0.0029970718349188654,8.529652954889258,998.5274970549942,19.227230454460912,0.1992264382366828,0.06445022485072739,0.8225019399641427,0.004153831483309318,8.417162187560063,1207.7321874999998,22.024062499999996,0.17981017681448852,0.06721766764586522,0.7854415655077741,0.0045182148437499965,8.501744933566503,1343.5530990173847,23.155517762660622,0.1607000334306442,0.05267589745191267,0.7603139419651807,0.0027747501723644204,8.592848658116829,1471.9742500000002,24.580125000000002,0.1523401702107483,0.04650071404021663,0.7372588528497819,0.00216231640625,8.657620170033818,1410.0917107583775,23.860418241370624,0.1683762801613492,0.054233352907365216,0.7484804928456829,0.0029412565675748193,8.606931135098108,1347.906943044355,23.635773689516135,0.17121712726053173,0.0664946747321591,0.7603471449226227,0.004421541767735637,8.546160324803045,1656.48256,26.320896000000005,0.14015191279541966,0.04497253633052065,0.7033402862472792,0.0020225290240000002,8.711308237867247,1710.6485635080646,26.899319556451612,0.13494969244478025,0.04101436683566534,0.693911242048506,0.0016821782869305248,8.74629510930972,1732.046144,27.208128000000002,0.14789827170132008,0.04624895691796735,0.6899169214183888,0.002138966016,8.727428089196772,1481.6221417682927,25.03004319105691,0.16296599492559394,0.0658650449002427,0.7362582218009527,0.004338204139710987,8.584006081038352,1913.1908818938605,28.73991935483871,0.1266361939455086,0.04020999963711781,0.6561916995579701,0.0016168440708170147,8.789420834031933,1901.7693089430895,28.902439024390237,0.12297394111427654,0.03749821625230304,0.6589841804015503,0.0014061162221044841,8.815623063539054,2016.6532908428721,29.989529136316342,0.1294217192855246,0.040743306026179676,0.6378078239260094,0.0016600169859429291,8.807593057890948,moldy_bread_000028.jpg,spoiled_bread
410.9669045275591,9.192298228346456,0.518731837220345,0.19236507525429264,0.936544686277238,0.03700432217758967,6.219691924354733,809.2422964845929,13.221588443176882,0.4654523641929235,0.18193515671654167,0.8736952900739265,0.03310040124947258,6.462191982417849,683.9232283464568,11.574680118110237,0.4815608125406255,0.1865240561244342,0.893009094129078,0.034791223513111084,6.3573291474597795,759.03069006138,12.171492342984687,0.46927370851611594,0.18373897578877987,0.8815321070920181,0.03376001122390984,6.411439955718904,646.9512648809523,12.021701388888886,0.4815436807995263,0.18510078819467723,0.900331206232863,0.034262301790290765,6.4014497494207365,809.2422964845929,13.221588443176882,0.4654523641929235,0.18193515671654167,0.8736952900739265,0.03310040124947258,6.462191982417849,1235.425037202381,16.619357638888886,0.42513353483287014,0.17347136324741572,0.8045546500533708,0.03009231386691685,6.612361366329379,759.03069006138,12.171492342984687,0.46927370851611594,0.18373897578877987,0.8815321070920181,0.03376001122390984,6.411439955718904,823.770125,14.0615,0.45394627752115957,0.17992375772462624,0.873415378397743,0.03237255859375,6.518539729292961,1455.7937137818092,19.000818846056944,0.4099487336988611,0.16724390951962256,0.7707954735579485,0.0279705252714077,6.733844153234229,1731.518875,20.796750000000003,0.3879260314983225,0.16342192205874645,0.7232802152059423,0.026706724609375003,6.7827575710124295,1303.38636936256,17.273116654069035,0.4100754547816974,0.17084296397483772,0.7947907290373284,0.029187318339707696,6.676399591512793,1007.7864793346777,15.899760584677422,0.43461647935386444,0.1755706757268963,0.8455699717060539,0.030825062175198977,6.605493787644618,2046.3858560000003,23.767232000000003,0.37023732477205884,0.15574694881120468,0.6755166400495042,0.024257112064000007,6.918588225183617,2142.524697580646,24.140498991935488,0.35818449225902926,0.15484814666374783,0.6546095169046053,0.023977948525197555,6.899399983625456,1773.2039040000004,21.210688000000005,0.37055390337617794,0.15993042327212173,0.7188150254776701,0.025577740288000014,6.851318138941224,1163.4314024390246,17.4521087398374,0.42061811078864775,0.17214657799675206,0.822173919172628,0.029634444315991843,6.684987613578735,2567.709807492196,27.696540062434966,0.34015271256707885,0.14692507553335712,0.5906334922498438,0.021586977820482692,7.047389540044044,2552.0684705284557,27.176067073170742,0.33332816927980785,0.14650528997938705,0.5842129170854321,0.02146379999194429,6.99627225110898,2204.2217091571283,24.756438605619145,0.3401615936082576,0.15123523527195926,0.6485693604639873,0.022872096387764867,6.995038068435869,moldy_bread_000034.jpg,spoiled_bread
429.45952263779526,11.308686023622048,0.20561128907645193,0.01755776268812633,0.9235153154931472,0.0003082750306125612,8.696956648282619,571.9339078678158,13.184078368156738,0.1829629639162787,0.016542069959930034,0.8982092485341218,0.0002736400785592197,8.798175959060988,490.85143946850394,11.468811515748031,0.26639501458444825,0.020970510081989063,0.9119900362377988,0.00043976229309880495,8.523736875030728,563.4497488994978,12.951391902783804,0.19071974785261225,0.017136277968302093,0.899720170029701,0.00029365202260691573,8.743856731087202,644.100570436508,14.6375248015873,0.14410125095692833,0.01472062221145396,0.8861356484651935,0.00021669671829235165,8.93921774168545,571.9339078678158,13.184078368156738,0.1829629639162787,0.016542069959930034,0.8982092485341218,0.0002736400785592197,8.798175959060988,723.0137028769841,14.539868551587304,0.18378745978093408,0.017337067924858313,0.8704599591353455,0.00030057392423115086,8.758449294684127,563.4497488994978,12.951391902783804,0.19071974785261225,0.017136277968302093,0.899720170029701,0.00029365202260691573,8.743856731087202,782.8178125,16.6700625,0.11507155694938424,0.013657501372871979,0.862529947945954,0.00018652734375,9.047415531790994,861.6009700176368,17.181846812799193,0.12331471612786572,0.013870630317728833,0.8479022465346517,0.00019239438541109825,9.03801529323163,911.3119999999999,16.746500000000005,0.14220769618364001,0.015599979967935856,0.8368568870287512,0.000243359375,8.891112553714635,832.6229528848577,16.689594356261026,0.1262503489099827,0.014204143919018638,0.8530216615842448,0.00020175770447219415,8.9980767357561,907.6483744959679,18.47435735887097,0.09904574657704679,0.012745436985196127,0.8416635511396531,0.00016244616394360534,9.13906149778208,1064.486336,19.791424,0.09774575683197473,0.012725865314390218,0.8134845830937514,0.00016194764800000003,9.164053132034875,1076.7681451612907,18.458291330645167,0.1221276706079922,0.01475418037017555,0.8073830215973079,0.00021768583839567354,8.967855289172721,1071.4384639999998,19.501056,0.0977881027286242,0.013005313375693797,0.8122773725968719,0.000169138176,9.11826560446023,1057.2104293699188,20.226181402439025,0.0918531229913019,0.012245714231767445,0.8168679931345504,0.00014995751704611175,9.20491374383398,1286.3301248699272,22.298257023933406,0.08138696675291943,0.011916404501710231,0.7762774856284196,0.00014200069624837984,9.246688464793785,1262.7316438008131,20.358930386178862,0.1083971001779433,0.01409188072118644,0.7742850974839558,0.00019858110226014607,9.043153532361934,1317.9583766909468,22.123439125910508,0.07843180691201597,0.012126109909364049,0.770803145792904,0.00014704254153397698,9.216116352871612,moldy_bread_000046.jpg,spoiled_bread
668.0919045275592,13.50922736220473,0.30950781387845805,0.07541540936826363,0.9108913786112142,0.005687483970182787,7.541500852892526,884.0050840101679,16.7263934527869,0.2701884618140527,0.07059547952147487,0.8823306741616441,0.004983721728866977,7.675525081834156,748.331446850394,15.258120078740161,0.2889820780977429,0.07326777382422359,0.900188197751279,0.005368166681157583,7.603233072541645,861.3469526939055,16.625643251286505,0.2716728195077252,0.0703400355619943,0.8853473537448344,0.004947720602862621,7.676340509522366,955.0001860119047,16.952814980158728,0.2825648353365442,0.0708480197606403,0.8728857591058757,0.005019441904004078,7.701727039758355,884.0050840101679,16.7263934527869,0.2701884618140527,0.07059547952147487,0.8823306741616441,0.004983721728866977,7.675525081834156,1123.1892361111113,19.311631944444446,0.2515196455348164,0.06652190739062869,0.8504925722175224,0.0044251641628873795,7.769363730356555,861.3469526939055,16.625643251286505,0.2716728195077252,0.0703400355619943,0.8853473537448344,0.004947720602862621,7.676340509522366,1168.4461875,19.4299375,0.2588069086954882,0.06630135097134146,0.8447849822936077,0.0043958691406250005,7.831267891353939,1351.1299445704208,21.72266313932981,0.23279747338149073,0.06309069821933805,0.8208388140964235,0.003980436201803585,7.896472378776535,1482.0721875,22.5039375,0.23132605858422603,0.06261292922591946,0.8031039494057701,0.00392037890625,7.890052175037293,1290.195389266818,21.35512723607962,0.23161711031780244,0.06288653934425194,0.8289222593959924,0.003954716830696147,7.881656302053219,1365.3612651209678,21.577368951612904,0.24226959424838174,0.06247065050512411,0.8189831330867221,0.003902582174533364,7.938177487845801,1765.5683200000003,25.572928000000005,0.20471274602454093,0.05748904869625172,0.7667016258508894,0.0033049907200000013,8.068553124713603,1862.0839843749998,25.55802671370968,0.2145605561947574,0.0594895703056682,0.7530911376644817,0.0035390089751530392,7.983925011416536,1790.10912,25.83776,0.20923415155966157,0.05820299483703567,0.7634665299833765,0.0033875886080000006,8.03651685895202,1556.5047637195125,23.506923272357728,0.22531903486660776,0.05926952013936964,0.7940371542126292,0.0035128760175511435,8.024156908428523,2206.7023933402706,29.279266389177945,0.18455470716681383,0.052905399121889955,0.7093585895621793,0.0027989812562464744,8.208946571554137,2261.382240853659,28.380208333333336,0.20163687087167562,0.05707592484611002,0.7006976786663364,0.0032576611970387996,8.064988999919843,2231.719042663892,29.22970863683663,0.1929823980099024,0.05424195370851358,0.7060733101723398,0.0029421895421165296,8.168556058777806,moldy_bread_1.jpg,spoiled_bread
1077.316437007874,18.74224901574803,0.22411408321322374,0.05979496836845955,0.8459507428345916,0.003575438242185078,8.41701431898601,1413.7609275218551,22.532705065410134,0.18175981964640933,0.050455188939237776,0.7983429276145987,0.002545726090894182,8.605767600703032,1292.2719611220473,21.285617618110237,0.18319566749353075,0.050463670679966884,0.8154538137541552,0.0025465820584961493,8.581778960387297,1339.2804885609771,21.86242172484345,0.1830578575390105,0.050356048801672895,0.8089785568044086,0.002535731650916462,8.60225635865367,1412.0685763888887,22.41269841269841,0.20294954795045206,0.058697801314598175,0.7983217972419347,0.0034454318791680436,8.52849583189893,1413.7609275218551,22.532705065410134,0.18175981964640933,0.050455188939237776,0.7983429276145987,0.002545726090894182,8.605767600703032,1675.286272321429,25.287884424603178,0.16456829914407986,0.04247805840603262,0.7613032917965892,0.001804385445946319,8.72803988344581,1339.2804885609771,21.86242172484345,0.1830578575390105,0.050356048801672895,0.8089785568044086,0.002535731650916462,8.60225635865367,1636.2539375000001,24.7915625,0.1862186285820919,0.05817675786987446,0.7666314205806052,0.0033845351562499996,8.59766901466098,1943.0355253212397,27.608717561098516,0.1560948603381901,0.04192492473974936,0.7237425367749033,0.0017576993144336481,8.759694748368032,1992.0831875000001,28.294562499999998,0.14447261493137142,0.036573315707972114,0.7157270901918237,0.0013376074218749998,8.81270265323528,1816.2767699672463,26.403502141597382,0.15813829681094915,0.04212224469558102,0.7418409663943951,0.0017742834981944035,8.746168561782808,1893.4334047379034,27.06974546370968,0.17727153682216798,0.05735391707562114,0.7303432796406654,0.003289471803917226,8.653356343211787,2263.1546880000005,30.723712000000003,0.14098160897330161,0.036298129097792356,0.6780476328746348,0.0013175541760000002,8.854085904622014,2190.465788810484,30.47561743951613,0.12973700842635222,0.03264046707459545,0.6870407627524168,0.0010654000908477494,8.892163027256133,2176.26528,29.84288,0.13889850382317806,0.03624327402429312,0.6906262097838333,0.0013135749120000003,8.845933454197993,2127.525597052846,29.07945884146342,0.170476879513961,0.05696803081868302,0.6974091440867234,0.003245356535358418,8.688282293264809,2538.5803199791885,33.52204734651406,0.12262762633084173,0.03224734352616297,0.6387267099487349,0.0010398911644943648,8.946721157374794,2359.2091590447153,32.36744156504065,0.11995185146135075,0.029504721500762332,0.6619595994569714,0.000870528590837547,8.954702302700223,2459.075442247659,32.61355359001041,0.12365917665242362,0.032276055968049486,0.6504977735510656,0.0010417437888526628,8.927662188962628,moldy_bread_10.jpg,spoiled_bread
679.1806717519687,16.39450049212599,0.16852979546440353,0.0801855946869451,0.902509677362161,0.006429729595299037,8.676619703959332,934.1059582119165,18.818463636927277,0.14212953305944365,0.0724914692500534,0.8638717944302817,0.005255013114031438,8.78390523558464,736.5493356299212,16.31705216535433,0.15731924679208537,0.07279361495415784,0.8925650116726624,0.005298910378094193,8.717743869674539,996.5929691859385,19.843511687023373,0.1402005037275788,0.07221910067546639,0.8547665715650996,0.005215598502373148,8.821753500568988,1023.1000744047618,20.573040674603174,0.14431950201201435,0.07901901605975384,0.8532732092666191,0.006244004899051635,8.804279016744594,934.1059582119165,18.818463636927277,0.14212953305944365,0.0724914692500534,0.8638717944302817,0.005255013114031438,8.78390523558464,1208.3390376984125,21.698536706349206,0.12705687883362965,0.06406432312597031,0.8209624249892635,0.004104237497588734,8.905292645755186,996.5929691859385,19.843511687023373,0.1402005037275788,0.07221910067546639,0.8547665715650996,0.005215598502373148,8.821753500568988,1238.2503124999998,22.7750625,0.13657436760703642,0.07817765725416695,0.8225588547152589,0.006111746093750002,8.85770797545051,1483.748803224994,24.50327538422777,0.11637207941036604,0.0631935113123547,0.7805213076790423,0.003993419871984703,8.966749842479002,1615.3613125000002,25.7896875,0.10979524775847044,0.05731403351274451,0.7566929595913685,0.0032848984375000003,9.03323623954785,1554.0728143109095,25.662131519274375,0.11397883654018143,0.06298839443140393,0.7701252676441482,0.003967537833046118,8.994144476789314,1439.2932207661293,24.90146169354839,0.12824002007888685,0.07751137484321015,0.7939698663814295,0.006008013230084631,8.903373962058208,1879.893824,28.07072,0.10331161760484431,0.05640887533004005,0.7174868174127664,0.0031819612160000005,9.065369693318777,1946.5994203629032,28.669480846774192,0.09643615352590709,0.05020591261778031,0.7017757578509338,0.0025206336617841925,9.101597569641328,1978.7473919999998,29.674879999999998,0.0997981035207747,0.05601437072751955,0.7026495166424647,0.0031376097279999997,9.096923447494117,1609.0251524390246,26.389862804878053,0.1288046092734287,0.0771084128378368,0.7698418824152524,0.005945707330370276,8.920850884248871,2247.9391909469305,31.082010926118627,0.0938535446532312,0.04955376208532305,0.6566827251272233,0.0024555753368088002,9.131300002039206,2129.7700076219517,30.7250381097561,0.08978006304482242,0.0437902352051256,0.6683643524384728,0.0019175846993202217,9.15770093838902,2329.769055671176,32.55625650364204,0.08822559649657467,0.04922741516729896,0.6442216688217993,0.002423338404053616,9.155804336285,moldy_bread_11.jpg,spoiled_bread
600.9398375984251,11.664000984251969,0.5075732269705953,0.3935682058495514,0.954034626518622,0.15489593265563487,5.654003233727691,1489.980283960568,17.143282286564574,0.4847762809644801,0.3828708235967894,0.8843286969898624,0.14659006756168386,5.810922277967213,1227.1651082677167,14.510334645669294,0.4975979508014401,0.3907431504931268,0.9049164252925349,0.15268020965729434,5.704067102735289,1299.983755967512,15.160270320540642,0.48890499285815736,0.38480297668642216,0.8990786545543615,0.14807333086673116,5.77218093433842,998.7689732142858,15.51277281746032,0.4898296614061217,0.38354382536849635,0.9234495052791961,0.14710586597829964,5.792664355925487,1489.980283960568,17.143282286564574,0.4847762809644801,0.3828708235967894,0.8843286969898624,0.14659006756168386,5.810922277967213,2270.1509176587306,21.011408730158735,0.4684687595620379,0.37733436064971826,0.8213798659803,0.14238121972693163,5.878604975053884,1299.983755967512,15.160270320540642,0.48890499285815736,0.38480297668642216,0.8990786545543615,0.14807333086673116,5.77218093433842,1354.8962500000002,18.685875,0.4756887288282251,0.3730425448047112,0.8959333830736909,0.139160740234375,5.908638222305611,2702.807004283195,24.79491055681532,0.4504685626518302,0.3618907189872392,0.7864949669376935,0.1309648924891009,6.039601511013791,3229.3573749999996,26.475624999999994,0.4459608701555008,0.3643158721322747,0.7418318850024703,0.13272605468749993,6.01600421903856,2362.180901990426,21.813807004283195,0.45701799984387126,0.3662813123355682,0.8134023218160302,0.13416199976626608,5.976785677139344,1687.2603326612902,21.386214717741936,0.4617390341501622,0.3626903251253098,0.8701174134369793,0.1315442719395029,5.999747391599571,3773.009536000001,31.177344000000005,0.4193537307571037,0.3404581165899853,0.696540217251992,0.11591172915200003,6.2192962743150195,4138.884702620967,31.511592741935484,0.424904098792746,0.3517730403547851,0.6637640701881768,0.1237442719204493,6.120118035933086,3344.139136,27.498496,0.4297609610254062,0.34748867630471064,0.7310338799817783,0.12074838015999997,6.159781236675472,2012.360454776423,23.9291793699187,0.451321979891371,0.35199730316138145,0.8447331911275678,0.12390210143288549,6.090432394075821,4800.834027055151,37.112773152965666,0.3886994439999533,0.31933967550244213,0.6067697055387431,0.10197782835000503,6.380325919211564,4805.342352642276,35.35607215447155,0.40764364522454566,0.3401557170243158,0.6040068163007397,0.11570591182432642,6.230412620487467,4261.863423517169,32.688085327783554,0.4018528121909025,0.32869061673715,0.6509161117549993,0.10803752153104802,6.310013950274712,moldy_bread_12.jpg,spoiled_bread
556.0109498031497,9.8839812992126,0.6599337968414137,0.5605667287889935,0.9391267081466488,0.31423505742519303,3.99872626003435,863.0828321656643,11.861057722115444,0.6331822802092747,0.5491359680352756,0.9050379697092119,0.3015503113900393,4.094221688752129,735.629183070866,10.582923228346456,0.6472301066291258,0.5604392975589572,0.9188686213649767,0.31409220624837736,4.020571514342485,875.7940975881952,12.005766011532025,0.6416289678379985,0.5552210351998189,0.9036393929711483,0.30827039792835853,4.076651875441507,737.3301091269841,11.447420634920634,0.6434888534104946,0.5471597732804957,0.9194647763628617,0.29938381749636345,4.090863591243445,863.0828321656643,11.861057722115444,0.6331822802092747,0.5491359680352756,0.9050379697092119,0.3015503113900393,4.094221688752129,1216.0128968253969,14.107762896825395,0.6220175743061351,0.5471621973381369,0.8651948740250278,0.2993864701958982,4.1538249054903496,875.7940975881952,12.005766011532025,0.6416289678379985,0.5552210351998189,0.9036393929711483,0.30827039792835853,4.076651875441507,901.9870000000003,12.805625000000003,0.6319336798959748,0.5369694838279918,0.9017321849983089,0.28833622656249996,4.15653460871408,1406.798689846309,15.741622574955912,0.6046916727375895,0.5283771705299778,0.8448090106758737,0.27918243433726525,4.264830739474392,1638.3339999999998,17.042749999999998,0.6001063512037097,0.5337660199586519,0.8174164876120245,0.28490616406249997,4.256483001428617,1395.6792642983123,15.788989669942055,0.6138252523141497,0.5376551653993424,0.8460356500408125,0.2890730768805943,4.243194666719341,1093.3912550403224,14.236265120967744,0.6238420160350389,0.5283185064514472,0.8811875995538031,0.2791204442590879,4.218999175382951,1914.7598719999996,19.278656,0.5814546897054857,0.5143378027716804,0.78827029458983,0.26454337536000005,4.381546758453357,2027.2535282258063,19.62563004032258,0.5855206330973983,0.5233654381590717,0.7730542592661295,0.2739113818594371,4.3279397580367975,1908.4335360000002,19.357183999999997,0.5883370951062851,0.5215222950708818,0.7889730282530713,0.2719855042559998,4.373780023511134,1284.3071646341464,15.566056910569106,0.6149475478915787,0.520849692386354,0.8607924333535631,0.27128440205895965,4.268003888260586,2385.768990634755,22.52874609781477,0.5633185511885835,0.5018110315744471,0.7358114026585372,0.25181431140981075,4.469828332726953,2363.359629065041,21.907393292682926,0.5731226010566896,0.5143413446803072,0.7345255849600046,0.26454701884754656,4.383190116606145,2404.445174297606,22.6903616024974,0.5691157886151794,0.5068564594853816,0.7336972171679286,0.25690347052205625,4.474054684889227,moldy_bread_13.jpg,spoiled_bread
457.868848425197,8.750615157480317,0.6460966469092378,0.5428983166431638,0.9611312567432487,0.29473858221398097,4.265021832994674,1132.033852067704,12.498852997705995,0.6163298187826876,0.5360997888777655,0.9018327857907215,0.28740298363478484,4.372144008253716,1051.7228100393704,11.770546259842522,0.6240427247954559,0.5412285282053768,0.9088090771827897,0.2929283197433583,4.319000959833244,1159.6456072912142,13.001550003100004,0.613355546504691,0.5348518362675805,0.899438361732846,0.28606648675880275,4.391099551552883,650.4656498015873,11.038690476190478,0.6305290166573638,0.5349388830602917,0.9447706374937099,0.28615960860979245,4.367129443530445,1132.033852067704,12.498852997705995,0.6163298187826876,0.5360997888777655,0.9018327857907215,0.28740298363478484,4.372144008253716,1821.496279761905,16.408978174603178,0.6013013403826792,0.5308143806566984,0.8385070598587681,0.2817639067119543,4.459675478515037,1159.6456072912142,13.001550003100004,0.613355546504691,0.5348518362675805,0.899438361732846,0.28606648675880275,4.391099551552883,812.5735,12.754,0.6190106314547964,0.5264901100092004,0.9309910796511474,0.27719183593749996,4.451067009058928,1946.886243386243,17.604938271604937,0.5906791629042991,0.521666625899949,0.8273574675301536,0.2721360685778374,4.550611764085891,2539.3606875000005,20.313062500000004,0.5828759160270353,0.5207413923016396,0.7696314283019895,0.2711715976562501,4.563769140376623,1989.6912320483743,18.149785840262027,0.5870079271145432,0.5182258378631177,0.8235616825067205,0.26855801902893034,4.580668738351734,957.0659022177421,14.150957661290324,0.6075105494258721,0.5179765134039426,0.9186996378476505,0.2682996684381047,4.530042441244792,2677.7032320000003,21.72512,0.5692617729200613,0.5064809034899539,0.7570426481242662,0.2565229056,4.686659461155552,3167.7845892137093,23.62506300403226,0.5664990638837554,0.5106534104721313,0.7056724874250169,0.26076690562681903,4.641879737510438,2804.3315839999996,22.840256000000004,0.5615948163920377,0.5016444724144781,0.7455532161712977,0.251647176704,4.716013996520385,1089.141323678862,15.377731199186993,0.5979402146641007,0.5094130304023436,0.9074560397124258,0.25950163554369915,4.603244961186757,3302.8430671175847,25.202198231009362,0.5465790333374712,0.49138349957211774,0.6931158680032732,0.24145774365174144,4.805319467109441,3661.200647865853,26.162665142276424,0.5498636091043306,0.5005312287516646,0.6525607535728573,0.2505315109556512,4.720631226117686,3472.8239464099884,26.60945629552549,0.5379699163552012,0.48445659455847995,0.6773220704968075,0.23469819201119943,4.84854089849081,moldy_bread_14.jpg,spoiled_bread
590.0450295275589,10.792937992125982,0.5343457276025648,0.41726454521973066,0.9542858754336018,0.17410970069742868,5.432913894295353,1412.7859135718272,15.804575609151222,0.5093213480615477,0.40829202172811707,0.8887995150597445,0.16670237500683324,5.580631783789521,1295.1261072834645,14.709891732283467,0.5172806238959231,0.4143980502925343,0.8982098140096066,0.1717257440862538,5.511866191125752,1493.7725835451677,16.370884741769487,0.5065197127909531,0.4067947059624416,0.88242504820796,0.1654819327990693,5.602182281678788,936.1465773809523,14.034970238095237,0.5177462635620379,0.4081916594967071,0.9273588963580905,0.1666204308826757,5.5525164809572445,1412.7859135718272,15.804575609151222,0.5093213480615477,0.40829202172811707,0.8887995150597445,0.16670237500683324,5.580631783789521,2403.222470238095,21.41344246031746,0.4895293058667273,0.40109749319400734,0.8079959777141719,0.16087919904651676,5.690634549309448,1493.7725835451677,16.370884741769487,0.5065197127909531,0.4067947059624416,0.88242504820796,0.1654819327990693,5.602182281678788,1218.2725,16.439500000000002,0.5067664926362538,0.3991452586465233,0.9053136338484664,0.15931693749999998,5.65725445141216,2581.309775762157,22.877047115142357,0.4775567859422437,0.3893309906530417,0.7931551186746747,0.15157862028287886,5.801965638338473,3427.6768749999997,26.947125,0.4678944368837786,0.3880309719033392,0.7214495325249196,0.15056803515625,5.820985809367419,2716.929957168052,23.718568909045096,0.47396159974383123,0.3867933501396169,0.7822876355885195,0.1496090957122283,5.816461705939146,1499.9585433467741,18.722278225806452,0.4939564382403645,0.38996057567041087,0.8832225086014662,0.15206925057719825,5.752819263353478,3624.7946240000006,28.799744000000004,0.44909648555926096,0.37007173358688183,0.7041009346868069,0.13695308800000003,5.970301671964464,4376.2615927419365,32.131426411290334,0.44553811466589516,0.3750546534972606,0.6381957626310043,0.1406659931099502,5.941078014550465,3810.2177280000005,29.927808000000002,0.44456235372334196,0.3665244937845219,0.6889644845282801,0.13434020454400003,6.003195297308231,1765.8466717479678,20.77070630081301,0.48285056427629913,0.3802760613549196,0.8622783977805347,0.14460988283961057,5.834696903617312,4622.95889698231,34.46201873048908,0.4196689623895713,0.35066527886241433,0.6154728452410377,0.12296613779965479,6.136646043222396,5078.005335365854,36.1375762195122,0.4266276691185087,0.36216853189512543,0.5737201470957167,0.1311660454950705,6.037847084661227,4814.344172736733,35.79838709677419,0.41452675405839484,0.3461339262175228,0.5995538554363377,0.11980869487875752,6.165852286142199,moldy_bread_15.jpg,spoiled_bread
683.2395423228347,14.021161417322837,0.42646065123189447,0.314555076759358,0.9475516043806239,0.09894489631508561,6.470559718925392,1396.193936387873,17.848347696695395,0.40291987719516453,0.3043633006847321,0.8913817866059033,0.09263701880370465,6.60814231408717,1264.3768454724411,16.562376968503937,0.41397354316796264,0.31141540738798335,0.9020355712831968,0.09697955595862362,6.52538556300739,1457.1853183706369,18.405728811457625,0.40255728910221467,0.3030816594444503,0.8866369049882794,0.09185849229160176,6.62136436857626,1008.2607886904761,16.99627976190476,0.4121876644156268,0.3036810301809676,0.9222765140833284,0.09222216809177373,6.596414937698806,1396.193936387873,17.848347696695395,0.40291987719516453,0.3043633006847321,0.8913817866059033,0.09263701880370465,6.60814231408717,2192.2538442460323,22.444816468253975,0.3868607972158461,0.29697369720060074,0.8277944560480743,0.08819337682899409,6.7041798532428665,1457.1853183706369,18.405728811457625,0.40255728910221467,0.3030816594444503,0.8866369049882794,0.09185849229160176,6.62136436857626,1302.665375,19.616125,0.39627915192014057,0.29233454187796554,0.8991425910119505,0.08545948437499999,6.714467575195684,2444.347568657093,24.76228269085412,0.3683945468239985,0.28330471163803855,0.8063760583827861,0.08026155963631217,6.835186013432748,3102.9643750000005,28.055000000000003,0.36306611104688097,0.2829552678317723,0.7527760593957957,0.08006368359374999,6.840117263712662,2486.4082892416236,25.080876795162517,0.36695099876556253,0.2805919868639843,0.8030443053165428,0.07873186309227832,6.851636584436458,1589.8912550403224,22.061743951612904,0.3836953011103861,0.2810731442690644,0.8763435392009696,0.07900211242929828,6.811655549311879,3486.0491520000005,31.235583999999996,0.3380875968247182,0.26195229318332,0.7186275691538566,0.06861900390400001,7.019724141004515,4039.5802671370966,33.632056451612904,0.3396645000081605,0.26897117225194445,0.6735206127698242,0.07234549150258518,6.959927005678056,3529.8419200000003,31.651712000000003,0.3341270460278176,0.2579146401428193,0.7150928864662727,0.06651996159999998,7.038370662735231,1894.2825203252028,24.509908536585364,0.3694466039459286,0.2701320446619796,0.8519718284557419,0.07297132155326173,6.9091106342252155,4540.49180541103,37.69250780437045,0.30836694101869344,0.24034314969769544,0.6264237980410898,0.057764829606608836,7.203643608032346,4810.734375000001,38.40675813008131,0.3170239981669121,0.25515975094225385,0.6061465464375059,0.065106498500913,7.058244788778639,4559.789932362123,37.91662330905307,0.30288789947590233,0.23501268445947768,0.6248360138801938,0.055230961856850024,7.214461311104312,moldy_bread_16.jpg,spoiled_bread
399.5012303149607,7.331200787401577,0.6919460953076718,0.5392321189773422,0.961312839240943,0.2907712781367946,3.937343614556375,1031.4144708289418,10.51460102920206,0.6603886641809448,0.5308231272991436,0.8971423957315641,0.2817731924756428,4.07577969364227,974.2145669291338,10.103100393700787,0.6670724985196131,0.5348503790452211,0.9028656792274131,0.2860649279648167,4.029079403440356,1056.764213528427,10.763593527187055,0.6580850736303041,0.5296091601155779,0.8946143976506423,0.28048586247832785,4.089959399055914,543.6232018849207,8.517671130952383,0.674557088995992,0.5328172288530918,0.9473438814701013,0.28389419936268795,4.032663980266102,1031.4144708289418,10.51460102920206,0.6603886641809448,0.5308231272991436,0.8971423957315641,0.2817731924756428,4.07577969364227,1703.3947172619046,13.91294642857143,0.6380420051765687,0.5232994620083131,0.8248184286395539,0.27384232693818994,4.188681518586994,1056.764213528427,10.763593527187055,0.6580850736303041,0.5296091601155779,0.8946143976506423,0.28048586247832785,4.089959399055914,666.336375,9.677125,0.6600408575452951,0.525896203072669,0.9354418767110627,0.27656681640624997,4.120967215447677,1804.8714411690605,14.806059460821366,0.6244685838029831,0.5149735680155497,0.8143180607722558,0.265197775754666,4.274938019202564,2412.527,17.51075,0.6148818214699084,0.5119243871168866,0.7437797823026568,0.262066578125,4.317444222724663,1854.5596497858403,15.108150667674478,0.6251038005374155,0.5138581707726493,0.8092062269195684,0.2640502196698132,4.279665750628281,765.1633064516129,10.537550403225808,0.6477060263218584,0.5194070302564651,0.9258478763928726,0.2697836630798404,4.19337746653285,2527.9432960000004,18.458624,0.595894597614441,0.4989279751146452,0.731407573412997,0.24892912435200001,4.431745673132488,3029.117691532258,20.43649193548387,0.5943703736611554,0.500626159049822,0.667934344815846,0.25062655112497767,4.413695539311525,2569.2102400000003,18.696064000000003,0.5979734868567906,0.4978164437300159,0.7270229858930441,0.24782121164800008,4.435603030792746,835.9000254065041,11.148755081300814,0.6393319947373324,0.5128923574383778,0.918972401731122,0.26305857031869667,4.260348149900689,3148.1620707596257,21.675078043704474,0.569177406413269,0.4825793044669139,0.6547587857134406,0.23288278509977037,4.56035748567742,3517.5100355691056,22.941946138211385,0.5744693444180956,0.4896117533155755,0.6024328757563377,0.23971966898475197,4.502151273526847,3160.3017689906337,21.698361082206034,0.5739205719320464,0.4813069845072731,0.6534274933389869,0.23165641333548445,4.56822344136995,moldy_bread_17.jpg,spoiled_bread
805.9828986220472,12.040969488188976,0.6392418721751956,0.6209577815973114,0.8874469508545274,0.3855885665262543,4.085557610168243,1006.3618327236655,13.789323578647158,0.6307714439767433,0.6146257858159835,0.8601568150882715,0.3777648565899152,4.156609202949926,493.9953248031496,9.035679133858267,0.6448393925300642,0.6204671365428921,0.9310150622733305,0.38497946752973594,4.064573700127155,944.1602083204169,13.117118234236472,0.6318825729582929,0.6153078447033329,0.8688002999466863,0.37860374375346084,4.142549642103097,1466.5466269841268,17.300595238095237,0.62468225868153,0.6126173993486905,0.7962178558340451,0.37530007798475296,4.191918699192129,1006.3618327236655,13.789323578647158,0.6307714439767433,0.6146257858159835,0.8601568150882715,0.3777648565899152,4.156609202949926,915.1153273809525,12.640873015873018,0.6301848433134205,0.611130856627682,0.8728412993207625,0.3734809239224844,4.177402369773795,944.1602083204169,13.117118234236472,0.6318825729582929,0.6153078447033329,0.8688002999466863,0.37860374375346084,4.142549642103097,1992.867625,21.093625,0.6148754432345942,0.6041446174137447,0.7244601988610743,0.36499071874999994,4.2762983015248075,1842.0036533131774,19.860922146636433,0.6115070245548014,0.599353192676271,0.7465473326440737,0.3592242495712392,4.311254753518162,1256.5441250000003,15.197875000000003,0.6177953224390176,0.601708990280497,0.8262664745106763,0.36205370898437517,4.26446467321237,1750.8718820861675,18.944192491811535,0.6137590698932461,0.600990233782091,0.7590867162966579,0.36118926110145244,4.298866715704122,2347.606728830646,23.61504536290323,0.6049690733428302,0.595662497508432,0.6770286820750268,0.35481381093798275,4.3441272239444775,2489.0816,24.299392,0.5935697137008453,0.5837688160496414,0.6608526844905188,0.340786030592,4.44550736945052,1576.2516381048385,17.518019153225804,0.6082437702382253,0.5922613147933538,0.7831476359783248,0.35077346500075207,4.352766427045729,2392.1034239999994,23.323519999999995,0.5961762054423465,0.5863280510294556,0.6740663485397032,0.343780583424,4.4309420766583845,2539.615853658537,25.120172764227643,0.595473875849206,0.5871065305318649,0.6523544095336536,0.34469407819316367,4.411418034222022,2943.7225546305935,27.528225806451612,0.5768340927419878,0.5676696661502284,0.6027945851595821,0.32224884986711183,4.566726235843415,1874.309324186992,19.680513211382113,0.5964970934688791,0.5826611097469779,0.7434275854023805,0.33949396881157984,4.431218576465625,2860.933792924038,26.695239334027058,0.5810465573653462,0.5716343918730306,0.6139655239377794,0.3267658779720494,4.546426814715685,moldy_bread_27.jpg,spoiled_bread
1376.2802042322837,26.42710383858268,0.05200751619640668,0.010228369027833065,0.7806032077065648,0.00010461953296953471,9.469364987213469,1521.6337032674066,28.440944881889767,0.04390944787048061,0.009969496555145034,0.7585288428504874,9.939086156304871e-05,9.507489999865422,1028.007443405512,23.5759719488189,0.05521497570394876,0.010521710800559426,0.8363303853041065,0.00011070639817060889,9.436593723979156,1451.0294500589002,27.71740343480687,0.04636896112216026,0.009996162148176224,0.7697328073935213,9.99232576926311e-05,9.507190679526747,1624.3377356150793,29.124813988095237,0.04135545897613756,0.009839015845158509,0.7419530646181047,9.680623280128021e-05,9.525736773734925,1521.6337032674066,28.440944881889767,0.04390944787048061,0.009969496555145034,0.7585288428504874,9.939086156304871e-05,9.507489999865422,1341.1296502976193,26.867745535714292,0.04954871812995888,0.010217305805331395,0.7874162497589241,0.00010439333791965863,9.480518021674364,1451.0294500589002,27.71740343480687,0.04636896112216026,0.009996162148176224,0.7697328073935213,9.99232576926311e-05,9.507190679526747,1814.3722499999997,31.12099999999999,0.03740788285855116,0.009644865862208762,0.7128098734392849,9.302343749999995e-05,9.556641989941278,1861.2836986646512,31.595742000503908,0.03923270244102987,0.00962946597768665,0.7069258563885739,9.272661501542473e-05,9.559034479738568,1544.3156250000002,28.70175,0.04546018916740533,0.010079663157814353,0.7562640567964946,0.00010159960937499999,9.506530893911233,1835.084593096498,31.43027210884354,0.037967310933902335,0.009563627120135145,0.7110383863702131,9.146296369298445e-05,9.56479316754546,2095.1175025201615,33.36006804435485,0.03618068931388453,0.009425685392048204,0.6693900471316838,8.884354510987091e-05,9.590846510621745,2147.591424,34.295424,0.03593328812951213,0.009376054607349511,0.6644532994325378,8.79104e-05,9.593320981349692,1694.0408266129034,30.090347782258068,0.04358942453646211,0.009981417663104638,0.7336027058513134,9.962869856533725e-05,9.519124736673461,2136.123968,34.153279999999995,0.033858958381299514,0.009385224131580449,0.6662567893662469,8.8082432e-05,9.591659077747309,2342.518673780488,35.142022357723576,0.035680321112620345,0.009351245980855488,0.6315964075051391,8.744580139446593e-05,9.604798401502542,2483.5507284079085,36.869276795005206,0.031895461351784365,0.009212243085133078,0.6144559043742509,8.48654226595822e-05,9.618110037106447,1815.469893292683,31.049288617886184,0.04374509928655415,0.009876523161550415,0.7152677943754515,9.754570976064182e-05,9.528009494476262,2461.3255723204993,36.74817898022892,0.033071479541424954,0.009231506945332466,0.6179281775903408,8.522072048172154e-05,9.618496084722326,moldy_bread_3.jpg,spoiled_bread
491.8829355314962,13.130843996062996,0.23576290636180272,0.041788191432382917,0.9310563692729984,0.0017462529431894807,8.5565318549788,660.3925847851697,16.075640151280304,0.1960958706593228,0.03745102594471567,0.9074385111793258,0.0014025793443117665,8.742002414668644,374.9352854330708,12.086122047244093,0.22272086940653282,0.0387050418765869,0.947479436501228,0.0014980802666683458,8.621730463264303,588.5592411184823,15.3496186992374,0.20007813055468074,0.03768972698304404,0.9175065846146894,0.001420515520056398,8.74405976141097,859.0187872023808,17.837859623015873,0.20051654188419096,0.03792355011273014,0.8795967206804606,0.001438195653152754,8.74336594948027,660.3925847851697,16.075640151280304,0.1960958706593228,0.03745102594471567,0.9074385111793258,0.0014025793443117665,8.742002414668644,722.8100818452381,17.370721726190474,0.176477498171535,0.03290036542538891,0.8987625379411721,0.0010824340451241262,8.861477869990205,588.5592411184823,15.3496186992374,0.20007813055468074,0.03768972698304404,0.9175065846146894,0.001420515520056398,8.74405976141097,1143.6438125,20.7156875,0.18392282610872174,0.03501336240458777,0.8397733685041425,0.0012259355468750002,8.837812975308593,1175.72940287226,22.125724363819604,0.15678487568586402,0.03068308940251316,0.8352318044416099,0.0009414519752826152,8.963396905348986,1021.721,20.928250000000002,0.1512387668203635,0.028642905153370878,0.8568951705620617,0.000820416015625,9.001884863227994,1008.5374149659865,20.899218946837998,0.15996438618018644,0.03171483477948079,0.8586512179973019,0.0010058307450897643,8.953450683674689,1411.6448462701615,23.165637600806452,0.1698323981570635,0.03250989749338882,0.802480459358417,0.0010568934350306484,8.910457426347307,1619.2263039999998,26.240832,0.13228050689330378,0.026391174282324008,0.7731945170982125,0.0006964940800000001,9.085416300303574,1284.4355468750002,23.836378528225808,0.13030770712664366,0.025420546010767788,0.8199145854899871,0.0006462041594855621,9.102519425777555,1330.854464,24.456512,0.1358499308842774,0.027668103802031684,0.8135380894443726,0.0007655239680000001,9.074141570146647,1668.8196773373986,25.48266006097561,0.1561585886873709,0.03054901016816167,0.7667726859742624,0.0009332420222544451,8.977529881803797,2062.068288241415,30.443938605619145,0.11031166031479034,0.02328667153769039,0.7112739353738414,0.0005422690713042798,9.187307655650294,1525.9681148373986,26.36661585365854,0.1133284928403318,0.022958162886671678,0.7857457516583796,0.0005270772431309489,9.172938652465266,1639.256698751301,27.54819198751301,0.11956276546705571,0.02465660989609753,0.7703503920377744,0.0006079484115683346,9.156625798421889,moldy_bread_4.jpg,spoiled_bread
623.6815329724411,15.654466043307089,0.14060423257333987,0.054930669678062184,0.9076077119085196,0.00301737847128038,8.807408405318885,1155.0768801537606,21.181784363568728,0.10364309651156756,0.04596532559697775,0.8261309556472298,0.002112811157236178,9.01552561634844,1043.9200295275593,19.613065944881896,0.11473958208101544,0.04639135817056853,0.8423949872548249,0.0021521581129099756,8.970220101680766,1134.2715605431213,19.9747039494079,0.12473420581316993,0.04628549070041312,0.8292627654693651,0.0021423466493780295,8.947807231203331,822.9653397817461,18.45901537698413,0.12114726038669457,0.054273327574213215,0.8784723912638955,0.002945594085977852,8.909127370783521,1155.0768801537606,21.181784363568728,0.10364309651156756,0.04596532559697775,0.8261309556472298,0.002112811157236178,9.01552561634844,1663.7630208333333,25.320560515873012,0.09109352214017405,0.03729284841817507,0.7447389856688907,0.0013907565431409824,9.124489000207209,1134.2715605431213,19.9747039494079,0.12473420581316993,0.04628549070041312,0.8292627654693651,0.0021423466493780295,8.947807231203331,955.82875,20.3675,0.1130956096073776,0.053853715343047594,0.8593308752175055,0.0029002226562499997,8.96434568784943,1776.219639707735,26.588372385991434,0.08694245146743564,0.03676879447547802,0.7292171770014567,0.0013519442471799426,9.150995025295487,2152.4703125,29.3446875,0.08001097300447846,0.03157700780433447,0.6643165763368392,0.0009971074218750001,9.204915614286467,1775.8502771478961,25.95042831947594,0.09438769413124379,0.03688248463669297,0.7292825065255306,0.0013603176729758927,9.126257434472663,1097.4839339717741,21.78156502016129,0.1095586157445794,0.05305031177973144,0.8390120992457647,0.002814335579926713,9.002385067210522,2282.9386240000003,30.755967999999996,0.07784098187584698,0.031112163537754808,0.6475782488280062,0.0009679667199999998,9.23192619413394,2598.433341733871,32.96975806451613,0.07116606545721765,0.026725668850946526,0.589230034415549,0.0007142613755304534,9.272374513770892,2301.9181439999998,30.510143999999997,0.08237591516739401,0.031088325268499105,0.6446872138853624,0.000966483968,9.209119632424533,1221.860137195122,23.082571138211385,0.10538311132728939,0.052616790945018525,0.8213555476666912,0.0027685266893517834,9.03026340249953,2762.594888137357,34.47509105098855,0.06849187072295429,0.026463310668030142,0.5694143520456154,0.0007003068115126778,9.284471735488342,2987.4758003048782,36.017085873983746,0.06290130339247768,0.023136882136187826,0.520148361092199,0.0005353153149838473,9.319186734959372,2797.2838189386057,34.63657648283039,0.06881478561461729,0.026377861330220142,0.5640972391765542,0.0006957915683563231,9.280292226567209,moldy_bread_5.jpg,spoiled_bread
472.99883120078744,12.115588090551181,0.2618404732167152,0.025759641445703852,0.9271767251759568,0.0006635591274112237,8.433373473708556,574.3963047926095,13.510571021142042,0.23186066432357946,0.023896121863103147,0.9113864605338051,0.0005710246400962762,8.538495843530965,426.5482898622047,11.189530019685039,0.24376779102473678,0.024549485345829278,0.9339447257432705,0.0006026772307450865,8.442864607986253,663.48961497923,14.403248806497615,0.22776462266006045,0.023812850526661704,0.897642613350333,0.0005670518502051326,8.561185313330633,811.7028769841272,16.219246031746035,0.2334511126100235,0.0246644506609095,0.8755088391050679,0.0006083351264044392,8.581512564197087,574.3963047926095,13.510571021142042,0.23186066432357946,0.023896121863103147,0.9113864605338051,0.0005710246400962762,8.538495843530965,735.7622767857142,15.204985119047619,0.19070314367868724,0.02142181020703657,0.8858248878367682,0.0004588939525462963,8.65047168490057,663.48961497923,14.403248806497615,0.22776462266006045,0.023812850526661704,0.897642613350333,0.0005670518502051326,8.561185313330633,1083.5555,19.049500000000002,0.21415159550499846,0.023640908995319957,0.8344523491515479,0.000558892578125,8.675658427440236,1022.9834341143867,18.698097757621568,0.17536227473944788,0.020710991090776527,0.842474835829065,0.0004289451519622247,8.760187459244566,1000.8793125,18.3456875,0.14516833977139149,0.019273220572857044,0.8443574601875691,0.00037145703124999993,8.793840044023867,1087.6535021415973,19.083585285966237,0.1737941078932061,0.020663476273613843,0.8325208151232425,0.0004269792517102022,8.771461563187954,1335.0723286290327,21.32699092741936,0.20242869012740466,0.02313886881277829,0.7968253922043994,0.0005354072499349637,8.742792678672053,1390.6565119999998,22.474112,0.1352525282380655,0.018548851824304383,0.7862591037873432,0.00034405990400000004,8.897902729480288,1232.5109627016127,20.875882056451612,0.11179230622644323,0.0181718308990462,0.8079346610261152,0.0003302154382235302,8.887747982035359,1410.1808640000002,22.464384000000003,0.12950526349871688,0.018596873715762016,0.7832701170661592,0.00034584371200000017,8.901158026939097,1547.1415777439024,23.142339939024392,0.19095011442845256,0.022695045038734388,0.7654838559113598,0.0005150650693101824,8.78405174903207,1705.3105489073882,25.433337669094698,0.10357412057790205,0.017204315280126278,0.7384233752581292,0.00029598846425798656,8.997191092269205,1437.2762322154472,23.03245680894309,0.08791038234320515,0.017557105304408686,0.775555452560225,0.00030825194667009556,8.953543146908817,1677.6824921956297,25.168444328824144,0.09802445283964101,0.01724477202698511,0.742689623503273,0.0002973821622626881,8.995053936924249,moldy_bread_7.jpg,spoiled_bread
646.3040723425197,13.437561515748031,0.435222238954528,0.33721396544836557,0.897827988817656,0.1137132584934115,6.100146608174372,1184.1714303428603,17.62049724099448,0.40601564582708316,0.3259982468005044,0.8082497406439995,0.10627485691700256,6.247061328497106,1067.298720472441,16.32000492125984,0.416441521591142,0.3323039570746703,0.8274266919851156,0.11042591988748433,6.16917413609253,1224.3632587265172,18.016926033852066,0.4084797025017568,0.3277710719436244,0.8017415668111563,0.10743387560307262,6.243094335688045,943.7639508928571,16.665984623015873,0.41270585191876774,0.3211531493504999,0.850575053713767,0.10313934533774448,6.241117769702223,1184.1714303428603,17.62049724099448,0.40601564582708316,0.3259982468005044,0.8082497406439995,0.10627485691700256,6.247061328497106,1681.275855654762,21.07421875,0.3870553989247638,0.31517559063273964,0.7212496974444133,0.0993356529306963,6.324680139274958,1224.3632587265172,18.016926033852066,0.4084797025017568,0.3277710719436244,0.8017415668111563,0.10743387560307262,6.243094335688045,1098.312125,18.366500000000002,0.3977626894713899,0.309173188596416,0.8258072988781668,0.09558806054687502,6.338187314656304,1836.5835222978078,22.73683547493071,0.36819685281581915,0.3011264439371901,0.694616220716249,0.09067713523825771,6.449937063768728,2108.1264999999994,24.134124999999994,0.36604221345719035,0.30171357938345267,0.6424149648774858,0.09103108398437498,6.425119334153221,1846.7447719828672,22.798059964726633,0.37376966536133993,0.3065066203724298,0.692926626535862,0.09394630833212882,6.437408230845541,1186.0141129032259,19.41179435483871,0.38519170142916637,0.2978318426845984,0.8115536011481898,0.08870380651690335,6.413483341349773,2298.177664,26.178176,0.3429044862324332,0.28022677171176913,0.6084550543318027,0.07852704358399998,6.593332626191874,2451.4673639112902,26.38193044354839,0.3488755922991934,0.2896617320694344,0.5744002118114889,0.0839039190254648,6.501938505595882,2265.3849599999994,25.795711999999995,0.3509995799626621,0.28822655266994396,0.6140428487571501,0.08307454566399997,6.5760019574385025,1279.9972052845528,20.336001016260163,0.3766555310766643,0.28833157154199074,0.7963171657735643,0.08313509514787412,6.483009845868486,2690.579279396462,29.039607180020813,0.31886717531494224,0.2615790700446571,0.5301087552896633,0.0684236098854276,6.722930034539346,2775.9510289634154,28.63192327235773,0.33288957055538604,0.27888993897386016,0.5061159821511826,0.07777959806084346,6.564764699891241,2680.862643080125,28.85991155046826,0.325507418630371,0.26882495392572753,0.5318093012676888,0.07226685585316954,6.707055434264156,moldy_bread_8.jpg,spoiled_bread
632.7471087598425,16.099717027559052,0.1734221890356251,0.08015516131748837,0.9097521391529129,0.006424849885832584,8.490849846218552,1138.8755037510077,20.790687581375163,0.14229592910149857,0.07256467602427344,0.8343196416232955,0.005265632206507764,8.64919426104532,892.629183070866,17.567175196850393,0.1571103196002846,0.07312676623286979,0.8705591186000529,0.005347523939676785,8.545976584524526,1058.6557753115508,19.811085622171245,0.1425270385821609,0.07246387662851514,0.8459917036002856,0.005251013416032663,8.630055197819845,950.0907738095236,19.86582341269841,0.15400802203097053,0.07903367134031783,0.8639881148694962,0.006246321205529376,8.609292572806941,1138.8755037510077,20.790687581375163,0.14229592910149857,0.07256467602427344,0.8343196416232955,0.005265632206507764,8.64919426104532,1510.4681919642862,23.609064980158735,0.125877431634266,0.06437985813193496,0.7764526230665114,0.004144766133088073,8.724963141690704,1058.6557753115508,19.811085622171245,0.1425270385821609,0.07246387662851514,0.8459917036002856,0.005251013416032663,8.630055197819845,1170.8788749999999,22.168249999999997,0.14429505971771842,0.07854908646429312,0.831637505495291,0.006169958984374998,8.663402970524686,1846.9633408919124,26.904132023179642,0.11453527178183362,0.06373164447336771,0.7247486239206792,0.00406172250727974,8.799825816106623,2019.0840624999998,27.948312499999997,0.11066475868600757,0.057568997326034786,0.694787815429045,0.0033141894531250006,8.83602467127869,1688.0524691358028,25.722159234064,0.11505072009740008,0.0636725697962488,0.7484412552852157,0.004054196144458176,8.783687218084307,1369.5189642137098,23.853011592741936,0.1400058494874423,0.07808620986393626,0.8022835873162253,0.006097456170914697,8.694603465840618,2384.623168,31.261760000000006,0.10099302138564357,0.05658779967448814,0.6353905748181028,0.003202179072,8.878666358443123,2485.3931451612902,31.634828629032256,0.09544937165135142,0.05057361964969752,0.6161768171351315,0.0025576910044722706,8.907722797775639,2178.3118080000004,29.766272000000004,0.10274315905934202,0.05682659433751067,0.6669544567932302,0.0032292618240000004,8.873082377613056,1522.3123729674799,25.17251016260163,0.1345212097789692,0.07730080213761667,0.7792842772368269,0.005975414011118962,8.714325969975487,2816.2752341311134,34.53850156087409,0.09016979622192048,0.04965333710018964,0.558315010649788,0.0024654538851850687,8.951647684656795,2759.937182418699,34.064596036585364,0.08616305620759752,0.04452886230079062,0.5651632894482682,0.0019828195778027716,8.967896381000196,2631.9598074921964,33.36329344432883,0.09078619124406584,0.049740575428312665,0.5872391969648778,0.002474124843939662,8.93399903956678,moldy_bread_9.jpg,spoiled_bread
957.3156988188975,20.620939960629922,0.13118968043590426,0.05279975885920322,0.8028081033218776,0.0027878145355900085,9.02717533888119,1111.2817285634574,22.663463326926653,0.11420711060998152,0.04311253864894203,0.7707299626920854,0.0018586909887565205,9.136717553098128,854.740280511811,19.356299212598426,0.12828333626079313,0.04404965708093201,0.8244927951564663,0.0019403722889477033,9.047438560549272,1091.7283154566308,22.773141546283092,0.11304326369950018,0.04332626601328341,0.774734545132081,0.0018771653266537972,9.137981045112031,1293.147879464286,25.16462053571429,0.11227673894642168,0.05137531100907643,0.732792474937645,0.0026394225812793296,9.152524303391253,1111.2817285634574,22.663463326926653,0.11420711060998152,0.04311253864894203,0.7707299626920854,0.0018586909887565205,9.136717553098128,1237.154327876984,24.546937003968253,0.0950866184695511,0.03161536680045661,0.7456226398290968,0.0009995314179274141,9.242702411414758,1091.7283154566308,22.773141546283092,0.11304326369950018,0.04332626601328341,0.774734545132081,0.0018771653266537972,9.137981045112031,1523.0775625,27.806687500000002,0.10346053334823671,0.0507092085140855,0.6845289188431545,0.0025714238281250015,9.205339489229544,1518.7554169816074,27.542768959435627,0.08378216181397719,0.030764541061446323,0.6853062419188471,0.000946456986721417,9.291251407567046,1522.533125,28.091375,0.07474645921860174,0.022748282902232422,0.6866499593892175,0.0005174843749999999,9.349988501995796,1524.3230662635426,28.113441672965486,0.08487058790429941,0.030814023316086944,0.6839811008597143,0.0009495040329243499,9.30416958721175,1748.3569178427422,30.07087953629033,0.09595420839369392,0.05082611859657662,0.6370370438517896,0.0025832943315932714,9.236765741851336,1806.732032,30.515455999999993,0.06648888671215589,0.022290383217881203,0.6245247542858163,0.000496861184,9.377447823839962,1738.4145035282259,30.53874747983871,0.06690439942241869,0.02135599718333731,0.6413197477821051,0.0004560786156947111,9.388766354597525,1809.4547839999998,31.500608,0.06775800062756263,0.022524954339576363,0.6234924390671216,0.000507373568,9.388341084201368,1892.6657774390246,31.548145325203254,0.09480528300429815,0.050493149779921635,0.606446582108904,0.0025495581746976005,9.252109578363207,2030.5507284079085,32.91129032258065,0.06257121170500944,0.0211842600149709,0.5761934893264603,0.0004487728723818949,9.420203437149258,1871.0663109756097,32.10315040650407,0.06546494632743453,0.02323158770281073,0.611383734269757,0.0005397066671933867,9.418444712178974,2016.3379292403743,33.75468262226847,0.06107591624140081,0.020844198101935694,0.5782958307379812,0.0004344805945127396,9.424879267968445,moldy_sandwich_15.jpg,spoiled_bread
586.9291338582677,11.782849409448819,0.45182022801903515,0.3205098047187375,0.9568540782659254,0.10272653492084327,6.160487010891359,1375.8304916609832,16.63612127224254,0.4172297386404107,0.3090413672502188,0.8973297652521214,0.09550656667188462,6.321646350774958,1111.5916584645672,14.369094488188978,0.4325012406533549,0.3176051547545082,0.9170995742906584,0.1008730343266351,6.219056834865492,1128.3686527373052,14.715853431706861,0.420567017655079,0.31021327568742235,0.9157964043093524,0.09623227641272071,6.298336510903102,867.9704861111113,14.291418650793652,0.4333309754582893,0.3095461814412302,0.9361499220847904,0.09581883844484701,6.295857539647129,1375.8304916609832,16.63612127224254,0.4172297386404107,0.3090413672502188,0.8973297652521214,0.09550656667188462,6.321646350774958,2061.530505952381,20.04538690476191,0.4006246570218096,0.302908607444735,0.8438373559586401,0.09175362446410859,6.406444472118906,1128.3686527373052,14.715853431706861,0.420567017655079,0.31021327568742235,0.9157964043093524,0.09623227641272071,6.298336510903102,1165.6487499999998,16.64275,0.41696092654231487,0.29841855633593733,0.9141881346840982,0.08905363476562501,6.410088687332408,2544.388888888889,23.46346686822878,0.3815387557424717,0.2861620415931208,0.807026883073663,0.081888714048743,6.562709028822471,2971.89825,24.963750000000005,0.37681641107792896,0.28868630588083843,0.7712064442531197,0.08333978320312502,6.541329608598729,1976.5723104056442,19.68871252204586,0.38508930840708594,0.28880239522109014,0.8500915794614112,0.08340682348543874,6.510967280373771,1466.9392641129032,18.914566532258064,0.4000124864801578,0.28748358482156167,0.891923506752844,0.08264681154185603,6.510799802208226,3700.6965760000003,29.754368,0.3487180808773733,0.2630354218579696,0.7145927161120935,0.06918763315200001,6.755232900940794,3829.260773689516,29.506993447580648,0.354681633084321,0.27557442992419917,0.7003616016119503,0.07594126642804737,6.656610706245438,2782.0253440000006,24.122112,0.3539068420550615,0.267119470499625,0.785443015704739,0.07135281152000002,6.692641010332238,1742.85950203252,20.911077235772353,0.3901936606235044,0.27927887245855726,0.8715282889106408,0.07799668860172308,6.5806817779944895,4721.649518730488,35.39197450572321,0.3194093885933381,0.2412356185426566,0.6296854114873451,0.05819462365365812,6.920067264777065,4599.380081300815,33.55233739837399,0.33343404233800716,0.26341475023747435,0.6348856716370048,0.069387330642671,6.747320770652046,3508.5623699271596,28.15537200832466,0.3278314502751771,0.2467483503993059,0.7248267104247298,0.060884748424778645,6.844074479277891,moldy_sandwich_16.jpg,spoiled_bread
570.3323080708661,13.69242125984252,0.298934812143643,0.18736100321484692,0.9319687319328173,0.035104145525673876,7.475126135694847,758.451236902474,16.39481678963358,0.27548709885361633,0.17958461939267817,0.9093655963531075,0.032250635522413085,7.64232330798302,615.38687253937,14.6082062007874,0.28779326181144244,0.18700483867459985,0.9264376967470263,0.034970809687713114,7.5614732131730475,743.9100378200758,16.508091016182036,0.27715638786540364,0.1857191127865343,0.9111033930691521,0.03449158885421745,7.631042866217163,789.2560143849207,17.121589781746035,0.27531608158810533,0.1791450450829887,0.9059282699444985,0.03209294717778605,7.618843707417083,758.451236902474,16.39481678963358,0.27548709885361633,0.17958461939267817,0.9093655963531075,0.032250635522413085,7.64232330798302,1021.1988467261905,19.991877480158728,0.24729187447109313,0.17178974576750536,0.877697576120517,0.02951171675086412,7.810076723302217,743.9100378200758,16.508091016182036,0.27715638786540364,0.1857191127865343,0.9111033930691521,0.03449158885421745,7.631042866217163,951.4965625,19.306312500000004,0.2656012201381562,0.17675595596400706,0.8866649857848948,0.031242667968750002,7.672706675865962,1169.0451625094483,21.509385235575714,0.23909830891436204,0.1676518607472941,0.8601383146126377,0.028107146412030094,7.850100619219047,1365.9355625,23.9601875,0.22195219172208605,0.16307925005001403,0.8361371312302283,0.026594841796874998,7.946150498580701,1154.8934240362812,21.679642227261276,0.24465959559710662,0.17536088774673605,0.8618316057591907,0.030751440951323365,7.834962067839033,1108.9492817540327,21.102759576612907,0.2595533308259471,0.17321827504384416,0.8679541308037715,0.030004570809164847,7.719358203478492,1499.5113600000004,24.914368000000003,0.21818250976681636,0.15828059176032927,0.8204037123276531,0.025052745728000016,7.978730157051103,1643.2843371975807,26.698147681451616,0.21250386501025262,0.1565980335824867,0.8022419497362703,0.024522944121901633,8.02784861279217,1474.8940160000002,25.164096,0.22258893898628992,0.165384792335934,0.8233527909316743,0.02735212953600001,7.961657160309764,1220.5820630081303,22.340193089430898,0.254671188825762,0.1715765360048225,0.8546304226701275,0.029438507707414154,7.753654012668047,1809.2300988553593,27.8125650364204,0.20529878134360174,0.151335460087377,0.7826615742405383,0.02290242147985808,8.052825477828055,1877.503048780488,29.0135924796748,0.20372539428439984,0.15086313200981682,0.7725277164176466,0.022759684599811415,8.07785375706113,1747.1532908428721,27.851912070759624,0.20994550288052805,0.15706849604478626,0.7901704081541338,0.024670512449771035,8.035810130050567,moldy_sandwich_17.jpg,spoiled_bread
170.02952755905514,7.757012795275592,0.1967147870445542,0.01910086264562419,0.9679061918045762,0.00036484295380700147,8.437874129498544,266.8697997395995,10.174158348316698,0.1545898123644786,0.01710692294324376,0.9496181136980473,0.0002926468125860797,8.653090081450806,126.34947096456693,7.126906988188976,0.197491999695343,0.019918424947119276,0.9762471322898824,0.0003967436523740235,8.38245418880567,208.1975323950648,8.832909665819333,0.17622191745334742,0.01818322107099816,0.9606909025345479,0.00033062952851679157,8.555870340269767,358.71496775793656,11.278831845238097,0.14417874532726144,0.016255271847992678,0.931966802010245,0.00026423386285214325,8.720655241964092,266.8697997395995,10.174158348316698,0.1545898123644786,0.01710692294324376,0.9496181136980473,0.0002926468125860797,8.653090081450806,326.90209573412693,11.604972718253968,0.13551753747891437,0.016441752561385185,0.9385259760739931,0.0002703312272898163,8.745863078247798,208.1975323950648,8.832909665819333,0.17622191745334742,0.01818322107099816,0.9606909025345479,0.00033062952851679157,8.555870340269767,527.563375,13.8725,0.11531271505676594,0.014717190734817566,0.8994688877784426,0.000216595703125,8.88244510895324,573.9874653565131,15.28602922650542,0.10584658533763155,0.014355290079259368,0.891104815314921,0.00020607435325968243,8.946400011782803,539.2843124999999,15.1631875,0.10542344554784686,0.014679851732050974,0.8985410499979523,0.000215498046875,8.937291765620767,455.2554169816075,13.393235071806501,0.11903694345931914,0.01518974813644114,0.9135986252436202,0.0002307284484485171,8.86178224072923,687.5633820564517,16.05216733870968,0.09887412914420257,0.013876271589595122,0.868324012855432,0.00019255091322820475,8.971584469399964,878.899392,19.328832,0.0834992076151675,0.013004289753769716,0.8324423123776392,0.00016911155200000002,9.095378658335083,757.8738029233872,18.28030493951613,0.08854999207994432,0.013615213645703951,0.8573508054742934,0.0001853740426181631,9.057764853115511,694.318528,16.906816,0.09569979685751798,0.013817183504607587,0.8675257520271087,0.00019091456,9.017851201979227,846.5785696138212,18.154153963414636,0.08690184500020301,0.01314318568266447,0.8369757773182754,0.00017274332988899632,9.059116635453634,1190.7280827263269,23.076808012486996,0.06790753497797468,0.012113633452088633,0.7718515008619263,0.00014674011541156076,9.204982535752489,982.016768292683,21.17746443089431,0.0758007883732861,0.012816284471126479,0.8151207229636607,0.00016425714764483774,9.15209192952894,930.9491415192508,20.047606659729446,0.0790055598041787,0.012830649009068069,0.8213823709059888,0.00016462555399389942,9.126570810373277,moldy_sandwich_24.jpg,spoiled_bread
191.76476377952758,8.90378937007874,0.19306252010458738,0.018266811094649744,0.9637610233059107,0.00033367638756761893,8.51987664582422,266.1116002232004,10.393204786409573,0.16846320188792924,0.01678475161896716,0.9494854654030193,0.00028172788691042066,8.642188093475346,126.65698818897641,6.990772637795277,0.23366887671891895,0.019847434309782745,0.9759677492342174,0.00039392064868114127,8.324958176518631,227.4188728377457,9.697749395498791,0.18575329600216478,0.017689983768812544,0.9568315323024629,0.00031293552574085127,8.587808367168126,421.1351686507936,13.335565476190474,0.14348124940410217,0.015448509864998804,0.9203833430598268,0.00023865645704896537,8.826112524385483,266.1116002232004,10.393204786409573,0.16846320188792924,0.01678475161896716,0.9494854654030193,0.00028172788691042066,8.642188093475346,286.1626984126984,10.720362103174601,0.16086848247377528,0.01642192393973329,0.9454535625574415,0.00026967958588238535,8.660705312467757,227.4188728377457,9.697749395498791,0.18575329600216478,0.017689983768812544,0.9568315323024629,0.00031293552574085127,8.587808367168126,641.673,16.69025,0.1132888827268887,0.01401268956160808,0.8786723157389748,0.00019635546875000002,8.983828676199906,560.5976316452507,15.422020660115898,0.11366108261864546,0.014012140171772896,0.8930420710916221,0.00019634007219341176,8.935045101578632,422.0961874999999,13.106562499999999,0.12821838182291082,0.014837268321695877,0.9191675087168469,0.00022014453125000002,8.821695066310946,463.2538422776518,14.161627614008568,0.1322843348826671,0.015207694789450117,0.9116264629117945,0.00023127398080906823,8.871664073043721,867.762915826613,19.639805947580648,0.09616909311338953,0.01303125362125702,0.835938616168614,0.00016981357094152417,9.091047207599836,832.443712,19.073216000000002,0.08539670668660959,0.012785431709566948,0.8403887590297489,0.00016346726400000001,9.075900706115858,546.2891255040322,15.002457157258064,0.10432198625031112,0.013947106294508176,0.894882342268541,0.00019452177399030958,8.920060517963892,691.2559360000001,17.586816000000006,0.10713419075507417,0.013954568570901792,0.8675001240802148,0.00019472998400000006,9.011786082104003,1107.0667555894308,22.390307418699187,0.08386681649967687,0.012358034755982298,0.7907848811393293,0.00015272102303006644,9.178855147068308,1113.5359651404788,22.504357440166494,0.07024657881942918,0.011909214581208827,0.7854538947600501,0.00014182939194127693,9.186920709431714,665.5412855691059,16.67619410569106,0.08583065143095012,0.01341975476897697,0.8713446900145684,0.00018008981805948013,8.987534433262837,924.173517169615,20.532648283038505,0.09261452773264228,0.013169995567337693,0.8220356557361582,0.0001734487832436945,9.103401074729408,moldy_sandwich_27.jpg,spoiled_bread
710.6890378937007,13.017162893700785,0.4785463622659073,0.33632189712473254,0.9404602873273559,0.11311241848557917,6.017149501332208,1282.1126542253087,16.97209994419989,0.455575833023363,0.32896058721348204,0.8916711577372997,0.10821506793983891,6.147487165250924,1025.9347317913387,13.94272883858268,0.4700172530299021,0.3344145407354924,0.9132527788961338,0.11183308505533031,6.054508501091244,1236.0874201748402,16.55762911525823,0.45772339815956026,0.3298468101062027,0.895560012034525,0.10879891813723735,6.1401525884106976,1070.2855282738094,16.71657986111111,0.4581421751498406,0.32700609523409724,0.910417763652176,0.10693298632025149,6.128185188940922,1282.1126542253087,16.97209994419989,0.455575833023363,0.32896058721348204,0.8916711577372997,0.10821506793983891,6.147487165250924,1814.1763392857147,20.056299603174605,0.4341608714807754,0.3185008178689284,0.8452483277214018,0.10144277098317632,6.241219883291486,1236.0874201748402,16.55762911525823,0.45772339815956026,0.3298468101062027,0.895560012034525,0.10879891813723735,6.1401525884106976,1366.2575625000002,19.2806875,0.4447027169633224,0.3198266101294183,0.8857723994651928,0.10228906054687496,6.204101806949601,2227.071176618796,23.967624086671712,0.4173800068472853,0.3105398352379874,0.8103724631709215,0.09643498926963635,6.350362716859313,2532.7546250000005,25.043875000000003,0.4077604186447409,0.3049069562229189,0.7819861109933819,0.092968251953125,6.374431947594939,2125.2389140841524,23.069098009574205,0.42313865194599204,0.3124235474796525,0.8190432571411558,0.0976084730197707,6.3265240810147265,1646.304876512097,21.415763608870968,0.4329132330412607,0.3135901514675498,0.8625290187536822,0.09833878309744085,6.256833526525266,3080.669312,29.63008,0.38690477051905253,0.2947485449802934,0.7356695361302471,0.08687670476800004,6.4959710506024155,3267.8222656250005,29.780304939516135,0.3821285014200753,0.29184512349681463,0.7164742147496485,0.08517357610887098,6.484919352937687,2941.6487039999997,28.335423999999996,0.3946872799325605,0.29749954777780757,0.747598087949883,0.08850598092800002,6.466590739612782,1931.0039380081307,23.33015752032521,0.4238680335634537,0.3089454758518881,0.839005718180713,0.09544730704934958,6.297358227479164,3907.1382023933406,34.84007544224767,0.36274007655158325,0.2807457375135909,0.6626391422374235,0.07881816913205009,6.615086668340011,3933.847942073171,33.90294715447155,0.36109212879038055,0.2799651678431194,0.655886933515076,0.07838049520542603,6.5769124023737735,3700.006633714881,32.68834547346515,0.371278829600826,0.2836656503017236,0.6805240929201224,0.08046620116109973,6.579533289754408,moldy_sandwich_5.jpg,spoiled_bread
931.1296751968504,20.49212598425197,0.14115696060571342,0.08087376922049552,0.8573298533323542,0.006540566547929969,8.878348373120879,1242.0135780271562,23.593217186434373,0.12681994181968895,0.07415034685740697,0.8070955613546181,0.005498273939073764,8.981505330303037,938.4193528543307,19.80948572834646,0.13806220796119428,0.07444588706230508,0.8544249390664547,0.005542190100493482,8.888702784358077,1256.6215512431022,23.95790191580383,0.12206409982047767,0.0739555453070887,0.8048269740108938,0.005469422681668849,8.991599341555704,1298.6834697420634,25.02709573412698,0.12556040803841592,0.07984251497648369,0.8008167567922883,0.006374827197770022,8.984277043656284,1242.0135780271562,23.593217186434373,0.12681994181968895,0.07415034685740697,0.8070955613546181,0.005498273939073764,8.981505330303037,1504.6049107142858,26.328621031746028,0.10992350101595356,0.06572021399131503,0.7634555924165024,0.00431914652706424,9.078154759886015,1256.6215512431022,23.95790191580383,0.12206409982047767,0.0739555453070887,0.8048269740108938,0.005469422681668849,8.991599341555704,1504.2541875,27.3213125,0.12188371230680858,0.07933206269772014,0.7690424801265092,0.006293576171874999,9.019769493323052,1839.6641471403377,29.611489040060473,0.10469503403247152,0.06502777688818484,0.7101359385076015,0.004228611767019546,9.130558021445582,1949.8166875,30.6463125,0.09450304700648707,0.058538832597473285,0.6891086288740844,0.0034267949218750007,9.18053633436568,1840.9193121693124,30.021478961955157,0.10241456253161123,0.06513758296763847,0.7099187715344586,0.004242904714865985,9.14150547073757,1670.7568674395166,28.96339465725807,0.11651107367002529,0.07846077838183808,0.743139449344488,0.00615609374428391,9.040505568131923,2245.952064,33.390912,0.08961400411466668,0.057558473920005904,0.640636241227931,0.00331297792,9.207702138244958,2346.2677041330644,34.03988155241935,0.08411466478749507,0.05159880230154307,0.6205855398936283,0.002662436398953726,9.24603014739278,2240.556032,33.560704,0.08958522477872263,0.05772842571905109,0.6414485573732278,0.003332571135999999,9.214152080916715,1839.83587398374,30.622078252032523,0.11274046945505668,0.0781302024797963,0.7167491192278984,0.006104328539533968,9.062040131138755,2662.3920395421437,36.89295005202914,0.08058815463480529,0.05089429223069768,0.5672494680837429,0.002590228981663654,9.268317070805043,2587.814087906504,36.46652693089432,0.07675839834703369,0.04539591140780952,0.5756722830026588,0.0020607887725456906,9.314287371255864,2601.390868886576,36.616155046826215,0.07913070605240742,0.05094745375104925,0.5770731972518662,0.0025956430437153017,9.269355244886377,moldy_sandwich_6.jpg,spoiled_bread
266.68583907480314,9.083353838582678,0.21815146755554105,0.02062342402991423,0.9576356301775019,0.0004253256187176437,8.43136462779106,381.96348192696394,10.999255998511998,0.1854593549944329,0.019011203478527736,0.939399983595326,0.00036142585770198514,8.55760671412883,199.82252706692918,7.96007627952756,0.22339649512801937,0.020812833134542918,0.9683379030624438,0.0004331740230863276,8.359725851533323,330.6482732965467,10.330212660425321,0.1850438913282648,0.019008170275981423,0.9475425600656335,0.00036131053724070374,8.551131479732685,567.870597718254,13.518043154761903,0.16700900926484066,0.018208011882114523,0.9096834083270118,0.00033153169669922363,8.690770894195856,381.96348192696394,10.999255998511998,0.1854593549944329,0.019011203478527736,0.939399983595326,0.00036142585770198514,8.55760671412883,443.93080357142856,12.015128968253968,0.15632312283424288,0.017493197485801002,0.9297391216331355,0.0003060119582772345,8.667835554404508,330.6482732965467,10.330212660425321,0.1850438913282648,0.019008170275981423,0.9475425600656335,0.00036131053724070374,8.551131479732685,865.4378125000001,16.9736875,0.14389398628932903,0.017084921166045805,0.8621779592215026,0.00029189453125,8.827066662810097,814.302847064752,16.577727387251198,0.12846613196893364,0.016171281948623297,0.8707990460541799,0.00026151035986186975,8.843980617788514,675.458625,15.15775,0.12324320694686086,0.015759917512474488,0.8932169926922832,0.000248375,8.839179703149428,695.3110355253212,15.224489795918368,0.12916084411393397,0.0162565590759962,0.8896882285717372,0.00026427571299135445,8.83391071681493,1163.2304057459678,20.166897681451616,0.12872743785603635,0.01615251861553219,0.8144194030317361,0.0002609038576251139,8.935052803764846,1243.6495360000004,21.418240000000004,0.09137037063834215,0.014561582331601194,0.8026344529408782,0.00021203968000000007,9.004495842862898,902.819052419355,18.00012600806452,0.1012562298822309,0.014662352749361406,0.8574369605176562,0.00021498458814670597,8.959032287731993,1066.5043839999998,19.436480000000003,0.10164507756623604,0.014701066083791339,0.8307782983516041,0.000216121344,8.992720486247455,1456.0712652439026,23.043191056910572,0.1168436240105186,0.015666578812423487,0.7671624521265643,0.0002454416916858765,9.001237241299544,1660.7615114464102,25.620382414151926,0.07336287105773193,0.013518739484987254,0.736237787997316,0.00018275631726295344,9.115171676720554,1130.3414634146343,20.606072154471548,0.08662933743660639,0.013891922362727594,0.8217121180977015,0.00019298550693205103,9.044795800596624,1427.0665972944853,23.137877211238298,0.08532303953458482,0.013846038538009735,0.7734197679711502,0.0001917127831960508,9.0913507743875,moldy_sandwich_7.jpg,spoiled_bread
859.6729822834645,19.022391732283463,0.08180009632232782,0.011171164994047382,0.8742057266623993,0.00012479492732422965,9.271847079712757,1117.2046624093246,21.91493582987166,0.07410845731652327,0.01061551848740702,0.8357195547254361,0.00011268923275648023,9.358689779451637,998.528727854331,20.960199311023626,0.07827342602455042,0.010795707072723452,0.8539110085946583,0.00011654729120005118,9.334423900979768,1254.5274350548702,23.573749147498297,0.06907920398751183,0.010397182330091612,0.815506669319073,0.00010810140040516923,9.39719173118761,1438.880084325397,25.00099206349207,0.06335632781458637,0.010233097050957481,0.7885999986156317,0.00010471627525431471,9.426227524844048,1117.2046624093246,21.91493582987166,0.07410845731652327,0.01061551848740702,0.8357195547254361,0.00011268923275648023,9.358689779451637,1734.11470734127,28.48214285714286,0.05594851906352267,0.009762032045643925,0.7450586665844292,9.529726966017892e-05,9.496802616948454,1254.5274350548702,23.573749147498297,0.06907920398751183,0.010397182330091612,0.815506669319073,0.00010810140040516923,9.39719173118761,1922.5438125,29.5238125,0.05150154509722643,0.00979466930911912,0.7166208701013571,9.5935546875e-05,9.500469380730696,1839.9473418997231,28.911438649533892,0.055879007681739604,0.009818478051537327,0.7269570870823188,9.64025112485202e-05,9.490926053068916,2296.2134375,33.60118750000001,0.04330335900371833,0.009362700264880853,0.6606413826057026,8.766015625e-05,9.570558351289684,2080.108843537415,31.554043839758126,0.04997088779192677,0.009498898287755254,0.6911802403385883,9.02290686811197e-05,9.542556714017493,2350.527658770162,33.260647681451616,0.04431284623349833,0.009452179808279603,0.6523261318382307,8.934370312804862e-05,9.561296613901588,2379.131072,33.615424,0.04610721149270394,0.009440813524267918,0.6436486200414564,8.912896000000002e-05,9.549909727040163,2717.102192540322,37.15322580645161,0.038341083355862046,0.009078813278356227,0.5962518931255424,8.242485054325733e-05,9.61051073311192,2679.814912,36.633728000000005,0.03893527978257305,0.009092505925211157,0.5983641214715888,8.267366399999999e-05,9.599286814983888,2704.956491361789,36.11693343495935,0.042130697709530825,0.009240360722049156,0.5984473072707748,8.538426627358881e-05,9.59375829456959,2824.103798126951,37.46045785639958,0.040911071121096786,0.009203515235627301,0.5729146655661908,8.470469269242385e-05,9.58604961114595,3037.9687500000005,39.991869918699194,0.03500112892913965,0.008979411210463372,0.5461185424170582,8.062982568659527e-05,9.628874492036609,3084.564451092612,40.23497658688866,0.033360889497641474,0.008923864304379055,0.5329092133181647,7.963535412297069e-05,9.629973167917466,rotten_baguette_14.jpg,spoiled_bread
1702.3719857283463,31.746124507874015,0.03736077363812516,0.00889386677489296,0.6412406302120075,7.910086620954491e-05,9.626734177089043,1815.1238762477526,32.87265174530349,0.0359498460812345,0.00885614858305557,0.6165894542956483,7.843136772515718e-05,9.62789022403037,624.4114173228346,18.51525590551181,0.07053607626514735,0.010787992721576737,0.869122861706627,0.00011638078696079267,9.298989454662506,1587.1435302870605,30.403124806249615,0.0397100097582461,0.0090493635999223,0.664724643812867,8.18909815635987e-05,9.59356604193584,2859.350694444445,42.81808035714286,0.024032703069565585,0.008299272262773875,0.39385272975143365,6.88779200916478e-05,9.736821644676368,1815.1238762477526,32.87265174530349,0.0359498460812345,0.00885614858305557,0.6165894542956483,7.843136772515718e-05,9.62789022403037,935.0180431547618,22.73976934523809,0.05569390707110945,0.01002740474102943,0.8036840676614226,0.00010054884584041949,9.426499227063795,1587.1435302870605,30.403124806249615,0.0397100097582461,0.0090493635999223,0.664724643812867,8.18909815635987e-05,9.59356604193584,3744.8118125,50.0814375,0.02011822002733284,0.008150800382477785,0.20251390141795123,6.643554687500001e-05,9.762982327064432,2963.5253842277652,43.65967498110355,0.02306797535166689,0.008318253474033347,0.3692318027788268,6.919334085826785e-05,9.729061487204742,1165.1793750000002,25.51125,0.04941029887682565,0.009651950903832862,0.7547418145407683,9.316015625e-05,9.489562927326121,2646.2109473419,40.75163769211389,0.02585365500758323,0.008424651445889149,0.43662971768880027,7.097475198472212e-05,9.710505787036848,4361.587575604839,54.40045362903227,0.017081256548462306,0.008103308131385843,0.06718576710503249,6.566360267218394e-05,9.77302001868886,3790.6186879999996,50.08928,0.021442237933896293,0.008209855540751007,0.18749993545965146,6.740172799999999e-05,9.74676977779573,1364.1717489919356,27.866809475806452,0.04359572305796345,0.009374589279233693,0.7120651716274471,8.788292415432328e-05,9.53451928063835,3548.316096,48.432959999999994,0.02047458554373307,0.008232027210839382,0.23894412243254995,6.7766272e-05,9.746406904089788,4865.91031504065,57.40218495934958,0.015532867907026989,0.008115553863568664,-0.043056787612807595,6.586221451248427e-05,9.769856767269847,4354.878316857439,53.87090270551508,0.01855134721430712,0.008225886049882723,0.06001239754467839,6.766520130565518e-05,9.742518045400466,1524.4057418699188,29.633130081300813,0.041767339157226996,0.009255737977200649,0.6771242337440078,8.566868550259437e-05,9.559478705639949,4300.0331685744,53.985041623309044,0.017180565097554164,0.008225243276992514,0.07126028258075887,6.765462696571055e-05,9.741217887623854,rotten_baguette_17.jpg,spoiled_bread
250.95152559055123,5.125738188976379,0.6493574462746232,0.490027363568226,0.9801052103686638,0.24012681704562636,4.363702577211986,894.9483538967079,9.057722115444232,0.6022959744037267,0.47860038643988095,0.9276727534382603,0.2290583299004034,4.552088369337398,794.571850393701,7.768577755905515,0.6254341025093799,0.48662502662723994,0.93583439940066,0.236803916539962,4.446970779535658,835.0757021514044,7.794531589063179,0.6430952450064333,0.4833692259570316,0.9325114952787618,0.23364580860229986,4.4612154134861814,384.648933531746,6.7651289682539675,0.6187030577085946,0.4809065570790688,0.9694812017062758,0.23127111664164365,4.514338536788376,894.9483538967079,9.057722115444232,0.6022959744037267,0.47860038643988095,0.9276727534382603,0.2290583299004034,4.552088369337398,1517.682663690476,12.277901785714285,0.5865670620312432,0.4738279075126277,0.8749563199035307,0.22451288593779525,4.641644942422355,835.0757021514044,7.794531589063179,0.6430952450064333,0.4833692259570316,0.9325114952787618,0.23364580860229986,4.4612154134861814,512.764625,8.234375,0.600903238709058,0.4725495943714532,0.9592822392896225,0.22330311914062498,4.613720479920617,1696.8528596623837,14.428067523305618,0.5624155527062789,0.4581107897481098,0.8599797597891105,0.20986549568363688,4.7857410633760225,2216.2358125000005,16.452937500000004,0.5599433967899858,0.4608581965678273,0.813542566250127,0.21239027734375013,4.7808768891902576,1570.264172335601,12.028092718568908,0.6023859826855312,0.4690088871663064,0.8704255555495065,0.21996933624097714,4.675728589252709,640.8739919354839,9.729586693548388,0.5838905211421693,0.46412639111340553,0.9490656887732319,0.2154133069279539,4.713250193755038,2492.719936,19.578304,0.5314343273782791,0.4372241304960192,0.7898030933228342,0.19116494028800002,4.982661208650461,2918.137411794355,20.4956527217742,0.5377944735515102,0.4482580577793596,0.7491741566216874,0.20093528636412372,4.898226891175902,2270.9361280000003,15.945535999999999,0.5689454869584423,0.45519304992936793,0.8085048615076267,0.20720071270400003,4.837362429716923,763.6790523373983,11.116806402439023,0.5715350065818907,0.4558201650954918,0.939253001908406,0.20777202290768138,4.79581595066124,3286.598139958376,24.566662330905302,0.501244569401335,0.4167708509313885,0.7166581917440243,0.17369794218607365,5.149721535392194,3567.603595020325,24.264545223577233,0.5163834047514416,0.4357077903577627,0.6870752841074811,0.1898412785784441,4.993939976503883,2956.562239854319,19.718847554630592,0.5422709530447946,0.4414708792090349,0.7451110067042547,0.19489653718959826,4.97500623657587,rotten_baguette_25.jpg,spoiled_bread
668.0919045275592,13.50922736220473,0.30950781387845805,0.07541540936826363,0.9108913786112142,0.005687483970182787,7.541500852892526,884.0050840101679,16.7263934527869,0.2701884618140527,0.07059547952147487,0.8823306741616441,0.004983721728866977,7.675525081834156,748.331446850394,15.258120078740161,0.2889820780977429,0.07326777382422359,0.900188197751279,0.005368166681157583,7.603233072541645,861.3469526939055,16.625643251286505,0.2716728195077252,0.0703400355619943,0.8853473537448344,0.004947720602862621,7.676340509522366,955.0001860119047,16.952814980158728,0.2825648353365442,0.0708480197606403,0.8728857591058757,0.005019441904004078,7.701727039758355,884.0050840101679,16.7263934527869,0.2701884618140527,0.07059547952147487,0.8823306741616441,0.004983721728866977,7.675525081834156,1123.1892361111113,19.311631944444446,0.2515196455348164,0.06652190739062869,0.8504925722175224,0.0044251641628873795,7.769363730356555,861.3469526939055,16.625643251286505,0.2716728195077252,0.0703400355619943,0.8853473537448344,0.004947720602862621,7.676340509522366,1168.4461875,19.4299375,0.2588069086954882,0.06630135097134146,0.8447849822936077,0.0043958691406250005,7.831267891353939,1351.1299445704208,21.72266313932981,0.23279747338149073,0.06309069821933805,0.8208388140964235,0.003980436201803585,7.896472378776535,1482.0721875,22.5039375,0.23132605858422603,0.06261292922591946,0.8031039494057701,0.00392037890625,7.890052175037293,1290.195389266818,21.35512723607962,0.23161711031780244,0.06288653934425194,0.8289222593959924,0.003954716830696147,7.881656302053219,1365.3612651209678,21.577368951612904,0.24226959424838174,0.06247065050512411,0.8189831330867221,0.003902582174533364,7.938177487845801,1765.5683200000003,25.572928000000005,0.20471274602454093,0.05748904869625172,0.7667016258508894,0.0033049907200000013,8.068553124713603,1862.0839843749998,25.55802671370968,0.2145605561947574,0.0594895703056682,0.7530911376644817,0.0035390089751530392,7.983925011416536,1790.10912,25.83776,0.20923415155966157,0.05820299483703567,0.7634665299833765,0.0033875886080000006,8.03651685895202,1556.5047637195125,23.506923272357728,0.22531903486660776,0.05926952013936964,0.7940371542126292,0.0035128760175511435,8.024156908428523,2206.7023933402706,29.279266389177945,0.18455470716681383,0.052905399121889955,0.7093585895621793,0.0027989812562464744,8.208946571554137,2261.382240853659,28.380208333333336,0.20163687087167562,0.05707592484611002,0.7006976786663364,0.0032576611970387996,8.064988999919843,2231.719042663892,29.22970863683663,0.1929823980099024,0.05424195370851358,0.7060733101723398,0.0029421895421165296,8.168556058777806,rotten_bread_000001.jpg,spoiled_bread
500.4619217519686,9.448388287401578,0.6119343831457698,0.49556253517782645,0.958081625447694,0.24558222627187448,4.4542458631809305,1054.513981027962,13.012214024428049,0.5959588784947052,0.49034537170179593,0.9108520572278378,0.24043858354937242,4.570515182257349,944.7650098425199,11.843750000000004,0.6033389307788252,0.4950525218917106,0.9200644224173401,0.24507699943134265,4.5090836325102455,1033.7394134788271,12.750139500279001,0.5990831947215127,0.49239354018165576,0.9126083810969179,0.24245139841262384,4.554257441295449,711.8883928571429,11.552827380952383,0.5963056947674139,0.4819169414441151,0.9404162093952678,0.23224393845085067,4.56331691267437,1054.513981027962,13.012214024428049,0.5959588784947052,0.49034537170179593,0.9108520572278378,0.24043858354937242,4.570515182257349,1576.537140376984,15.932601686507935,0.5755186836136404,0.4784210822049577,0.8653261829169148,0.22888673189816292,4.6498389699603155,1033.7394134788271,12.750139500279001,0.5990831947215127,0.49239354018165576,0.9126083810969179,0.24245139841262384,4.554257441295449,849.1785624999998,12.874687499999999,0.581508120704658,0.4694397092545537,0.9289756666775983,0.22037364062499992,4.641114234679471,1749.4896699420506,17.57105064247921,0.5600710179206219,0.46516872126470554,0.8508074971966423,0.2163819392430413,4.755215671565518,2144.8313125000004,19.511312500000003,0.5536128196188477,0.4641543595952213,0.8149581185604097,0.21543926953125,4.75362823876636,1720.7954774502396,17.0916477702192,0.5706048389384726,0.47393031970213007,0.8532545675160603,0.2246099479329632,4.718019872762562,987.9578503024196,14.097341229838712,0.5700461191045219,0.45884785821317403,0.9174265214822329,0.21054135698681706,4.699308884386946,2418.297536,21.993792,0.5333930763552422,0.4448373670635146,0.7919264405212655,0.19788028313600003,4.893352565649135,2680.3116179435488,22.820060483870968,0.532059285660908,0.45029548905189504,0.7666232092888767,0.2027660274604853,4.835737729969974,2354.3632639999996,21.240576,0.5457185883156568,0.4576935199541283,0.7974275650451164,0.20948335820800004,4.856505163706098,1133.9270198170734,15.253493394308945,0.562703623878785,0.45164612298240475,0.905311647801555,0.2039842204050375,4.760045933758253,3040.8322060353808,25.949921956295526,0.5081901164953062,0.4294687518189078,0.7362390522380283,0.18444340878889062,5.0034474824684425,3173.95293445122,25.984438516260166,0.5127445256310916,0.4380958499081236,0.7211154029179438,0.19192797370672116,4.918835601397949,2963.729773673257,25.051053590010405,0.5227295554234871,0.4436012927860198,0.7429270703719782,0.19678210696142806,4.963268294473391,rotten_bread_000008.jpg,spoiled_bread
375.4398991141732,8.9017593503937,0.42954244483025916,0.09333028718767682,0.8840039848964337,0.008710542506534231,6.942944214562837,540.1927583855168,10.794531589063178,0.3661723087867043,0.08354245813561706,0.8296228741724156,0.006979342311341329,7.156513713692601,486.31526820866145,9.935716043307089,0.37709891351901786,0.08454077941231815,0.8465055551729165,0.007147143383642237,7.087201130653749,495.1057102114204,10.089032178064354,0.3685541396803025,0.08369358823971422,0.8438434546847509,0.007004616712438831,7.127275532305797,437.47978670634916,10.050223214285714,0.386320309335419,0.09020655797239406,0.8648913003134653,0.00813722310122689,7.090379725755008,540.1927583855168,10.794531589063178,0.3661723087867043,0.08354245813561706,0.8296228741724156,0.006979342311341329,7.156513713692601,688.4368179563493,12.52077132936508,0.2834693789267004,0.07240114988811798,0.7779424340774086,0.005241926505121727,7.373510924587224,495.1057102114204,10.089032178064354,0.3685541396803025,0.08369358823971422,0.8438434546847509,0.007004616712438831,7.127275532305797,468.16162499999996,10.951374999999999,0.35478382897569455,0.08806457369808247,0.8555225704511185,0.007755369140624998,7.218130975509021,770.8623708742759,13.83969513731419,0.2774649603634267,0.07120639258917423,0.7516647184903069,0.005070350345563608,7.465206853298349,894.8618749999999,14.98975,0.22358134299044444,0.0640650151945272,0.7046852017697524,0.0041043261718750005,7.563156582741668,713.5577601410937,12.823822121441172,0.2774516159743911,0.07136106610368222,0.7701260350708496,0.005092401755454104,7.416631685595272,492.673576108871,11.692855342741934,0.3305182822402709,0.08693891003125591,0.8480521708505037,0.00755837407742281,7.309641156805293,984.605568,16.362112,0.21839374623585717,0.06297289423236,0.6757833381111727,0.003965585407999999,7.652619648635608,1079.2774067540327,17.13186743951613,0.17965792119447255,0.05749084283761386,0.635985227040245,0.003305197010179217,7.6949412753310025,919.214208,15.396095999999998,0.2161467424543973,0.06284669652416108,0.6973172074230147,0.003949707264000001,7.617494490869987,543.4350863821138,12.429242886178864,0.31097439576706903,0.08573745854185218,0.8325521272043077,0.007350911797215821,7.386051496397454,1169.0762877211237,18.577068158168572,0.17970784317217528,0.056493369124092356,0.6069569466079928,0.0031915007549909516,7.781242342884124,1230.03899898374,19.003810975609756,0.14892615166800655,0.052084204738149495,0.5754998609996257,0.002712764383205474,7.797206036285138,1098.7356919875128,17.490374609781476,0.1752553261071315,0.05616933241339198,0.6306080732905586,0.003154993903766127,7.745181548706562,rotten_bread_000009.jpg,spoiled_bread
543.9026205708661,12.947281003937007,0.21574281447083948,0.08264582940883376,0.9277082883719112,0.006830333118674051,8.023483729298682,986.3593527187055,15.851943703887407,0.19282643717145292,0.07536953468241868,0.8660905767965706,0.005680566758244312,8.142489723040718,875.3721702755906,14.310777559055122,0.2130886720557553,0.07610281235355135,0.881409918787481,0.005791638048119847,8.053382095959453,988.7478454956909,15.74059148118296,0.19711247702629664,0.0754906824008746,0.8657683952119438,0.005698843129349718,8.13973483207471,667.90625,14.694072420634923,0.19228977534319847,0.08151555378777817,0.9110352334390546,0.006644785509328155,8.13521325508455,986.3593527187055,15.851943703887407,0.19282643717145292,0.07536953468241868,0.8660905767965706,0.005680566758244312,8.142489723040718,1383.3273189484125,18.07769097222222,0.18143775478857554,0.0674299070057068,0.8083791804636901,0.004546792358798265,8.217751425779134,988.7478454956909,15.74059148118296,0.19711247702629664,0.0754906824008746,0.8657683952119438,0.005698843129349718,8.13973483207471,758.284625,15.934625,0.17924652918781486,0.08069715763271963,0.8987737636586262,0.006512031250000001,8.199488540784024,1525.718253968254,19.86123708742757,0.16646106952763717,0.06635750900557191,0.7877564821813798,0.004403319001424558,8.306425863747672,1870.1093749999998,21.534875,0.16030434800916074,0.06060025268099136,0.7348718921061037,0.0036723906250000003,8.346529119347487,1511.9889770723105,19.719009826152686,0.16314037547593088,0.06634119930909221,0.7896762283004352,0.004401154725768698,8.309613884991839,870.8196824596774,17.196446572580648,0.16844105683961355,0.07960506494400009,0.8835050784206547,0.0063369663647384715,8.264692866782221,2032.8357120000003,23.553536,0.14490031727061617,0.05937351436457169,0.7099543730378385,0.0035252142080000005,8.429246263701422,2369.714024697581,24.851877520161292,0.14286472382545318,0.05373636404768656,0.6560174547078531,0.002887596821065501,8.440938734910958,1993.3804799999998,23.193856000000004,0.1421936074720335,0.059173200420460606,0.7156031434699981,0.0035014676479999994,8.436879733291383,957.7376143292684,18.338351117886184,0.15833287978907695,0.0792871595509944,0.871568079983219,0.006286453669664843,8.309920597122977,2560.0003251821017,27.167468782518213,0.13219185893551577,0.052757306110115386,0.6252658022831518,0.002783333347996418,8.522860053285953,2677.6133765243903,27.206618394308947,0.13033040175513297,0.04773049383247701,0.6028357603777326,0.002278200041492126,8.512996657630826,2475.8923647242455,26.668119146722162,0.12725997819645912,0.052334541187298876,0.637617763840295,0.0027389042012850827,8.534923842313098,rotten_bread_000010.jpg,spoiled_bread
547.9146161417323,8.478469488188976,0.6766681832735827,0.5403679849452683,0.9453297794511594,0.2919975591538097,3.86531283712518,1024.8613057226116,11.565751131502264,0.6614153455553147,0.5390030764588487,0.8961768561611806,0.2905243164321035,3.93750734031206,914.5574557086617,10.412524606299215,0.6683146943864762,0.5405420492913371,0.907238302744173,0.29218570705207825,3.902578850632671,996.4501829003658,11.204352408704818,0.6624544694978383,0.5388584990243417,0.8990555625649621,0.2903684819707664,3.9422505365366565,748.366443452381,10.599454365079364,0.658663559934253,0.5280731845877844,0.9254154773489717,0.2788612882806842,3.9575940043362072,1024.8613057226116,11.565751131502264,0.6614153455553147,0.5390030764588487,0.8961768561611806,0.2905243164321035,3.93750734031206,1487.9056919642858,14.214223710317459,0.6441872743894507,0.528548605937257,0.8466777403710097,0.27936362883821786,4.007350999174422,996.4501829003658,11.204352408704818,0.6624544694978383,0.5388584990243417,0.8990555625649621,0.2903684819707664,3.9422505365366565,938.6595,12.345,0.6421304378797762,0.5171369801609629,0.9065586127818498,0.26743065625000007,4.032961481552118,1674.6293146888383,15.919816074577977,0.6280337992817842,0.5203369612674716,0.8278806257098075,0.27075055326106623,4.0946053996111536,2034.029625,17.653999999999996,0.6221501026544096,0.5178922105968335,0.7869241677656685,0.26821234179687503,4.101795459395836,1650.6008440413202,15.634605694129505,0.6307181703772583,0.5206194874843971,0.8303512898592953,0.27104465074851636,4.092839199185551,1102.8979334677422,13.747857862903228,0.6326450963202,0.5099955152985458,0.8903379388774766,0.2600954256246293,4.0892594970840825,2333.9698559999997,20.160448,0.6002966261957376,0.5042510125403814,0.7565002044697332,0.25426908364799994,4.218051591003875,2600.4933845766127,21.112840221774196,0.6006448533620126,0.5064636456337912,0.723566153870696,0.25650542434867046,4.191966382049344,2248.488768,19.494080000000004,0.6051822329410256,0.5052736019860924,0.7654197469946615,0.2553014128640001,4.216885263624876,1312.5153709349597,15.283028455284558,0.6223878156202427,0.5023084176018205,0.8696718482739373,0.2523137463936449,4.142567753873365,3001.1480879292412,24.119862122788764,0.5769097576207344,0.4902183810415055,0.6828241748669551,0.24031406111095466,4.318270767813106,3089.846925813009,23.942200203252035,0.5827233717940469,0.4958553908786321,0.666422821969919,0.24587256866340107,4.25632400795361,2871.5399973985436,23.308467741935488,0.579912824811676,0.48936155698235034,0.6965236653048333,0.2394747334521901,4.335063830401305,rotten_bread_000011.jpg,spoiled_bread
849.8063484251968,15.629675196850393,0.45586530450469387,0.357757635667658,0.8456347775917544,0.12799052587851273,6.02935627647884,1179.9499658999316,18.21359042718085,0.4280111927261529,0.3459542612932016,0.7827515623156155,0.11968435090692484,6.142021087408953,1093.2023868110239,17.345964566929137,0.4387884219630129,0.355643544127135,0.7989298895183693,0.12648233047930943,6.074307027642852,1183.173600347201,18.21210242420485,0.43255034911206386,0.34913674185535165,0.782158037532723,0.12189646451337047,6.136012615099586,1044.8467261904761,17.442460317460316,0.4409045835793376,0.344820839120259,0.8099898428565374,0.11890141109159956,6.130716681605345,1179.9499658999316,18.21359042718085,0.4280111927261529,0.3459542612932016,0.7827515623156155,0.11968435090692484,6.142021087408953,1517.7674851190475,20.933407738095237,0.41074376146407876,0.33896265997753977,0.7169096531822885,0.11489568485904925,6.239210844050321,1183.173600347201,18.21210242420485,0.43255034911206386,0.34913674185535165,0.782158037532723,0.12189646451337047,6.136012615099586,1187.017,18.8155,0.4284105618564753,0.3340430858484052,0.78388504238673,0.111584783203125,6.218903338639816,1613.7535903250189,21.926303854875286,0.3964683838861697,0.32340168342473763,0.6983823816492827,0.10458864884195421,6.3441823576510945,1885.6950625,23.974062500000002,0.38682428247010814,0.32466708610032363,0.6431661614239459,0.10540871679687497,6.345342971209165,1673.980347694634,22.296044343663397,0.40014489771999906,0.3266792943595268,0.6871257367515007,0.10671936136323837,6.344834303718668,1298.9515498991937,20.00812752016129,0.41797838416553323,0.3242795598393321,0.7632284138245299,0.10515723292959096,6.294415901691164,2048.515072,25.385216,0.369167734126566,0.3035810064150918,0.6111646608303091,0.092161427456,6.493834261037213,2225.0740927419356,26.561617943548395,0.3706787997661479,0.31134549378393456,0.5732143630014244,0.09693601649956203,6.4304605603168,2089.6117759999997,25.774720000000002,0.3700034554468793,0.3057963666494421,0.6033618605749846,0.09351141785600003,6.5047915796648885,1431.966653963415,21.14831046747968,0.4082435682504089,0.3151230602991747,0.7386902101149345,0.09930254313231728,6.361980161108985,2457.2138397502604,28.772112382934445,0.34371140145927664,0.28578098758692067,0.526808453980397,0.08167077286615569,6.613862835857924,2522.3400660569114,28.925685975609763,0.3540682143778314,0.2976396416942602,0.5096417253655903,0.08858935630788761,6.502831580217985,2514.6994667013523,29.160184703433913,0.3437580599498056,0.2848735973600911,0.5156692724729146,0.0811529664728793,6.638330221847611,rotten_bread_000019.jpg,spoiled_bread
644.9274114173229,10.4654281496063,0.601286421978074,0.5756927180304043,0.9108575899040281,0.33142210559323465,4.431158721501787,929.9381238762478,12.750573501147004,0.591628439018247,0.5703044646444815,0.8718921572731142,0.3252471823934286,4.505208964145234,721.0946112204724,11.026082677165354,0.6034074561002606,0.5767381817328456,0.900329695383631,0.33262693026850887,4.431456122105682,960.746977493955,13.010106020212042,0.5893722189523629,0.5694370462912487,0.8676479439512629,0.3242585496889017,4.510277654603845,1031.6612103174602,14.039062500000004,0.5875630554649948,0.5661853546962461,0.8578825566035916,0.32056585587251396,4.5571454913154525,929.9381238762478,12.750573501147004,0.591628439018247,0.5703044646444815,0.8718921572731142,0.3252471823934286,4.505208964145234,1214.1071428571427,14.885540674603174,0.5887095711574537,0.5677977041792973,0.8327495485663557,0.3223942328712808,4.537664624848221,960.746977493955,13.010106020212042,0.5893722189523629,0.5694370462912487,0.8676479439512629,0.3242585496889017,4.510277654603845,1351.609875,16.77825,0.5736767764984024,0.5562171198147356,0.8144283004175245,0.30937748437499996,4.651374628044509,1509.5515243134291,17.43575207860922,0.5717963903158176,0.5543248556536965,0.7934061972682179,0.3072760455954915,4.673880687478149,1628.936375,17.937125,0.5767232265667865,0.5587175483445326,0.7763522616905514,0.31216529882812505,4.630352548099371,1556.1263542454021,17.705089443184683,0.5713174508877598,0.5528150620089218,0.7870320715280523,0.3056044927839281,4.684949817566061,1631.8518145161295,19.13709677419355,0.5618909378365268,0.5463412085693898,0.7766914115656569,0.29848871618106154,4.739297390299013,1995.3114879999998,21.167871999999996,0.5539460699645473,0.5380823321983356,0.728663286211008,0.2895325962239999,4.8192838413533705,2002.9871471774193,20.702746975806452,0.5637066009797529,0.5494940423504777,0.7259038912053736,0.30194370257866865,4.70220912584694,2062.559104,21.75296,0.550489105180994,0.5355919449730364,0.719518474864348,0.28685873152,4.829934336494662,1907.8419715447155,21.386686991869922,0.551664596260889,0.5362431087117262,0.7397764827677791,0.28755667164081616,4.818873506012456,2373.36186264308,24.159079084287196,0.5357752200526462,0.5213764232733086,0.6792423374242023,0.2718333747452682,4.941975592440757,2323.488440040651,22.93927845528456,0.5554755974747446,0.5402489510231766,0.68308363945561,0.2918689290816427,4.7741948153423035,2489.2151404786678,24.98113943808532,0.5311552833452223,0.5180664556930098,0.6635848739816477,0.26839285251431727,4.96323674585112,rotten_bread_000022.jpg,spoiled_bread
505.18756151574803,11.01765501968504,0.38339289435657536,0.08571641723937407,0.9063106692037413,0.007347304184354463,7.435719375553554,754.9211978423957,13.666935333870669,0.3415454574007585,0.0759077015848431,0.8597269556644432,0.005761979159893592,7.623690824524191,647.1094980314963,12.484498031496065,0.3673454696997877,0.07815325822720129,0.8792762048516995,0.006107931771527606,7.538837721813977,702.6816913633828,13.113708227416456,0.33648628248063134,0.07566388039261723,0.8694332556835602,0.005725022796068286,7.619961921796142,666.8321552579366,12.936817956349207,0.3269649948947252,0.08198265880344598,0.8767671499329202,0.006721156344482239,7.596372348859137,754.9211978423957,13.666935333870669,0.3415454574007585,0.0759077015848431,0.8597269556644432,0.005761979159893592,7.623690824524191,1034.1532738095239,16.3922371031746,0.2916663101927953,0.06546335979947675,0.8066950284899254,0.004285451476235749,7.789669654020365,702.6816913633828,13.113708227416456,0.33648628248063134,0.07566388039261723,0.8694332556835602,0.005725022796068286,7.619961921796142,825.2021875,14.799937499999999,0.2856689134414679,0.08007611125516774,0.8480382941277161,0.0064121835937500015,7.705554267515643,1194.9052028218694,18.17932728647014,0.26665378843719234,0.06379705473617944,0.7783519922798499,0.004070064193011077,7.886153354879209,1374.8725625000002,19.952312499999998,0.24389840408037794,0.0557041922232968,0.7424921544338992,0.0031029570312499995,7.984815844306461,1103.6952632905013,17.446460065507686,0.25560362035527406,0.06336489752726043,0.79526836000088,0.004015110238640215,7.892649647719136,986.3996975806452,16.576738911290327,0.2525070986635188,0.07857072686237057,0.818974917874027,0.006173359119681241,7.792989626862433,1580.7157760000005,22.125440000000005,0.21823045026834026,0.05437689862432392,0.7073045599994475,0.0029568471040000007,8.080057297910166,1650.7847152217746,22.800088205645167,0.20786530669991127,0.048930490707607466,0.6901612681456889,0.0023941929208872604,8.128305898012925,1476.7389440000002,21.184512,0.20365813503823307,0.0536746560678315,0.7265477523373253,0.002880968704000001,8.083718364489876,1095.740536077236,17.69556656504065,0.23004346931622185,0.07768864337317331,0.7995526887653241,0.006035525309164106,7.853537498306439,1925.709807492196,25.65712799167534,0.18553336310089893,0.04776839852566456,0.6440034004135483,0.002281819897706712,8.22444402275052,1908.8621697154474,25.42543191056911,0.18127692932564093,0.045026309026598134,0.6410070577921062,0.0020273685045587124,8.22976838351049,1804.6613553590012,24.612708116545267,0.17074498623737452,0.04689939922648816,0.666352245516395,0.002199553647805519,8.245788108961257,rotten_bread_000023.jpg,spoiled_bread
359.3810900590551,10.036847933070865,0.22322432776262277,0.06800940843957885,0.9413974152310562,0.004625279636301459,8.245871796680783,628.5652551305102,13.242544485088967,0.1826787248301724,0.059989581570345965,0.8963590421447597,0.0035987498969851923,8.430601874300281,543.9173843503938,11.769869586614176,0.20311918085540656,0.060957248782494707,0.9103335627253947,0.0037157861791309527,8.335724228813937,627.6237832475665,13.350610701221404,0.1719777782203597,0.05981281816031205,0.89651114148856,0.003577573216278555,8.46250838440016,517.6602802579366,13.344184027777779,0.17062703083091407,0.0663617439097008,0.9155804357678367,0.004403881054736711,8.46077065740737,628.5652551305102,13.242544485088967,0.1826787248301724,0.059989581570345965,0.8963590421447597,0.0035987498969851923,8.430601874300281,900.3359375000002,16.429315476190478,0.15101519485163292,0.05002018104846567,0.8498789252562348,0.0025020185121212846,8.610982488587684,627.6237832475665,13.350610701221404,0.1719777782203597,0.05981281816031205,0.89651114148856,0.003577573216278555,8.46250838440016,691.58,15.8815,0.15358393233068823,0.0657986838536684,0.8872545937988293,0.0043294667968750014,8.564367781757099,1038.3156336608718,18.370433358528597,0.13486493562468513,0.0491347807661695,0.826819931376641,0.0024142266809395398,8.676493894347077,1215.0375000000001,19.972,0.12193677787415862,0.040940911117426294,0.7950227313805992,0.0016761582031249998,8.754335555868,1009.6301965230537,18.44349962207105,0.12815495827475237,0.04914372273219171,0.8315857689387006,0.0024151054839785364,8.700297530011607,829.3990675403224,17.714213709677416,0.14450344233460788,0.06562309279377515,0.8648515006723762,0.004306390307820425,8.625183439886422,1383.0570239999997,21.979392,0.11120004257734165,0.03989094894835168,0.7666805798573668,0.0015912878079999998,8.798606858568963,1460.1898311491937,22.519846270161295,0.10743720686952604,0.035366874519820964,0.7507482169518025,0.0012508158133007611,8.827203005178227,1384.080512,22.397696,0.10570685467822412,0.039992216842780794,0.7664492885428151,0.0015993774079999996,8.829250639426665,928.4416920731708,19.04166666666667,0.13815215112303822,0.06532674376008804,0.8487479793085662,0.004267583450296202,8.654569159488272,1670.4665062434965,24.77204734651405,0.09714880527084283,0.034728382803121995,0.7150103446200984,0.0012060605721201795,8.874804034696787,1664.4038998983744,24.65262957317074,0.09929817438107119,0.033479968405851226,0.7127554978959112,0.0011209082844567965,8.882201342413316,1673.8986732570243,25.34287200832466,0.0928514170453412,0.03429667742152623,0.7142850713044404,0.0011762620821562269,8.897433320205373,rotten_bread_000024.jpg,spoiled_bread
716.9640748031497,15.302780511811028,0.16960099594033054,0.016892374501830745,0.8952399537974,0.0002853523163101015,8.873335004674324,1319.6826833653668,21.813255626511257,0.1287742557224908,0.01504043014202887,0.8062654753169409,0.0002262145388572506,9.105666063328727,1255.7548597440946,20.95712352362205,0.12723045701842436,0.01512505749651914,0.8153743946141564,0.00022876736427300987,9.083009285972496,1350.024986049972,22.062310124620254,0.11871005207588373,0.014723822029720187,0.8018072545099939,0.00021679093516287348,9.121550741512689,918.8046875000002,18.407118055555557,0.1369246583061264,0.015262047244617574,0.8659555901640178,0.00023293008609693886,9.027705363343928,1319.6826833653668,21.813255626511257,0.1287742557224908,0.01504043014202887,0.8062654753169409,0.0002262145388572506,9.105666063328727,1842.8232266865077,26.218439980158728,0.0972248486213339,0.013309350737095363,0.7274705889116705,0.00017713881704302088,9.239995733205372,1350.024986049972,22.062310124620254,0.11871005207588373,0.014723822029720187,0.8018072545099939,0.00021679093516287348,9.121550741512689,1057.892875,20.192625,0.12105223499726686,0.014410621625211036,0.8459057930508147,0.00020766601562499998,9.101925926533898,1948.3885739480977,27.492378432854622,0.09645741554631992,0.013137070976055482,0.7127687739916417,0.00017258263382991933,9.26458392351799,2314.0120625,30.242062500000003,0.08181942773809917,0.01225231164413475,0.655353498942834,0.000150119140625,9.338436932571765,1978.0930964978586,27.685059208868736,0.09026780933929346,0.01281843840894686,0.7083663850985543,0.00016431236324396413,9.28469687909017,1165.036794354839,21.35975302419355,0.10929412526991637,0.013937782148212062,0.8305639693890913,0.00019426177121101884,9.139169031790875,2421.45408,31.392256,0.07703883014917665,0.012120609885645194,0.6411239074262217,0.000146909184,9.348990540968266,2723.142830141129,33.58625252016129,0.06793428077508393,0.011404164941129157,0.591358278557619,0.00013005497800447938,9.403780949342972,2506.432192,32.114112,0.07223013965725385,0.011750494117270133,0.6285995814517049,0.000138074112,9.379412340928335,1253.2879827235774,22.27604166666667,0.10220391401829168,0.013431774390745388,0.817963080954949,0.00018041256328388361,9.181590646001773,2774.943873569199,34.24069979188346,0.06343605528274766,0.011363893221063721,0.5864609207591303,0.000129138069139738,9.411231689670336,3147.5588160569105,36.976244918699194,0.05582654627853243,0.010759493242521687,0.5244573510186528,0.00011576669483586986,9.463108593535804,2965.752146201873,35.796501040582726,0.06049893923181136,0.011090473721527353,0.5582024693276657,0.0001229986073678888,9.428184681007997,rotten_bread_000025.jpg,spoiled_bread
707.3185900590552,17.627768208661415,0.13878007031638134,0.061969888001455545,0.808329801169244,0.003840267018912944,8.632226585109747,888.9924359848719,20.007626015252033,0.12219088730783198,0.054119645081358574,0.7582316987209775,0.002928935983732219,8.731193299631949,720.8916707677165,17.669229822834644,0.13251381318222263,0.05465200794315889,0.8038482205754377,0.0029868419722191017,8.658195093560574,846.974331948664,19.4749209498419,0.1263279823099957,0.054087513085966384,0.7696568994852804,0.0029254590718245845,8.724333454710631,973.5685763888891,21.23201884920635,0.12421499851195661,0.061520420415094736,0.7362235538438305,0.003784762128050005,8.730576270143857,888.9924359848719,20.007626015252033,0.12219088730783198,0.054119645081358574,0.7582316987209775,0.002928935983732219,8.731193299631949,1049.4123883928573,21.917844742063494,0.10579666859749648,0.04471752240320422,0.7132484664464256,0.0019996568098810718,8.819535261680272,846.974331948664,19.4749209498419,0.1263279823099957,0.054087513085966384,0.7696568994852804,0.0029254590718245845,8.724333454710631,1143.1683125,23.2028125,0.12130400137048854,0.06087870561103447,0.6901665240786098,0.0037062167968749996,8.775901739501538,1236.834215167548,24.27374653565129,0.0980353638123676,0.04402196369529137,0.662248395783361,0.0019379332875895513,8.874615728560256,1299.793375,24.801499999999997,0.09284429579144016,0.036801860729112595,0.6434487457182487,0.0013543769531249997,8.922024791278893,1209.2816200554296,24.020975056689345,0.10375543887263215,0.04421795625417396,0.6697715322586455,0.001955227655296042,8.868930830165578,1309.486328125,25.041393649193548,0.11659912778181608,0.06115452565273046,0.645035893071678,0.003739876007810468,8.803298023823452,1503.7783680000002,26.935616000000003,0.08665076456214788,0.03669486198366197,0.5875796826282165,0.0013465128960000003,8.950921532791593,1498.8094128024195,26.972971270161292,0.08012628850229969,0.032323616856640446,0.5872691875928796,0.0010448162066948902,8.986133094267682,1468.078592,26.948351999999996,0.0897768835022111,0.03658259258171843,0.5973980324703497,0.0013382860800000003,8.955767957170648,1448.493267276423,26.51333841463415,0.1131857545870099,0.06066694002983719,0.6069113718779838,0.003680477612583862,8.828235266178783,1738.2743236212282,29.37187825182102,0.07772930213489967,0.03286154596632586,0.5213683031141993,0.0010798812032969472,9.004156691404122,1659.3054496951222,28.564850101626018,0.07700099336723297,0.029552915258655194,0.5412666282247005,0.0008733748002852551,9.020757583568361,1671.5403876170658,29.05638657648283,0.08185157918612826,0.03231685186349165,0.5397588049607792,0.0010443789143668634,9.010868568144286,rotten_bread_000026.jpg,spoiled_bread
565.2479699803149,9.08839812992126,0.6364227065420263,0.5191949960978817,0.9519609369648163,0.26956344397307935,4.169660706601898,1137.1271622543245,12.653109306218614,0.6199253148402124,0.5130190603897409,0.9023906845339146,0.26318855632317256,4.283765903481502,933.6041461614175,10.788078248031498,0.6293516501911708,0.5191188432145071,0.9197735317273829,0.269484373380368,4.201781493356987,975.0572261144523,11.202430404860811,0.6261539408021393,0.5168440226547141,0.9163025283886365,0.2671277437539066,4.240272154835338,877.5354662698413,11.70126488095238,0.6174885049456756,0.5023089166561082,0.9254963221184548,0.2523142477522331,4.29214554066738,1137.1271622543245,12.653109306218614,0.6199253148402124,0.5130190603897409,0.9023906845339146,0.26318855632317256,4.283765903481502,1646.0205853174607,15.50496031746032,0.5993525427004771,0.5009541364237634,0.857084966728934,0.2509550468000786,4.356631393777464,975.0572261144523,11.202430404860811,0.6261539408021393,0.5168440226547141,0.9163025283886365,0.2671277437539066,4.240272154835338,1140.3461250000003,13.984625000000003,0.6007485532819623,0.4872560687795485,0.9032811238727303,0.23741847656250012,4.390174547843131,2013.877802973041,18.422524565381707,0.5815530045607581,0.4849622784946817,0.8255447012570132,0.23518841156275322,4.485334753863513,2343.9513125000003,19.7506875,0.5755380532569352,0.4857926753641928,0.7943092273284165,0.2359945234375,4.465401509384624,1715.5433358528599,16.160115898211135,0.5958180157095277,0.498258568043346,0.8513883887488494,0.24826160062860567,4.41379486513846,1406.5982232862907,16.02967489919355,0.586282593104374,0.4734444680048669,0.8808133776592428,0.2241496642844114,4.460817542569087,2863.280064,23.752384,0.5507137747331311,0.46272745996752773,0.7496386186422105,0.214116702208,4.625967026265468,3025.2690902217746,23.87531502016129,0.5540014246719969,0.4710764788500978,0.7318570192766005,0.22191304892580666,4.558196463569114,2419.8473599999998,20.525632,0.5728348496411062,0.4830689114898618,0.7884117815292416,0.23335557324799996,4.5366336483770215,1686.7199568089432,17.998666158536587,0.5743622545747716,0.46313522767190274,0.8572314541807778,0.2144942391107052,4.527339374360957,3653.1913371488035,28.56581685744017,0.5260002308685523,0.4448194868153648,0.677821064251929,0.1978643758506845,4.736459210066666,3639.554115853659,27.475228658536587,0.5336499252759314,0.45749412796392147,0.6742139837998538,0.20930087712146894,4.631609058536462,3115.7976066597294,24.683012486992716,0.5494888118736703,0.46840904838875524,0.725214404536641,0.21940703661245928,4.645059306934455,rotten_bread_000029.jpg,spoiled_bread
570.808378444882,15.087659940944883,0.15188811508753633,0.062317927303745,0.865817118722411,0.0038835240634348465,8.582029036933347,746.0928761857525,17.61770723541447,0.1302083750379909,0.054949653937452554,0.8238616151462863,0.003019464467845795,8.707065869607327,596.3062253937007,15.728838582677167,0.13827480633861527,0.055350142442362506,0.8592219761175351,0.003063638268389819,8.646539274234735,732.6922933845868,17.48267096534193,0.13214836492960796,0.05488597527482842,0.827021693009045,0.0030124702818690764,8.706380370650859,804.704117063492,18.244543650793652,0.13643271595900786,0.061797943303474025,0.810783220160637,0.0038189857965393904,8.69758592665891,746.0928761857525,17.61770723541447,0.1302083750379909,0.054949653937452554,0.8238616151462863,0.003019464467845795,8.707065869607327,917.2675471230161,19.58227926587302,0.11421877457359009,0.04550489352279874,0.7824959469240037,0.002070695334521251,8.800496788930301,732.6922933845868,17.48267096534193,0.13214836492960796,0.05488597527482842,0.827021693009045,0.0030124702818690764,8.706380370650859,1003.1055625000001,20.4173125,0.13256421541274688,0.06139510872211239,0.764045550307195,0.0037693593750000006,8.763211010597551,1139.9062106324013,22.014046359284457,0.10639137396533288,0.044761806836945105,0.7296436435909408,0.0020036193513079856,8.868021549297255,1158.161625,22.247625,0.09920050352106785,0.03772396660281099,0.7241756267682451,0.0014230976562499993,8.9059127907529,1069.438712522046,21.362244897959183,0.11132335916936066,0.04499603512095936,0.7463408462651787,0.0020246431766066083,8.863925717214082,1188.2179309475805,22.30727066532258,0.12606962270533176,0.061183403550328565,0.7205034182834265,0.0037434088700023576,8.802523509478437,1491.926144,25.340287999999997,0.09564578160417153,0.037533531035595355,0.6444872755015953,0.0014087659519999999,8.971701605220206,1354.5782510080644,24.144027217741936,0.09047066414928467,0.03330834358703584,0.6758826254589928,0.0011094457525120318,8.95932980170511,1320.608448,24.126143999999996,0.09293740459570052,0.03747119384273739,0.6852952935802189,0.0014040903680000002,8.96138837751986,1320.1377032520327,23.784933943089435,0.11954843160578991,0.061474421663373593,0.6896053861619964,0.0037791045188462565,8.83454773289023,1755.3337669094694,27.792013527575445,0.08335992057452574,0.03361747605710136,0.5797785997321029,0.001130134696449783,9.026558615128476,1497.012449186992,25.62881097560976,0.08631058352343102,0.030639601359736632,0.6400345563362316,0.0009387851714835749,9.012272925900854,1528.710327783559,26.365114464099896,0.08566153438402535,0.03311940996255593,0.6339991623838426,0.001096895316267849,9.031450786966552,rotten_bread_000031.jpg,spoiled_bread
825.1882381889764,14.225885826771652,0.31154891871925233,0.07832506961303619,0.902179043497462,0.0061348165298869654,7.838067845563063,1347.4081468162935,18.13999627999256,0.28700671124932814,0.07015876337984175,0.8390249730239667,0.004922252078988625,7.983445060668244,1096.05062746063,15.738373523622048,0.3380445025855725,0.07477077853967076,0.8694267430578608,0.00559066932342849,7.809463663931517,1318.5934031868064,17.9745179490359,0.28779994111238705,0.0699898334637793,0.8424652771660454,0.004898576788287559,7.9743657185772925,1170.2024429563494,17.36700148809524,0.25515763960036847,0.07348863233182208,0.8608741648695463,0.0054005790820017266,8.035894903739607,1347.4081468162935,18.13999627999256,0.28700671124932814,0.07015876337984175,0.8390249730239667,0.004922252078988625,7.983445060668244,1868.7212921626983,21.801153273809526,0.2764106077302908,0.06122310255931031,0.7755949308559222,0.0037482682869878284,8.067904375631063,1318.5934031868064,17.9745179490359,0.28779994111238705,0.0699898334637793,0.8424652771660454,0.004898576788287559,7.9743657185772925,1518.4108125,20.382687500000003,0.22571409038478266,0.07082846797016014,0.8189250176318745,0.005016671875000002,8.164288344689025,2279.794217687075,25.485575711766188,0.21745471059773852,0.05657187025210018,0.7246367165859265,0.003200376503820457,8.269602124972968,2601.748375,27.343625,0.23140626032311074,0.0511621961266324,0.6849984867132276,0.0026175703124999995,8.255663285097143,2201.9246661627617,24.85978835978836,0.21904258534252014,0.0563383918514239,0.7340283250163582,0.0031740143964045864,8.262095066271314,1802.6621093750002,22.885269657258064,0.20409686974100902,0.06952014633686701,0.7843228571332936,0.004833050746699403,8.256391369876049,3095.50112,31.683135999999998,0.17914564414938766,0.046618717614280214,0.6218607710311624,0.002173304832,8.459948684107786,3234.6365927419356,32.154107862903224,0.19981320168459946,0.044483747006907305,0.6051354002409767,0.001978803747774535,8.390495752688086,3019.1395199999997,31.240512000000003,0.17749102613704315,0.04603437741514488,0.6311363280990023,0.0021191639040000006,8.466825229005845,2049.5446519308944,25.114646849593502,0.1900978559850829,0.06895694203191473,0.7539358853171348,0.004755059854392849,8.321039357131614,3843.4981139438087,37.56692247658689,0.15256301071850917,0.04048353922296598,0.5249956093156821,0.0016389169480174248,8.607182236269647,3757.220591971545,36.029280995934954,0.17705199784500414,0.04134059614627703,0.5377280480593842,0.0017090448897295757,8.494536035782946,3749.530111862643,36.91252601456816,0.14903216828522392,0.04014675632027608,0.5364797492789778,0.0016117620430396277,8.607268771220376,rotten_bread_000034.jpg,spoiled_bread
1122.4303026574803,23.36300442913386,0.10885314793971596,0.06128208266701486,0.7646214522704099,0.003755493656006843,9.060241318673423,1220.5291710583424,24.035278070556142,0.10265867563352085,0.053602182014953224,0.7438322720295026,0.0028731939167641746,9.113273746681628,961.042937992126,21.434301181102363,0.1055188311330274,0.05427500319777375,0.7985562295808272,0.002945775972118351,9.056932043472695,1200.0526381052764,24.212846425692852,0.09871405047065157,0.05359610392703871,0.7481266566378231,0.0028725423561579344,9.120434012541281,1479.808035714286,26.885168650793652,0.10420742379938469,0.06084916359560733,0.6894466159435131,0.0037026207102849843,9.123036171554602,1220.5291710583424,24.035278070556142,0.10265867563352085,0.053602182014953224,0.7438322720295026,0.0028731939167641746,9.113273746681628,1331.9706101190477,25.773189484126988,0.08989416028548293,0.04437574236412793,0.7204174320121836,0.001969206510367458,9.20040937066386,1200.0526381052764,24.212846425692852,0.09871405047065157,0.05359610392703871,0.7481266566378231,0.0028725423561579344,9.120434012541281,1800.1944375,29.696437500000002,0.09966418825640029,0.06099191480741525,0.6222239377737093,0.0037200136718749995,9.150701522445974,1708.0958679768205,29.102544721592345,0.08374286674542981,0.043777268431847476,0.6407922725425953,0.0019164492313540294,9.239990703613879,1621.6924375,28.874562500000003,0.07827207868028097,0.03673982108183163,0.6592335807853293,0.0013498144531249997,9.284996880951201,1691.1520534139581,29.067649281934997,0.0845092467094489,0.04396544115797502,0.6442568351771291,0.0019329600162153642,9.233817100839936,2116.636781754032,32.219065020161295,0.09695294294319895,0.06076202422481267,0.5558322191119871,0.003692023587896722,9.18096718196982,2104.215808,32.761856,0.07385083135728027,0.03665049282069751,0.5570905553514405,0.0013432586239999998,9.32311617232093,1877.460874495968,31.382371471774203,0.07010415321232281,0.031894262862869636,0.6051299110241621,0.0010172440035658254,9.344308635432707,2095.3179519999994,32.6576,0.0729068270188683,0.03654060929979138,0.5587319269599156,0.001335216128,9.315681139478164,2369.8595655487807,34.05824441056911,0.09662082729383613,0.060793837797977354,0.5028918700353231,0.0036958907142067804,9.197040578987973,2425.2839490114466,35.51053590010406,0.06725606453906136,0.03240883008927794,0.4890903703835972,0.0010503322677556872,9.375548531604718,2098.025914634147,33.61699695121952,0.0630302321698078,0.029003015579040264,0.5581473592128782,0.0008411749126780523,9.38770521297125,2470.3593912591055,35.78433922996878,0.06530052247922283,0.03204052105456453,0.4792472191473163,0.001026594989447993,9.374475589463158,spoiled_toast_2.jpg,spoiled_bread
595.1088213582677,14.488988681102361,0.15317994110707162,0.06153152479775529,0.8535217025103705,0.0037861285439367742,8.603931307977817,938.8037696075394,19.823299646599295,0.11616681349908539,0.05365753440582671,0.7696632170797325,0.0028791309985124773,8.853882546038284,710.921936515748,17.89548474409449,0.12013468863954682,0.053955413152954636,0.8245630612969485,0.00291118660850603,8.814943888446106,833.4157728315455,19.234360468720933,0.11562768236201762,0.053482142153682244,0.7955211167589873,0.002860339529346675,8.849597472665726,1000.8530505952381,19.00421626984127,0.13607684258886676,0.06078436889137324,0.7548645183934524,0.0036947395015225425,8.746942996072718,938.8037696075394,19.823299646599295,0.11616681349908539,0.05365753440582671,0.7696632170797325,0.0028791309985124773,8.853882546038284,978.5610739087301,21.01841517857143,0.10206904344339801,0.0443593219951503,0.7593176173445532,0.0019677494478694255,8.940811030472423,833.4157728315455,19.234360468720933,0.11562768236201762,0.053482142153682244,0.7955211167589873,0.002860339529346675,8.849597472665726,1389.8230624999997,22.400687499999997,0.1268185938439199,0.060370098791744556,0.6612719604322135,0.003644548828124998,8.82018628340808,1463.4404132023183,24.48374905517763,0.09794532496876143,0.043730750828991014,0.6439166399531985,0.0019123785680672984,8.99217432490215,1243.9563125,23.6703125,0.09196249519709934,0.036985955949522246,0.6951196370030234,0.0013679609374999998,9.021545684963389,1205.7775888133033,23.06103552532124,0.09975053945006239,0.04382828572055348,0.706618011131997,0.0019209186292024718,8.97535989410478,1807.3814894153224,25.660975302419356,0.1186241026108468,0.060323325760105344,0.5616751674089165,0.003638903630759789,8.878320889723694,1974.8776319999997,28.36128,0.08459085487816737,0.03685374857460228,0.5235670227244479,0.0013581987839999998,9.073232822160259,1521.776398689516,26.30500252016129,0.08089350577907573,0.032078891421933084,0.6279905219731425,0.001029055274860172,9.09515701983239,1614.225984,26.546495999999998,0.0873015727633092,0.03655761567717457,0.6105893446441933,0.0013364592639999997,9.067792562529219,2165.5820630081303,28.237804878048784,0.11696036503773904,0.06099016382878569,0.4772199632086667,0.0037198000838621183,8.902196286637515,2473.3072970863686,32.33565296566077,0.07505221209932375,0.032266422449102085,0.4078720535062165,0.0010411220176639192,9.141893441597555,1769.1383384146343,28.28531504065041,0.07648824565089993,0.02991909146852356,0.5681344533516959,0.0008951520343018791,9.143363330003945,2038.4126560874088,30.06770291363164,0.07719047809292712,0.03184241855453612,0.5120974805204809,0.0010139396194022662,9.136638229290115,spoiled_toast_3.jpg,spoiled_bread
760.0434301181105,18.287401574803155,0.12359693393021944,0.0562471791119939,0.8947148385470798,0.003163745158056723,9.070030196984277,974.9004898009797,20.619009238018478,0.10998804549952593,0.048817155083525604,0.8648859369937202,0.00238311463044899,9.166015887558018,648.9288262795276,15.895976870078739,0.1470633147050484,0.04954015620103456,0.9104319022975932,0.002454227076422903,9.000199284437288,790.0918221836444,18.400334800669604,0.11927441556166338,0.04905675331950291,0.8904930759570294,0.0024065650462505596,9.106674750013154,1167.4346478174602,22.906374007936506,0.11349539989648973,0.05584821365240259,0.837807789310584,0.003119022968164407,9.182786957694983,974.9004898009797,20.619009238018478,0.10998804549952593,0.048817155083525604,0.8648859369937202,0.00238311463044899,9.166015887558018,1064.2239583333335,21.381324404761905,0.10790234136191139,0.03981287306650811,0.8531000799179674,0.0015850648618098869,9.234065211948284,790.0918221836444,18.400334800669604,0.11927441556166338,0.04905675331950291,0.8904930759570294,0.0024065650462505596,9.106674750013154,1545.753375,26.692500000000003,0.10679750188399714,0.055911970431205514,0.7845655259016641,0.0031261484374999994,9.24804790437938,1613.8722600151173,27.11652809271857,0.09199617534517204,0.039387523302680125,0.7755841680965899,0.0015513769919191698,9.338265411924503,1462.8298749999997,25.788249999999994,0.08842493054310044,0.03262206643899186,0.7981533072471321,0.0010641992187499993,9.35260138113151,1211.1764928193502,23.3440413202318,0.09602089574490133,0.039408645771675035,0.8315403252529159,0.0015530413615573607,9.272453356940428,1978.3421748991937,30.72914566532258,0.09809862905449165,0.05605808332651665,0.7234872885073341,0.0031425087062426837,9.293815343496561,2272.1507199999996,32.652992,0.07745421710306323,0.03275402827134397,0.6829910026007217,0.001072826368,9.440128414860236,1817.822580645161,29.367565524193548,0.07779758652923027,0.02898661399169716,0.7492139748050579,0.0008402237907036535,9.43599941882771,1605.941952,27.395775999999998,0.08247961692297254,0.03252739792851558,0.7758201620579319,0.0010580316159999998,9.392088085507272,2388.857151930895,34.07895071138212,0.09704433862244555,0.05616232930099963,0.6651974799527292,0.0031542072325139218,9.327352237864593,2865.3770161290317,37.388592611862634,0.06823458257110013,0.02932338507180122,0.5988038414787987,0.0008598609120691348,9.507251595082348,2180.7175431910573,32.68718241869919,0.06970999722054794,0.026122910462001086,0.6991918369924952,0.0006824064510057258,9.492121824685736,1961.810353798127,30.728928199791888,0.07453358736857435,0.029062039493625385,0.7251172309073746,0.0008446021395290416,9.44524651215983,spoiled_toast_4.jpg,spoiled_bread
589.7154281496063,16.0847687007874,0.1257409707067736,0.04942236222178358,0.8347347117504992,0.0024425698875811808,8.877069072953008,869.723479446959,19.91468782937566,0.09869214560026807,0.038960356975156055,0.7564386836740331,0.0015179094156315908,9.055249553412398,791.6766732283467,18.761195866141737,0.10914396429488181,0.03939638235331757,0.7783823878204184,0.0015520749425287919,9.026778971051028,828.4496248992499,19.051522103044206,0.11334299496241636,0.03923988288804488,0.7679985548318237,0.0015397684090674771,9.016773031952745,833.0812251984125,19.452132936507937,0.10959050767817285,0.048852064473498165,0.7664003547775127,0.002386524203322822,8.988054743982289,869.723479446959,19.91468782937566,0.09869214560026807,0.038960356975156055,0.7564386836740331,0.0015179094156315908,9.055249553412398,1057.6546378968253,22.49503968253968,0.08418903587326451,0.03012209318535583,0.7043316449202396,0.0009073404978672601,9.170584245787087,828.4496248992499,19.051522103044206,0.11334299496241636,0.03923988288804488,0.7679985548318237,0.0015397684090674771,9.016773031952745,996.6369374999999,21.5463125,0.10460067282178673,0.04859723661125188,0.7204701409977683,0.0023616914062499998,9.049240301891164,1185.49326026707,24.121252204585538,0.07844369764960787,0.029788038372806438,0.6682436382172975,0.0008873272300997889,9.21904569053488,1262.8595,25.262625000000003,0.07133713719927084,0.024827923417998533,0.6470507213165816,0.0006164257812499999,9.268281698838134,1137.9747417485514,23.28854875283447,0.08518251350461178,0.029870967722380168,0.6815545879778904,0.0008922747126714779,9.18453332954233,1092.698273689516,22.760143649193548,0.10214009085854803,0.04862082850376535,0.6933710322751535,0.0023639849643925606,9.082832412550758,1422.1119359999998,27.255744,0.0647432072378227,0.024755056049219522,0.6019876739029671,0.0006128128,9.302838192883668,1441.3761970766132,27.458984375000007,0.0660822942499326,0.024277408424984475,0.59715345193614,0.0005893925598335071,9.31822289347135,1369.4928,26.101824,0.07112809923344966,0.02474467118391352,0.6167137929674438,0.0006122987520000001,9.26281716412214,1195.3704903455287,24.004001524390247,0.09771085502056356,0.04853209649635681,0.6645721600709507,0.0023553643903316884,9.10707588615223,1623.0351847034337,29.676053590010405,0.05983850832866623,0.024112335088898727,0.5455004736171778,0.0005814047034393367,9.340748674524892,1615.2325330284557,29.561166158536587,0.05523964671480477,0.019199306556856508,0.5490218641226746,0.00036861337226415326,9.383211189009806,1552.0812955254942,28.156607700312176,0.06669718081097242,0.024132149174293016,0.5652774439209862,0.0005823606237703312,9.304178782762735,spoiled_toast_5.jpg,spoiled_bread
