Contrast_d1_a0,Dissimilarity_d1_a0,Homogeneity_d1_a0,Energy_d1_a0,Correlation_d1_a0,ASM_d1_a0,Entropy_d1_a0,Contrast_d1_a45,Dissimilarity_d1_a45,Homogeneity_d1_a45,Energy_d1_a45,Correlation_d1_a45,ASM_d1_a45,Entropy_d1_a45,Contrast_d1_a90,Dissimilarity_d1_a90,Homogeneity_d1_a90,Energy_d1_a90,Correlation_d1_a90,ASM_d1_a90,Entropy_d1_a90,Contrast_d1_a135,Dissimilarity_d1_a135,Homogeneity_d1_a135,Energy_d1_a135,Correlation_d1_a135,ASM_d1_a135,Entropy_d1_a135,Contrast_d2_a0,Dissimilarity_d2_a0,Homogeneity_d2_a0,Energy_d2_a0,Correlation_d2_a0,ASM_d2_a0,Entropy_d2_a0,Contrast_d2_a45,Dissimilarity_d2_a45,Homogeneity_d2_a45,Energy_d2_a45,Correlation_d2_a45,ASM_d2_a45,Entropy_d2_a45,Contrast_d2_a90,Dissimilarity_d2_a90,Homogeneity_d2_a90,Energy_d2_a90,Correlation_d2_a90,ASM_d2_a90,Entropy_d2_a90,Contrast_d2_a135,Dissimilarity_d2_a135,Homogeneity_d2_a135,Energy_d2_a135,Correlation_d2_a135,ASM_d2_a135,Entropy_d2_a135,Contrast_d3_a0,Dissimilarity_d3_a0,Homogeneity_d3_a0,Energy_d3_a0,Correlation_d3_a0,ASM_d3_a0,Entropy_d3_a0,Contrast_d3_a45,Dissimilarity_d3_a45,Homogeneity_d3_a45,Energy_d3_a45,Correlation_d3_a45,ASM_d3_a45,Entropy_d3_a45,Contrast_d3_a90,Dissimilarity_d3_a90,Homogeneity_d3_a90,Energy_d3_a90,Correlation_d3_a90,ASM_d3_a90,Entropy_d3_a90,Contrast_d3_a135,Dissimilarity_d3_a135,Homogeneity_d3_a135,Energy_d3_a135,Correlation_d3_a135,ASM_d3_a135,Entropy_d3_a135,Contrast_d4_a0,Dissimilarity_d4_a0,Homogeneity_d4_a0,Energy_d4_a0,Correlation_d4_a0,ASM_d4_a0,Entropy_d4_a0,Contrast_d4_a45,Dissimilarity_d4_a45,Homogeneity_d4_a45,Energy_d4_a45,Correlation_d4_a45,ASM_d4_a45,Entropy_d4_a45,Contrast_d4_a90,Dissimilarity_d4_a90,Homogeneity_d4_a90,Energy_d4_a90,Correlation_d4_a90,ASM_d4_a90,Entropy_d4_a90,Contrast_d4_a135,Dissimilarity_d4_a135,Homogeneity_d4_a135,Energy_d4_a135,Correlation_d4_a135,ASM_d4_a135,Entropy_d4_a135,Contrast_d5_a0,Dissimilarity_d5_a0,Homogeneity_d5_a0,Energy_d5_a0,Correlation_d5_a0,ASM_d5_a0,Entropy_d5_a0,Contrast_d5_a45,Dissimilarity_d5_a45,Homogeneity_d5_a45,Energy_d5_a45,Correlation_d5_a45,ASM_d5_a45,Entropy_d5_a45,Contrast_d5_a90,Dissimilarity_d5_a90,Homogeneity_d5_a90,Energy_d5_a90,Correlation_d5_a90,ASM_d5_a90,Entropy_d5_a90,Contrast_d5_a135,Dissimilarity_d5_a135,Homogeneity_d5_a135,Energy_d5_a135,Correlation_d5_a135,ASM_d5_a135,Entropy_d5_a135,Filename,Label
660.6639394685039,11.310962106299211,0.3119111551210817,0.06805784156441905,0.957667969999224,0.004631869798407565,7.756896922814692,1136.5828631657264,14.936139872279746,0.26384378375993783,0.06066045999455418,0.9269831659821232,0.0036796914067509083,7.975282384836959,881.3969611220474,12.790415846456696,0.27578914812589606,0.061842849583309975,0.9433769443808745,0.0038245380445839027,7.887515876752601,1119.3667927335857,14.701779403558808,0.25534814938516476,0.06057746855476966,0.9280883462265371,0.0036696296965041076,7.967372610882782,1249.6615823412699,16.218625992063494,0.2574074169767131,0.0667376883132316,0.9199075878240355,0.0044539190413940485,7.995767970208469,1136.5828631657264,14.936139872279746,0.26384378375993783,0.06066045999455418,0.9269831659821232,0.0036796914067509083,7.975282384836959,1765.2932787698412,19.148065476190474,0.2080583184526147,0.05150328187994123,0.8862783824940725,0.0026525880444046826,8.18029216652042,1119.3667927335857,14.701779403558808,0.25534814938516476,0.06057746855476966,0.9280883462265371,0.0036696296965041076,7.967372610882782,1896.2668125,20.6746875,0.22651579292016763,0.06569216800730511,0.8784430758665559,0.0043154609375000005,8.14501604858149,2307.177185689091,22.96806500377929,0.20389112183220126,0.050613856168849926,0.8513478950868771,0.0025617624362810273,8.275051456165956,2677.760875,24.981125,0.16866209740290633,0.043293308338298656,0.8270089655220553,0.0018743105468749998,8.372651458603281,2269.4974174855124,22.573885109599395,0.18322276856595585,0.05049040162121525,0.8537711445123564,0.002549280655871616,8.270977477683028,2549.228515625,24.93516885080645,0.20215602761410623,0.06464919856654627,0.8365649402236052,0.0041795188752967284,8.26382895882406,3487.8549120000002,29.911360000000002,0.1661653057773368,0.04316042038720197,0.7746394007737947,0.0018628218879999997,8.455206027177804,3531.25529233871,30.198210685483872,0.14340834357806892,0.03824827377941476,0.7713593377638852,0.0014629304471050666,8.5090794917969,3400.0938880000003,29.677632000000003,0.14264325970684147,0.042746634393832694,0.7803028068362927,0.0018272747520000003,8.45025975768031,3122.2477769308944,28.231516768292686,0.18485189979762917,0.06436665538587269,0.799808469005936,0.004143066325563694,8.35077818176477,4599.8755202913635,36.11459417273674,0.13861901349105188,0.038028541838660994,0.702161807200423,0.0014461699943747897,8.590832553758002,4311.4223831300815,34.89341971544715,0.12439599598188031,0.035049841236393445,0.7204525646349319,0.0012284913706963863,8.611012634072317,4424.583701873049,35.8594562955255,0.11348002519633975,0.037831021063054276,0.7134655585000146,0.0014311861546732563,8.59528192597098,crispy_toast_1.jpg,fresh_bread
636.7952755905512,9.420398622047243,0.3446737574419656,0.07433499205662075,0.96306648688546,0.0055256910440578694,6.9536160861413014,1047.9097898195796,12.992435984871971,0.3141870423686139,0.07311687793040653,0.9392881189075436,0.005346077838289968,7.101133471857432,706.4945866141732,9.89148622047244,0.36154287492360027,0.07745986927569157,0.9589073669254282,0.006000031348207227,6.903982449937208,949.4041168082338,12.25934651869304,0.30978693127136914,0.06999223628112594,0.9449950856507668,0.004898913139632963,7.129579185015756,1381.0723586309523,15.93061755952381,0.25997274709178,0.06666937582518835,0.9202186528800342,0.00444480567292021,7.294803871399184,1047.9097898195796,12.992435984871971,0.3141870423686139,0.07311687793040653,0.9392881189075436,0.005346077838289968,7.101133471857432,1571.5623759920636,16.88392857142857,0.28888626004304324,0.07148319423118574,0.908667844053268,0.005109847057493426,7.225783821987216,949.4041168082338,12.25934651869304,0.30978693127136914,0.06999223628112594,0.9449950856507668,0.004898913139632963,7.129579185015756,2222.430125,22.14675,0.21221295198188603,0.06088289219887636,0.8721300836730829,0.0037067265624999997,7.514309436711645,2417.2470395565633,22.642731166540692,0.23439217562879403,0.06438485190743493,0.860621341688207,0.004145409155142326,7.46965021355687,2605.9840625,23.4155625,0.24453777528303258,0.0665351909941273,0.848645856642265,0.0044269316406249995,7.4309958158170435,2110.558327034518,21.232552280171326,0.23039934878759294,0.06252197414808561,0.8783064893627572,0.003908997251373884,7.495748122157558,3073.820375504033,27.92420614919355,0.17716558275022498,0.055654800100978945,0.8238551204688025,0.003097456774279926,7.678803061430957,3925.7876479999995,31.495168,0.18838044102651894,0.05748887057509479,0.774664304874852,0.0033049702399999994,7.701170260853101,3714.625,29.48941532258064,0.21845598376437445,0.06292778274123313,0.7843292801446317,0.003959905840727839,7.588595777331552,3420.707328,29.799808,0.17841782713147153,0.05568599507955299,0.803663148027958,0.0031009300480000002,7.723224391572252,3928.49606199187,33.297764227642276,0.15480554722890497,0.05145659966835634,0.775790113175795,0.00264778164942949,7.808881371937694,5361.17950052029,39.68132154006243,0.1599135158827356,0.052382567304044426,0.6935731211687571,0.002743933357362744,7.8789613419644695,4802.012576219513,35.27426321138212,0.1886739566065346,0.059207001398914674,0.7213180476550948,0.003505469014651084,7.71050715580418,4753.285509885536,37.65686784599376,0.14993637987505154,0.050275424561623844,0.728342397982969,0.0025276183148515304,7.890393814592357,crispy_toast_10.jpg,fresh_bread
598.3830585629921,9.971887303149606,0.27812586927423977,0.07727964661037899,0.9577284851567928,0.005972143780225061,7.486573812892062,1106.7590055180112,14.427056854113708,0.22730920581019293,0.06806719975550776,0.9212555602520376,0.004633143682556197,7.758808197621424,859.4552165354332,12.390378937007876,0.243211748402741,0.06861384745583636,0.9387250382029197,0.004707860062692781,7.673364100556172,1046.4140988281977,13.725153450306902,0.2372333746535768,0.06827351071294353,0.9255480539820027,0.0046612722650704146,7.727605950953469,1136.2954489087304,14.50155009920635,0.23743061939595922,0.07626779205874516,0.9198980157897096,0.005816776105515992,7.710183319320397,1106.7590055180112,14.427056854113708,0.22730920581019293,0.06806719975550776,0.9212555602520376,0.004633143682556197,7.758808197621424,1690.1758432539684,18.842261904761905,0.19629431568120093,0.06026261017948694,0.8785951740748116,0.0036315821856448033,7.9603888304691095,1046.4140988281977,13.725153450306902,0.2372333746535768,0.06827351071294353,0.9255480539820027,0.0046612722650704146,7.727605950953469,1702.4594375000001,18.6758125,0.2134873069263033,0.07556207350996265,0.8802116439849876,0.005709626953124999,7.8665797827963795,2200.683169564122,22.453010833963216,0.18087913844749287,0.05952179320205428,0.8426141695679358,0.003542843865988115,8.068778183845325,2547.5218125,24.9803125,0.16373666986280278,0.05166835724720693,0.8155950917782635,0.0026696191406250006,8.171677854202743,2104.330561854372,21.886999244142103,0.18246827924900408,0.05934248404473722,0.8494934864188879,0.003521530412599892,8.064923817492245,2228.7266255040327,22.388671875000004,0.20051489144776607,0.07498430133425801,0.8433737110092502,0.005622645446586809,7.985005010898321,3305.6575359999997,29.696447999999997,0.14967191626656878,0.051189638951647236,0.7622838004367823,0.0026203791360000003,8.270788012289852,3344.490297379033,30.29574092741936,0.13815386049557105,0.04568965366622177,0.756378572580101,0.0020875444521392924,8.311201718149222,3143.304448,29.144576,0.14843207069636752,0.05079376843668916,0.773921683699339,0.002580006912,8.277514118862657,2735.376270325203,25.847688008130085,0.18687854000522242,0.07423499419772382,0.8079626337771009,0.00551083436353609,8.078773542270417,4299.749869927159,35.88969823100937,0.1262887411301002,0.04523122899261472,0.6893650245638365,0.00204586407618235,8.402249168140928,4082.4778328252023,35.00273119918698,0.11860208798288988,0.04010200580821703,0.7004503872048088,0.0016081708698422728,8.421252750724523,4102.091766389178,35.40016909469303,0.12495122384544674,0.04501018375113358,0.7035740374833942,0.0020259166413108096,8.406447172657622,crispy_toast_11.jpg,fresh_bread
594.3880413385825,8.386195866141733,0.28816493287851885,0.029732604477779954,0.9686387160820645,0.0008840277690321005,7.548182457320933,1033.464938929878,12.927893855787712,0.20148040322646754,0.02438099201691164,0.9454122895057662,0.0005944327717287091,7.923946485676481,730.6449311023622,9.855437992125983,0.2475633658253838,0.027154447583336547,0.9614613209778261,0.0007373640235561721,7.701178712400825,885.8017856035711,11.210056420112839,0.2249201737036255,0.025816817387694674,0.9532122908476215,0.0006665080600295741,7.802011089473012,1323.902529761905,15.049355158730162,0.1945690132247444,0.023827359416976803,0.9300645917169436,0.0005677430567857932,7.9833020763218165,1033.464938929878,12.927893855787712,0.20148040322646754,0.02438099201691164,0.9454122895057662,0.0005944327717287091,7.923946485676481,1660.4761904761908,18.316840277777782,0.15752630422678904,0.02138588683488718,0.9123028000358349,0.00045735615571460074,8.171660037133837,885.8017856035711,11.210056420112839,0.2249201737036255,0.025816817387694674,0.9532122908476215,0.0006665080600295741,7.802011089473012,2109.9244375,21.0828125,0.15058719511716512,0.02080621151243061,0.8884146290764938,0.0004328984375,8.22315386388362,2369.071491559587,23.506235827664405,0.12349247633715227,0.019439782517020616,0.8745073612576865,0.0003779051443090604,8.357034986799203,2718.3206875000005,26.136937500000002,0.11964021827749302,0.018707921534072136,0.856197919179295,0.000349986328125,8.421795223778407,1991.3287981859412,20.360544217687078,0.13952322990318877,0.02045888928640762,0.894518496205958,0.0004185661508334846,8.23404715433502,2922.3176663306454,26.737903225806456,0.12313500038016228,0.018958404308586575,0.8452613069791642,0.000359421093927834,8.383819309248524,3851.8756479999997,33.144895999999996,0.08916733004583263,0.01712571119691092,0.7952603334564802,0.00029328998400000004,8.574590281077658,3860.704448084677,33.52828881048387,0.09682195644674241,0.017062464422003536,0.7953692914701408,0.00029112769215213646,8.575667878306383,3195.511808,28.863104,0.10187797377955368,0.017995668812244795,0.8301477769490369,0.00032384409600000005,8.46798030156613,3736.432291666667,31.979547764227647,0.10670954266099808,0.017715344249960904,0.8019076000007597,0.0003138334218946229,8.503048371421944,5383.260145681582,42.0440946930281,0.07137929933639503,0.01577398011387752,0.7126864649846802,0.00024881844863300346,8.71088853308915,5057.211826727643,40.62557164634147,0.08078880752103562,0.015893920896238787,0.7313533056778405,0.000252616721455896,8.695077433217307,4444.12675598335,36.81445109261186,0.08200765350866324,0.016511247313524022,0.7628130055860972,0.0002726212878483542,8.618966847500879,crispy_toast_15.jpg,fresh_bread
614.0930118110235,7.337967519685039,0.6748248286443139,0.5308011856664183,0.9697938001990212,0.2817498987048755,3.69861691855468,1059.4652489304979,10.904271808543617,0.6384129582472784,0.5192069573189286,0.9476134497386616,0.2695758645283798,3.810214905301133,732.0007381889764,8.227731299212598,0.6593460690953655,0.5311271982795271,0.9637313927025911,0.2820961007522601,3.717614469616244,1003.7473494946992,10.032054064108129,0.645676064442636,0.5257571234924981,0.9503684891721834,0.2764205529031059,3.792481111229774,1250.110615079365,11.688244047619047,0.6449330637883215,0.5155161796051441,0.938639834136325,0.26575693143468315,3.8364831235822994,1059.4652489304979,10.904271808543617,0.6384129582472784,0.5192069573189286,0.9476134497386616,0.2695758645283798,3.810214905301133,1609.0518353174602,13.575768849206348,0.6215702687402053,0.5165872736407434,0.9198424500158509,0.2668624112875764,3.885341804372537,1003.7473494946992,10.032054064108129,0.645676064442636,0.5257571234924981,0.9503684891721834,0.2764205529031059,3.792481111229774,1916.7572499999999,15.397375,0.6256428668003385,0.5042810669966205,0.9061507707336083,0.25429939453125,3.9259433047842753,2264.475056689343,17.65898211136307,0.596417300039226,0.49959462216641093,0.8876801507392237,0.2495947864975989,4.0002664526646,2499.9979999999996,18.43275,0.5929087995517445,0.504190012157495,0.8747610936001576,0.25420756835937497,3.9964717657599147,2225.987528344671,16.57256235827664,0.6083991548489951,0.5085657459063923,0.8895891642076318,0.2586391179093251,3.9851694691091977,2523.5401335685483,18.632749495967744,0.6107321177627716,0.49501162735613224,0.8767647748854731,0.24503651121776635,3.996074022284197,3452.2177920000004,23.59648,0.568354274189498,0.48416158413488364,0.8282858944879781,0.23441243955200003,4.135638075329239,3355.0936239919356,22.77179939516129,0.5706809270091633,0.49461677772979246,0.8310104516912242,0.2446457568118029,4.0810848165056335,3489.37312,22.968767999999997,0.5784987213193028,0.4913755475234803,0.826437779943377,0.241449928704,4.13008148810586,3079.733295223578,21.427273882113823,0.6006355845916598,0.48709697064828905,0.8500110366923032,0.23726345881474015,4.057269347565049,4569.190751821019,28.843977627471386,0.5464932824348407,0.4720174704990448,0.7721916306860701,0.22280049245631664,4.244142138358151,4173.994791666666,26.832190040650406,0.558172468546146,0.48582893397935034,0.7886852495831929,0.23602975309151195,4.143372363077325,4706.012682101977,28.92072060353798,0.5542878826174749,0.47684775060859746,0.7653547908090085,0.22738377726047918,4.244488514641365,crispy_toast_16.jpg,fresh_bread
1027.2285925196852,12.067913385826774,0.26804118281302614,0.024349398649556483,0.9448854051091725,0.0005928932145950231,8.056778026700929,1652.2806745613493,16.979539959079922,0.19750897418077878,0.020244203548410344,0.9112739428261293,0.00040982777730946997,8.33283218551264,1462.8568528543308,15.569697342519685,0.2172201196590413,0.02178756319199186,0.921561270388691,0.00047469790984503845,8.247763989752691,1799.751813503627,17.521421042842086,0.20426297635720472,0.021160988378332555,0.9033566308744423,0.0004477874291479255,8.313636175538132,2094.321242559524,19.212363591269845,0.1832812263944716,0.019633779527621915,0.8874582554359378,0.0003854852985392654,8.395625868032727,1652.2806745613493,16.979539959079922,0.19750897418077878,0.020244203548410344,0.9112739428261293,0.00040982777730946997,8.33283218551264,3024.5170510912694,25.72290426587302,0.14596567480755235,0.017306661532526694,0.8377152996826924,0.00029952053340143923,8.619199558945756,1799.751813503627,17.521421042842086,0.20426297635720472,0.021160988378332555,0.9033566308744423,0.0004477874291479255,8.313636175538132,3232.9091875000004,26.261937500000002,0.14095910870577247,0.01720618302747591,0.8260362796049927,0.00029605273437500004,8.617837711646477,3408.9977954144624,28.320798689846313,0.1206184391620302,0.01606247436486781,0.8165417363110344,0.0002580030827220355,8.698689149106706,4615.943875,35.234750000000005,0.10602391836364103,0.015042128340098684,0.7522433691364718,0.00022626562499999999,8.82692296765541,3735.0312421264807,29.660493827160494,0.13884711796688926,0.017003769687455365,0.7990104964819167,0.0002891281835840259,8.69178976667956,4368.545614919354,32.96648185483871,0.11778663493093791,0.015748424687339245,0.7646193972797787,0.0002480128801327962,8.767484378089119,5140.0160639999995,38.540223999999995,0.08429927490608047,0.014223127082326165,0.7229467690270218,0.00020229734400000003,8.890850915201211,6143.733114919355,43.97164818548387,0.08110278443639005,0.013724904588855572,0.6702053023333001,0.00018837300597318872,8.961737918478441,5512.833536,39.958144000000004,0.10572398737793151,0.015008648173636424,0.7028951796574191,0.00022525952,8.882575306987299,5478.41387195122,39.26562500000001,0.10021934689621761,0.014595409148422445,0.7044658210925238,0.0002130259682098536,8.88772316961925,6666.41265608741,47.179305411030185,0.06616109128947946,0.013104475598081351,0.6402314764434031,0.00017172728070070957,9.019656430726743,7480.751270325203,51.5020325203252,0.06566539834653232,0.012835078820318573,0.5983249852509949,0.00016473924832379041,9.062267487557067,6962.578238813736,48.35919614984392,0.08275310417871476,0.013663453872368945,0.6243338807330139,0.00018668997172235392,9.01179895708895,crispy_toast_2.jpg,fresh_bread
935.7279773622046,13.201525590551181,0.26428066742335454,0.031510537493553384,0.9491005050733168,0.0009929139731326337,7.957368236601282,1717.3116746233495,19.12133424266849,0.22403054794717925,0.0280200092876598,0.906547842619258,0.0007851209204805414,8.189428179653811,1316.1827017716535,16.125984251968504,0.24673271263091517,0.029187585648332574,0.9284459172846047,0.0008519151559787496,8.09340323741991,1572.3324446648894,18.395188790377585,0.20035901568400388,0.02605447787503242,0.9144378930582535,0.000678835817340554,8.222624630189635,1886.579055059524,20.427021329365083,0.1825957152628079,0.02513192244823766,0.8972864388981103,0.000631613525944232,8.292179813596238,1717.3116746233495,19.12133424266849,0.22403054794717925,0.0280200092876598,0.906547842619258,0.0007851209204805414,8.189428179653811,2791.459015376984,26.259114583333336,0.16934778330090577,0.02313475159904231,0.8481861391103849,0.0005352167315493908,8.445319825756474,1572.3324446648894,18.395188790377585,0.20035901568400388,0.02605447787503242,0.9144378930582535,0.000678835817340554,8.222624630189635,2895.5004375,27.032062500000002,0.1377727379176476,0.02188303423888013,0.8422157362412664,0.0004788671875,8.484059940428018,3587.6231418493326,31.077412446460066,0.15649700843118322,0.022415334184254926,0.8045193078743536,0.0005024472065918275,8.529355490558618,4278.3743125,35.2064375,0.1285881772163348,0.020189966954529667,0.7672395141992255,0.000407634765625,8.641262386327547,3282.8765432098767,29.801839254220205,0.12784199542381802,0.020882260718466366,0.8211268167928761,0.00043606881271400337,8.559595027558176,3889.168220766129,33.230972782258064,0.1098633159059926,0.01986726040529709,0.787893807055876,0.00039470803601188544,8.624338469397642,5359.686528,40.947328,0.12455813137685795,0.019679193479408653,0.7075975329898058,0.0003872706560000001,8.706879643142626,5584.860446068547,42.43970514112903,0.10330357335388649,0.01830020417932009,0.6960686777272684,0.00033489747300480456,8.761743015208353,4989.939903999999,39.912639999999996,0.09252460977577197,0.018208028119486196,0.7277765182861802,0.000331532288,8.745843257109406,4808.426130589431,38.653645833333336,0.09272986683118775,0.018518448590254536,0.7375482945130847,0.0003429329381899002,8.727564188977933,6805.602432362124,48.35568418314256,0.10573551328697967,0.01799041876358367,0.6282919071724367,0.0003236551672891033,8.813445438254192,6682.826346544716,48.144563008130085,0.08513990269062972,0.01711129699165071,0.6361571450759466,0.00029279648473647465,8.844574610512863,6506.507804370447,48.41753381893861,0.07236961228817894,0.016709171506269306,0.6446469335586543,0.0002791964124259221,8.866563790587861,crispy_toast_27.jpg,fresh_bread
702.195374015748,8.867864173228346,0.5866467910536247,0.4380110079743434,0.9570195542673297,0.1918536431067003,4.638185534691836,1691.209002418005,14.29003658007316,0.5538147440915445,0.4266949726393204,0.8955649851380205,0.18206859967567038,4.799173521501359,1203.67593503937,10.728838582677165,0.5804493890247119,0.4375076223679291,0.9255958699392369,0.19141291963003845,4.665020685173623,1311.2682745365491,11.876867753735507,0.5681982831024388,0.4325651855753195,0.9190269673686259,0.18711263977181058,4.741095241324001,1442.1667906746034,14.167038690476193,0.5566157412831303,0.42472622079821026,0.9118195975424789,0.18039236263353003,4.81267545291125,1691.209002418005,14.29003658007316,0.5538147440915445,0.4266949726393204,0.8955649851380205,0.18206859967567038,4.799173521501359,2497.0355902777774,18.24392361111111,0.53679740771199,0.422392298426112,0.8442298338871216,0.17841525376969364,4.879589123795656,1311.2682745365491,11.876867753735507,0.5681982831024388,0.4325651855753195,0.9190269673686259,0.18711263977181058,4.741095241324001,2200.9597500000004,18.809000000000005,0.530823048269044,0.4126957632066872,0.8655998903017479,0.17031779296875005,4.943714320433327,3529.141849332326,24.365331317712272,0.5064998917325716,0.40325693834200277,0.7803365985963218,0.16261615832096582,5.051236380616354,3844.086,25.37125,0.5064633224241273,0.4078324276740387,0.7579503272007605,0.16632728906250002,5.027491154964367,2652.27236079617,19.915595867976823,0.5224126021537222,0.41315390738448654,0.8349153439860534,0.17069615118706888,4.987271408272354,2923.9201108870966,23.054939516129032,0.5145012177407964,0.40216762623110924,0.8216949682539609,0.16173879958836518,5.053279407082764,5328.704896,33.526272,0.46906400118338537,0.3840477810273092,0.6657615106399746,0.14749269811200003,5.240057248040964,5173.002520161292,32.07132056451613,0.4778336052432914,0.39558511724078377,0.6712724980550555,0.15648758498240464,5.138377255087607,3970.751872,27.225984,0.4871301592657699,0.39562515624767847,0.7509379608698125,0.156519264256,5.171119627764196,3614.8930386178863,26.98513719512195,0.49913083025277555,0.3923165400345861,0.7798907086032785,0.153912267584709,5.146066542538451,7092.256048387097,42.2897372528616,0.43952746473207144,0.36621304651783076,0.5518725447985195,0.13411199543987087,5.374314395303041,6448.290142276423,38.295731707317074,0.4594007921267731,0.38324577935901594,0.5865160953195537,0.14687732739649953,5.212397422310005,5211.502406347555,33.76346253902186,0.45963174280626434,0.380174830455541,0.6706917245587664,0.14453290171189934,5.312736065917134,crispy_toast_29.jpg,fresh_bread
1241.287217027559,19.2990280511811,0.19082687397380294,0.06539857476124866,0.9191021153994231,0.00427697358080263,8.265707885261273,1598.4051708103416,22.349370698741396,0.16914760477271717,0.05819343330556442,0.8955926119377956,0.003386475679889174,8.387915441551062,957.7122293307086,16.347563976377952,0.20962577051716527,0.05944398222889121,0.9378552090963915,0.003533587023228734,8.185436923513736,1430.9756339512676,20.581189162378323,0.1794851250831636,0.05845173284348909,0.9065296242275773,0.003416605072406621,8.333155193462549,2238.273499503968,26.30598958333333,0.15763086930625253,0.06435341354855938,0.8531137451308887,0.004141361835351906,8.442122098566273,1598.4051708103416,22.349370698741396,0.16914760477271717,0.05819343330556442,0.8955926119377956,0.003386475679889174,8.387915441551062,1851.7230282738099,23.649491567460323,0.161095915937423,0.04897287179627517,0.8795835765452189,0.0023983421719744043,8.440659478446186,1430.9756339512676,20.581189162378323,0.1794851250831636,0.05845173284348909,0.9065296242275773,0.003416605072406621,8.333155193462549,3232.4371249999995,31.78912499999999,0.1409465059873362,0.0639325511281225,0.7863838708999412,0.0040873710937499984,8.53197957030569,3002.533572688334,31.15526581002771,0.12423395061711434,0.048011212921988,0.8020276781879473,0.0023050765662404674,8.604735483795517,2772.6143125,29.449062499999997,0.13104563358994206,0.0410091929480452,0.8192976306168536,0.0016817539062499998,8.594739442836547,2716.763038548753,29.09700176366843,0.1384124489635174,0.04812124211585819,0.8208914738865015,0.0023156539427730445,8.567293874127328,4161.146799395162,36.69342237903227,0.12975777666399946,0.06387690772871607,0.7230952614396856,0.004080259340982906,8.592963329603041,4325.259648,38.22016,0.10389715453998977,0.040294188563613,0.7119488409419069,0.0016236216320000003,8.734785875909703,3645.982169858871,34.18995715725807,0.11742351022315121,0.03623318018848132,0.761901218148617,0.0013128433465709553,8.69326670801136,4003.3877759999996,36.196736,0.1137549362349011,0.04046675514542771,0.7335379166031383,0.0016375582720000003,8.702199384478535,4903.896849593496,40.687627032520325,0.12277120692830938,0.06348061754008884,0.6715624307174606,0.004029788803271035,8.644596320765608,5446.3510015608745,43.997073361082215,0.09070108400413496,0.03579884257331267,0.6336530539722098,0.0012815571295888238,8.824453576109931,4483.595909552846,38.697027439024396,0.10215588239553777,0.03336281880251888,0.7067206081305105,0.0011130776784497075,8.771113313558478,5165.928459937566,42.057882414151926,0.09735788828121858,0.035910058434581525,0.6527899836222658,0.00128953229677506,8.78114363171308,crispy_toast_3.jpg,fresh_bread
1183.4360851377955,14.87493848425197,0.3234294759210349,0.08150490725835818,0.9343397723799011,0.0066430499071935675,7.68620141163467,1744.9419058838114,18.94525389050778,0.288463715629525,0.07188939108322956,0.9032213608256904,0.005168084550317526,7.863236431550414,1041.8526082677165,13.487942913385828,0.3618449454535755,0.07600807761711566,0.9422665490827529,0.0057772278630494785,7.5810785536808964,1253.9154938309875,15.385640771281544,0.3326480549310711,0.0734602314834418,0.9304561511654863,0.005396405609600855,7.670637056406541,2273.802021329365,22.687562003968253,0.24104456735649468,0.07787325688842461,0.873779290473312,0.006064244138410572,7.975161734984122,1744.9419058838114,18.94525389050778,0.288463715629525,0.07188939108322956,0.9032213608256904,0.005168084550317526,7.863236431550414,1988.6941964285718,20.553695436507937,0.2717250204245927,0.0628914199881797,0.8898394632506099,0.003955330708129608,7.9329861281945515,1253.9154938309875,15.385640771281544,0.3326480549310711,0.0734602314834418,0.9304561511654863,0.005396405609600855,7.670637056406541,3396.4253124999996,29.733562499999998,0.19906623028775233,0.07696840108528302,0.8113178265712504,0.005924134765624996,8.148530893285415,3424.9431846812804,30.150793650793656,0.20670477119321057,0.05982991474464406,0.8100047421979841,0.0035796186983513764,8.213546818356868,2966.805375,27.053625,0.21561133744300043,0.05129870018455634,0.8357231661131747,0.0026315566406250007,8.17341914215843,2345.3856135046613,22.866591080876795,0.24005734964946723,0.06074849480711109,0.8699098362328954,0.0036903796213296034,7.994206166765677,4472.244266633064,36.27866683467742,0.17389395434857063,0.0763359699270984,0.7513869980082468,0.005827180304710872,8.25668327829126,5097.922431999999,40.14399999999999,0.1574590759462058,0.04909231793264605,0.7170773455626658,0.0024100556800000007,8.429625071528388,3904.243132560484,33.09847530241936,0.17513422932357686,0.044109999956004856,0.7839240923173457,0.0019456920961187485,8.338304643501495,3362.8027519999996,29.214015999999997,0.1873681929180626,0.049935894905368414,0.8134205681402602,0.002493593599999999,8.216001314747118,5513.573932926829,42.22688008130082,0.15543494352533677,0.07604863393054782,0.6932959760606924,0.00578339472270247,8.3349747043308,6627.060353798127,48.73465140478668,0.12667445319382903,0.042597092885194386,0.6321188427335336,0.0018145123222698782,8.563734418523602,4774.79268292683,38.43203760162602,0.14853701347610004,0.04127936358929303,0.7358739433169679,0.001703985858337051,8.458357790454585,4207.21377471384,34.56315036420396,0.15197626353088273,0.04322180266704672,0.7665510676261016,0.0018681242257891268,8.36090076163654,crispy_toast_6.jpg,fresh_bread
386.3192667322835,6.640378937007874,0.299901975367248,0.04027745657584266,0.9786678568777925,0.0016222735082188915,7.508660714620996,1228.8805257610513,13.277450554901108,0.22886659151268063,0.036563360834475735,0.9317032028074766,0.001336879355512074,7.934521710561128,1127.653481791339,12.490465059055119,0.22897654834891662,0.03599932900184481,0.9373872051441661,0.001295951688583065,7.909152014824485,1173.94450988902,12.785231570463143,0.2383308775442759,0.03583979899440885,0.9347554510277374,0.0012844911919596299,7.924005957595585,815.2637648809524,10.72172619047619,0.24684166293559778,0.03787128072913694,0.9549415014654491,0.0014342339040650986,7.7795066960273545,1228.8805257610513,13.277450554901108,0.22886659151268063,0.036563360834475735,0.9317032028074766,0.001336879355512074,7.934521710561128,2565.176463293651,21.809895833333336,0.1857473196291209,0.03296611693013585,0.856581861628568,0.0010867648654513894,8.220112459497589,1173.94450988902,12.785231570463143,0.2383308775442759,0.03583979899440885,0.9347554510277374,0.0012844911919596299,7.924005957595585,1265.4701875,14.3370625,0.2215758640478312,0.03616109788156328,0.9299989721349438,0.001307625,7.95197909257951,2797.640778533636,23.06569664902998,0.18403190958706414,0.03286101933926129,0.8433035352055557,0.0010798465920153044,8.24529927201306,4119.7041875,30.7551875,0.15589919140472686,0.029736866849081462,0.7679780573908014,0.00088428125,8.422868643038004,2631.252393550013,22.152368354749306,0.19016954865545185,0.03180318828772214,0.8526165485026312,0.001011442785264307,8.215782975368837,1741.1931703629032,17.840599798387096,0.20156195390191767,0.034685107421297025,0.903603049479963,0.0012030566768269138,8.085892892686108,4441.129984,32.258048,0.1596888537527716,0.030578239583076067,0.7492291571069655,0.000935028736,8.441805256819078,5674.50359122984,39.251701108870975,0.13412723011840022,0.027769094224218378,0.6779551853168014,0.0007711225940335184,8.56228579260953,4130.482048,30.875904,0.15469830576413002,0.0288500542807115,0.7667366454426063,0.0008323256319999998,8.39848366349379,2219.7403455284552,21.15815548780488,0.18718131886624367,0.033560605878999776,0.8770097110594245,0.0011263142669655545,8.185030250551243,6039.881763787722,40.81997918834547,0.1363965219201282,0.02882071193538064,0.6560966770077828,0.000830633436462192,8.572545120268536,7155.48824949187,47.14551575203252,0.11464701725782614,0.026177947493565536,0.5903914900618935,0.000685284934975874,8.661237516036001,5581.258584807492,38.86199271592092,0.13142216222212894,0.02670253972187052,0.6821197708541656,0.000713025627598073,8.53012925136247,crispy_toast_7.jpg,fresh_bread
1299.5471210629923,17.50258366141733,0.22535223074413613,0.05267289292846214,0.9252028061989711,0.0027744336494532366,8.408163658896196,2432.6934093868185,25.648831297662593,0.1655997386273234,0.04270508052782848,0.8602066481620241,0.0018237239028883153,8.695494381436436,1836.5744340551184,21.70718503937008,0.18300181713744662,0.04300513984835179,0.8945823071919987,0.0018494420533762949,8.605133357512765,1916.509951019902,22.27856655713311,0.1769881750959898,0.04266656006445924,0.8898676580094889,0.0018204353477341085,8.631984063252887,2438.714409722222,25.55592757936508,0.17325360067047949,0.0514451935264649,0.8594528428298207,0.002646607936975426,8.658288242669006,2432.6934093868185,25.648831297662593,0.1655997386273234,0.04270508052782848,0.8602066481620241,0.0018237239028883153,8.695494381436436,3519.0246155753966,32.25341021825397,0.12719024815659716,0.03402187739883076,0.7983513530423431,0.0011574881417410713,8.878158539824536,1916.509951019902,22.27856655713311,0.1769881750959898,0.04266656006445924,0.8898676580094889,0.0018204353477341085,8.631984063252887,3619.0411875,32.434687499999995,0.1504117884862528,0.05121525117701758,0.7912071146679807,0.002623001953125,8.780237729674312,4569.72656840514,38.346119929453266,0.11727114148089268,0.03381657587958308,0.7375017859965181,0.0011435608042196,8.9683240904344,5042.259875,40.716750000000005,0.09896504328057035,0.028064901066545744,0.7115344380680563,0.0007876386718750004,9.028112748152996,3551.72159234064,32.67447719828672,0.12471144799331663,0.03375894985099928,0.7959718187373671,0.0011396666950422845,8.892083952431761,4583.096459173388,37.87833921370968,0.13708109256829593,0.050747450298775316,0.7353533029229337,0.002575303711826671,8.866950071950413,6163.931328,47.239616,0.0903943989931622,0.027880356956108004,0.6461242597180501,0.000777314304,9.096298797957111,6133.496219758066,47.144531250000014,0.08429712383694997,0.02566461346615758,0.6495855188456015,0.0006586723843672771,9.11660681048249,4965.267456,40.787071999999995,0.09709402903070813,0.028062777624461913,0.7149178606491261,0.0007875194880000002,9.030093755682245,5419.655487804879,42.47370426829269,0.12990155914870788,0.05074696785063197,0.686798202536874,0.0025752547460330746,8.922311382938823,7210.232765348594,53.4061524453694,0.07555704323846701,0.02546256841241279,0.5862511918426833,0.0006483423901568015,9.168980853491199,6978.961318597561,52.06040396341464,0.07037215060560637,0.020322573111711265,0.6018537726062413,0.0004130069778808497,9.18151309136183,5981.684963579604,46.6988813735692,0.08249993235029779,0.025554058460611682,0.6567050720454396,0.0006530099038083594,9.111139705803541,crispy_toast_8.jpg,fresh_bread
288.89099409448824,6.57886318897638,0.323448156541512,0.0520540829388316,0.984342065778103,0.0027096275506027587,6.857780879114365,688.6193812387626,10.64467728935458,0.2524433236114668,0.042767773618959,0.9627676464589566,0.001829082460322525,7.268803539780076,635.6721825787403,10.162586122047248,0.2470862599506933,0.04182989447447565,0.965619257197603,0.0017497400717457687,7.276275923915998,711.8645297290593,11.251844503689005,0.2272098250284731,0.04016550640867318,0.9615101691393664,0.0016132679050651663,7.367738817398944,490.58792162698415,8.819444444444445,0.2810796689410525,0.04806893379514887,0.9734185735754413,0.0023106223962024055,7.083508814824741,688.6193812387626,10.64467728935458,0.2524433236114668,0.042767773618959,0.9627676464589566,0.001829082460322525,7.268803539780076,1364.1931423611113,16.191158234126988,0.1821958732580093,0.03480958220856121,0.9264088099852765,0.0012117070135345808,7.614448999704102,711.8645297290593,11.251844503689005,0.2272098250284731,0.04016550640867318,0.9615101691393664,0.0016132679050651663,7.367738817398944,723.8328125,10.794687500000002,0.2502341191197596,0.04482446231551473,0.9607981572775807,0.002009232421875,7.2378568634887985,1403.046485260771,16.12055933484505,0.19086160336635036,0.03584197783580525,0.9243620962297381,0.0012846473751823545,7.589943423710045,2092.16775,21.490625,0.1401783328947975,0.030457353637914773,0.8874696709359957,0.0009276503906250001,7.80492713333879,1491.1671075837744,17.66408415217939,0.1646186274329578,0.033238774106399284,0.9196069017500568,0.0011048161040962394,7.688748545588533,926.025894657258,12.356287802419356,0.22986789448424583,0.04260831390727443,0.9498682269354706,0.0018154684140208358,7.340198131986754,2102.576384,21.063552,0.15306812617768817,0.03152414185985084,0.8870323137786528,0.00099377152,7.774990344335784,2797.788873487903,26.222467237903224,0.1156097330156846,0.027800738949051364,0.8499793146805449,0.0007728810861133016,7.928198665597122,2303.094336,23.434559999999998,0.12342032788463196,0.02907710246912508,0.8762457881740544,0.0008454778879999999,7.857970419292371,1125.0341082317075,13.803544207317074,0.21883880696575833,0.0408528319873385,0.9391099642893291,0.0016689538813857078,7.423470928922613,2729.3995837669095,25.32622268470344,0.12649846755943556,0.028834357411845892,0.8538604311150444,0.0008314201673540721,7.904678053097635,3491.2286585365855,30.636686991869922,0.09576419012987476,0.025763106507788184,0.81339068706284,0.000663737656931638,8.024170602338033,3086.0723855359006,28.461823621227893,0.10302526209110614,0.026493182760257288,0.8347343627278471,0.000701888732768394,7.977611891860612,crispy_toast_9.jpg,fresh_bread
600.3042568897638,14.563115157480317,0.2984957735937728,0.15312814297466817,0.9301550637769782,0.023448228170870417,7.402805812208322,1015.6704073408148,17.480810961621923,0.267634188211691,0.14586369541728147,0.879002158081218,0.02127621764078546,7.550860767930615,887.0049827755905,15.44580462598425,0.28225329102800567,0.1482082960624339,0.8943583531298569,0.021965699021730064,7.446724280969428,1077.8639717279436,18.138632277264556,0.2653604781673254,0.14670072447784355,0.8715929759117961,0.021521102562324167,7.563258800267919,740.980964781746,16.511966765873012,0.2747240067618663,0.1497315790874753,0.913766285634055,0.022419545776028876,7.504450809441323,1015.6704073408148,17.480810961621923,0.267634188211691,0.14586369541728147,0.879002158081218,0.02127621764078546,7.550860767930615,1479.17435515873,20.07080853174603,0.25658956571908265,0.13969566977085082,0.8195355184692951,0.0195148801527266,7.622814260258674,1077.8639717279436,18.138632277264556,0.2653604781673254,0.14670072447784355,0.8715929759117961,0.021521102562324167,7.563258800267919,842.4301875,17.625937500000003,0.26340546091761396,0.14677846561655425,0.9019200401170944,0.02154391796875,7.559654208898351,1598.446271101033,22.041635172587554,0.23739135006318662,0.1353873134628465,0.8048864282678126,0.018329724646687057,7.72352219665291,2055.6646874999997,24.0483125,0.23680731284504591,0.1325390051668753,0.7428761911120193,0.017566587890625,7.748517215502106,1703.0730032753843,22.89726631393298,0.236331676393643,0.13747692588636434,0.7921152167593125,0.018899905151164915,7.725671060630768,967.1245589717744,19.004095262096776,0.255943798821222,0.1443574243486862,0.8873588531081129,0.020839065964586657,7.6082592413473575,2151.5564160000004,25.814464,0.21728669604797876,0.12626996450462794,0.7306406921079037,0.015944103936,7.843441757897006,2590.6994077620966,27.520854334677416,0.22104565778893046,0.1258139097718135,0.6675741933905108,0.015829139892070028,7.853133600354846,2258.5715840000003,26.76896,0.2178141259936838,0.1297125910927694,0.7172046558895017,0.016825356287999995,7.83025658163875,1069.784298780488,20.043318089430894,0.2483379460551245,0.14176403116728215,0.8753386169304634,0.020097040532798146,7.646393408637008,2674.672346514048,29.207075962539026,0.20107896909653983,0.11772514602436888,0.6563708555954652,0.013859210006458976,7.936103798037747,2956.724466463415,30.054242886178866,0.205699226978877,0.11957704809738096,0.6113213708543864,0.014298670431683357,7.926530468680512,2736.524843912591,30.029006243496358,0.20145382033564874,0.12270625864518639,0.6483011579885478,0.01505682591069938,7.92568916565381,freshly_baked_bread_loaf_10.jpg,fresh_bread
534.6214936023623,9.55296505905512,0.32574158177237883,0.07179741690608783,0.9665408416016006,0.0051548690743865875,7.5355095014863895,1339.7232314464632,15.17713435426871,0.25748980124437276,0.06152251092130636,0.9161438653854632,0.0037850193500622606,7.824791892550448,1027.0874753937007,12.66166338582677,0.2892960493825334,0.06307258873675033,0.935504722430405,0.003978151449955244,7.698069200215873,1003.8849277698557,12.924173848347696,0.27961162266501255,0.062468640222982576,0.9371646858193424,0.003902331011308436,7.738654568071453,1038.4708581349205,13.648189484126982,0.26619029360699187,0.06998936693102442,0.9351982975306651,0.004898511483405575,7.754070629182003,1339.7232314464632,15.17713435426871,0.25748980124437276,0.06152251092130636,0.9161438653854632,0.0037850193500622606,7.824791892550448,2051.9026537698414,19.77852182539683,0.21247895877723855,0.05163739465644821,0.871129003860307,0.0026664205269057864,8.025511455102256,1003.8849277698557,12.924173848347696,0.27961162266501255,0.062468640222982576,0.9371646858193424,0.003902331011308436,7.738654568071453,1532.416875,17.058500000000002,0.23565029040309937,0.06914361751998517,0.9046865148904885,0.00478083984375,7.894065113730006,2621.139140841522,23.482552280171326,0.18935181503396087,0.05059982280986324,0.8364068827661344,0.0025603420683895563,8.138471094435149,3094.8582499999993,26.190875,0.16898482252001013,0.04244766998905829,0.8055751531933794,0.0018018046874999994,8.241922097495191,2002.3458049886624,19.956160241874528,0.2143689948917592,0.05145087758185798,0.8750276051436672,0.0026471928039433355,8.047017846336225,1983.7305947580649,19.990171370967747,0.21507388700574365,0.06826135813826247,0.8769472257036394,0.004659613014880131,7.992395607620432,3919.287808000001,31.011584000000006,0.15248386672591033,0.041812674824746626,0.7561640853476324,0.0017482997760000004,8.342061238821362,4099.423954133064,32.00056703629032,0.1443983930744493,0.03761844618777779,0.7424843065623861,0.0014151474935827338,8.382984639743466,3001.2840320000005,26.123712,0.17794370049628844,0.04268783208362777,0.8132786874472026,0.0018222510080000006,8.242566124923766,2373.4579522357726,22.34832317073171,0.20570237462110855,0.06808907539192477,0.8530959960028929,0.004636122187727214,8.063005563441092,5192.197190426639,38.019901144641,0.12802970744325093,0.03723728389405788,0.6779363735642321,0.0013866153118066622,8.48516690198905,5063.919842479675,37.299542682926834,0.12511530948543004,0.03459438634533764,0.6822326852736169,0.0011967715666104833,8.490776406811062,3991.1480228928203,31.7585848074922,0.15045536684071376,0.03807703295971817,0.7524088307507241,0.001449860439015464,8.367243424055495,freshly_baked_bread_loaf_14.jpg,fresh_bread
815.3999753937007,13.534940944881889,0.3474517241411709,0.20930557217131482,0.9558295486342029,0.04380882254196148,6.582262692937025,1623.7570215140431,17.661169322338644,0.3202739114338111,0.19655699257073198,0.9116962396490016,0.038634651328450786,6.7285756164835515,1242.2450172244096,14.290292814960628,0.3528410960901525,0.20768191199806094,0.932997052370153,0.04313177657117033,6.565162573146584,1566.2760865521732,17.263996527993058,0.3317423553531507,0.20344390544699317,0.9148221893067227,0.0413894226635251,6.708457862909377,1418.5435267857142,17.553943452380956,0.31182140020135246,0.19293314613355078,0.9225029452952253,0.037223198876990056,6.726625251012187,1623.7570215140431,17.661169322338644,0.3202739114338111,0.19655699257073198,0.9116962396490016,0.038634651328450786,6.7285756164835515,2386.6006944444453,21.073660714285715,0.2925792410782997,0.18577855113117808,0.8707747609067544,0.03451367006039975,6.802725939670925,1566.2760865521732,17.263996527993058,0.3317423553531507,0.20344390544699317,0.9148221893067227,0.0413894226635251,6.708457862909377,2039.5171875,20.9539375,0.29812923496759225,0.18486711337978695,0.8876232488235898,0.034175849609375,6.828622635353005,3094.2248047367093,25.62037037037037,0.27438890599768556,0.1755117812651144,0.8295630355345064,0.030804385362853366,6.966695427376283,3486.3634375,26.8648125,0.2614680373086211,0.17138926818794695,0.8104801740783644,0.029374281250000005,6.939627969957877,2971.0753338372388,24.81506676744772,0.29451229313990845,0.18406438568359432,0.8363472097541007,0.03387969807707896,6.934767087132622,2664.0626890120966,24.246282762096776,0.28575786989446794,0.1765590741337508,0.851890592826333,0.031173106658967307,6.9152184495217766,4580.032256000001,33.17081600000001,0.24411171236753498,0.15745782012970969,0.7443548827522654,0.024792965120000007,7.13247281342179,4551.889679939517,32.09973538306453,0.24449281352831978,0.15984738236081705,0.7516763863715383,0.025551185647605244,7.03277969150849,4364.333248000001,31.923648000000007,0.2599239051636282,0.1656186640689992,0.7563983633295517,0.02742954188800001,7.115158204668765,3255.7862042682927,27.20337906504065,0.28137337135412893,0.1710022581851072,0.8173089213452954,0.029241772304406066,6.987896327699062,6058.239138917794,40.30287460978148,0.21978518252007928,0.14109445681952537,0.6571830542772237,0.019907645745196913,7.27057651750628,5552.221735264227,36.89767530487805,0.2285564209996001,0.1501895930519388,0.6960554222925064,0.022556913861106986,7.114157712944367,5715.065101456817,38.37090270551509,0.2350701899804862,0.1485333244598745,0.6766086790493439,0.02206214847510235,7.237501708656007,freshly_baked_bread_loaf_15.jpg,fresh_bread
458.21407480314963,6.073449803149606,0.6810112803122909,0.5408748384131826,0.9798007042823501,0.2925455908284864,3.7232382352600037,992.8343976687954,9.646599293198587,0.6560604076957687,0.5323743459339895,0.9560924212331394,0.2834224442086431,3.838640011098463,876.5220226377952,8.882997047244093,0.6607431567626753,0.5366044070772545,0.9611822470725201,0.28794428969473185,3.794233503917793,1116.8476656953314,10.595697191394384,0.6527439594405915,0.5319584516727273,0.9506079997155165,0.2829797943060453,3.856702970912966,937.8525545634923,9.141245039682541,0.6686976002789468,0.5341435031238891,0.9587117371704931,0.2853092819294602,3.830808843056978,992.8343976687954,9.646599293198587,0.6560604076957687,0.5323743459339895,0.9560924212331394,0.2834224442086431,3.838640011098463,2049.1744791666665,15.224330357142858,0.6344616647556123,0.5243786430650638,0.9089477263352569,0.2749729613027575,3.95876916157182,1116.8476656953314,10.595697191394384,0.6527439594405915,0.5319584516727273,0.9506079997155165,0.2829797943060453,3.856702970912966,1485.0366875,12.2516875,0.6569482286142329,0.5273572933446072,0.9347153760969453,0.2781057148437501,3.9143793103041413,2285.3673469387754,16.44356261022928,0.626873166713987,0.5168304702692873,0.8987404983643132,0.26711373499877267,4.022755974718564,3307.6466249999994,21.563125,0.6101323632186298,0.5121603314179309,0.852528227126911,0.2623082050781248,4.08371853494657,2559.9973544973554,18.234567901234573,0.6204066178686922,0.5158430975530098,0.8865722586557883,0.26609410129308403,4.05201400546595,1989.3532006048388,15.03389616935484,0.6484605477357351,0.5209349125604805,0.9126540111659446,0.27137318312439546,3.9850153018522017,3638.5503359999993,23.099711999999997,0.5995972462418265,0.5010241645270215,0.8384973911903753,0.2510252134399999,4.172282765611123,4577.676663306453,27.78742439516129,0.5871341857712025,0.5000733888337385,0.7951965734310433,0.25007339421965946,4.191012018841741,3992.653631999999,25.37452799999999,0.5928645060281152,0.4998438617008314,0.8227799760631858,0.24984388607999988,4.206092034921755,2457.115726626017,17.639608739837406,0.6374195302863331,0.5146305961164535,0.892217979861005,0.2648446504591762,4.050216597476756,4975.397112382934,29.44719042663892,0.5728896460665123,0.48554206622423324,0.7787318360637179,0.23575109807329772,4.3015996011614615,5787.840510670732,33.537665142276424,0.5670561495918747,0.4881118118916117,0.7403183859814337,0.2382531409081121,4.27569215518853,5297.126040582727,31.8324661810614,0.5672154028734975,0.48396529413791145,0.7644237582118455,0.23422240592999516,4.333423042764609,freshly_baked_bread_loaf_17.jpg,fresh_bread
699.076094980315,11.30923966535433,0.5077420879186954,0.38856651959667604,0.9692557302581829,0.150983940151474,5.289298661875066,1529.5347510695024,15.942463884927772,0.480591523409678,0.37557513547380283,0.9325851498894417,0.14105668238616534,5.421088079591058,1187.9757627952756,12.545644685039369,0.5093987708588987,0.3863348174482292,0.9476992172503198,0.14925459117275658,5.276062687145482,1453.3844627689255,15.090706181412363,0.48798680289176477,0.3800602746389994,0.9359415040148185,0.14444581235867165,5.403000915065959,1325.3774801587301,15.907118055555554,0.48123962291355055,0.37489668939304494,0.941650509401399,0.14054752771786522,5.440348048055801,1529.5347510695024,15.942463884927772,0.480591523409678,0.37557513547380283,0.9325851498894417,0.14105668238616534,5.421088079591058,2390.572854662699,19.604848710317462,0.4685918775857288,0.37224677873079587,0.8945183701085286,0.1385676642754541,5.476703261989833,1453.3844627689255,15.090706181412363,0.48798680289176477,0.3800602746389994,0.9359415040148185,0.14444581235867165,5.403000915065959,1971.8426875,19.7668125,0.4623627320136992,0.3622907289258518,0.9131174682625242,0.131254572265625,5.553479437081647,3057.694948349711,24.232237339380198,0.44044040549996555,0.35321707858959583,0.8647834258061163,0.12476230460736873,5.639493235739885,3618.2233750000005,25.854374999999997,0.441091444645051,0.35813446213503386,0.8399806158739952,0.12826029296875,5.599930803657953,2912.766250944823,22.93745275888133,0.4493648237159852,0.35935052583024624,0.8711924241844693,0.12913280041447447,5.618414039764369,2594.7712953629034,23.118447580645164,0.4493695938001635,0.35237136607577874,0.8855962185728586,0.12416557963011046,5.630589638199653,4541.7898239999995,31.461248000000005,0.40978764886512725,0.33425324550107216,0.7985168165675025,0.11172523212800001,5.80115050485744,4813.269909274193,31.440272177419352,0.4173851832489922,0.34621614911805443,0.7866792609196678,0.11986562191013492,5.697714319413093,4415.149696,30.387584,0.41699911909400167,0.33854963764860246,0.8041348343817367,0.11461585715200001,5.786875436693056,3185.429179369919,26.16088668699187,0.43870228033258707,0.34325727555706287,0.8594405167122603,0.1178255572228574,5.702047876754398,5990.697450572321,38.52354318418314,0.38236070217114726,0.31647182267679025,0.7334992973736197,0.10015441454836978,5.935958289458894,5973.170033028455,36.799352134146346,0.4019143235151808,0.3348734305920467,0.7347466183029822,0.11214021451648631,5.772890903320902,5901.346774193548,37.448361082206034,0.3880075727914468,0.31914677292441174,0.7374659324649686,0.10185466266806605,5.920010463221622,freshly_baked_bread_loaf_19.jpg,fresh_bread
552.0023991141732,10.381336122047244,0.2597953984366561,0.060024934832856994,0.969178940860294,0.0036029928016887286,8.022815731751626,1360.425878851758,18.302746605493212,0.16508910652550712,0.04974608839580601,0.9238113166386571,0.002474673310683345,8.486135655638165,1133.0226377952758,16.26956200787402,0.1837154972834845,0.05029517176004738,0.9365439725686671,0.0025296043023726672,8.405109478485441,1173.7300514601031,16.5491970983942,0.18627285340289976,0.05047727825281677,0.9342668938455453,0.002547955619812289,8.392114157230681,1009.7396453373017,14.805121527777782,0.20584715192062586,0.05808989278644554,0.9436324034353781,0.003374435643940737,8.26425726137698,1360.425878851758,18.302746605493212,0.16508910652550712,0.04974608839580601,0.9238113166386571,0.002474673310683345,8.486135655638165,2277.131324404762,25.07676091269841,0.12983160259796905,0.04089785694129699,0.8720951274319471,0.0016726347023907943,8.707692796026157,1173.7300514601031,16.5491970983942,0.18627285340289976,0.05047727825281677,0.9342668938455453,0.002547955619812289,8.392114157230681,1444.03275,18.1615,0.18462053066001866,0.056921598355764755,0.9194148810857172,0.0032400683593750007,8.393128843643927,2655.6875157470395,27.684870244394055,0.11917298002060547,0.04056708797056118,0.8508794295510465,0.0016456886264112499,8.767279862971577,3414.9386250000002,32.530625,0.10035652679570131,0.03415574965324286,0.8076348058290413,0.0011666152343749998,8.884648424032111,2295.0980095742,25.14550264550265,0.13226692354802114,0.04062999868397791,0.8711269301807761,0.0016507967930600468,8.701023629172868,1846.6961945564512,21.14717741935484,0.16691168220491942,0.055616022142869245,0.8969772213391185,0.003093141918996122,8.481322127780139,3872.146176,35.37344,0.09376971694336628,0.03373149128040443,0.7820512517169145,0.0011378135040000003,8.91424170787283,4451.043850806453,38.895665322580655,0.0821332233733169,0.02872241128744931,0.7487527567896863,0.0008249769101653956,8.997505149650667,3358.2372480000004,32.09568,0.10494711802106996,0.033548272563576204,0.810976812043788,0.001125486592,8.861252316531669,2204.2534298780492,23.53099593495935,0.1573561861586161,0.05497441478828159,0.8770542182144615,0.0030221862813140338,8.547503387462399,4949.289737252861,41.699596774193544,0.07898970736721644,0.028159343099006005,0.7210013400272084,0.0007929486037675371,9.009698020329417,5368.174352134147,44.13395579268293,0.07106987743829847,0.023763316607595522,0.6959182055114344,0.0005646952161928251,9.076116768530081,4287.10848074922,37.92793964620188,0.08788247208351832,0.028190231288913233,0.758326855565481,0.0007946891401224227,8.97079398418075,freshly_baked_bread_loaf_2.jpg,fresh_bread
670.5210999015749,8.974840059055119,0.6074547441161329,0.4821079342367948,0.9717236362364344,0.2324280602540697,4.253286218946161,1427.0509021018042,14.106888213776427,0.574425810814087,0.4690514287986887,0.9396739464951376,0.22000924285809137,4.3936539730333,919.8762303149607,10.58636811023622,0.5947783945590694,0.4827141629963575,0.9610742651450535,0.23301296315727402,4.28266724774545,987.1815983631968,11.079918159836321,0.5894670351077683,0.47922990732455095,0.9582686435121814,0.2296613040742977,4.312340173022223,1300.4963417658728,13.181485615079364,0.5849816698773607,0.4685344805139046,0.9452219679578521,0.21952455943043447,4.3847736539903215,1427.0509021018042,14.106888213776427,0.574425810814087,0.4690514287986887,0.9396739464951376,0.22000924285809137,4.3936539730333,1997.0833953373015,16.822482638888886,0.560780037232446,0.46835162335220476,0.9152781285803596,0.21935324309664547,4.446540720730479,987.1815983631968,11.079918159836321,0.5894670351077683,0.47922990732455095,0.9582686435121814,0.2296613040742977,4.312340173022223,2014.443125,17.401625,0.5651616963998392,0.4547733810646793,0.9152725665407734,0.206818828125,4.4811807313169165,3117.158982111364,23.05593348450492,0.5309894729300314,0.4451292255655842,0.8680639201986969,0.19814002745261675,4.607767407578459,3141.009625,22.989875,0.5340554104385584,0.4532177922230106,0.8664015406416035,0.20540636718750002,4.572250401721414,2092.245275888133,17.465734441924916,0.553314137520631,0.4623654281868011,0.911444157558976,0.2137817891823639,4.495280418154861,2696.4686239919356,20.964339717741936,0.5527318731971952,0.44463626652088534,0.8867630182106483,0.19770140950563178,4.555430707115976,4813.1408,31.273792,0.49895246423945605,0.4249493131186354,0.7960757640378497,0.18058191872,4.759422903271029,4252.874747983871,28.57321068548387,0.5084696219995045,0.4411504771878107,0.8186674855801964,0.19461374352303307,4.664937009716604,3237.7695999999996,23.512192,0.5263660728555956,0.44721331386263535,0.862822441914451,0.199999748096,4.63414360322108,3382.4252413617887,24.384590955284555,0.5379583802476051,0.43582700042619543,0.8581956381982784,0.18994517430049496,4.620054005066091,6492.574726847035,38.94400364203955,0.4715325564488243,0.40812777174939946,0.7247435960904661,0.1665682780731299,4.8863650462529815,5334.348259654472,33.81078506097562,0.49168124636730665,0.4299267507367135,0.7720952312979239,0.18483701099902816,4.7360212698486395,4358.996878251821,28.9673517169615,0.503911624373961,0.43360668683555187,0.8151878859276589,0.18801475886850433,4.735712813446128,freshly_baked_bread_loaf_24.jpg,fresh_bread
965.3324311023622,14.019192913385826,0.21879033842667894,0.06446511402493559,0.9470502694647059,0.004155750926247947,8.041801453253282,1678.2804265608531,18.926343852687708,0.18629598472150272,0.05653524066386348,0.9078746960032549,0.0031962334369209627,8.241284384086674,1145.8077017716537,14.628813976377954,0.2177692007044993,0.05785141567518787,0.9370646426809814,0.003346786295623372,8.070853720366971,1412.0807861615724,17.22010044020088,0.18893913365167797,0.05658938836409785,0.9224854737702755,0.0032023588754226933,8.199107652506497,1935.4544270833333,21.312189980158728,0.17448280683019216,0.06292539855512812,0.8939291957996518,0.003959605783321721,8.294330761053649,1678.2804265608531,18.926343852687708,0.18629598472150272,0.05653524066386348,0.9078746960032549,0.0031962334369209627,8.241284384086674,2312.486669146826,23.149243551587304,0.15579214915195405,0.04724079859157322,0.8728988212365647,0.0022316930515695866,8.396187552095519,1412.0807861615724,17.22010044020088,0.18893913365167797,0.05658938836409785,0.9224854737702755,0.0032023588754226933,8.199107652506497,2896.7960000000003,27.620625000000004,0.1505508318698203,0.062421169035432204,0.8414276804365305,0.0038964023437500005,8.428459131278984,3412.379944570421,30.05026455026455,0.13533859402199722,0.04617768806118732,0.812698782444551,0.002132378874676322,8.539046588778366,3508.8180625,30.766562500000003,0.12424990160316893,0.03904106912118314,0.8069868749107162,0.0015242050781249996,8.583720337385419,2818.607142857143,27.026643990929706,0.135179682361401,0.04636054676795345,0.8452855196378902,0.0021493002966235996,8.494706750338008,3780.254599294355,32.95999243951613,0.13624598530460125,0.06230952267594607,0.7932947531171379,0.0038824766161042377,8.523975991066003,5099.913408,39.599680000000006,0.11278363410059497,0.03867525348333221,0.7201210613093125,0.001495775232,8.709504537294467,4670.791393649193,37.51039566532258,0.1074365026616254,0.034240387489442456,0.7429345158834957,0.0011724041354271672,8.711963659911403,4198.333056,35.564032,0.11090390225606031,0.038560464727489994,0.7695822271789445,0.00148690944,8.667244344364052,4565.328315548781,37.56535823170732,0.1293346103543994,0.06214739054786779,0.7507101912471984,0.0038622981519092063,8.589807317185791,6596.967741935484,47.6164151925078,0.09505363616163709,0.03410312314943539,0.6381424317302509,0.0011630230085455558,8.826946734558,5794.011750508131,43.73901168699187,0.09221913478844944,0.030767482286089665,0.6811280875805223,0.0009466379662248413,8.812381472185542,5459.645096253902,42.84267689906348,0.09277060523977129,0.03380508426097387,0.7004408830958123,0.0011427837218915432,8.784237320976999,freshly_baked_bread_loaf_27.jpg,fresh_bread
319.7348056102362,5.235543799212598,0.6752136992573262,0.4915032161599246,0.9864641066095647,0.24157541149554954,3.9155719478002307,769.9061938123878,9.02256804513609,0.6237677445797762,0.48203321100639596,0.9673200806220453,0.23235601651313664,4.0790810477543324,597.5280511811023,6.992741141732283,0.6546635377181838,0.48998342886574126,0.9746378230262595,0.24008376056302894,3.971784337571995,656.6899993799988,7.3628247256494515,0.6599263631770542,0.48834276151864586,0.9721257259539894,0.23847865272765703,3.9836095965607634,585.2344990079366,7.7100694444444455,0.6400466423762747,0.48247384201382587,0.9752265830392782,0.2327810082275822,4.044322412763937,769.9061938123878,9.02256804513609,0.6237677445797762,0.48203321100639596,0.9673200806220453,0.23235601651313664,4.0790810477543324,1285.0549355158732,11.586557539682541,0.6025934493392817,0.4789866905794254,0.9453083603536734,0.2294282497522302,4.168298793109678,656.6899993799988,7.3628247256494515,0.6599263631770542,0.48834276151864586,0.9721257259539894,0.23847865272765703,3.9836095965607634,839.4594999999999,9.692625000000001,0.6189765326953509,0.4767253348856918,0.9644780980941542,0.227267044921875,4.119604858577128,1649.8904006046864,14.782060972537163,0.5714008349203128,0.46710877230708137,0.9297856192507986,0.21819060516622876,4.286122628016403,2041.3781875000002,16.1619375,0.5653658361306289,0.46781100116660357,0.9128760158085439,0.21884713281249998,4.300057120380716,1439.7173091458803,12.090199042579993,0.6129890081268676,0.47634791222886336,0.9387299548633439,0.2269073334847969,4.176234454547192,1101.3649193548385,11.570816532258064,0.6057806243516919,0.4720379597159139,0.9534163371215905,0.22281983541276276,4.179568267901918,2544.743232,19.866048,0.5397815190848592,0.4578373046225045,0.8914414039765518,0.20961499750399998,4.412027656624787,2804.8810483870966,20.336441532258064,0.5430229632806378,0.45934518315522266,0.8799822685763935,0.21099799728790503,4.395285690058065,2276.123584,16.625728000000002,0.5814128030374444,0.4660070512084554,0.9029013546794322,0.21716257177599999,4.303457331195581,1357.2205284552845,13.201092479674797,0.5948221361563586,0.46851759594889797,0.9426041727226321,0.2195087377137348,4.220887657281761,3481.5209417273672,24.991024973985432,0.5160590195313632,0.44909401547822325,0.85116841023112,0.20168543473835462,4.504561262400303,3551.5929878048782,24.287093495934958,0.5239560583869549,0.4525256931533977,0.8477129532435816,0.20477950296396302,4.4691747729041875,3132.949336628512,21.040777835587928,0.5553629273054902,0.45711560684765457,0.8660610506127742,0.20895467802369952,4.403592646043661,freshly_baked_bread_loaf_28.jpg,fresh_bread
333.81871309055117,6.452817421259843,0.5250958653891531,0.28375278548422406,0.9842222986437495,0.08051564327005607,5.648571613778287,825.2078244156487,10.09814619629239,0.4627932418874389,0.2752924685701914,0.9608645560355964,0.07578594325146983,5.83402526490708,679.9543553149606,8.52632874015748,0.48951389019765656,0.28350484700338124,0.967809415587171,0.0803749982744106,5.725494274468612,852.0531341062681,10.07260214520429,0.46322232318537704,0.27800185331362914,0.9595914184307166,0.07728503044581259,5.838252442658959,661.1803695436506,9.415116567460318,0.4793047744437569,0.27245609367251405,0.9687009260712,0.07423232297928575,5.839967634177063,825.2078244156487,10.09814619629239,0.4627932418874389,0.2752924685701914,0.9608645560355964,0.07578594325146983,5.83402526490708,1348.1862599206352,13.447048611111112,0.42616732335467483,0.27342632570052594,0.9359537729210956,0.07476195558609008,5.947499816456431,852.0531341062681,10.07260214520429,0.46322232318537704,0.27800185331362914,0.9595914184307166,0.07728503044581259,5.838252442658959,1019.3041874999999,11.9870625,0.4545434275240716,0.2629736686260147,0.9516868007822867,0.06915515039062498,5.962105248742342,1679.0374779541446,16.2173721340388,0.3911906925784375,0.2590478467191775,0.9199681454868973,0.06710578688984248,6.08691037294561,2061.0431875,18.472562500000002,0.3845914292987455,0.2617121099903957,0.9017402537260653,0.06849322851562498,6.127306634054049,1766.4077223481986,16.63321995464853,0.39254476875904076,0.26096429530175824,0.915803615046136,0.06810236342234328,6.119148773736553,1398.9457535282259,14.55235635080645,0.43127549325391246,0.25566700929055414,0.9336081818481579,0.0653656196395763,6.060437020682379,2626.849536,22.209664000000004,0.3494128861385958,0.2463528682195521,0.8741747624095252,0.06068973568,6.2834783040568425,2818.8012852822585,23.24054939516129,0.3561888195971037,0.25274203591914374,0.8651793446872245,0.06387853672055374,6.249610818654849,2762.474432,23.042752,0.3481080025927571,0.24541653499306032,0.8676793035581873,0.060229275648,6.334368712101833,1780.497967479675,16.92479674796748,0.4170322743223599,0.2487861371981265,0.9153950950348988,0.06189454206196502,6.14807084071273,3642.8403355879295,28.097749739854315,0.31947490582314947,0.23567533749360514,0.8247025072653016,0.05554286470272468,6.439125235831811,3611.174987296748,27.76213160569106,0.33693525158505855,0.24537621569377274,0.8268318423107481,0.06020948722819689,6.355810432576127,3831.9818548387093,29.26905567117586,0.3183679871260195,0.23098301593524062,0.8155885074358494,0.05335315365053962,6.500451183298741,freshly_baked_bread_loaf_30.jpg,fresh_bread
1193.621493602362,15.307025098425198,0.23638484639239013,0.06274390688842263,0.9299009674964398,0.003936797851623048,8.11698865768394,1925.5475850951707,20.30249860499721,0.21048435651773958,0.054872596694483376,0.8866574826320197,0.0030110018679954283,8.294022125414529,1068.01968503937,14.913631889763778,0.23086529710492992,0.05578213298190981,0.9371398787056455,0.0031116463600114703,8.146127595292526,1234.8410936821874,16.390104780209562,0.21777175015492325,0.05474419609142174,0.927313511495481,0.0029969270056960356,8.219042303931127,2354.6062748015875,22.747891865079367,0.20366961962537894,0.06176620770792528,0.86164150362628,0.0038150644146185677,8.325672102780132,1925.5475850951707,20.30249860499721,0.21048435651773958,0.054872596694483376,0.8866574826320197,0.0030110018679954283,8.294022125414529,2039.3814484126988,21.85069444444445,0.18781724818409845,0.04501951393060156,0.8796824969898175,0.0020267566345476278,8.419955007797054,1234.8410936821874,16.390104780209562,0.21777175015492325,0.05474419609142174,0.927313511495481,0.0029969270056960356,8.219042303931127,3542.7669375,29.7918125,0.1765967690850706,0.06051328302013535,0.7917928237352898,0.003661857421875001,8.48190319362817,3824.6275510204086,31.86186696900983,0.16195772930857066,0.04380700743495732,0.7742090420843709,0.001919053900406406,8.597842434775119,3059.5025625000003,28.4021875,0.1517553345506788,0.03684307410321511,0.8190518989496398,0.0013574121093749996,8.612078214721246,2306.66477702192,24.015495086923657,0.16943143074571432,0.043843558970256616,0.8638185894141657,0.0019222576631783693,8.500591498247438,4638.195249495969,36.029548891129046,0.15967582666864485,0.06021573920379868,0.7273913835286692,0.0036259352478598965,8.586884012409252,5699.681856,42.390336000000005,0.13026500260700474,0.036210315436350456,0.662629817543447,0.001311186944,8.79052061150552,3985.7798639112907,34.14982358870968,0.1325971890590572,0.0322431406754546,0.7637183847054568,0.001039620120617155,8.746139401779708,3370.6418559999993,30.821312,0.13895206423746836,0.03609685105379691,0.8004720091266372,0.0013029826559999994,8.677542051365453,5642.890497967481,41.52997967479675,0.14899722176304941,0.060112997991823895,0.6683251576978636,0.003613572527565024,8.66013858603571,7310.12324401665,51.2016779396462,0.107313218717253,0.03171237479756991,0.5662610441241173,0.001005674715301547,8.914247255335628,4863.378429878049,39.38668699186992,0.11713922192769133,0.03099759440738118,0.7111235524239846,0.000960850859044509,8.830317224911573,4320.70883194589,36.78583506763788,0.11489215432347682,0.031473092063677544,0.7435940303958942,0.0009905555240487223,8.806712454222161,freshly_baked_bread_loaf_7.jpg,fresh_bread
904.4600762795275,13.422920767716535,0.2282866028427017,0.05142249259419633,0.9475894944979734,0.0026442727446001763,8.223244254557205,1923.7991815983628,21.71585343170686,0.157132031249866,0.04295461035077399,0.88776706437129,0.00184509855038682,8.576977545771012,1867.1158956692911,21.05314960629921,0.16651710011208082,0.043488740694679846,0.8912239413618878,0.001891270567209103,8.545642724944859,2307.0478640957285,23.927645855291715,0.1542018689633511,0.04274298171445969,0.865401748955714,0.0018269624858426353,8.611789711765075,1710.560825892857,19.662388392857142,0.18021792239742074,0.04977943710883118,0.9007607635789703,0.002477992358872079,8.455456801954995,1923.7991815983628,21.71585343170686,0.157132031249866,0.04295461035077399,0.88776706437129,0.00184509855038682,8.576977545771012,3801.139260912699,33.5813492063492,0.11298244807787303,0.03532273069693703,0.7770097276721256,0.0012476953038883375,8.857484779173088,2307.0478640957285,23.927645855291715,0.1542018689633511,0.04274298171445969,0.865401748955714,0.0018269624858426353,8.611789711765075,2555.6351249999993,25.363374999999998,0.1575685558515196,0.0486469062158633,0.8515498200315136,0.0023665214843749996,8.607159579434075,3866.7745023935504,34.51851851851852,0.10899278449872225,0.03481878049989693,0.7725153777315457,0.0012123474755000028,8.878407117631173,5608.740625,43.7415,0.08586283622681312,0.029563821323536646,0.6686333845887937,0.00087401953125,9.037481990300321,4513.090450995213,37.32464096749811,0.1068180528052963,0.03467353652214881,0.734452380120398,0.001202254134952787,8.904671483969528,3321.0516633064517,30.36680947580645,0.14150704212109777,0.047661353186651316,0.806893937140783,0.0022716045875827177,8.71265152308392,5790.729088,45.62496,0.08335784533729618,0.028883257434022223,0.6563235583135519,0.0008342425599999999,9.068772791561333,7039.828755040322,51.667338709677416,0.06951844722483075,0.024015034666634818,0.5813988410799426,0.0005767218900396722,9.159593979702993,6306.152832,47.375104,0.08535016403422765,0.028890134509898014,0.6256392709464318,0.0008346398720000002,9.065554990388902,4038.4688770325206,34.814278455284565,0.13096760874127905,0.046808704282300814,0.7650245778032239,0.0021910547965878864,8.772414460192461,7454.979643600416,54.614268990634756,0.06550425840982073,0.02368870706571763,0.5539696930572447,0.0005611548424453803,9.175392962061444,8169.912220528457,58.06478658536586,0.05723446676048399,0.01975018678934521,0.5108313577219383,0.000390069878214026,9.229969571144718,7523.620642559834,54.34735952133195,0.06922454136508079,0.023720557712445814,0.5497113631335488,0.0005626648581894727,9.15991060032115,freshly_baked_bread_loaf_9.jpg,fresh_bread
306.29392224409446,4.674089566929133,0.6604183116558786,0.561863592110837,0.9873877500330606,0.31569069613969303,3.730159618291757,663.5509951019901,7.999131998263995,0.6177497329063738,0.5523978908400162,0.9727431075094976,0.30514342980449843,3.9111120801151213,371.2353592519686,5.772391732283466,0.637325179924736,0.5576989099357742,0.9847377558730994,0.31102807414355077,3.811879791266328,337.78101556203114,5.028830057660116,0.6501557254412054,0.5581426908253903,0.9861248632064942,0.31152326332180713,3.789373710060026,658.9412822420635,7.330915178571429,0.632331210605648,0.5559104460616512,0.9728922550065997,0.30903642404046394,3.8639907862361578,663.5509951019901,7.999131998263995,0.6177497329063738,0.5523978908400162,0.9727431075094976,0.30514342980449843,3.9111120801151213,849.3089037698412,9.650917658730158,0.6029408924069851,0.5474226120801198,0.9651667289315166,0.29967151621662125,3.983525613839295,337.78101556203114,5.028830057660116,0.6501557254412054,0.5581426908253903,0.9861248632064942,0.31152326332180713,3.789373710060026,1036.4024375,9.9246875,0.6096104205805526,0.5499004260005851,0.9574061708157885,0.302390478515625,3.963273207740433,1544.2579365079366,13.71926177878559,0.5835782118796486,0.536834523988124,0.9367720930938349,0.2881913061455557,4.0971885670377475,1404.098625,13.332249999999998,0.5814393619309529,0.5368651647090962,0.942547329449975,0.288224205078125,4.102840688805159,709.9753716301335,7.973859914336105,0.6174066355295762,0.5487261404890967,0.9709308557580663,0.30110037725606,3.949139253546793,1450.5602318548388,12.440272177419354,0.594761478111111,0.5438160352452197,0.9404420152074952,0.2957358801898301,4.035839547607311,2532.569024000001,19.352512000000004,0.554091147852558,0.5207161237526644,0.8966366203864018,0.2711452815360001,4.241202000758975,2011.3087197580646,16.983996975806452,0.5633420105740211,0.5262203081108778,0.9178890314162268,0.2769078126683072,4.1998065936401705,1129.1054719999997,10.838207999999998,0.5932042386876991,0.5387828568022556,0.9539170871869093,0.29028696678399984,4.080943920383936,1890.791793699187,14.897738821138208,0.581724822180624,0.5376278059497739,0.9224379891388301,0.2890436577303678,4.104991262497091,3559.9193548387098,24.95109261186264,0.5339268896753006,0.50428690782829,0.8551464257934676,0.2543052854070183,4.368059528800556,2659.6233485772364,20.556910569105693,0.549701358858853,0.5154041499810711,0.8916623051104542,0.2656414378177104,4.287862763195925,1589.0881893860565,13.682492195629553,0.5723712309406087,0.5285305017241395,0.9353397981757408,0.27934449125277067,4.185196369673031,fresh_baguette_1.jpg,fresh_bread
796.1157111220473,13.697034940944881,0.20179242808956271,0.08962453937010563,0.9436755159709881,0.008032558057303614,8.025103186672956,776.737739475479,14.050654101308204,0.19780530323387183,0.08259336925341702,0.9446242797669023,0.006821664644631292,8.089149927156608,808.8406742125984,13.048843503937007,0.2101037173804809,0.0830188352391724,0.9425188722561096,0.006892127004468853,7.984223021959068,1424.986173972348,18.75441750883502,0.17011418408751403,0.08162246271020634,0.8984163930782276,0.006662226418879026,8.218417661226791,1613.4266493055552,21.217447916666664,0.16220577706231004,0.08840997312166089,0.8855146052431806,0.007816323347372802,8.27800716414971,776.737739475479,14.050654101308204,0.19780530323387183,0.08259336925341702,0.9446242797669023,0.006821664644631292,8.089149927156608,1644.0878596230161,20.65556795634921,0.15753012741474612,0.0742280474229179,0.8822622300206571,0.005509803024218949,8.312624169106162,1424.986173972348,18.75441750883502,0.17011418408751403,0.08162246271020634,0.8984163930782276,0.006662226418879026,8.218417661226791,2436.4515624999995,27.426687499999993,0.14502332270268625,0.08725308912869502,0.8266520420645507,0.007613101562499997,8.413984093057774,1438.3629377676998,19.930839002267575,0.1606622577380212,0.07404434155265503,0.8963327611059343,0.005482564515966236,8.329028001611016,2510.3001875,27.1706875,0.13120083322119452,0.06636639245035848,0.81885650257059,0.004404498046875,8.492788201805956,2991.197341899723,30.990866717057195,0.12339036546054094,0.07248639919832513,0.7844791957924993,0.005254278068738949,8.542578752873055,3242.778351814516,33.035660282258064,0.13351019054577035,0.08689873260269498,0.7687160108443246,0.007551389727954684,8.505818121632977,2055.4548480000003,24.542976000000003,0.1398294336518605,0.06622993546727947,0.8502599833350609,0.004386404352000003,8.449915406344436,3376.4132434475805,33.15165070564517,0.11125275932951517,0.05918020766834119,0.754464828660187,0.00350229697966799,8.623677206377604,4508.489536000001,40.91808,0.1062297328423831,0.06504994757876445,0.6716965499419402,0.004231495680000003,8.698839347399778,4004.19905995935,37.815167682926834,0.12693951851209184,0.08647034935293599,0.7139447268110143,0.007477121317218796,8.560123101507003,2606.8999089490117,28.390543704474503,0.12380142631807309,0.05916302073003074,0.8080305822498057,0.003500263021902047,8.55436548823204,4139.321201727643,38.2875381097561,0.09945721556777407,0.05331576216563817,0.6968542372383512,0.002842570495302895,8.717190283367437,5873.991220083247,49.061199271592095,0.0948982927028072,0.05812031297612272,0.5677150120615084,0.003377970780442459,8.79914627736308,fresh_baguette_11.jpg,fresh_bread
712.1715674212599,12.73480561023622,0.16261310754774355,0.018588395897791123,0.9592067394145021,0.0003455284620530178,8.401909400679829,633.8500217000435,12.100998201996406,0.17136378520761264,0.01924172624726365,0.9637451531247461,0.00037024402897463496,8.360663251999236,597.6609251968504,11.056963582677165,0.19003322149065505,0.020512619656395496,0.9657428540839795,0.0004207675651679429,8.26528285597702,1128.1182962365926,15.548267096534193,0.1440709551439877,0.017590561722418338,0.9354720340070872,0.0003094278617102092,8.494720238697095,1352.428447420635,17.336309523809522,0.12627981930886203,0.016561792667989544,0.9226852727576681,0.00027429297637747224,8.572585234495044,633.8500217000435,12.100998201996406,0.17136378520761264,0.01924172624726365,0.9637451531247461,0.00037024402897463496,8.360663251999236,1163.5347222222222,15.839905753968253,0.14620993698136117,0.017683255639248992,0.9333952320296441,0.0003126975300030313,8.500399921912221,1128.1182962365926,15.548267096534193,0.1440709551439877,0.017590561722418338,0.9354720340070872,0.0003094278617102092,8.494720238697095,2023.5493749999998,21.684874999999998,0.11024125253706546,0.01548581760434366,0.8845195109082142,0.00023981054687500003,8.681932655592117,1154.694570420761,16.105505165028976,0.13560569245547263,0.01701624832177283,0.9341764689658378,0.0002895527069482366,8.526958315742652,1704.7494375,19.409437500000003,0.12541853013831092,0.01640151717448724,0.9025402696275094,0.000269009765625,8.607344224728967,2214.4533887629127,22.551776266061985,0.11287510037103346,0.01560041334994279,0.8737418048287884,0.00024337289668907325,8.691533419412998,2669.243132560484,25.804876512096772,0.09553543024760237,0.014645015913694551,0.847902865697491,0.00021447649111236666,8.77789315166104,1688.1365759999999,19.795199999999998,0.11487544414167772,0.015931629922892383,0.9040688676882435,0.000253816832,8.633439959803814,2203.270980342742,22.44814768145161,0.11406891521295734,0.015702356819385848,0.8742004793618097,0.0002465640096833133,8.681280216394912,3243.4370559999998,28.775295999999997,0.09355174290637658,0.014473129861919985,0.8156119164961572,0.000209471488,8.81740967099328,3286.403518800813,29.408219004065042,0.08939973995015614,0.014139895056281028,0.8130039594302608,0.00019993663220264067,8.837899430138096,2218.2168314255987,23.13527575442248,0.10526134490804026,0.015239422510968728,0.8743235212440854,0.00023223999846782044,8.70681605322315,2675.488694105691,25.321646341463417,0.10497745564637267,0.015064605499467964,0.8474335659201548,0.00022694233885460044,8.744423802395453,4190.827328303851,34.50045525494277,0.07917177618518642,0.013763925483375851,0.7624009637965222,0.00018944564471192317,8.907095744547831,fresh_baguette_12.jpg,fresh_bread
414.40262057086613,6.94408218503937,0.4259766718914081,0.09025014367706875,0.9750054082250577,0.008145088433731554,6.562249660951354,1064.8095976191953,11.20478640957282,0.33962487855841467,0.07733550617341389,0.9355404948805519,0.0059807805150981375,6.852221630630685,893.4782849409451,9.257812500000002,0.4033237525796741,0.08272284328336217,0.9457583832726435,0.006843068800883697,6.65854520841607,1048.2118544237092,10.761671523343047,0.3741843712571367,0.08037435521434723,0.9365456298129013,0.006460036976122066,6.777685086299757,821.4035218253968,11.039930555555555,0.3205461367028117,0.08157653590547434,0.9505850482225082,0.006654731210337144,6.890732549755047,1064.8095976191953,11.20478640957282,0.33962487855841467,0.07733550617341389,0.9355404948805519,0.0059807805150981375,6.852221630630685,1807.3823784722224,16.02325148809524,0.2823676198399822,0.06591209934469423,0.8898529554571623,0.004344404840024843,7.08990003229064,1048.2118544237092,10.761671523343047,0.3741843712571367,0.08037435521434723,0.9365456298129013,0.006460036976122066,6.777685086299757,1228.1070625,14.5421875,0.26435924459375343,0.07721943924216881,0.9263216408865966,0.005962841796875001,7.084981684730684,2155.7871000251953,19.188460569412953,0.22750458926391223,0.061746549692757495,0.8693481796712195,0.0038126363989601708,7.2678684407704495,2735.8223125,22.1993125,0.21336772907603746,0.0552905146984996,0.8325896614680705,0.003057041015625,7.342014005640003,2115.2881078357273,18.265810027714792,0.2699033372217651,0.06446514121951812,0.8718065961309426,0.004155754432452414,7.187803192688106,1634.5794480846773,17.718813004032256,0.2295175864011365,0.07438291109840287,0.9022100875851353,0.005532817463472904,7.226459300278562,3254.233152,26.221504,0.17327112242975576,0.052430649967361645,0.8025615127829661,0.002748973056,7.5019413353213595,3665.311176915323,27.795299899193544,0.16968131394088798,0.04861352098383845,0.7748902708740789,0.002363274422446101,7.520799116285777,3185.0588160000007,24.992511999999998,0.20863533649427138,0.05372513154939688,0.8067747138353745,0.00288638976,7.431250668988642,2028.4180640243903,20.605309959349594,0.2064246670977702,0.07260004393825482,0.8789865039899267,0.005270766379836531,7.317354098687224,4318.091701352758,32.55736212278877,0.1436566715054855,0.046429377079379774,0.7378830748895338,0.002155687055979236,7.657097250614425,4526.890307418699,32.729992378048784,0.14241091900147435,0.0445076115279702,0.7211304231294919,0.001980927483924706,7.645462375039505,4224.173387096775,31.003511966701357,0.17147276611533263,0.04720745977277004,0.7435853917957653,0.0022285442581977018,7.597821825039858,fresh_baguette_15.jpg,fresh_bread
594.9774852362204,11.380536417322833,0.21737466861693672,0.027369772825464277,0.9661514772182205,0.0007491044645175228,8.181884454961033,1074.7756835513674,16.025234050468104,0.1522391490276847,0.022313240811699015,0.9389137052821263,0.0004978807155208706,8.466319937981154,1020.3971456692914,15.661417322834644,0.15211192242702126,0.022425759789101163,0.9419867731241887,0.0005029147021184667,8.460112873131925,1234.3780767561539,17.23715047430095,0.14607102946573203,0.021653715282409773,0.9298389625282454,0.0004688833855316666,8.518849052172946,1079.4618055555554,15.687003968253968,0.17492751649964194,0.024165922340326617,0.9386181947452503,0.0005839918025586971,8.399737057436067,1074.7756835513674,16.025234050468104,0.1522391490276847,0.022313240811699015,0.9389137052821263,0.0004978807155208706,8.466319937981154,2074.4888392857147,23.285218253968257,0.11101476038748759,0.018626233555411435,0.8822262938686487,0.0003469365764607349,8.70158085555251,1234.3780767561539,17.23715047430095,0.14607102946573203,0.021653715282409773,0.9298389625282454,0.0004688833855316666,8.518849052172946,1589.2959999999998,19.447375,0.15050951515413674,0.022533005306105976,0.9096881108075627,0.000507736328125,8.526027056675968,2101.3679138321995,23.467183169564123,0.11209830780731463,0.01906638127802365,0.8808001169694167,0.00036352689503897076,8.679397554991311,3181.022625,30.111875,0.08723979404907042,0.016794658283960408,0.8196775808811387,0.000282060546875,8.835538162524234,2490.592592592593,25.786344167296548,0.10212276819874902,0.01789994461614362,0.8586903950762546,0.0003204080172610089,8.755689689336213,2061.2511970766127,22.510269657258064,0.13872988969178635,0.021300115635653375,0.8829300643878336,0.0004536949260922054,8.600306350019412,3084.524544,29.801215999999997,0.09233632510227349,0.017350080115088807,0.8254228964029606,0.00030102528000000003,8.817614786247606,4215.914755544354,36.023248487903224,0.07621007597698258,0.015898565385137245,0.7614282823831876,0.0002527643813054842,8.919545092988141,3760.85888,33.128448,0.08304313537237135,0.016126603114109305,0.7870383627936705,0.000260067328,8.881599814585941,2483.356072154472,25.220528455284555,0.12401350023863289,0.02040518553812378,0.859052677486076,0.00041637159684525585,8.662193267493667,3897.537591050989,34.66155046826223,0.07986743729111566,0.016706893103695875,0.7799318620582357,0.0002791202771783208,8.883128787017666,5146.891704776423,41.155170223577244,0.06761843371397747,0.01527463714393623,0.7092135507664082,0.00023331453987891632,8.986828109006888,4891.210718002081,39.366935483870975,0.07015409307439986,0.015047465778870062,0.7235876627542096,0.0002264262263662656,8.969665536645667,fresh_baguette_16.jpg,fresh_bread
1052.3897022637796,14.961306594488189,0.2540798404453825,0.1023296949216231,0.9340038617639045,0.010471366462752455,7.9114780885651275,1659.5354950709905,19.349494698989396,0.21608851319520875,0.09367460630124028,0.895333420820339,0.008774931865692365,8.091202454149624,1365.1088828740162,17.42384350393701,0.22758587348765302,0.09537548062417685,0.9141250674307168,0.009096482304292733,8.029200594004081,1884.0975261950525,21.656333312666625,0.2034033123573946,0.09398010209083107,0.8811638475412826,0.00883225958900303,8.176413539374106,2025.1673487103176,22.10460069444445,0.21459013126260507,0.09972471414673244,0.8726614890756977,0.009945018611647496,8.124265982912947,1659.5354950709905,19.349494698989396,0.21608851319520875,0.09367460630124028,0.895333420820339,0.008774931865692365,8.091202454149624,2700.388516865079,26.747643849206348,0.18263210288763165,0.08558108808433099,0.8291462668900642,0.007324122637698019,8.31180084292994,1884.0975261950525,21.656333312666625,0.2034033123573946,0.09398010209083107,0.8811638475412826,0.00883225958900303,8.176413539374106,2981.7936874999996,28.14731249999999,0.19598476499770046,0.09767210371313803,0.8120737463819991,0.009539839843749993,8.257024329941448,3266.2966112370877,29.89537666918619,0.1701787869855667,0.08291191824355196,0.7922176617644936,0.006874386186825444,8.374542786138594,3979.36175,34.204625,0.1586907699045979,0.07745023603902056,0.7466673789921717,0.005998539062499999,8.482156894057677,3587.928949357521,32.511463844797184,0.16160685072001424,0.08337727776863511,0.7717014567818407,0.006951770448108134,8.447595234873567,3825.4609375000005,32.98878528225807,0.18323596524599256,0.09623880879264828,0.7584088644994357,0.009261908317827914,8.347950113627697,4764.937344000001,38.571264000000006,0.14334454336495192,0.07437148356729212,0.69421447083499,0.0055311175680000015,8.549890888624915,5063.548954133064,40.021988407258064,0.14178372236895026,0.0691327229219008,0.6756332555337732,0.004779333378596309,8.60322315779927,5072.040448,40.879360000000005,0.137068773653571,0.07460694144649009,0.6743133637098854,0.005566195712,8.595513253869047,4504.443915142277,36.77394563008131,0.1706060973808291,0.09466601577686184,0.7149806326316588,0.008961654543065056,8.416079844671174,5951.140543704474,45.00617845993756,0.12897987436328978,0.06614809845915672,0.614794512546132,0.00437557092976229,8.655889426995246,5892.925940040651,44.411458333333336,0.13058404373976634,0.062441038910743554,0.6204428096653231,0.003898883340252991,8.673912548521622,6256.4045265348595,47.36589490114465,0.12132906424194603,0.06620305099295805,0.594579631225632,0.004382843960776203,8.704685816083348,fresh_baguette_17.jpg,fresh_bread
3061.6811638779527,30.598486712598422,0.11314167757400484,0.01336145554436416,0.8276996806465435,0.00017852849426401975,9.129057648273717,3451.0498480996966,33.854733709467425,0.07064504124664309,0.012206153856156815,0.8055691067485276,0.00014899019196017187,9.203271681132936,1314.7490772637798,17.5537032480315,0.14317683820571026,0.017439958675331945,0.925973028456848,0.000304152158597286,8.718402404560662,3669.569223138447,35.300018600037205,0.06826864060307444,0.01193643288060339,0.7932583669401709,0.00014247842991314976,9.233637222003203,6420.819940476191,49.7482638888889,0.0747014866753908,0.011172678083917663,0.638308442983348,0.00012482873556685407,9.378939489700793,3451.0498480996966,33.854733709467425,0.07064504124664309,0.012206153856156815,0.8055691067485276,0.00014899019196017187,9.203271681132936,2639.952132936508,27.55208333333333,0.10360463088304517,0.014417889277440631,0.8512602037207068,0.00020787553121653753,9.009593287300566,3669.569223138447,35.300018600037205,0.06826864060307444,0.01193643288060339,0.7932583669401709,0.00014247842991314976,9.233637222003203,9787.5883125,66.33793750000001,0.05751681908150111,0.010241898475136336,0.4484522233854187,0.00010489648437500001,9.49943156536941,7272.04617031998,55.50573192239859,0.04308314016737297,0.010193967409495545,0.5896515343126743,0.00010391697154585731,9.45359997003317,3954.1721875000003,35.566437500000006,0.08078942996188071,0.012979250267253498,0.7772340224637103,0.0001684609375,9.158792094421763,7677.383597883598,57.63945578231293,0.037639737854509234,0.01000034961070034,0.5667858813936557,0.00010000699233623444,9.477898381466897,12661.972530241934,80.14364919354838,0.045972269466323136,0.009744363398713329,0.2866855332584141,9.495261804618398e-05,9.554809337446622,11104.05312,74.33843200000001,0.02979093753641464,0.009333692945453049,0.37324418178459595,8.711782400000001e-05,9.569251083022985,4946.501449092743,41.292905745967744,0.07215528048624717,0.012154962197078767,0.7214310544339789,0.00014774310601241387,9.241853934276838,11596.10944,76.85952,0.028479185479801897,0.009230876881423563,0.3455072074483667,8.5209088e-05,9.584446663621396,14770.347624491871,90.05633892276424,0.036738944140534725,0.00941520101738228,0.16835427138510795,8.864601019771632e-05,9.588292775098601,14228.471449011444,88.94023152965659,0.024036795479699363,0.009088825207220692,0.19723672470475145,8.260674364741027e-05,9.605707125614284,5625.587906504065,45.27210365853659,0.06551498560016863,0.01169527366512592,0.6832259440471715,0.00013677942610218786,9.297612735503876,14727.898998439123,91.5721253902185,0.020604836906321283,0.008981503755027107,0.1692003196325968,8.066740970156603e-05,9.615130499963811,fresh_baguette_2.jpg,fresh_bread
1272.0397391732283,15.40760334645669,0.23203209772137873,0.07608550620052255,0.927009562988043,0.005789004253789757,8.122584607759833,1681.871287742575,17.585963171926345,0.2229615510318096,0.0677843559005855,0.9029578696163806,0.00459471890485724,8.206118323497783,1587.574249507874,16.748708169291337,0.22913852283745695,0.0688886158102733,0.9084367606220906,0.004745641388255435,8.154912743195629,2511.9388058776112,23.61268522537045,0.18831281286496154,0.06786041734418193,0.8550642283916874,0.004605036242126547,8.396656020706063,2687.8519965277774,25.424169146825395,0.17695808412387065,0.07420196507300297,0.8457659376899905,0.005505931620695154,8.438240349397981,1681.871287742575,17.585963171926345,0.2229615510318096,0.0677843559005855,0.9029578696163806,0.00459471890485724,8.206118323497783,3398.276103670635,28.769159226190478,0.1646042342190237,0.059902187440244066,0.8028976833667875,0.003588272060126134,8.537687395551405,2511.9388058776112,23.61268522537045,0.18831281286496154,0.06786041734418193,0.8550642283916874,0.004605036242126547,8.396656020706063,4114.1587500000005,34.14812500000001,0.15153868062276116,0.07301805748409089,0.7640081137816835,0.005331636718750001,8.600436483573622,3418.4062736205597,28.691987906273624,0.1634630751527215,0.058335162552591094,0.8016105011631847,0.0034029911900372266,8.539685214660203,5186.48675,39.406125,0.12746973339634093,0.0520893163230235,0.6973540692182368,0.002713296875000002,8.766389188710974,5268.319349962208,40.55051650289746,0.13129071968740247,0.05823761938720797,0.694261380020162,0.003391620311889302,8.762230119423378,5408.35798891129,41.72278225806452,0.1344709551959832,0.0721006759861796,0.6898274711318587,0.005198507477664056,8.708655478200768,5078.732928,38.471424,0.12703939798357478,0.050208173358527994,0.7035583089300701,0.002520860672,8.753148374954598,6796.9975428427415,48.62191280241936,0.10424795232450751,0.04553119247793921,0.6012448709139357,0.002073089488463148,8.916814434352052,7650.582208,53.945663999999994,0.10240988268269136,0.05013927227234157,0.5533904081614182,0.0025139466240000005,8.939327575110259,6552.543572154473,48.103277439024396,0.12509300222327016,0.07162239216840825,0.6243176737284623,0.005129767059925268,8.77457576593224,6525.862252861603,46.72983870967742,0.1020941363024444,0.04436809195315189,0.6171008506015877,0.001968527583563341,8.893916372668846,8125.117505081302,56.2172256097561,0.08861800959954473,0.03883742746287763,0.520629392770672,0.001508345771934282,9.017201528137647,9474.166428199791,63.91551768990635,0.08375901201449304,0.043949946060726094,0.4439249351326511,0.001931597758740733,9.046393428575323,fresh_baguette_25.jpg,fresh_bread
414.40262057086613,6.94408218503937,0.4259766718914081,0.09025014367706875,0.9750054082250577,0.008145088433731554,6.562249660951354,1064.8095976191953,11.20478640957282,0.33962487855841467,0.07733550617341389,0.9355404948805519,0.0059807805150981375,6.852221630630685,893.4782849409451,9.257812500000002,0.4033237525796741,0.08272284328336217,0.9457583832726435,0.006843068800883697,6.65854520841607,1048.2118544237092,10.761671523343047,0.3741843712571367,0.08037435521434723,0.9365456298129013,0.006460036976122066,6.777685086299757,821.4035218253968,11.039930555555555,0.3205461367028117,0.08157653590547434,0.9505850482225082,0.006654731210337144,6.890732549755047,1064.8095976191953,11.20478640957282,0.33962487855841467,0.07733550617341389,0.9355404948805519,0.0059807805150981375,6.852221630630685,1807.3823784722224,16.02325148809524,0.2823676198399822,0.06591209934469423,0.8898529554571623,0.004344404840024843,7.08990003229064,1048.2118544237092,10.761671523343047,0.3741843712571367,0.08037435521434723,0.9365456298129013,0.006460036976122066,6.777685086299757,1228.1070625,14.5421875,0.26435924459375343,0.07721943924216881,0.9263216408865966,0.005962841796875001,7.084981684730684,2155.7871000251953,19.188460569412953,0.22750458926391223,0.061746549692757495,0.8693481796712195,0.0038126363989601708,7.2678684407704495,2735.8223125,22.1993125,0.21336772907603746,0.0552905146984996,0.8325896614680705,0.003057041015625,7.342014005640003,2115.2881078357273,18.265810027714792,0.2699033372217651,0.06446514121951812,0.8718065961309426,0.004155754432452414,7.187803192688106,1634.5794480846773,17.718813004032256,0.2295175864011365,0.07438291109840287,0.9022100875851353,0.005532817463472904,7.226459300278562,3254.233152,26.221504,0.17327112242975576,0.052430649967361645,0.8025615127829661,0.002748973056,7.5019413353213595,3665.311176915323,27.795299899193544,0.16968131394088798,0.04861352098383845,0.7748902708740789,0.002363274422446101,7.520799116285777,3185.0588160000007,24.992511999999998,0.20863533649427138,0.05372513154939688,0.8067747138353745,0.00288638976,7.431250668988642,2028.4180640243903,20.605309959349594,0.2064246670977702,0.07260004393825482,0.8789865039899267,0.005270766379836531,7.317354098687224,4318.091701352758,32.55736212278877,0.1436566715054855,0.046429377079379774,0.7378830748895338,0.002155687055979236,7.657097250614425,4526.890307418699,32.729992378048784,0.14241091900147435,0.0445076115279702,0.7211304231294919,0.001980927483924706,7.645462375039505,4224.173387096775,31.003511966701357,0.17147276611533263,0.04720745977277004,0.7435853917957653,0.0022285442581977018,7.597821825039858,fresh_baguette_27.jpg,fresh_bread
594.9774852362204,11.380536417322833,0.21737466861693672,0.027369772825464277,0.9661514772182205,0.0007491044645175228,8.181884454961033,1074.7756835513674,16.025234050468104,0.1522391490276847,0.022313240811699015,0.9389137052821263,0.0004978807155208706,8.466319937981154,1020.3971456692914,15.661417322834644,0.15211192242702126,0.022425759789101163,0.9419867731241887,0.0005029147021184667,8.460112873131925,1234.3780767561539,17.23715047430095,0.14607102946573203,0.021653715282409773,0.9298389625282454,0.0004688833855316666,8.518849052172946,1079.4618055555554,15.687003968253968,0.17492751649964194,0.024165922340326617,0.9386181947452503,0.0005839918025586971,8.399737057436067,1074.7756835513674,16.025234050468104,0.1522391490276847,0.022313240811699015,0.9389137052821263,0.0004978807155208706,8.466319937981154,2074.4888392857147,23.285218253968257,0.11101476038748759,0.018626233555411435,0.8822262938686487,0.0003469365764607349,8.70158085555251,1234.3780767561539,17.23715047430095,0.14607102946573203,0.021653715282409773,0.9298389625282454,0.0004688833855316666,8.518849052172946,1589.2959999999998,19.447375,0.15050951515413674,0.022533005306105976,0.9096881108075627,0.000507736328125,8.526027056675968,2101.3679138321995,23.467183169564123,0.11209830780731463,0.01906638127802365,0.8808001169694167,0.00036352689503897076,8.679397554991311,3181.022625,30.111875,0.08723979404907042,0.016794658283960408,0.8196775808811387,0.000282060546875,8.835538162524234,2490.592592592593,25.786344167296548,0.10212276819874902,0.01789994461614362,0.8586903950762546,0.0003204080172610089,8.755689689336213,2061.2511970766127,22.510269657258064,0.13872988969178635,0.021300115635653375,0.8829300643878336,0.0004536949260922054,8.600306350019412,3084.524544,29.801215999999997,0.09233632510227349,0.017350080115088807,0.8254228964029606,0.00030102528000000003,8.817614786247606,4215.914755544354,36.023248487903224,0.07621007597698258,0.015898565385137245,0.7614282823831876,0.0002527643813054842,8.919545092988141,3760.85888,33.128448,0.08304313537237135,0.016126603114109305,0.7870383627936705,0.000260067328,8.881599814585941,2483.356072154472,25.220528455284555,0.12401350023863289,0.02040518553812378,0.859052677486076,0.00041637159684525585,8.662193267493667,3897.537591050989,34.66155046826223,0.07986743729111566,0.016706893103695875,0.7799318620582357,0.0002791202771783208,8.883128787017666,5146.891704776423,41.155170223577244,0.06761843371397747,0.01527463714393623,0.7092135507664082,0.00023331453987891632,8.986828109006888,4891.210718002081,39.366935483870975,0.07015409307439986,0.015047465778870062,0.7235876627542096,0.0002264262263662656,8.969665536645667,fresh_baguette_29.jpg,fresh_bread
845.2314222440946,10.47896161417323,0.2907868445927224,0.025796634621364556,0.9528207033741537,0.0006654663577881845,7.995193193779043,1877.5880091760187,19.113336226672455,0.1753709164969011,0.019062240358220656,0.895188760947201,0.0003633690074745764,8.49616190013636,1244.0579478346456,14.284202755905515,0.22720964929353987,0.02198570597082347,0.9304996044549335,0.0004833712670355028,8.272912547850812,1309.0479880959765,14.353462706925415,0.23209418148780167,0.022183484947727424,0.9269284551944347,0.0004921070044260492,8.246198224107069,1905.2327008928569,18.605716765873016,0.1974051807374145,0.020398504576714594,0.8937515636197364,0.0004160989889662462,8.426804836860619,1877.5880091760187,19.113336226672455,0.1753709164969011,0.019062240358220656,0.895188760947201,0.0003633690074745764,8.49616190013636,2679.7526661706347,24.465215773809522,0.14793350162183982,0.017167039037592705,0.8504883269437377,0.0002947072293182319,8.676169921900131,1309.0479880959765,14.353462706925415,0.23209418148780167,0.022183484947727424,0.9269284551944347,0.0004921070044260492,8.246198224107069,3008.23725,25.884625,0.15156363055844876,0.017739763773793608,0.8324208302064409,0.00031469921875,8.6657989712081,4014.7004283194756,32.935500125976304,0.1070430059531394,0.014901259704354516,0.776377000814821,0.00022204754077661962,8.879963704981503,4126.587750000001,33.294250000000005,0.10947754282775851,0.014867710924180629,0.7700523649487079,0.000221048828125,8.885821595303671,2774.122134038801,24.49766943814563,0.1549418218716519,0.01754969232593167,0.8454990188130015,0.00030799170073486496,8.633220409020945,4068.541897681452,32.44373739919355,0.12525105108174156,0.01609503331314949,0.773577108052754,0.00025905009735139185,8.821141399662913,6024.021119999999,44.267648,0.07763105389642308,0.013020815335454228,0.66521368310751,0.00016954163200000002,9.059928930847924,5441.57365171371,40.77690272177419,0.08631828915053034,0.01358675783777763,0.697163452908925,0.00018459998854241185,9.013076580073575,4212.415104,33.218688,0.11585867080659418,0.01510806724898986,0.7659647282287022,0.00022825369600000002,8.848966069713057,5047.224085365855,38.20045731707317,0.10643947948967941,0.014968425738740512,0.7193634484864257,0.00022405376909618945,8.936909617282064,7793.1344953173775,53.8509365244537,0.06280339755099865,0.01192784616848118,0.567839848945072,0.00014227351421895116,9.172786629083474,6639.976435467481,47.36248729674797,0.07202793070527963,0.01281738615521796,0.6309881988431036,0.00016428538785197305,9.097211019632535,5453.123764308013,40.31210978147763,0.09457396501945194,0.013662757331902428,0.6977685151449435,0.00018667093791045357,8.985645805875889,fresh_baguette_3.jpg,fresh_bread
1052.3897022637796,14.961306594488189,0.2540798404453825,0.1023296949216231,0.9340038617639045,0.010471366462752455,7.9114780885651275,1659.5354950709905,19.349494698989396,0.21608851319520875,0.09367460630124028,0.895333420820339,0.008774931865692365,8.091202454149624,1365.1088828740162,17.42384350393701,0.22758587348765302,0.09537548062417685,0.9141250674307168,0.009096482304292733,8.029200594004081,1884.0975261950525,21.656333312666625,0.2034033123573946,0.09398010209083107,0.8811638475412826,0.00883225958900303,8.176413539374106,2025.1673487103176,22.10460069444445,0.21459013126260507,0.09972471414673244,0.8726614890756977,0.009945018611647496,8.124265982912947,1659.5354950709905,19.349494698989396,0.21608851319520875,0.09367460630124028,0.895333420820339,0.008774931865692365,8.091202454149624,2700.388516865079,26.747643849206348,0.18263210288763165,0.08558108808433099,0.8291462668900642,0.007324122637698019,8.31180084292994,1884.0975261950525,21.656333312666625,0.2034033123573946,0.09398010209083107,0.8811638475412826,0.00883225958900303,8.176413539374106,2981.7936874999996,28.14731249999999,0.19598476499770046,0.09767210371313803,0.8120737463819991,0.009539839843749993,8.257024329941448,3266.2966112370877,29.89537666918619,0.1701787869855667,0.08291191824355196,0.7922176617644936,0.006874386186825444,8.374542786138594,3979.36175,34.204625,0.1586907699045979,0.07745023603902056,0.7466673789921717,0.005998539062499999,8.482156894057677,3587.928949357521,32.511463844797184,0.16160685072001424,0.08337727776863511,0.7717014567818407,0.006951770448108134,8.447595234873567,3825.4609375000005,32.98878528225807,0.18323596524599256,0.09623880879264828,0.7584088644994357,0.009261908317827914,8.347950113627697,4764.937344000001,38.571264000000006,0.14334454336495192,0.07437148356729212,0.69421447083499,0.0055311175680000015,8.549890888624915,5063.548954133064,40.021988407258064,0.14178372236895026,0.0691327229219008,0.6756332555337732,0.004779333378596309,8.60322315779927,5072.040448,40.879360000000005,0.137068773653571,0.07460694144649009,0.6743133637098854,0.005566195712,8.595513253869047,4504.443915142277,36.77394563008131,0.1706060973808291,0.09466601577686184,0.7149806326316588,0.008961654543065056,8.416079844671174,5951.140543704474,45.00617845993756,0.12897987436328978,0.06614809845915672,0.614794512546132,0.00437557092976229,8.655889426995246,5892.925940040651,44.411458333333336,0.13058404373976634,0.062441038910743554,0.6204428096653231,0.003898883340252991,8.673912548521622,6256.4045265348595,47.36589490114465,0.12132906424194603,0.06620305099295805,0.594579631225632,0.004382843960776203,8.704685816083348,fresh_baguette_30.jpg,fresh_bread
831.2624261811025,12.27436023622047,0.17411819468226192,0.026078578211477313,0.9564109906283222,0.0006800922415321393,8.344525189889314,1182.5968751937503,15.02219604439209,0.1523887752559066,0.023750134615898928,0.9379378125024619,0.0005640688942733205,8.45921708058266,710.5673597440946,10.39376230314961,0.2195677673772951,0.029172250439291367,0.9626991469360456,0.0008510201956927353,8.176926663827652,967.4588009176019,13.120156240312483,0.17158591947231372,0.026084631866855182,0.9492315525172506,0.0006804080196293569,8.366547510295032,1771.5747147817463,19.582403273809526,0.12449444073550334,0.020647600723836722,0.9070677213026154,0.00042632341565098275,8.632127363521239,1182.5968751937503,15.02219604439209,0.1523887752559066,0.023750134615898928,0.9379378125024619,0.0005640688942733205,8.45921708058266,1544.980034722222,17.414806547619044,0.15565401962396322,0.023525174967826808,0.918827162561143,0.0005534338572668651,8.533720518543383,967.4588009176019,13.120156240312483,0.17158591947231372,0.026084631866855182,0.9492315525172506,0.0006804080196293569,8.366547510295032,2718.5203125,25.8470625,0.10085917048013163,0.017526820964595947,0.857285121598235,0.00030718945312499995,8.798411732208027,2457.1554547745027,24.270219198790628,0.105156699179611,0.018018797294813444,0.8708683318248207,0.0003246770559515763,8.761253473304759,2358.678875,23.25875,0.12450468451411334,0.019899797816183964,0.8759635113192056,0.00039600195312500003,8.719638311277164,1979.8671579743009,20.59366339128244,0.12184136383072511,0.021163458762278802,0.8959783458072426,0.0004478919867826754,8.637159042868221,3609.1154863911297,31.353263608870975,0.0867791196520185,0.015545662464677312,0.8103415144076564,0.00024166762146567709,8.914656445717451,3681.98496,31.969472,0.0834146737737059,0.015300886248841928,0.8061382651047753,0.00023411711999999998,8.922781151050918,3082.531628024193,28.085055443548384,0.10349421784934543,0.017283442701110756,0.8377819146741294,0.0002987173916025787,8.833494155958498,2799.2259839999997,26.163967999999997,0.09675426829183977,0.018121156695972807,0.852692732892157,0.00032837632000000004,8.786645252734242,4411.332253556911,36.1953125,0.07488021661115267,0.014216011778654336,0.7679521139134293,0.00020209499089083883,8.992584359654693,4808.420135275755,38.46266909469303,0.07229538755848347,0.013667709737250962,0.746342942021333,0.00018680628946174478,9.016683569264885,3729.534425813008,32.255208333333336,0.08757425178935904,0.015625580930604555,0.8036228060933779,0.0002441587794188727,8.91807711456891,3514.615439646202,30.71286420395422,0.08569717376699161,0.01605978239956441,0.814747128554434,0.00025791661072135886,8.886689805208652,fresh_baguette_4.jpg,fresh_bread
539.5898129921259,9.469242125984252,0.24967611046053856,0.06091792434063546,0.9686832357408206,0.003710993505971387,7.916854559558187,773.1395002790005,12.821811643623285,0.18537528071580145,0.05145496711148469,0.9549163873402192,0.0026476136404439705,8.22223088844457,733.0270054133857,12.01814714566929,0.19678889166693064,0.051915756249300705,0.9573386793479786,0.0026952457469368056,8.152225037006172,967.3744187488376,14.162192324384648,0.18568495300477095,0.0510484149582752,0.9435911039131726,0.002605940669752255,8.248451097131133,1024.466951884921,14.466083829365083,0.19171064830869716,0.058719542078499394,0.9404134283786051,0.003447984621908661,8.216985742080253,773.1395002790005,12.821811643623285,0.18537528071580145,0.05145496711148469,0.9549163873402192,0.0026476136404439705,8.22223088844457,1401.0790550595236,18.281808035714285,0.14143603323237666,0.042965573633141144,0.9180755425569285,0.0018460405176248733,8.46149836916338,967.3744187488376,14.162192324384648,0.18568495300477095,0.0510484149582752,0.9435911039131726,0.002605940669752255,8.248451097131133,1507.17,18.558500000000002,0.1675317157867234,0.05753609600720229,0.9121434768819635,0.0033104023437499994,8.374099196571889,1421.7625346434872,18.799193751574705,0.1396108850199282,0.04269036073907454,0.91650919305802,0.0018224669000323171,8.497427540012968,2082.3799375,23.4783125,0.11789260539080723,0.036423185438673525,0.8776669998544824,0.0013266484374999993,8.642872996339165,1873.257747543462,21.858276643990934,0.12866353303111835,0.04199269861846996,0.8899970529176588,0.0017633867372616485,8.55960856597226,1961.625378024194,22.136214717741936,0.15113475266027449,0.05663517583520039,0.8854188065844955,0.0032075431418840663,8.483690473306355,2059.773184,23.83744,0.11525354417244572,0.03615864068241505,0.8781703173378886,0.0013074472960000003,8.658828141237088,2663.2645539314526,27.638797883064523,0.09837324062919625,0.030730503334680217,0.8429505882848976,0.000944363835202792,8.759218979451578,2704.58496,28.105984,0.100320037845822,0.03524503301175926,0.8400373041692848,0.0012422123520000002,8.733290959820998,2385.4679878048782,25.289126016260163,0.1390368883714944,0.056266695642970196,0.8603920032767053,0.003165941038578641,8.563737431121702,2573.349830905307,27.91434703433923,0.09322036737774922,0.030634673891285522,0.8468559313455889,0.0009384832444254108,8.76206537111944,3200.010924796748,31.386686991869922,0.08485792397235037,0.025897542947725175,0.8104905428566669,0.0006706827307292699,8.843378322409864,3366.261121227888,32.645746618106145,0.08503721855403373,0.030012493561298956,0.7996793642769298,0.0009007497697670114,8.835494243911803,fresh_baguette_8.jpg,fresh_bread
1523.1400713582677,16.690268208661415,0.23716289860871984,0.06290534943395643,0.9120959699700805,0.003957082987408162,8.167335094015405,2398.1347262694526,23.575609151218305,0.17737893695925006,0.05441038121486096,0.8619673662486353,0.0029604895839464946,8.425100039865523,1433.2673474409448,16.86724901574803,0.21648852197043617,0.05613946511167683,0.917442306943141,0.00315163954302518,8.210886318473314,2058.220658441317,20.637423274846554,0.19636462984869218,0.05472163398343407,0.8815292326292984,0.002994457225816926,8.329034190749685,3243.0806051587297,27.697544642857142,0.18148973266714266,0.061435999214109464,0.8130256962681617,0.0037743819994360585,8.462953585939438,2398.1347262694526,23.575609151218305,0.17737893695925006,0.05441038121486096,0.8619673662486353,0.0029604895839464946,8.425100039865523,3010.140376984127,28.007936507936506,0.15107507662821879,0.04487611895658913,0.8270955833060292,0.002013866052605938,8.569392184079483,2058.220658441317,20.637423274846554,0.19636462984869218,0.05472163398343407,0.8815292326292984,0.002994457225816926,8.329034190749685,4962.6583125,37.30431250000001,0.16060262034831713,0.06053375865994114,0.714134263334007,0.0036643359374999994,8.628402209936816,4891.848828420258,38.70093222474175,0.12340032024191941,0.04381782896078656,0.719499734570883,0.0019200021348367454,8.771775054693503,4558.5962500000005,37.453875,0.11806077796561198,0.03703569329882998,0.7389520623464343,0.001371642578125,8.780549092454773,4298.8011463844805,34.55284706475184,0.13997280782409655,0.044098683895920414,0.7534795225460055,0.0019446939213523104,8.671564648578784,6488.490360383066,45.573399697580655,0.1488178594799154,0.06036240060136567,0.6265790927937959,0.003643619406359751,8.731283863068398,7193.26016,51.315968,0.09607103980995794,0.03625005423444219,0.5891483822554502,0.0013140664320000002,8.958903750436587,5915.078314012098,45.21452872983871,0.09948664474820641,0.03230451500458982,0.6623722746588374,0.001043581689681769,8.910441342941667,6400.427328,46.13983999999999,0.11405152067179564,0.03676503382291386,0.6343448104223811,0.0013516677119999997,8.862121953152498,7692.102070630082,51.892085873983746,0.1339071925820208,0.06017968730019377,0.5577509913641039,0.003621594763549103,8.801846563602437,9177.645226326744,61.694914151925076,0.080807582580621,0.032057381162383394,0.47798526776321676,0.0010276756869903338,9.05584699308978,7081.373348577237,51.53417174796748,0.08997059250489547,0.029900039134225294,0.597124655820573,0.0008940123402282041,9.000341903883411,8045.485041623309,54.84976586888658,0.09302452675456417,0.03207508957275702,0.5421526369732267,0.0010288113711003862,8.982611322746727,fresh_baguette_9.jpg,fresh_bread
1655.6666461614177,22.741203248031496,0.12307343215017247,0.018817485328649675,0.905889997651551,0.00035409775409394576,8.894181226448872,2256.3011346022695,26.98883997767996,0.10486386317401067,0.017834656551182163,0.8716583341033434,0.0003180749742986249,8.972618536170824,1403.903481791339,21.094549704724415,0.12770215926962014,0.01997330229835685,0.9202606105685435,0.00039893280470154705,8.83874130786912,1901.986173972348,24.735879471758945,0.10870151302658611,0.01781368331670865,0.8918131634039241,0.000317327313307984,8.933450952789874,3032.152591765873,31.72439236111111,0.09925792669127828,0.016536645483359588,0.8273952278595518,0.000273460643842317,9.057656404057656,2256.3011346022695,26.98883997767996,0.10486386317401067,0.017834656551182163,0.8716583341033434,0.0003180749742986249,8.972618536170824,2399.2726314484125,27.937313988095237,0.09585358021350561,0.017201603918551224,0.8636314152310572,0.0002958951773707168,8.997363269303662,1901.986173972348,24.735879471758945,0.10870151302658611,0.01781368331670865,0.8918131634039241,0.000317327313307984,8.933450952789874,4475.1078125,40.13006250000001,0.08174829727333602,0.014896518049530903,0.7449668079311466,0.00022190625,9.175853710461212,4065.4552784076595,37.747669438145635,0.08081394572637443,0.01518289018186223,0.768236536820908,0.00023052015427448846,9.14612100454728,3452.4374374999993,33.994562499999994,0.08395920156675934,0.015843842455351538,0.803671173096617,0.0002510273437499999,9.09263802219839,3356.5438397581256,34.04522549760645,0.08231018840176524,0.015339847465902216,0.8086461606361313,0.00023531092027714664,9.10527648179033,5713.677734375,46.981917842741936,0.07191555598145288,0.013855158273592197,0.6741006544907838,0.00019196541078629031,9.254342733517502,5837.064,47.581632,0.06604295396583691,0.013733555985250142,0.6666203148921533,0.00018861056,9.272327187736941,4364.623991935483,39.07938508064516,0.07813242630372015,0.01499145168965607,0.7517073348324869,0.00022474362376329182,9.156649358415727,4851.243456,42.63328,0.06716201940904665,0.01378223320075524,0.7229355490683185,0.000189949952,9.213088139848796,6813.695185467481,53.19886941056911,0.06328792408383185,0.012873995437293007,0.611030497769219,0.00016573975851944114,9.318810371596939,7275.5016909469305,55.48881373569199,0.054154185415141665,0.012602642023332533,0.5838582185380412,0.0001588265859682671,9.33658546829885,5177.345591971545,43.78398119918699,0.07000421809369124,0.014134044901412117,0.7053859148559577,0.00019977122527513387,9.215466244544764,6036.961823621228,49.18945109261187,0.056954360003757254,0.012723058814935068,0.6547371876455206,0.00016187622560829694,9.282581336594095,fresh_bread_1.jpg,fresh_bread
1016.8072711614172,13.66246309055118,0.20408341850589995,0.01993328567195002,0.9447893811688638,0.0003973358776795679,8.410174330662777,1573.224192448385,18.52917105834212,0.1433915884983163,0.016811068093577856,0.9144585531875649,0.00028261201044691136,8.645251127782167,1022.7030634842521,13.021838090551181,0.24823637140281501,0.02259182073323102,0.9443666197103945,0.000510390364042447,8.26549790942803,1439.0293260586523,17.61411122822246,0.15126821016397807,0.017325901094782752,0.9217563889758816,0.00030018684874619423,8.613934281856418,2114.5915798611113,22.343439980158728,0.13445221375635513,0.016011376816686962,0.8852736720753356,0.00025636418756594067,8.7470965746038,1573.224192448385,18.52917105834212,0.1433915884983163,0.016811068093577856,0.9144585531875649,0.00028261201044691136,8.645251127782167,2165.7903025793657,21.493427579365086,0.1652167164923938,0.01750286472495882,0.8820089966940466,0.0003063502735802077,8.642747315302328,1439.0293260586523,17.61411122822246,0.15126821016397807,0.017325901094782752,0.9217563889758816,0.00030018684874619423,8.613934281856418,3230.9961875,29.4953125,0.10657417768537905,0.014609299799271695,0.8248441613496895,0.000213431640625,8.901427995727929,3253.332577475435,30.04950869236584,0.08906879691484604,0.01357201154872044,0.8229783789176889,0.00018419949747860103,8.956270421712457,3265.8805625,28.2445625,0.12842210690646427,0.015317091148452438,0.8217836941262446,0.00023461328125,8.831157975893863,2879.1199924414213,27.919942050894434,0.09414517692478205,0.013906766876399143,0.8433514374951018,0.00019339816495451238,8.927340114818257,4241.644342237903,35.556010584677416,0.09141694683617174,0.013681815571010966,0.7702410626862987,0.0001871920773191581,8.997689599980674,4749.88384,38.981184,0.06813780040708017,0.012477948549340952,0.7413158988972411,0.0001556992,9.093700058136413,4168.7351940524195,33.718686995967744,0.10803517476403943,0.01416175929300763,0.7720999042115405,0.00020055542627308797,8.944277638126746,4128.718656,35.674304,0.07023019461413507,0.012675070335110571,0.775193523306632,0.000160657408,9.058113719602378,5113.966145833334,40.60041920731708,0.08235137757946248,0.013144413429721261,0.7231591221084115,0.00017277560441143663,9.056335342273593,5903.1122528616015,45.71761186264307,0.058638594899071556,0.01194866135583181,0.6781561298916927,0.00014277050819634846,9.163994741189544,4867.3318089430895,38.08384146341464,0.0938729567125243,0.013419303823729642,0.7334051095063209,0.00018007771511356502,9.02675768639173,5005.370317377731,41.13891779396462,0.06084927791924904,0.012027606372276919,0.7272159728727515,0.00014466331504643635,9.139764472748329,fresh_bread_12.jpg,fresh_bread
1201.6261687992128,14.524175688976381,0.19546269754426496,0.020814287642925026,0.9357210195055092,0.0004332345700824215,8.31799997906209,1372.6587513175027,16.55471510943022,0.15903480083821459,0.01870524320994236,0.9264486370014161,0.0003498861235430947,8.45652612927378,827.310346948819,11.638841043307085,0.21801912763754705,0.02263587282683539,0.9556427363946325,0.0005123827386326647,8.170695454949863,1641.2480624961252,17.92770785541571,0.15980986032074934,0.018879012306447524,0.9120537596919969,0.00035641710566699706,8.470866198627736,2498.775731646825,23.577318948412696,0.13455062675292756,0.01689610979136968,0.8664124631296871,0.0002854785260820184,8.64435479106323,1372.6587513175027,16.55471510943022,0.15903480083821459,0.01870524320994236,0.9264486370014161,0.0003498861235430947,8.45652612927378,1702.8579489087301,18.717943948412696,0.14172821852340434,0.018339658626495517,0.9085618768264704,0.0003363430785363914,8.515730154070209,1641.2480624961252,17.92770785541571,0.15980986032074934,0.018879012306447524,0.9120537596919969,0.00035641710566699706,8.470866198627736,3819.9624375000003,31.762812500000003,0.10307568105262382,0.015016982573906119,0.7958802833956723,0.00022550976562500002,8.82908214650196,2965.54119425548,27.378054925673972,0.1015827026551556,0.015120241455075066,0.8409740744402199,0.00022862170165977052,8.780692294794047,2611.1952499999998,24.922375000000002,0.11426000928690122,0.016209083101767354,0.8595993277936752,0.00026273437499999995,8.707608204263945,3390.1870118417737,29.74622071050642,0.10278915095945568,0.015293415858847128,0.8181812398769949,0.00023388856863163686,8.810530756502738,5107.6875,39.15751008064516,0.0844041601206919,0.013911270348461876,0.7271372430814612,0.00019352344270799458,8.947668053022724,4586.7555839999995,36.888064,0.07754252599680592,0.013576223922726083,0.7538737443589081,0.00018431385600000002,8.949947761572485,3501.7271295362902,30.591922883064516,0.09645833402711182,0.014876891738453418,0.8115561699226729,0.00022132190779766356,8.840755528865664,5177.617664000001,40.29952,0.0775900165448828,0.013601317583234357,0.7221113493751321,0.00018499584000000006,8.985773917158106,6345.87093495935,45.92543191056912,0.0748331783970814,0.013171930914208893,0.6609738691316884,0.00017349976400869192,9.03620975484889,6156.926573881374,45.36569979188346,0.06189547526955558,0.012594164692483012,0.6694976774615465,0.0001586129843013857,9.065310263418928,4336.454903455286,35.539761178861795,0.0822323600962048,0.014023650927365454,0.7664597018502894,0.00019666278533259795,8.929392268016109,6856.735952133195,49.49167533818939,0.06455521707615501,0.012532384896639376,0.631823653941745,0.00015706067119751474,9.102311587810025,fresh_bread_15.jpg,fresh_bread
1018.3884719488192,11.792753444881892,0.2442723111373174,0.02294797138356951,0.9450772732686181,0.0005266093906211252,8.089988658929084,1432.0931241862481,15.226858453716904,0.20283683527867893,0.020784842266347463,0.9226944338811326,0.000432009668036944,8.27863745102963,727.0147637795276,9.361343503937007,0.2770516604159288,0.02558160321587876,0.9608153454767298,0.0006544184230946586,7.903099933737391,1269.6598673197345,13.635067270134538,0.21641559870406105,0.021463105102889464,0.9314591343251097,0.0004606648806576798,8.184375138231655,2230.8256448412694,20.647321428571427,0.16241285108600062,0.01828502175030556,0.879492613089076,0.0003343420204091474,8.491088034423871,1432.0931241862481,15.226858453716904,0.20283683527867893,0.020784842266347463,0.9226944338811326,0.000432009668036944,8.27863745102963,1624.2410094246034,16.685825892857146,0.1846110189944764,0.02013358692803971,0.9123893552920708,0.0004053613225889315,8.34107042935887,1269.6598673197345,13.635067270134538,0.21641559870406105,0.021463105102889464,0.9314591343251097,0.0004606648806576798,8.184375138231655,3493.5725,28.686750000000004,0.126915833876608,0.015908920453632295,0.8110133457934985,0.00025309375,8.729628709865564,3146.2525195263297,27.13788107835727,0.13159687062784858,0.016313872181105825,0.8297577868124087,0.00026614242554145854,8.686958181527581,2555.8256249999995,23.349625000000003,0.14098175411351732,0.017454684632642322,0.8620177469418087,0.000304666015625,8.581084766078032,2742.4001637692118,23.94690098261527,0.13760300374958645,0.01689826840397704,0.8515788454539196,0.0002855514750528488,8.594641894208335,4664.806955645161,35.57484879032258,0.1056071225802443,0.014627183625009454,0.7473862332298866,0.00021395450079974472,8.858182448583682,4900.256704,37.81216,0.09346272797471522,0.014045193341495872,0.7342473636977315,0.00019726745600000001,8.913881067577599,3490.758127520161,29.55563256048387,0.11440352512554122,0.015585509062617086,0.8113591876127014,0.0002429080927409193,8.752692418346102,4181.087616,32.935936,0.0998480380521684,0.014839790834105446,0.7731436640449378,0.00022021939200000002,8.813103729107539,5724.9047256097565,41.48462906504065,0.08762492713619394,0.013725245104150111,0.6897653161614625,0.0001883823531689966,8.95626432285166,6492.666493236213,46.937304890738815,0.06986786906696534,0.01263624343038017,0.6471349061305752,0.00015967464803182604,9.051877352890518,4404.098767784553,35.35727896341464,0.09471309895145837,0.014387519532628668,0.7617660943974729,0.00020700071830177143,8.873982443536502,5498.425338189386,40.69250780437046,0.0820113992016263,0.0137139744562658,0.7010423604422784,0.00018807309538711083,8.941211015188966,fresh_bread_16.jpg,fresh_bread
1240.8770300196852,16.971395177165352,0.18550517893035084,0.06479351855541354,0.9322772408674295,0.004198200046790719,8.335581939271963,2424.3516027032056,24.545787091574187,0.14855050046930846,0.05544260339771926,0.8678384170783068,0.0030738822715167913,8.56695417878905,1662.5004306102362,19.63527312992126,0.17015943499201158,0.05615129377629683,0.9095071715614309,0.0031529677927519912,8.440309258109389,1761.9937379874757,20.552607105214207,0.1650211110119502,0.05564308200125073,0.9039487708567545,0.003096152574597913,8.476989865657542,2468.662140376984,24.82285466269841,0.16056146995745968,0.06396380273524614,0.8651222766503538,0.004091368060353482,8.529816865808101,2424.3516027032056,24.545787091574187,0.14855050046930846,0.05544260339771926,0.8678384170783068,0.0030738822715167913,8.56695417878905,3486.0062003968255,31.091269841269842,0.12612028966550398,0.0460786485507148,0.8104601033050671,0.002123241852260291,8.738356644776104,1761.9937379874757,20.552607105214207,0.1650211110119502,0.05564308200125073,0.9039487708567545,0.003096152574597913,8.476989865657542,3757.5276875,32.142062499999994,0.1434480072679875,0.06376455103543034,0.794424840659384,0.004065917968750001,8.663546390555034,5018.520912068531,39.393172083648274,0.11165698651296545,0.04568348348701395,0.7264044432520522,0.0020869806635082757,8.853515692259128,5375.8979375,41.6094375,0.10254801469405442,0.03768612663335142,0.7080957283338669,0.0014202441406249993,8.915496790153558,3570.285273368607,31.517447719828674,0.12514742958336228,0.045881523069455706,0.8053768402875271,0.002105114159172996,8.745907206594186,5004.301978326614,38.96856098790324,0.13075866539837727,0.06347871210490146,0.7258398159945283,0.004029546890496963,8.759828557756169,7634.153151999999,53.292608,0.08677544819216318,0.03737701368488392,0.5837475195865117,0.001397041152,9.042358405626615,7176.203377016129,51.200982862903224,0.08528303032122306,0.033353777704746776,0.6108433939624486,0.001112474487177663,9.040131920695988,5348.425472000001,41.14112,0.10046083573209741,0.03771590645868133,0.7084457998830943,0.0014224895999999999,8.901235899029858,6166.108803353659,45.01352896341464,0.12301935296007568,0.0634319021870388,0.6619070112791569,0.004023606215066057,8.824134845619877,10067.066467221644,65.50390218522372,0.07383153457509023,0.03326951418688983,0.4509333809188774,0.0011068605742316636,9.1479120338204,8891.048907520326,60.03887195121952,0.07461824994665016,0.030606732072313077,0.5184554554269305,0.000936772048146358,9.127097864427355,6905.88156867846,49.292598855359,0.08947815705670867,0.03350808670742386,0.623507543472244,0.0011227918747922355,9.005614421446797,fresh_bread_17.jpg,fresh_bread
2381.5815083661414,27.533280019685037,0.0984618872978009,0.014538359160622044,0.8660853255300192,0.0002113638870832429,9.104758270094843,3032.0298840597684,31.482918965837932,0.0888608817948984,0.013686729240599447,0.8292921250617885,0.00018732655730547992,9.17267090498184,1840.1761195866147,23.22914616141733,0.118131538023943,0.016164777205757062,0.8964441965892633,0.00026130002211176306,8.987945471058334,2842.367350734702,30.235538471076943,0.09079815095884036,0.013985460749352061,0.8399682201705528,0.00019559311237166713,9.138811436676423,4757.174169146825,41.495473710317455,0.06743409765495921,0.011783690632308618,0.7323820040061727,0.0001388553649179579,9.326383745557171,3032.0298840597684,31.482918965837932,0.0888608817948984,0.013686729240599447,0.8292921250617885,0.00018732655730547992,9.17267090498184,3505.5157490079364,34.08953373015873,0.08348505360159267,0.013405696717816329,0.8024846645450467,0.00017971270449007148,9.207622039997068,2842.367350734702,30.235538471076943,0.09079815095884036,0.013985460749352061,0.8399682201705528,0.00019559311237166713,9.138811436676423,7191.9520625000005,53.9129375,0.05263265035745362,0.01025657182615127,0.5951110286750669,0.000105197265625,9.464163868334495,5999.206664147141,48.16509196271101,0.05706241172252832,0.010940374018238948,0.6616938547148896,0.00011969178365895784,9.404810584468816,5285.7773125,44.15443750000001,0.06476151946680375,0.011713873985577957,0.7018183350481011,0.00013721484375000002,9.352012050324674,5572.575459813555,45.68279163517259,0.0647723062121591,0.011414420604302193,0.6857225972027468,0.00013028899773191846,9.3691841613578,9285.791771673386,64.30034022177419,0.04060402008767201,0.009578685180077626,0.4766520236786835,9.175120977903875e-05,9.539337162641537,8713.760832,61.895360000000004,0.04316603500602223,0.009817691785750865,0.5077238915237325,9.638707200000001e-05,9.514552075587796,6951.865990423388,53.29895413306453,0.052099556897858085,0.010680066231118439,0.6073721708663551,0.0001140638147010764,9.44126575091944,8129.54688,58.676608,0.04974221820893264,0.010186158451545902,0.5406339937324209,0.000103757824,9.478989953065891,10989.305894308945,72.68661077235774,0.03571617210947024,0.009287067723803924,0.3798975733676942,8.62496269065206e-05,9.57507346583434,10693.393665452655,71.57095473465141,0.035107906761334094,0.00930782290153355,0.3945395025239333,8.663556716631242e-05,9.565021531465144,8460.016387195123,61.21747967479675,0.042772418078103225,0.010029738387976755,0.5218881007804346,0.00010059565213125455,9.506412905231826,10180.743366285118,68.6008064516129,0.04105237123606641,0.009582780543616356,0.4234088900096462,9.182968294711217e-05,9.544840069522998,fresh_bread_2.jpg,fresh_bread
552.3778297244096,10.560285433070867,0.19903637350434217,0.03722422064769355,0.9657431093901535,0.0013856426028281748,8.170092298277686,950.3537107074214,14.266290532581067,0.16175920980706684,0.03354034799782608,0.9410815582745476,0.0011249549438152756,8.368734162606874,710.0613927165355,12.068405511811022,0.18570975663988576,0.035071260381018134,0.956098997899881,0.001229993304713172,8.254384850204191,994.0120900241802,14.381238762477526,0.16991421849753627,0.034060985725582776,0.9383718604832068,0.0011601507485983539,8.351365501578686,1134.0416666666667,15.885044642857146,0.15328866368201652,0.03382391770126947,0.9294804757743789,0.00114405740866225,8.426802293613504,950.3537107074214,14.266290532581067,0.16175920980706684,0.03354034799782608,0.9410815582745476,0.0011249549438152756,8.368734162606874,1488.3377356150795,18.27139136904762,0.13935207087719226,0.029397565038867344,0.9079835049705967,0.0008642168302144355,8.50766840890985,994.0120900241802,14.381238762477526,0.16991421849753627,0.034060985725582776,0.9383718604832068,0.0011601507485983539,8.351365501578686,1667.15625,19.677500000000002,0.13701036414357637,0.03216504070804201,0.8960600675272736,0.00103458984375,8.54910207368437,1951.063995968758,21.463970773494584,0.12381013841257114,0.02761386057830371,0.8787387445352492,0.0007625252960379957,8.606708714795685,2247.7341874999993,23.105062499999995,0.12019861571463533,0.02513183986499993,0.8610526278379137,0.0006316093749999997,8.63997024018592,2026.2166162761403,21.61835474930713,0.13061888991944126,0.02834463620837122,0.8740365619635663,0.0008034184017849088,8.592474215031068,2179.0853074596776,23.06854838709678,0.12286803584131858,0.0303679435483871,0.8637851114868342,0.0009222119953580259,8.633915375616416,2935.8334720000003,27.374719999999996,0.10680460984870843,0.02329723073672062,0.8171406118930893,0.0005427609600000001,8.7196933007797,2981.052797379032,27.300025201612904,0.10794615757104883,0.021980191730536693,0.8157292101631219,0.00048312882851115366,8.711851635435638,3025.976384,27.427008,0.11404047031440448,0.024383958005213185,0.8114048598508451,0.0005945774080000001,8.708311248280252,2689.0517022357726,26.199059959349594,0.11282535629930023,0.028176317010014985,0.8314548282959217,0.0007939048402488598,8.703265578764086,3914.340010405828,32.86810613943808,0.092869727373591,0.020080936091634714,0.7556617970071513,0.00040324399431631766,8.81631460025007,3671.642848069106,31.196582825203258,0.10077340756882147,0.019893014848047903,0.7729676149177352,0.00039573203974465433,8.77314301374137,3965.5984651404788,32.659729448491156,0.10088926434594114,0.021354538048011316,0.7521599218373445,0.0004560162952439629,8.805922532533568,fresh_bread_21.jpg,fresh_bread
1115.1555118110236,15.280265748031496,0.17097014669173846,0.01952696280214687,0.938825776611962,0.00038130227627642755,8.478749056864128,1786.8292516585034,20.38371876743754,0.14730450285140956,0.01773479924022706,0.9019842631836089,0.00031452310409115826,8.63476076977333,1144.4683809055118,15.578248031496063,0.18783131426402744,0.019978559184642117,0.937197994668284,0.00039914282709424797,8.463919768217519,1597.90482980966,19.364188728377457,0.14130322641484097,0.01763775491269649,0.9123452634595957,0.00031109039836034913,8.63156128372588,2291.721292162699,23.143291170634924,0.13558763051270453,0.017206408414603094,0.8743473171837238,0.0002960604905301241,8.697475326267941,1786.8292516585034,20.38371876743754,0.14730450285140956,0.01773479924022706,0.9019842631836089,0.00031452310409115826,8.63476076977333,2339.189174107143,24.23121279761905,0.13807628013107567,0.017012209908508633,0.8715869069821861,0.00028941528597115936,8.716382617963784,1597.90482980966,19.364188728377457,0.14130322641484097,0.01763775491269649,0.9123452634595957,0.00031109039836034913,8.63156128372588,3505.7797500000006,30.2085,0.11599029501055017,0.01591033223647451,0.8078666944594,0.00025313867187499995,8.828744201913198,3600.5825144872765,31.395565633660876,0.10874637555251165,0.015383173249914707,0.8025367993764642,0.0002366420192368914,8.864014376559183,3486.3276875,30.901812500000002,0.11407208830449914,0.015742557765496684,0.8084506740085154,0.000247828125,8.846169091922382,3297.04226505417,30.112937767699677,0.10632311019009971,0.015305215185243881,0.8191645940795159,0.00023424961186661988,8.862959184428686,4660.382497479838,36.55034022177419,0.10347640778853848,0.015132973119715913,0.7446920383402243,0.00022900687544204437,8.92048602722258,5266.277056000001,40.552256,0.09031539592090788,0.014063626843741269,0.7111213474294862,0.0001977856,9.001503731063032,4394.954700100807,35.812436995967744,0.10120042872907083,0.014932022104963028,0.7583320570507375,0.0002229652841431045,8.927927956705751,4948.996671999999,39.263552000000004,0.08721132796038246,0.014176325052706712,0.7284638223647966,0.00020096819199999998,8.993181836879033,5727.133320630082,42.26772103658537,0.0940489277725287,0.01450974711534756,0.6863909456205292,0.00021053276135133683,8.994820484555895,6676.675468262227,48.184703433923,0.07477750891464499,0.01334744786538058,0.6336896199598072,0.0001781543645190526,9.088475909604607,5195.6406885162605,40.08276168699187,0.0926481847431422,0.014354042430671529,0.7140137448653031,0.00020603853410151862,8.984413460428154,6416.458896982311,47.08623829344434,0.07500408300652928,0.013336114066572629,0.6478199428699787,0.00017785193839663636,9.08289009822484,fresh_bread_22.jpg,fresh_bread
906.6533587598426,13.52749753937008,0.15414502918944695,0.02248440562809156,0.9441552169411408,0.0005055484964485554,8.345124470258614,1413.3484406968814,18.59265918531837,0.10873426221508206,0.020588149200106706,0.9121696856309445,0.0004238718874858544,8.579041577710896,1008.117249015748,15.93294783464567,0.11655090852044606,0.022096530333580354,0.9380728394799647,0.00048825665278283675,8.497009425660183,1596.217682435365,20.01655403310807,0.10731188435099753,0.020362156577043194,0.9008051330228792,0.00041461742046802345,8.617392588145135,1722.6912822420638,19.415488591269842,0.12744771227434265,0.020372243320807316,0.892651137217356,0.00041502829792217826,8.54993017175164,1413.3484406968814,18.59265918531837,0.10873426221508206,0.020588149200106706,0.9121696856309445,0.0004238718874858544,8.579041577710896,1912.9058159722222,22.216207837301585,0.09992957047955639,0.020305518622143963,0.8813731787662936,0.0004123140865142353,8.649665736543412,1596.217682435365,20.01655403310807,0.10731188435099753,0.020362156577043194,0.9008051330228792,0.00041461742046802345,8.617392588145135,2552.451375,24.815624999999997,0.1083202185582182,0.018263479610961322,0.8389263695331096,0.0003335546875,8.687047054663218,2678.068090199043,26.602859662383473,0.09305000262542902,0.018202923859330096,0.8297793343360724,0.0003313464370285689,8.756944765043201,2867.5525625,28.139937500000002,0.08627742630517715,0.019175484837416757,0.820435593013884,0.00036769921874999997,8.774862506409907,3090.4805366591086,29.375850340136058,0.08493165143810222,0.018285778030563568,0.8035584382140586,0.0003343696781830413,8.81145759213838,3346.2726814516127,29.677419354838708,0.09568859887070748,0.01690006096657344,0.7860345800274461,0.00028561206067389926,8.787767200340255,3963.486848,34.133632000000006,0.08037870479081034,0.01610519021930508,0.7417258541074961,0.000259377152,8.90243994551827,3787.2450856854844,33.54032258064517,0.08075129857955436,0.018293044729390282,0.7603496263647044,0.0003346354854714735,8.866745613963692,4640.508352,38.351168,0.07202661584176456,0.01569918825926997,0.6975499748126883,0.000246464512,8.962053140184707,4131.164443597561,34.42422510162602,0.08522794750911858,0.015509221910687324,0.73218201472419,0.0002405359642749438,8.873386365732241,5220.234521331947,41.44042663891779,0.06802353050033644,0.01427375344641581,0.6503214678350661,0.00020374003744906723,9.006661125547438,4684.753938008131,38.7525406504065,0.06987822715231982,0.01729258616280606,0.7003028088903944,0.0002990335361980716,8.943590788068013,6113.543704474506,46.609001040582726,0.06197745728038105,0.014109755951307,0.5903428413628466,0.0001990852130054433,9.06845065261355,fresh_bread_23.jpg,fresh_bread
1562.3557455708667,21.10562253937008,0.184220237624853,0.0634800941546112,0.9079536098636162,0.004029722353878304,8.54358054446926,2446.8180296360597,27.26827453654907,0.15228219639001414,0.05666923258342962,0.8557613919735444,0.0032114019215948413,8.719953477704948,1873.127276082677,22.91775344488189,0.18005959151815143,0.05791509209522001,0.8895986544266531,0.003354157892397815,8.603303052982884,2376.721123442247,26.831607663215333,0.15578213846391975,0.0566734719557294,0.8598922287743513,0.003211882423516847,8.71570133941214,2770.760602678571,28.94971478174603,0.14987615457323472,0.06290237641409117,0.836787919249266,0.003956708958540014,8.71536500538976,2446.8180296360597,27.26827453654907,0.15228219639001414,0.05666923258342962,0.8557613919735444,0.0032114019215948413,8.719953477704948,3617.932911706349,34.14459325396825,0.13206036474343558,0.047852062124443935,0.7866345232702744,0.0022898198495616418,8.872391536435199,2376.721123442247,26.831607663215333,0.15578213846391975,0.0566734719557294,0.8598922287743513,0.003211882423516847,8.71570133941214,3978.5251875,35.5845625,0.13637069242682037,0.06307592461173281,0.7657346176203202,0.003978572265625,8.81265416047665,4485.361174099269,39.21415973796927,0.1147961217800468,0.046981524090547226,0.7354725318492434,0.0022072636058706693,8.955202606037941,5473.956,44.206125,0.1036839460403223,0.039666209840681775,0.6769560656935689,0.0015734082031249996,9.04234710951722,4592.251574703956,39.595490047871,0.11515127221059664,0.04691057620419759,0.729159498516095,0.0022006021598098293,8.959380845699123,5074.438004032258,41.74357358870968,0.12456406466672876,0.062275860739269585,0.7012956929373987,0.003878282830816899,8.891435764989986,6539.465920000001,49.959360000000004,0.09468213827538943,0.03959805732608609,0.6142058571916276,0.0015680061440000001,9.094343961765,7188.137726814515,53.16544858870967,0.08662599693570039,0.034645601686955574,0.5756786124229796,0.0012003177162511788,9.151854414262154,6798.834048,51.04447999999999,0.09566906658722193,0.03950498176179809,0.5988767033566702,0.0015606435839999996,9.10408477938715,6034.650342987806,46.796303353658544,0.11824238361605316,0.062300742214356594,0.6449487991632252,0.0038813824804597137,8.939042434185426,8341.767039542145,59.20668574401665,0.07850095498332121,0.03503676817532567,0.5078974996016928,0.0012275751241715134,9.18998384548522,8801.678607723577,61.30309959349594,0.07529581837592916,0.03149737335296634,0.48055390597743824,0.000992084528136154,9.228062906716698,8738.612382934443,60.6377471383975,0.0817930128279129,0.03460264565419573,0.48436342602529064,0.0011973430862698305,9.199472698601117,fresh_bread_24.jpg,fresh_bread
1288.5020300196852,19.60660679133858,0.14189922422376156,0.01895588586133437,0.9134019009813055,0.0003593256087879363,8.75716376108299,1590.3405046810096,22.359972719945443,0.12712056308679487,0.01808900768001071,0.8924351447158401,0.00032721219884748656,8.85351906569583,1209.253813976378,19.747908464566933,0.144465754726675,0.019661861200631143,0.918646720915555,0.00038658878587288434,8.761644185366547,1729.3919027838056,22.93706987413975,0.12576331141730687,0.01781103969259714,0.8830389281662422,0.00031723313493127084,8.854021684774203,2142.287946428572,24.86979166666667,0.119675000581159,0.016988351837139468,0.8552746741255899,0.00028860409814243995,8.889307697500815,1590.3405046810096,22.359972719945443,0.12712056308679487,0.01808900768001071,0.8924351447158401,0.00032721219884748656,8.85351906569583,1979.368117559524,24.83872767857143,0.12384471633767083,0.017800863073318816,0.8659901479844766,0.0003168707261550454,8.899590532621438,1729.3919027838056,22.93706987413975,0.12576331141730687,0.01781103969259714,0.8830389281662422,0.00031723313493127084,8.854021684774203,3027.80825,29.847875000000002,0.10400144934175395,0.01544439370370362,0.7944007817077046,0.00023852929687500003,8.995173985959516,2623.7066011589823,28.82514487276392,0.10683302849814634,0.015995085950824182,0.8204105263333009,0.0002558427745742531,8.992961824182238,2750.7899374999997,29.4421875,0.10847381607661447,0.016499230569181098,0.8124886853994179,0.000272224609375,8.99596216589635,3001.247606449988,30.497921390778536,0.10256491933891895,0.015515749138411618,0.79462448415119,0.00024073847132612087,9.019199875955977,3797.1047127016136,34.165196572580655,0.0965685630980288,0.014487845372628481,0.7409194682644937,0.0002098976635411925,9.049432483368541,3637.1615359999996,34.722496,0.09131876335957553,0.014455360251477652,0.7478609554670252,0.00020895744000000002,9.102727013823854,3396.7631678427415,33.32591985887097,0.09974212052364838,0.015532698297317125,0.7668739451490787,0.00024126471639547833,9.065679819723467,4190.839424,37.092479999999995,0.0857993972727371,0.013896992480389418,0.7096623026724315,0.0001931264,9.122092949879077,4411.768356199187,37.85194359756098,0.08600782007097804,0.013670242733856738,0.6980079255541529,0.00018687553640256297,9.123312826034216,4496.298322060355,39.91994016649324,0.07486953181967418,0.013293068868648766,0.6843362656453965,0.000176705679946639,9.185858953070582,3984.5974339430895,36.80868902439025,0.09212585788259173,0.01466448635914945,0.7246560176144016,0.0002150471601776803,9.120970986312175,5182.119276795005,42.76443808532778,0.07456891525785705,0.012715327085267092,0.6365933948462509,0.0001616795428853269,9.204436781984258,fresh_bread_25.jpg,fresh_bread
1558.2958907480318,18.458046259842526,0.15486154276467218,0.01888152709828296,0.9151930935583601,0.0003565120655631938,8.63391961409414,1920.1177382354767,21.069936139872283,0.1403801868100769,0.01770236547735134,0.8955911486731145,0.0003133737434937205,8.712939042155687,1396.0524729330707,17.00670521653543,0.1621446397653018,0.019383074349322432,0.9241076731477658,0.00037570357123136117,8.57111680732034,2279.8137516275033,23.494698989397982,0.13342559316667743,0.017336547355869182,0.8760354420144879,0.0003005558742222947,8.767692190347564,3192.451202876984,29.24175347222222,0.11221119321207784,0.015522182935978877,0.8261940391521652,0.0002409381630979938,8.913857727694232,1920.1177382354767,21.069936139872283,0.1403801868100769,0.01770236547735134,0.8955911486731145,0.0003133737434937205,8.712939042155687,2862.6170014880954,26.97240823412698,0.11803024166000359,0.01618624249836837,0.8444892370866198,0.00026199444621598635,8.851216971771859,2279.8137516275033,23.494698989397982,0.13342559316667743,0.017336547355869182,0.8760354420144879,0.0003005558742222947,8.767692190347564,4897.585,38.955625,0.09072390802287233,0.013715866724345202,0.7334059946458338,0.000188125,9.081142011174496,3886.8929201310157,33.20937263794407,0.09989265186752203,0.014546105646747683,0.7886934214774524,0.00021158918948634484,8.98061086535282,4343.9269375,35.6243125,0.09175102095880996,0.014171452929216538,0.7642075504930084,0.000200830078125,9.024000461957062,4676.863567649283,37.98311917359537,0.09361767801580304,0.01416547522990234,0.7457686073176164,0.0002006606884889768,9.051908475807009,6404.763671875001,47.06142893145162,0.07447410731866883,0.01254951126955777,0.651412907038095,0.00015749023310475746,9.184292066064392,5903.531263999999,44.384896000000005,0.07885142821606717,0.012811275034125214,0.6793400881792534,0.000164128768,9.141933373398986,5688.958165322581,43.37235383064517,0.07634466481778422,0.012969881599037537,0.6913928303439347,0.0001682178286930525,9.140759264415301,6858.960512,50.1216,0.07299058269458525,0.012527499351426845,0.6274602098318551,0.00015693824,9.206145100874036,7677.513846544716,53.8568343495935,0.06569728208379702,0.011718534834541761,0.5821455847559951,0.0001373240586683687,9.265910269379734,7722.443548387097,54.094042663891784,0.06319120858876458,0.011710168248231819,0.580834044079708,0.00013712804040189665,9.249925796586814,6900.320630081302,50.14189532520326,0.0637372893813396,0.011948234118141247,0.6258662549084657,0.00014276029854191455,9.233628152146558,8469.104383454734,58.94920655567117,0.05996363765761201,0.011541262086377853,0.5402850105731154,0.00013320073054646288,9.293419554463743,fresh_bread_27.jpg,fresh_bread
1442.8346456692914,17.66732283464567,0.19157314210939635,0.03126256097723912,0.8974337618361747,0.000977347718855594,8.1353251583488,1869.5979291958583,21.218736437472877,0.157569276489515,0.027505808409769725,0.8674107949723796,0.0007565694962749589,8.298559375686771,1475.6812253937012,17.209030511811026,0.2223882904140263,0.03560765626569869,0.8950089837830068,0.001267905184736151,8.056505957086774,2423.219666439333,24.86725773451547,0.14744781052245753,0.0270895847029714,0.8281481544872078,0.0007338455993794621,8.385657722023012,2916.9978918650795,28.00496031746032,0.13564792536724718,0.025648254559026872,0.793302044351249,0.0006578329619246428,8.463746863728812,1869.5979291958583,21.218736437472877,0.157569276489515,0.027505808409769725,0.8674107949723796,0.0007565694962749589,8.298559375686771,2987.5541294642862,27.733196924603178,0.16244242787385407,0.029575275410762304,0.788033315759731,0.0008746969156224414,8.386996039026585,2423.219666439333,24.86725773451547,0.14744781052245753,0.0270895847029714,0.8281481544872078,0.0007338455993794621,8.385657722023012,4357.9533125,36.796187499999995,0.1103795134687322,0.02248641082687497,0.6921343789966276,0.0005056386718749998,8.648886815983143,3766.675610985135,33.73192239858907,0.10416327869908046,0.021941723982529554,0.7344476025196501,0.00048143925132551266,8.617133706788444,4517.424125,37.12062499999999,0.1254826321501621,0.025983017290145495,0.6804592799862447,0.0006751171874999998,8.60140859852859,4858.922398589066,40.16843033509701,0.09621760638450438,0.021574340720640964,0.6574350458000536,0.00046545217753030685,8.717236588387031,5531.870967741936,43.52797379032259,0.09131296440475932,0.020620951224006256,0.6103347827991866,0.0004252236293828452,8.751431753430637,5608.61088,44.469824,0.07559957631538447,0.019101668199400807,0.6069482374690836,0.00036487372800000006,8.799885218993394,5933.077053931453,45.258127520161295,0.10078692725844007,0.023608444032202774,0.58172323168254,0.0005573586296216508,8.732490564563104,7081.037568,52.482816,0.06933117058869377,0.01852841450313545,0.5037135035126853,0.00034330214400000005,8.889721820659535,6546.192009654471,49.09012957317074,0.08152416887037384,0.019403047955188258,0.5400165687189191,0.0003764782699513352,8.815450228766903,7196.455580124871,53.44101196670135,0.05742651336906365,0.01731251920219666,0.4987532035174545,0.0002997233211264281,8.907197498144201,7151.877413617887,52.038490853658544,0.08610275011260159,0.02173138088785577,0.497560257720313,0.00047225291529306296,8.825426913280957,8777.36361862643,61.62519510926118,0.05419989252053321,0.01687247062884403,0.3885180735554019,0.00028468026512120444,8.978773524864508,fresh_bread_3.jpg,fresh_bread
1895.4735482283468,22.911171259842526,0.11208190316172019,0.014556048108949142,0.8949123293414869,0.0002118785365500419,8.9364289255097,2196.388740777482,25.334242668485338,0.09757444301727212,0.013912778092846979,0.8781984764236718,0.0001935653942608028,8.99345380723212,1344.606975885827,18.68608513779528,0.12674938179993142,0.016079397559707092,0.9254662464280733,0.00025854702588311437,8.81313343040448,2342.1108562217123,25.69322338644677,0.09945539697392396,0.014087746159608837,0.8701089525059665,0.0001984645918575735,8.984594030958949,3799.6150173611118,34.799169146825406,0.07840848165547294,0.01235490330840954,0.789232101844594,0.000152643635760149,9.162539975555998,2196.388740777482,25.334242668485338,0.09757444301727212,0.013912778092846979,0.8781984764236718,0.0001935653942608028,8.99345380723212,2549.7338789682544,26.92571924603175,0.09870916680457432,0.013999172412371117,0.8586458957754136,0.00019597682823129254,9.003911357842046,2342.1108562217123,25.69322338644677,0.09945539697392396,0.014087746159608837,0.8701089525059665,0.0001984645918575735,8.984594030958949,5741.864187499999,45.2224375,0.06208833153077971,0.011222535921083078,0.6812774085585691,0.0001259453125,9.292131385540905,4409.260204081634,38.37572436381961,0.07282078094954514,0.011934386136149996,0.755339858018432,0.00014242957244672922,9.205135818602024,3865.3164375,34.743187500000005,0.08447047187304729,0.012775021404091657,0.785768642473196,0.000163201171875,9.140559890229213,4641.18644494835,39.22915091962711,0.06949645666614002,0.011984397195181115,0.742421186912141,0.00014362577613186498,9.210292131513537,7487.316343245968,54.30651461693548,0.05152595249545056,0.010560742577655293,0.5839849748679661,0.00011152928379150136,9.383396151844439,6523.781375999999,49.453568,0.05735504428442413,0.0109617633617954,0.6378790543940146,0.000120160256,9.322637879387383,5078.203440020163,41.32541582661291,0.07379762552345837,0.011917592002167968,0.7185536628903795,0.0001420289991301379,9.22976685293708,6841.622656,50.612095999999994,0.057483399470077565,0.01099720400829229,0.6201078454390155,0.00012093849600000001,9.332129221504314,8949.237614329268,61.64195884146342,0.04764817223188047,0.010160715812073007,0.5020906679654882,0.00010324014581371044,9.431665801658301,8424.336498439126,58.94523933402706,0.04754035207373424,0.010373360021926003,0.5319766104934784,0.00010760659814449265,9.39968213675382,6153.411712398374,47.04242886178862,0.06549168893590235,0.011376771104933575,0.6589987260343673,0.0001294309207740515,9.287294295378725,8580.73165972945,59.4617585848075,0.05037389066676523,0.010458232536295698,0.5230114407554232,0.00010937462778323395,9.404875034550601,fresh_bread_5.jpg,fresh_bread
721.7774975393702,11.09627214566929,0.2744927156720776,0.04600732321067637,0.9572336621414144,0.00211667378901164,7.907746523746235,1144.1484282968563,15.035030070060138,0.22618781566979396,0.03987810671342383,0.9321586137310051,0.0015902633950472186,8.123133554964998,700.1041461614175,10.798166830708663,0.26295488157837316,0.043189465886603454,0.9585603701493587,0.0018653299635700837,7.911468301994306,853.7715915431831,11.94729989459979,0.23864825726492553,0.041696385602919286,0.9493752816833646,0.001738588572347335,7.9828478022431675,1541.237785218254,18.104228670634924,0.1977601323623697,0.03908121972874121,0.9084950953266019,0.0015273417354861511,8.24307556798507,1144.1484282968563,15.035030070060138,0.22618781566979396,0.03987810671342383,0.9321586137310051,0.0015902633950472186,8.123133554964998,1544.76171875,17.687686011904766,0.1980042901151152,0.037097886688759706,0.9085163627398123,0.0013762531967720544,8.233906882030235,853.7715915431831,11.94729989459979,0.23864825726492553,0.041696385602919286,0.9493752816833646,0.001738588572347335,7.9828478022431675,2352.5599375,23.9574375,0.15985606211559827,0.0349623681620682,0.860002173482053,0.0012223671875000001,8.426534551504622,2459.8020282186953,24.42624086671706,0.16201515010215578,0.03326335397135795,0.853781219950884,0.0011064507174238546,8.440801026855404,2478.4654375000005,23.884437500000004,0.16263212671403188,0.032504717205738,0.8531531059049702,0.0010565566406249998,8.440008170361592,1789.7635424540185,19.46371882086168,0.17605787020191171,0.03561881492228393,0.8936026442805292,0.0012686999764679162,8.31900484098433,3128.853515625,29.178238407258064,0.13746698858349243,0.03212658946020398,0.8133367788984138,0.0010321177503444898,8.567393976700663,3653.1849599999996,32.195775999999995,0.12183977251737839,0.028826831945255448,0.782252597993718,0.00083098624,8.6297665236741,3373.0189642137098,29.22523941532258,0.1403326462883824,0.02990369430181898,0.8001248822393078,0.000894230932896641,8.560103585713968,2741.933312,26.190976,0.13618981146285317,0.03123983508279133,0.8365383880020232,0.000975927296,8.518883627338912,3844.678353658537,33.85073678861789,0.1153976059644665,0.029642978054859298,0.7700282071920337,0.0008787061479608699,8.657399312080324,4619.2315296566085,38.28368886576483,0.1009783082363663,0.026210968433125176,0.7239674343183523,0.0006870148662022845,8.742072507575815,4229.391450711382,34.13039888211382,0.11974302398264443,0.02752372902334311,0.7493775644369369,0.0007575556593504198,8.663705502370558,3656.7194328824144,32.17312695109261,0.11367705661928347,0.02840561985260287,0.7814047864475143,0.0008068792392105864,8.654063272505681,fresh_bread_7.jpg,fresh_bread
1014.3073326771654,14.388533464566928,0.22073481197397254,0.03039192364150407,0.9412774031862692,0.000923669022631014,8.132993476087648,1534.9384958769915,19.941409882819762,0.1365673109196031,0.02228277038622976,0.9110759285516441,0.000496521856085438,8.437472378950392,1354.05874753937,19.181163877952756,0.14765063485124372,0.023676851232216373,0.9215305989177871,0.000560593284272506,8.40580717695929,1804.480562961126,22.49383098766198,0.1289546206914022,0.021996067723710207,0.8954600900254569,0.00048382699530604594,8.50334048571464,1926.6284722222226,22.196428571428577,0.13997988595375577,0.023107773451150105,0.8885062195398014,0.0005339691938696776,8.440791235235839,1534.9384958769915,19.941409882819762,0.1365673109196031,0.02228277038622976,0.9110759285516441,0.000496521856085438,8.437472378950392,2388.5138888888887,27.29253472222222,0.09669142372905187,0.018848441482105797,0.8615464117634805,0.0003552637463043666,8.656814144002347,1804.480562961126,22.49383098766198,0.1289546206914022,0.021996067723710207,0.8954600900254569,0.00048382699530604594,8.50334048571464,2683.91925,27.323125,0.11025428742850507,0.020354092033298857,0.8447316036156137,0.00041428906250000005,8.572126586968245,2850.1684303350976,29.333837238599145,0.09181815389937206,0.0179752577244741,0.8349076086490234,0.00032310989026126583,8.67498159614793,3388.101125,33.39425,0.07771777282716702,0.01701974955749937,0.8036524895295387,0.000289671875,8.782572484527911,3090.910934744269,31.28924162257496,0.08451853059161624,0.017752494727765286,0.8209460477293019,0.00031515106905933427,8.721049999602076,3098.584740423387,30.1316154233871,0.09959698139398003,0.018995689604713758,0.8208182641931193,0.0003608362235586304,8.658053391214318,3942.7155199999997,35.79392,0.0777783660360134,0.0164255722579154,0.771759986869557,0.00026979942399999997,8.790825718201713,4267.319241431453,38.23557207661291,0.07028621070784252,0.01600004734822233,0.7528654664008182,0.00025600151514535644,8.857102043714132,4188.698624000001,37.69216,0.06863121302422828,0.016377436185190896,0.7574695475655914,0.0002682204160000001,8.82334945251029,3402.6861026422766,32.25711382113821,0.088637932259123,0.01830133717554422,0.803336106247246,0.0003349389424129569,8.701389349692688,4615.1578433923005,39.42527315296566,0.0681237201851302,0.015695216575440537,0.7331273380814879,0.0002463398233499834,8.847134803130793,5045.020452235773,42.36750508130082,0.06249994657248181,0.01529219094225831,0.7080900199159943,0.0002338511038144871,8.90452529177744,4928.912591050989,41.57830385015609,0.060865602879771594,0.015639332231753168,0.7148706945244848,0.0002445887126551535,8.872067862357902,fresh_sandwich_bread_1.jpg,fresh_bread
1090.3294783464567,13.63041338582677,0.20369599771025096,0.022846952131538648,0.9384495740310504,0.0005219832217008184,8.10594676201476,1385.4229028458055,16.231384462768926,0.16624221351388482,0.020361448630996346,0.9219839251798504,0.00041458859035270294,8.26074385971572,901.3388902559055,12.604761318897637,0.18810053703107144,0.02172085261263431,0.9490396236865208,0.0004717954382197827,8.121387961294705,1504.1514043028083,17.29592659185318,0.15017730167876525,0.019322117569651003,0.9152971964378209,0.000373344227375416,8.330854951353382,2261.8097098214284,21.862413194444443,0.14831839276252287,0.01938053027900993,0.8728110150614511,0.0003756049538956207,8.396807213267424,1385.4229028458055,16.231384462768926,0.16624221351388482,0.020361448630996346,0.9219839251798504,0.00041458859035270294,8.26074385971572,1909.1184275793653,20.07725694444445,0.1364800877212681,0.01836411629882837,0.8922350215850667,0.0003372407674368938,8.419094804005919,1504.1514043028083,17.29592659185318,0.15017730167876525,0.019322117569651003,0.9152971964378209,0.000373344227375416,8.330854951353382,3444.6886875,29.0069375,0.12240692099777273,0.017581950972517243,0.8070098713891277,0.000309125,8.577376437206551,2879.7140967498112,26.15274628369867,0.12061376557454861,0.017261283890449335,0.8387013872838053,0.00029795192154668577,8.556316055408338,2954.518,26.742375000000003,0.11001869271058909,0.016611601743961958,0.8334350366664525,0.0002759453125,8.594731690460891,3112.970206601159,27.794721592340643,0.10511522662362466,0.016471313048730857,0.8256320301885264,0.00027130415354929144,8.618405375009061,4537.093056955646,35.36674647177419,0.10483158161439819,0.016446767886192933,0.7467733532071342,0.00027049617390230717,8.692350457311418,4297.20704,34.512255999999994,0.09567298756472936,0.015666410437620994,0.7604416298484195,0.000245436416,8.72464357076761,3964.120148689517,32.604523689516135,0.09630842022692637,0.015656343554481412,0.7767618969566398,0.0002451210934959516,8.70352736276114,4632.490495999999,36.772608,0.08231568682722346,0.014948967054616182,0.7417374987892517,0.00022347161600000002,8.78797526829652,5551.0104801829275,41.103976117886184,0.09162127976876486,0.015549553664885684,0.6913012597889444,0.0002417886191771598,8.784948514283181,5553.86017169615,41.45681581685744,0.08489466847406803,0.01469333807483579,0.6918126284784951,0.00021589418378141912,8.824935386374577,4906.414189532521,37.92701981707317,0.08468610279495323,0.014928077867561567,0.7240582198186255,0.0002228475088199815,8.788453220403527,5905.023022892821,44.02575442247659,0.07050918009310074,0.014170703243537957,0.6722906472759511,0.00020080883041641718,8.881064959038946,fresh_sandwich_bread_12.jpg,fresh_bread
538.3316313976377,8.908895177165354,0.2729886610119552,0.025945611328862552,0.9709296766169883,0.0006731747472284008,7.906091028695235,1253.484840969682,15.094116188232379,0.2051136058356462,0.021406704440108174,0.9322639695577417,0.00045824699498614696,8.257176095079146,1146.5842150590552,13.862758366141733,0.22440783675760181,0.02273970210372661,0.9381245139165987,0.0005170940517662285,8.173825492704875,1360.3117366234733,15.108438216876435,0.22872545406271227,0.022643630250777213,0.9264875884124605,0.0005127339909339129,8.188510454161785,1100.01953125,13.449094742063494,0.22275289469968568,0.02265831500795478,0.9405195723321723,0.0005133992389997088,8.15555671213775,1253.484840969682,15.094116188232379,0.2051136058356462,0.021406704440108174,0.9322639695577417,0.00045824699498614696,8.257176095079146,2391.255580357143,22.26934523809524,0.1722801428980064,0.01937626488093651,0.8708612051712625,0.0003754396407362135,8.451359668453886,1360.3117366234733,15.108438216876435,0.22872545406271227,0.022643630250777213,0.9264875884124605,0.0005127339909339129,8.188510454161785,1699.5003749999998,17.45,0.19058753845052995,0.020790435000259132,0.9079825306216934,0.0004322421875,8.29842232845857,2604.0635550516504,24.071743512219705,0.141920021018518,0.01804465074058263,0.8590001841376762,0.0003256094203496092,8.537666707962652,3653.57575,29.99325,0.13501422876784852,0.017256622370122144,0.80250173137546,0.00029779101562500004,8.636099714508266,2820.4962207105063,24.53363567649282,0.180885885762871,0.01957097927360941,0.8472456047961173,0.0003830232297280492,8.469962347569853,2274.2415574596776,21.06703629032258,0.16645059809100873,0.019497177779243854,0.8766931213767984,0.0003801399413554403,8.404888431941547,3950.475008,32.341888,0.10299295789839771,0.016135617248807063,0.7856283980749679,0.000260358144,8.703777868701119,4876.287109375,37.19550151209677,0.10831284134938882,0.01578078083332873,0.7361380886483814,0.00024903304370955546,8.771836611653583,4244.169408,32.87072,0.15158602371216415,0.01761308604418885,0.7695752418529636,0.0003102208,8.641206926994526,2819.6802591463415,24.386432926829272,0.14889928515933634,0.018363560322496256,0.8469171812349461,0.00033722034771795886,8.499324339576635,5260.675533298648,39.986927679500525,0.07657685773359371,0.014868824935355589,0.7138779928813918,0.00022108195495825216,8.825709187905028,6023.934260670732,43.684641768292686,0.0890441853213722,0.014786880025980343,0.6737635310030747,0.00021865182090273646,8.8708838675918,5581.057362122789,40.40556711758585,0.12852797804661012,0.016336379843479215,0.6961889079131925,0.000266877306390434,8.7535389845863,fresh_sandwich_bread_13.jpg,fresh_bread
268.89376230314963,6.294106791338582,0.33777024808650347,0.054090640183870636,0.9849525749218718,0.002925797355500961,7.421634471812785,612.1230702461405,9.861181722363446,0.25263117556806636,0.048621045134948145,0.9655963007935287,0.0023640060300146645,7.763433856021079,508.6529896653543,8.609559547244094,0.27658927320294635,0.05210928538310671,0.9715321369729929,0.0027153776231380587,7.654389817493044,584.2707545415092,9.36741273482547,0.2600971082153056,0.050058506184325384,0.9671624076024383,0.0025058540414061425,7.717964545471693,531.5337921626985,9.042348710317462,0.278955976007056,0.04878199390828358,0.9701312322379977,0.0023796829296678164,7.676078356700271,612.1230702461405,9.861181722363446,0.25263117556806636,0.048621045134948145,0.9655963007935287,0.0023640060300146645,7.763433856021079,1081.7367311507937,13.079613095238093,0.2203763078095236,0.04713227476655984,0.9392210171628271,0.0022214513246704933,7.922498801087304,584.2707545415092,9.36741273482547,0.2600971082153056,0.050058506184325384,0.9671624076024383,0.0025058540414061425,7.717964545471693,792.080375,11.382625,0.24748973485265174,0.04455357992771176,0.9553002446088562,0.0019850214843749998,7.8312371852055005,1288.9038170823885,15.129692617787857,0.19839878662396018,0.04137092249386201,0.9269454148097944,0.0017115532279931376,8.053926242040554,1575.2471250000003,16.546000000000003,0.1861368476967043,0.043287804106641875,0.9112960432157351,0.001873833984375001,8.074213055152004,1228.0585159989923,14.327223481985389,0.204801369333389,0.04364933935451614,0.9304006562283509,0.0019052648260857114,7.999663830228086,1052.0645161290324,13.50919858870968,0.22306041798331627,0.041078701506157625,0.9403702359037726,0.0016874597174319967,7.945861331415275,1875.4321919999998,19.419904,0.1617649774765927,0.03531080741076306,0.8929612869378526,0.0012468531199999995,8.229214621169373,1917.0062373991937,19.348979334677416,0.16330961583137846,0.04027234301158979,0.8915401823986341,0.0016218616116431448,8.191079261671716,1783.778368,18.285376,0.16553488976058472,0.0387294137316846,0.8982139227829481,0.0014999674879999994,8.175112175725728,1309.895261686992,15.482787093495936,0.20817424569954157,0.03874307043605709,0.925451212362042,0.0015010255068132808,8.028948197715794,2299.145031217482,23.10262747138398,0.13148904449338042,0.0303429578283094,0.8675020114525269,0.0009206950897705627,8.370506401871433,2227.416730182927,21.845973069105693,0.1468122006533723,0.03778067073146949,0.873427225983598,0.0014273790809197153,8.281373325143253,2160.9981139438087,21.35828563995838,0.1434969450605841,0.034958512784158846,0.8755018573517822,0.0012220976160801974,8.303510780008281,fresh_sandwich_bread_15.jpg,fresh_bread
774.1171875,15.050504429133861,0.13886013233590794,0.01799448668129809,0.9501929068905747,0.0003238015509234144,8.55079414650247,1267.43784487569,18.536115072230146,0.11361237007043123,0.016066886835301285,0.9183556559683521,0.00025814485257837777,8.67679136457315,1138.5194389763783,17.08735236220473,0.1268138641811348,0.016817723739702257,0.9264172460858471,0.0002828358317849449,8.618421335994965,1321.6630913261824,18.832041664083327,0.11515721450294224,0.016237168428685455,0.9148642405289467,0.00026364563858149965,8.677030279129937,1228.426587301587,18.414434523809526,0.12019479866255742,0.016747442846205756,0.92120607706959,0.0002804768418869283,8.664914645821586,1267.43784487569,18.536115072230146,0.11361237007043123,0.016066886835301285,0.9183556559683521,0.00025814485257837777,8.67679136457315,2211.318266369048,23.749565972222225,0.10773666663446438,0.015124901873501316,0.856857589984833,0.00022876265668304364,8.781268479051121,1321.6630913261824,18.832041664083327,0.11515721450294224,0.016237168428685455,0.9148642405289467,0.00026364563858149965,8.677030279129937,1745.1001875000002,21.575812499999998,0.10917656109839205,0.01600555323551798,0.8884682577284376,0.000256177734375,8.724238797625542,2334.426744771983,24.98696145124717,0.09546802924723179,0.014707633786769946,0.8498442330370969,0.00021631449160573686,8.815807806791803,3335.7571875,29.9990625,0.0890058135640558,0.014061805538407933,0.7837352827170536,0.000197734375,8.889067281510721,2513.740236835475,26.00844041320232,0.0957176985320478,0.014678065517530972,0.8383176184658506,0.00021544560733693176,8.832797455867237,2228.686806955646,24.737210181451616,0.09922009236933914,0.015294155834038122,0.8580781819056849,0.0002339112026758423,8.79871089461598,3432.870592,31.135168,0.07973081453069358,0.013771158266464007,0.7796266715166669,0.0001896448,8.924674414944938,4440.449722782258,35.77885584677419,0.07894599986135724,0.013515576481051597,0.7118697605925627,0.0001826708076151551,8.964744659364115,3730.7308799999996,32.583423999999994,0.07978652146495566,0.01366043981722404,0.7605201297427538,0.000186607616,8.933106034237012,2660.0849847560976,27.12931910569106,0.09492807372994246,0.014815976080581503,0.8311021030597495,0.00021951314722036322,8.843183596239324,4523.117390738815,36.89860822060354,0.0721988004011968,0.01308242797571357,0.7104504568985633,0.00017114992173973304,9.000310558991172,5541.259400406505,41.441438008130085,0.07118195459855614,0.012876188835742965,0.6400678630927008,0.00016579623893371175,9.03496973284485,4852.409989594174,38.57557232049948,0.06923956644522458,0.013053216247183341,0.6893286770315749,0.00017038645439573113,9.011827061594321,fresh_sandwich_bread_18.jpg,fresh_bread
739.1856545275593,12.209768700787404,0.23931927819740023,0.030673389136957073,0.9503935048132481,0.0009408568011471962,7.815743579464729,1162.6953933907869,16.18736437472875,0.17466414870649324,0.02632451085807134,0.9221638396754888,0.0006929798719167158,8.035667629927477,696.8908095472441,10.896099901574804,0.2737471677534471,0.034172870093304296,0.9532196138529048,0.001167785050413851,7.642834121883231,1033.6172732345462,15.236220472440941,0.19516133901834642,0.02687535531180943,0.9308035464636478,0.0007222847231360032,8.002867490346148,1484.3654513888887,19.1734871031746,0.16244915018742528,0.024800695978527403,0.9006412126647324,0.0006150745210193452,8.163012069253998,1162.6953933907869,16.18736437472875,0.17466414870649324,0.02632451085807134,0.9221638396754888,0.0006929798719167158,8.035667629927477,1420.1414930555554,17.320684523809522,0.19179884504801298,0.027744056491959056,0.9049328722846618,0.0007697326706290155,7.996401348858007,1033.6172732345462,15.236220472440941,0.19516133901834642,0.02687535531180943,0.9308035464636478,0.0007222847231360032,8.002867490346148,2234.212375,24.915750000000003,0.12807827011653028,0.02162888332184535,0.8507818589092836,0.0004678085937499999,8.35639263406404,2358.168430335097,25.753338372385993,0.1157224980499119,0.021134193248447734,0.8429605615761675,0.00044665412426273383,8.372685632291088,2150.2619375,22.7888125,0.150040827632871,0.02427040861574028,0.8564960454744417,0.000589052734375,8.202504414775623,2103.5284706475186,24.18543713781809,0.13071593766599326,0.02144897084477446,0.8599124517643644,0.0004600583502999849,8.343670021496028,2923.719128024193,29.766003024193548,0.1052037851346576,0.019710043939455597,0.805101062921194,0.0003884858320952703,8.477867496802146,3496.3511039999994,33.744384,0.0863115174475094,0.018420663180244084,0.7683502432483479,0.00033932083200000003,8.557557898737679,2824.151965725807,27.558089717741936,0.12352236088607657,0.02198326162756337,0.812135353471998,0.0004832637917859001,8.340881227691039,3156.9036800000003,31.363583999999996,0.09513339109994097,0.018597809763517853,0.790833852333536,0.00034587852800000004,8.529000857156202,3507.4397230691056,33.735327743902445,0.0881925393100136,0.018367184872021766,0.7665884507563461,0.00033735348012302525,8.560254387533263,4472.692052549427,40.100481269510915,0.07202344686453008,0.016859555222943634,0.7051058946466943,0.00028424460231548596,8.670268954272622,3432.2745172764235,31.766133130081307,0.10941054166949893,0.02046120892764814,0.7724486830870039,0.000418661070780868,8.44528449917185,4110.1769640998955,37.41200572320499,0.07801634931788962,0.016846190531804067,0.7290129030304697,0.00028379413543384494,8.644638714521387,fresh_sandwich_bread_19.jpg,fresh_bread
337.09553395669286,6.59541092519685,0.4966792314764011,0.1357644057758384,0.9715341838457958,0.018431973875666502,6.18400176502753,681.7031434062867,9.566991133982269,0.45043666740697835,0.12585402864780593,0.9416380653230698,0.015839236526882752,6.399044026294646,491.73535925196853,7.672613188976378,0.481671102190734,0.12912649328168255,0.9578731555961547,0.01667365126722441,6.259227138392309,629.728439456879,9.036146072292146,0.4581584139995161,0.12661300488238916,0.946087240625825,0.0160308530053479,6.364581254416669,643.9801587301586,9.441716269841269,0.4535428374939423,0.12962291038175802,0.945617784653909,0.01680209889583727,6.38551249972517,681.7031434062867,9.566991133982269,0.45043666740697835,0.12585402864780593,0.9416380653230698,0.015839236526882752,6.399044026294646,960.4957217261906,11.55090525793651,0.41752042822565494,0.11512257767408106,0.9165387791233145,0.013253207890324827,6.513254419080833,629.728439456879,9.036146072292146,0.4581584139995161,0.12661300488238916,0.946087240625825,0.0160308530053479,6.364581254416669,963.664875,12.083625,0.4164408671733893,0.12416235748255186,0.9185949615587288,0.015416291015625003,6.524899780087046,1345.3573318216177,14.936192995716805,0.38179364813674666,0.11084230070639876,0.8831749727291804,0.012286015625887728,6.68445292297559,1427.3439375000003,15.177687500000001,0.362145192667232,0.10344213547015066,0.8741462516519038,0.010700275390625002,6.698143436053508,1244.9371378180904,13.96674225245654,0.38738660919309065,0.11170643085171605,0.8918913047550245,0.01247832669362922,6.642075726480714,1261.7973160282259,14.439453125,0.3871019975513175,0.11967494446272046,0.8933686708488526,0.014322092332155228,6.630725635711027,1984.0098559999997,19.847168,0.32455695233051607,0.09842236623857405,0.8251259480341123,0.009686962176000001,6.888873170863579,1871.399634576613,18.596585181451612,0.3180359833360503,0.0933192768950895,0.832513338329235,0.008708487440222384,6.846002840992398,1854.199744,18.568255999999998,0.33195398700168,0.09965248031032645,0.8365548887482234,0.009930616832,6.844202203516446,1555.7564151422764,16.64233993902439,0.36051170564349805,0.11585199574974998,0.8684700293412335,0.013421684919200087,6.728833523289809,2533.236732570239,23.983350676378766,0.2759558361340627,0.08811654971989781,0.773273894895466,0.0077645263345392235,7.043250803796588,2178.5817454268295,21.26149644308943,0.27878128283041603,0.0849932529901117,0.8022495358687115,0.007223853053841132,6.953798331981257,2408.7903876170653,22.675533298647238,0.2854785974273773,0.08914306112407376,0.784381025757535,0.00794648534657035,7.00445962880139,fresh_sandwich_bread_2.jpg,fresh_bread
853.5239911417323,14.496801181102361,0.16194967420981782,0.01907171735197893,0.9497709568703476,0.0003637304027537743,8.538447237378046,1213.5824911649822,18.216132432264857,0.11830264841755792,0.016339944185156687,0.92838042136446,0.0002669937759740359,8.722242605816898,1031.767593503937,16.83513779527559,0.13958683092610835,0.017352621019051235,0.9391083540124462,0.00030111345623081874,8.666672726144807,1356.5808171616345,19.081158162316328,0.11934694970530832,0.01627228659863713,0.9199358894465569,0.0002647873111481855,8.737565162816269,1608.8623511904761,19.901661706349202,0.12981982700835676,0.01701243589129193,0.9053191476432054,0.00028942297495531777,8.708562385839954,1213.5824911649822,18.216132432264857,0.11830264841755792,0.016339944185156687,0.92838042136446,0.0002669937759740359,8.722242605816898,1932.5048363095243,23.136780753968257,0.10863358431951733,0.015423105415732614,0.8856227327773116,0.0002378721806648007,8.841775765735067,1356.5808171616345,19.081158162316328,0.11934694970530832,0.01627228659863713,0.9199358894465569,0.0002647873111481855,8.737565162816269,2394.2805,24.513875,0.12255400029557859,0.016628641518476484,0.8590988535969973,0.00027651171874999985,8.782769948795153,2312.4642227261274,25.215797430083146,0.09580618973383925,0.014817955855540153,0.8631388883921493,0.00021957181573673673,8.887601230107173,2875.74875,28.744750000000003,0.08899693304450068,0.01421782277196477,0.8293057513818798,0.000202146484375,8.962035838771255,2572.8293650793653,26.976127488032255,0.09149465154963665,0.01459960342476815,0.8476866665412854,0.0002131484201605019,8.916524759203012,3131.544291834677,28.676852318548384,0.12037517557693381,0.016416933495825452,0.815701799799008,0.0002695157054063557,8.835998173730854,3443.437696,31.752447999999998,0.08940970197930917,0.013911059197631213,0.795619694348991,0.000193517568,8.992342384719567,3786.1333165322585,33.85572076612903,0.07985171917891974,0.013340499439431676,0.7746092528661311,0.00017796892529347685,9.049779478926784,3765.325952,33.711616,0.0781478463209167,0.013598079864451452,0.7763738458232198,0.000184907776,9.02984551889352,3840.5019054878053,32.67746443089431,0.10936874152727338,0.015353405499475751,0.7740046727000089,0.00023572706043133222,8.918218523273996,4450.605359001041,37.44823100936525,0.07934267206843847,0.013134458937946004,0.7350551297281289,0.00017251401159258968,9.082962128526226,4642.0766006097565,38.77286585365854,0.06780196223783398,0.012655047003638653,0.7228444201552131,0.00016015021466430366,9.120999947729704,4798.016389177939,39.443678459937566,0.06947479610629553,0.012738674216346646,0.7141170032909598,0.00016227382079021484,9.115826624229491,fresh_sandwich_bread_22.jpg,fresh_bread
629.1959891732283,13.135211614173228,0.17775909347745344,0.021270932397555592,0.9594956013547419,0.0004524525650613801,8.178712851360517,941.7185814371629,17.077624155248312,0.12509740416368936,0.018116134929285176,0.9391614070199474,0.0003281943447760664,8.405662376449312,777.8300935039372,15.814960629921261,0.12764506884228122,0.018265982428261884,0.9495770740186829,0.000333646114069572,8.376353402107696,912.7068634137266,16.722487444974888,0.13015439751277957,0.01826306239808807,0.9410431663108827,0.00033353944815645833,8.391296396262966,1074.192770337302,17.021391369047624,0.1434848759662472,0.019184993684705588,0.9310927104536239,0.0003680639826821933,8.346783604919388,941.7185814371629,17.077624155248312,0.12509740416368936,0.018116134929285176,0.9391614070199474,0.0003281943447760664,8.405662376449312,1249.473400297619,19.55189732142857,0.11226250172387157,0.016960437224461736,0.9187377602249538,0.00028765643084490734,8.498394509014684,912.7068634137266,16.722487444974888,0.13015439751277957,0.01826306239808807,0.9410431663108827,0.00033353944815645833,8.391296396262966,1498.2391874999998,20.1560625,0.12680534088672057,0.01810397487431973,0.9042363607552767,0.00032775390625000003,8.450064221464139,1518.2673217435124,21.347568657092467,0.10444901758410882,0.016684194628983566,0.9019344347774645,0.00027836235041780403,8.535581926408614,1684.5576875,22.631187500000003,0.09521642598393443,0.016081336231793676,0.8900650705179834,0.00025860937500000005,8.58760541908476,1482.866339128244,21.014235323759134,0.10771425159663801,0.016736725269351813,0.9042675191966633,0.00028011797274175946,8.530744419737365,1908.129410282258,23.02998991935484,0.11691592544904633,0.01737889457324328,0.8785080114903454,0.0003020259765879048,8.525472624552311,2037.4092799999999,24.824575999999997,0.09194457383216875,0.015865805242722478,0.8684122734890145,0.00025172377600000007,8.624778323615494,2069.5785660282263,25.39295614919355,0.08156938210727094,0.015383373443349049,0.8644481921478762,0.0002366481784975368,8.649902232078563,2048.053824,24.953664,0.09080898908772171,0.01577791469111175,0.8678721687662093,0.000248942592,8.629174597574838,2262.5078760162605,25.283790650406505,0.10799705904898023,0.016797919461141328,0.8565463280338855,0.0002821700982229906,8.581084994590938,2567.6917273673257,28.331945889698233,0.08093202041450773,0.015083472864184301,0.8341834135324323,0.00022751115364458415,8.70266574969455,2445.4485518292686,27.913617886178866,0.07169778929277525,0.014884842796617642,0.8392572461153388,0.00022155854508002014,8.704033142819773,2603.756698751301,28.610887096774192,0.07953347330009254,0.015051611328280179,0.8321812817874686,0.00022655100357761219,8.702930800155837,fresh_sandwich_bread_23.jpg,fresh_bread
769.9857283464568,13.207677165354331,0.32095924760364314,0.07073479174817345,0.9485216103054959,0.005003410763657465,7.619157055940082,1233.0613801227605,17.367660735321472,0.2581060526570769,0.06263358273200609,0.9172639751340786,0.003922965685847051,7.865163911173736,1105.3548843503938,16.010519192913385,0.2711937026030527,0.06323054392592407,0.9263898803174998,0.003998101685168214,7.809347502417923,1449.9631099262197,18.332754665509327,0.24444255879457538,0.06191545151314984,0.9026968609120913,0.0038335231360772087,7.90329687862721,1403.320250496032,18.48604910714286,0.2595190992834265,0.06516356004448023,0.905476170488076,0.004246289557670581,7.8558592788885155,1233.0613801227605,17.367660735321472,0.2581060526570769,0.06263358273200609,0.9172639751340786,0.003922965685847051,7.865163911173736,2149.1564980158732,22.94556051587302,0.2219122386882424,0.05907125247152409,0.8563656427828016,0.0034894128685545407,8.040080731995925,1449.9631099262197,18.332754665509327,0.24444255879457538,0.06191545151314984,0.9026968609120913,0.0038335231360772087,7.90329687862721,1983.1031249999996,22.261499999999998,0.23101864063498068,0.06132565480694029,0.8654574287376898,0.003760835937499999,7.977622080254163,2335.955719324767,24.8152557319224,0.20881381114227093,0.058780524282861145,0.8415148130472239,0.0034551500349680286,8.091179508395964,3193.2641250000006,28.857625,0.1961420439186562,0.05579030913832617,0.7858583648935754,0.0031125585937500006,8.174984203478463,2849.781494079113,27.111426051902246,0.19431415313840467,0.05685652191744523,0.8065423007481888,0.00323266408454893,8.139123738446607,2482.047127016129,25.234375,0.2098669349001378,0.058420384867062435,0.8305810538303534,0.003412941368015698,8.070581574673465,3431.76224,31.052608,0.18069406413511782,0.055477719924308354,0.7646665660427967,0.0030777774080000004,8.236962058337191,4180.362399193548,33.998109879032256,0.17845334731995852,0.053155300094398956,0.7186978133976354,0.0028254859281256098,8.268269274729711,4198.982336000001,34.430656,0.16853413382353466,0.05223609663824432,0.7116837704984326,0.0027286097919999998,8.276925448028427,2932.5945757113823,27.72884908536585,0.19212126523423514,0.05597683719898007,0.7987645451848202,0.003133406302801119,8.1358110177377,4425.25006503642,36.42943548387097,0.16092489078087208,0.05228384179045051,0.6936235182880273,0.0027336001123688587,8.328017462087216,5079.980500508131,38.9115218495935,0.16541487360782361,0.04989674239121682,0.6569859944128438,0.0024896849012554533,8.354391022735204,5435.540127471384,41.07303590010407,0.14510642903469698,0.04743126248695881,0.6228050391898777,0.002249724661106786,8.380823476822604,fresh_sandwich_bread_24.jpg,fresh_bread
792.8112081692914,11.529958169291339,0.217194618232716,0.021364792137637742,0.9576171931057574,0.00045645434308446743,8.25517373779875,2020.3923367846737,20.126356252712505,0.16113641134718906,0.018233782160646694,0.8919661819307827,0.00033247081188191767,8.552405579027315,1336.2798351377953,15.920337106299215,0.17547330255351057,0.01890676283110554,0.9285598044362571,0.00035746568075167395,8.466435369956738,1082.005022010044,14.877363754727511,0.1515554203684179,0.018106637053851557,0.9421433216811959,0.0003278503053999102,8.491206512796133,1731.5825892857147,19.078497023809526,0.15306511558364008,0.017679124393024114,0.9074345829582728,0.0003125514393040203,8.583591838025242,2020.3923367846737,20.126356252712505,0.16113641134718906,0.018233782160646694,0.8919661819307827,0.00033247081188191767,8.552405579027315,2995.8404637896824,26.829923115079364,0.12064138428647242,0.015749984346685043,0.839853449098495,0.00024806200692082384,8.774269891360845,1082.005022010044,14.877363754727511,0.1515554203684179,0.018106637053851557,0.9421433216811959,0.0003278503053999102,8.491206512796133,2747.8697499999994,25.723499999999994,0.12308075574865956,0.016096510685549213,0.8531287235358807,0.00025909765624999994,8.74467077229531,4533.392542202066,34.99029982363315,0.10743612064397445,0.0152681008824501,0.757627162760466,0.00023311490455667352,8.861085808005427,4700.75525,36.378125,0.09785428307450438,0.014370719471376511,0.7487732364693873,0.000206517578125,8.937696190978055,2239.2056563366086,23.11218190980096,0.11080324829371652,0.015712484131509753,0.8802810995697921,0.00024688215758294585,8.740689370402361,3766.378654233871,31.747857862903228,0.10534897009238495,0.015033097445594371,0.7987149965227432,0.00022599401880873601,8.863784777869814,6826.59008,47.418752,0.083774674995954,0.013828517780297351,0.6351727769587178,0.000191227904,9.019878163879678,6302.954322076613,45.09078881048387,0.07861324307912806,0.013336407455580214,0.6630707016318502,0.00017785976382125553,9.053161432695898,3397.837376,30.051903999999997,0.09288009310244252,0.014479071793454165,0.8184083331217565,0.00020964352,8.879188290196968,4772.143102134147,37.40732977642277,0.09283853798043795,0.014246769364035945,0.7450047569430048,0.00020297043731203317,8.951659956324718,8712.022437565038,57.44985691987513,0.0680304988741386,0.012934238183825237,0.534361242182472,0.00016729451739592278,9.11815118691215,7699.675050813008,52.6088668699187,0.06584975306943236,0.01255896525688423,0.5882265975492982,0.00015772760832362517,9.133296905415822,4503.953824141519,36.30332986472425,0.0810427402442992,0.013736625006742187,0.7592825940782524,0.0001886948665758548,8.96643738441838,fresh_sandwich_bread_25.jpg,fresh_bread
268.89376230314963,6.294106791338582,0.33777024808650347,0.054090640183870636,0.9849525749218718,0.002925797355500961,7.421634471812785,612.1230702461405,9.861181722363446,0.25263117556806636,0.048621045134948145,0.9655963007935287,0.0023640060300146645,7.763433856021079,508.6529896653543,8.609559547244094,0.27658927320294635,0.05210928538310671,0.9715321369729929,0.0027153776231380587,7.654389817493044,584.2707545415092,9.36741273482547,0.2600971082153056,0.050058506184325384,0.9671624076024383,0.0025058540414061425,7.717964545471693,531.5337921626985,9.042348710317462,0.278955976007056,0.04878199390828358,0.9701312322379977,0.0023796829296678164,7.676078356700271,612.1230702461405,9.861181722363446,0.25263117556806636,0.048621045134948145,0.9655963007935287,0.0023640060300146645,7.763433856021079,1081.7367311507937,13.079613095238093,0.2203763078095236,0.04713227476655984,0.9392210171628271,0.0022214513246704933,7.922498801087304,584.2707545415092,9.36741273482547,0.2600971082153056,0.050058506184325384,0.9671624076024383,0.0025058540414061425,7.717964545471693,792.080375,11.382625,0.24748973485265174,0.04455357992771176,0.9553002446088562,0.0019850214843749998,7.8312371852055005,1288.9038170823885,15.129692617787857,0.19839878662396018,0.04137092249386201,0.9269454148097944,0.0017115532279931376,8.053926242040554,1575.2471250000003,16.546000000000003,0.1861368476967043,0.043287804106641875,0.9112960432157351,0.001873833984375001,8.074213055152004,1228.0585159989923,14.327223481985389,0.204801369333389,0.04364933935451614,0.9304006562283509,0.0019052648260857114,7.999663830228086,1052.0645161290324,13.50919858870968,0.22306041798331627,0.041078701506157625,0.9403702359037726,0.0016874597174319967,7.945861331415275,1875.4321919999998,19.419904,0.1617649774765927,0.03531080741076306,0.8929612869378526,0.0012468531199999995,8.229214621169373,1917.0062373991937,19.348979334677416,0.16330961583137846,0.04027234301158979,0.8915401823986341,0.0016218616116431448,8.191079261671716,1783.778368,18.285376,0.16553488976058472,0.0387294137316846,0.8982139227829481,0.0014999674879999994,8.175112175725728,1309.895261686992,15.482787093495936,0.20817424569954157,0.03874307043605709,0.925451212362042,0.0015010255068132808,8.028948197715794,2299.145031217482,23.10262747138398,0.13148904449338042,0.0303429578283094,0.8675020114525269,0.0009206950897705627,8.370506401871433,2227.416730182927,21.845973069105693,0.1468122006533723,0.03778067073146949,0.873427225983598,0.0014273790809197153,8.281373325143253,2160.9981139438087,21.35828563995838,0.1434969450605841,0.034958512784158846,0.8755018573517822,0.0012220976160801974,8.303510780008281,fresh_sandwich_bread_26.jpg,fresh_bread
774.1171875,15.050504429133861,0.13886013233590794,0.01799448668129809,0.9501929068905747,0.0003238015509234144,8.55079414650247,1267.43784487569,18.536115072230146,0.11361237007043123,0.016066886835301285,0.9183556559683521,0.00025814485257837777,8.67679136457315,1138.5194389763783,17.08735236220473,0.1268138641811348,0.016817723739702257,0.9264172460858471,0.0002828358317849449,8.618421335994965,1321.6630913261824,18.832041664083327,0.11515721450294224,0.016237168428685455,0.9148642405289467,0.00026364563858149965,8.677030279129937,1228.426587301587,18.414434523809526,0.12019479866255742,0.016747442846205756,0.92120607706959,0.0002804768418869283,8.664914645821586,1267.43784487569,18.536115072230146,0.11361237007043123,0.016066886835301285,0.9183556559683521,0.00025814485257837777,8.67679136457315,2211.318266369048,23.749565972222225,0.10773666663446438,0.015124901873501316,0.856857589984833,0.00022876265668304364,8.781268479051121,1321.6630913261824,18.832041664083327,0.11515721450294224,0.016237168428685455,0.9148642405289467,0.00026364563858149965,8.677030279129937,1745.1001875000002,21.575812499999998,0.10917656109839205,0.01600555323551798,0.8884682577284376,0.000256177734375,8.724238797625542,2334.426744771983,24.98696145124717,0.09546802924723179,0.014707633786769946,0.8498442330370969,0.00021631449160573686,8.815807806791803,3335.7571875,29.9990625,0.0890058135640558,0.014061805538407933,0.7837352827170536,0.000197734375,8.889067281510721,2513.740236835475,26.00844041320232,0.0957176985320478,0.014678065517530972,0.8383176184658506,0.00021544560733693176,8.832797455867237,2228.686806955646,24.737210181451616,0.09922009236933914,0.015294155834038122,0.8580781819056849,0.0002339112026758423,8.79871089461598,3432.870592,31.135168,0.07973081453069358,0.013771158266464007,0.7796266715166669,0.0001896448,8.924674414944938,4440.449722782258,35.77885584677419,0.07894599986135724,0.013515576481051597,0.7118697605925627,0.0001826708076151551,8.964744659364115,3730.7308799999996,32.583423999999994,0.07978652146495566,0.01366043981722404,0.7605201297427538,0.000186607616,8.933106034237012,2660.0849847560976,27.12931910569106,0.09492807372994246,0.014815976080581503,0.8311021030597495,0.00021951314722036322,8.843183596239324,4523.117390738815,36.89860822060354,0.0721988004011968,0.01308242797571357,0.7104504568985633,0.00017114992173973304,9.000310558991172,5541.259400406505,41.441438008130085,0.07118195459855614,0.012876188835742965,0.6400678630927008,0.00016579623893371175,9.03496973284485,4852.409989594174,38.57557232049948,0.06923956644522458,0.013053216247183341,0.6893286770315749,0.00017038645439573113,9.011827061594321,fresh_sandwich_bread_29.jpg,fresh_bread
791.0624384842522,13.248462106299215,0.17113367012193131,0.019725655533106755,0.9536951712461746,0.00038910148621078516,8.431970403963113,1167.0419120838242,17.128588257176517,0.12779576775104096,0.016855597777698936,0.9314907974145462,0.0002841111764435693,8.63146287988024,974.0659448818899,15.716904527559059,0.15024346187840415,0.01779964308099569,0.9428139380855609,0.00031682729381083774,8.579770685364053,1285.182342364685,17.951019902039807,0.12648530985993067,0.016659872874795492,0.9245503842538799,0.0002775513642043466,8.661765257748398,1545.4314856150795,18.714347718253972,0.14049496105824696,0.01765692960058049,0.9095383105538444,0.0003117671629198555,8.611528557371372,1167.0419120838242,17.128588257176517,0.12779576775104096,0.016855597777698936,0.9314907974145462,0.0002841111764435693,8.63146287988024,1904.7493179563494,22.345672123015873,0.11379049074830594,0.01564006314820074,0.8878510237579941,0.00024461157527970684,8.784358223714733,1285.182342364685,17.951019902039807,0.12648530985993067,0.016659872874795492,0.9245503842538799,0.0002775513642043466,8.661765257748398,2326.310875,23.408125000000002,0.12914313804644661,0.017013149785533543,0.8638291872724893,0.00028944726562500005,8.703437642641124,2308.8617409926937,24.543524817334344,0.10347754172244673,0.015144690221859334,0.8640713505745391,0.0002293616419160817,8.816036853708638,2863.27675,28.188375,0.09118073645472005,0.014395162490399335,0.8309190218021433,0.000207220703125,8.904037518966534,2538.626606198035,26.211640211640216,0.093779470865489,0.014801346044708959,0.85050290289199,0.00021907984473522153,8.85528264614171,3070.1742691532254,27.69128024193548,0.12730952712492635,0.016822607537381032,0.8202631901640757,0.0002830001243567491,8.764056398760639,3456.957888,31.275968,0.08957043270823115,0.014155868323773007,0.7958823184920579,0.000200388608,8.936897147169052,3775.494770665323,33.39673639112903,0.08046828452550803,0.01353589984021537,0.776386773360807,0.0001832205844843425,8.99690565462311,3755.2012159999995,33.156544,0.08205580635799933,0.013709376645201634,0.7781337295236486,0.00018794700800000002,8.977867467017798,3776.1868648373984,31.690548780487802,0.11293374916744783,0.01564009718290427,0.7789473113199762,0.0002446126398906901,8.851231568659237,4455.986667533819,36.95792143600416,0.08473858938169393,0.013458375418730194,0.7360750017553769,0.00018112786891148115,9.027886919675364,4611.870172764228,38.282393292682926,0.06927229611051286,0.012745499489252111,0.7260438166519841,0.0001624477572305258,9.078501017753485,4817.3651144641,39.1732570239334,0.07185390363302796,0.012935464445305266,0.7144189774484069,0.00016732624041575667,9.066575497918857,fresh_sandwich_bread_4.jpg,fresh_bread
672.5780634842522,13.76888533464567,0.1707424970476664,0.020432536967071115,0.9566727564523033,0.0004174885669107277,8.250935747602284,996.8330336660674,17.70475540951082,0.11991619470495388,0.01754373458329957,0.9355622529422107,0.0003077826231292614,8.462029040974349,827.3581446850393,16.401574803149607,0.125560448776999,0.01776878947780726,0.9463349326228002,0.000315729879506634,8.427267042250387,952.2826585653172,17.26436852873706,0.1250146887373647,0.017634212992380115,0.9384500742160732,0.00031096546786062764,8.455233472592495,1119.8523685515875,17.556609623015877,0.13926975182929804,0.018619524281666928,0.9281132431618216,0.0003466866844755843,8.407771077404071,996.8330336660674,17.70475540951082,0.11991619470495388,0.01754373458329957,0.9355622529422107,0.0003077826231292614,8.462029040974349,1294.9203249007937,20.06107390873016,0.10686021354862645,0.016533913580228213,0.9157493796001953,0.000273370298278455,8.546840863582489,952.2826585653172,17.26436852873706,0.1250146887373647,0.017634212992380115,0.9384500742160732,0.00031096546786062764,8.455233472592495,1547.8676875,20.660062500000002,0.12129974873867683,0.017538573559443195,0.900993963277891,0.0003076015625,8.50620906327632,1570.0468002015623,21.881897203325778,0.10188872653856397,0.016258023345052598,0.8985487145425842,0.0002643233230882753,8.584315162095592,1728.75975,23.032875,0.09309869501782483,0.015625062499874998,0.8871511835779227,0.00024414257812499995,8.636501291329456,1522.858591584782,21.501322751322753,0.1017955087536446,0.016268330508099452,0.9016460598531044,0.00026465857752075943,8.579582651504998,1954.362462197581,23.481035786290327,0.11141163308286925,0.01698931504891972,0.8754795310720239,0.0002886368258314501,8.56561646866722,2084.5402240000003,25.271616,0.09172045680681568,0.015449008770791736,0.8653298786065341,0.00023867187200000002,8.665905525491944,2112.0749747983873,25.793094758064516,0.08133840049153006,0.01495221218988623,0.8616329388819101,0.00022356864937138235,8.700723851870784,2077.035008,25.243392,0.09065413154919755,0.015360466659577762,0.8659652612229924,0.00023594393600000001,8.670812815369075,2305.8468622967484,25.695185467479675,0.1065088226255918,0.01638633344460458,0.8536985221856533,0.00026851192375776655,8.625581102773994,2610.1286420395422,28.77627471383975,0.07972807995316691,0.014776440738980219,0.8314043364227118,0.0002183432009125943,8.735045861985501,2487.20318851626,28.287919207317074,0.07349596479471653,0.014465889258191086,0.8364849173240161,0.00020926195203024823,8.750480901038815,2635.6698100936524,28.942312695109266,0.07949848279223155,0.014663441395730243,0.8300865534608014,0.0002150165135660153,8.742602334560997,fresh_sandwich_bread_5.jpg,fresh_bread
699.9638287401576,11.26882381889764,0.18130851128783115,0.020704230581476656,0.9613184396465606,0.00042866516397095314,8.319101652021683,1038.2750945501891,13.799553599107199,0.16851559325145415,0.019515763973225603,0.9427074782016308,0.0003808650434586504,8.409260969455044,695.2388041338581,10.992372047244094,0.1888006267546409,0.0209924236476397,0.9616082617073899,0.00044068185060198246,8.282265594788765,955.740281480563,13.316944633889268,0.171192424557915,0.01961351163758842,0.947261576469458,0.00038468983875781636,8.396892695720226,1297.4587673611113,15.548921130952383,0.16023587794644875,0.019045667195097354,0.9283547700598649,0.00036273743890640755,8.479289530651236,1038.2750945501891,13.799553599107199,0.16851559325145415,0.019515763973225603,0.9427074782016308,0.0003808650434586504,8.409260969455044,1285.4712921626985,15.573598710317462,0.16093253241334018,0.018935437334060078,0.9291084415786571,0.0003585507870321162,8.467847636658187,955.740281480563,13.316944633889268,0.171192424557915,0.01961351163758842,0.947261576469458,0.00038468983875781636,8.396892695720226,1894.6466875,19.3545625,0.14288935094909952,0.017881827804366084,0.8954525104351521,0.000319759765625,8.590642549656256,1971.4474678760394,20.178634416729658,0.14138358998511485,0.01739094949804607,0.8914393406435571,0.00030244512444358877,8.609476191193439,1898.8205624999996,19.771562499999995,0.13986866761233402,0.01760787066555749,0.8954158615322325,0.0003100371093749999,8.602640277739248,1743.4865205341398,18.954648526077097,0.14238484523515438,0.017534086364001847,0.9039880450585583,0.0003074441846202755,8.588779492970952,2473.023752520161,23.076045866935484,0.127365492381133,0.016692323549101735,0.8636230909195173,0.00027863366546789636,8.700490232266095,2887.898112,26.000128,0.12258420672763409,0.01603867326183809,0.8412829234862452,0.00025723904000000004,8.756233419999981,2489.679750504032,23.531439012096776,0.12691058567507743,0.01669476086631828,0.8630528292423116,0.0002787150403835523,8.702045166947475,2514.1193599999997,24.072896,0.11539263442876405,0.015906028039708718,0.8618078845446276,0.000253001728,8.740223795547182,3027.067136686992,26.394372459349597,0.11850285171656069,0.015914784520174176,0.8331351822680293,0.0002532803663235756,8.776686397892732,3718.4243626430807,31.051964099895944,0.10794680322187884,0.014952083800502529,0.7960201662604882,0.00022356480997725014,8.865230974066137,3009.8660442073174,26.741044207317074,0.11650948101300679,0.016017057924694163,0.8346528047494152,0.0002565461445630081,8.776673557455112,3235.2781607700317,28.59566857440167,0.10281423299479317,0.014883965259294757,0.8224891569160167,0.0002215324218398932,8.846941952098133,fresh_sandwich_bread_6.jpg,fresh_bread
906.3869955708662,14.676611712598426,0.2666176729238879,0.06374109118108172,0.9234256087366793,0.004062926704954973,7.501819753102843,1763.2868745737496,22.255688511377024,0.20187951008659116,0.05801287031305231,0.8515609215789305,0.003365493121959026,7.799265029128724,1463.8397514763778,19.05960875984252,0.3057763936593655,0.08027549387651518,0.8766189114970646,0.006444154917118428,7.508859784378471,1676.4981709963422,21.510137020274044,0.21862079796679418,0.06126082881859809,0.8588645837431359,0.0037528891475415785,7.7462973293855555,1584.2860863095236,20.465401785714285,0.19665344456299888,0.05272124171877099,0.8662328343876615,0.0027795293283690787,7.749763961862362,1763.2868745737496,22.255688511377024,0.20187951008659116,0.05801287031305231,0.8515609215789305,0.003365493121959026,7.799265029128724,2855.6049107142853,28.352182539682538,0.24422477961296707,0.07094397480739648,0.7604878029486117,0.005033047561472505,7.764109419689708,1676.4981709963422,21.510137020274044,0.21862079796679418,0.06126082881859809,0.8588645837431359,0.0037528891475415785,7.7462973293855555,2246.1151250000003,25.223625000000002,0.15328779265709802,0.04614229435263271,0.8104749684210345,0.002129111328125,7.891798620523898,3316.1414714033763,32.95628621819098,0.1339455651191909,0.046443570031906675,0.7223663106373388,0.00215700519730862,8.056816832847119,4256.8920625,36.6483125,0.2100954955971528,0.06434601896193734,0.6447185720105686,0.00414041015625,7.927183446119333,3132.011085915848,31.52821869488536,0.15362727045486643,0.05022427854194852,0.737763182517838,0.00252247815505923,8.002504094018908,2807.86857358871,28.86365927419355,0.13152546131631782,0.04244375017040816,0.7631921381280246,0.001801471928528023,7.987214439240397,4829.521792,41.960704,0.09832261054201301,0.03964865859017175,0.5979548601300841,0.001572016128,8.204571681628945,5568.663999495968,44.041771673387096,0.1781740593561316,0.05839410033141378,0.5374016074074405,0.003409870953515219,8.04221486742275,4559.422912,40.067264,0.12120627232259656,0.04367776111478243,0.6203892694869667,0.001907746816,8.150204536767877,3318.211509146342,32.223958333333336,0.11289709954460503,0.04072709951276466,0.7202959096542438,0.0016586966347226354,8.04921262506686,6141.496357960459,49.22216441207077,0.07707742013104736,0.036090437806918445,0.4914014009201275,0.0013025197010950481,8.29202484832969,6786.776994410569,50.702934451219505,0.15557531159221505,0.0534279359804238,0.43896859741729793,0.002854544343128264,8.130390488832502,5801.410054630593,47.003316857440154,0.10067369827834835,0.038832053375882365,0.5194603558270471,0.0015079283693873768,8.24582830202484,fresh_sandwich_bread_7.jpg,fresh_bread
1039.6373646653542,15.596887303149606,0.18423077541691654,0.025848145802534157,0.9395044203898171,0.0006681266414290642,8.411500376653365,1821.7471014942034,21.921569843139686,0.12091622640730597,0.019814399623510153,0.8940846979803199,0.00039261043244015936,8.66524139895306,1526.708230807087,19.792753444881892,0.13568645188717599,0.021071276438122028,0.911284462287667,0.0004439986907317566,8.594344326245533,2002.1073842147684,23.18420236840474,0.11849384506793059,0.02026028967995546,0.8836019753761069,0.0004104793379157098,8.670738556795635,2099.340959821429,23.540488591269845,0.13143977006400948,0.021672670907691944,0.8777631517406896,0.00046970466427311675,8.661080343253492,1821.7471014942034,21.921569843139686,0.12091622640730597,0.019814399623510153,0.8940846979803199,0.00039261043244015936,8.66524139895306,3021.915054563492,29.27777777777777,0.09961607307250928,0.017152364293468454,0.8245555460125227,0.00029420360085585155,8.826457845613287,2002.1073842147684,23.18420236840474,0.11849384506793059,0.02026028967995546,0.8836019753761069,0.0004104793379157098,8.670738556795635,3120.009,29.8495,0.11686733712567011,0.019783693569452598,0.8182147475318122,0.00039139453125000003,8.790421367295147,3780.4443814562865,34.58257747543462,0.08418114398238709,0.01596330456098012,0.7802724198530542,0.00025482709250660877,8.930194865582028,4541.32225,37.655875,0.07960285032465708,0.015207548495730664,0.7365097716790906,0.00023126953124999998,8.963767803852175,4061.7206475182666,35.717372134038804,0.08407003983636867,0.01608185255155895,0.7639414096104225,0.000258625981490083,8.935032544078735,4171.639553931452,36.42445816532258,0.0972060467290482,0.017928494550317788,0.7567743952691439,0.00032143091684077457,8.9198321370425,5677.005888,45.35507200000001,0.06254431675553741,0.013881510004318694,0.6700574285337946,0.00019269632,9.091028172155049,5913.628654233871,45.60647681451612,0.06718781571340203,0.013879703938562353,0.6570729539471865,0.0001926461814221433,9.0846017891009,6201.488255999999,47.707136,0.06572470963133745,0.014019871611395021,0.6396165521886863,0.00019655680000000002,9.095565796867827,5073.8073551829275,41.22478404471545,0.09133951540528937,0.017020224581183963,0.7040283673971817,0.0002896880447939388,8.974476678969518,7215.199986992717,53.83227107180021,0.051531857706977206,0.012609688135689034,0.580629120214993,0.0001590042348793368,9.186167750976194,6987.038363821139,51.20998475609756,0.06127021327717587,0.013144566890040222,0.5949683961181546,0.00017277963872674168,9.146444335565638,7982.260926118628,57.344042663891784,0.05357721748113524,0.012705676613176162,0.5361932283574566,0.00016143421819861164,9.19236763516105,fresh_sandwich_bread_8.jpg,fresh_bread
1322.8442421259847,17.00061515748032,0.17514727916263942,0.019216164873049852,0.9244386674075313,0.000369260992428235,8.595266427454693,1827.3639407278815,21.546097092194188,0.12228696179302881,0.016747953844416637,0.8956866391373555,0.00028049395797470996,8.791724182432931,1229.4502337598424,15.655450295275593,0.20280096062700986,0.021765885121554276,0.9298215188936843,0.00047375375512469773,8.4875146194718,2072.9544299088598,23.135098270196544,0.1205873525070125,0.016696289200393517,0.8816659467624932,0.0002787660730631772,8.814389816198876,2863.4452504960313,27.78788442460317,0.11224399571691171,0.0150466014867262,0.8366804795884571,0.0002264002163003511,8.922084306022196,1827.3639407278815,21.546097092194188,0.12228696179302881,0.016747953844416637,0.8956866391373555,0.00028049395797470996,8.791724182432931,2724.758184523809,26.82465277777778,0.13587787592535655,0.017439656329202264,0.844574953849822,0.00030414161288068464,8.86609245763525,2072.9544299088598,23.135098270196544,0.1205873525070125,0.016696289200393517,0.8816659467624932,0.0002787660730631772,8.814389816198876,4329.184687499999,36.39706249999999,0.08797634282811663,0.013285697784647967,0.7530508513620194,0.0001765097656249999,9.079730805898087,4007.0651927437643,35.84347442680776,0.07394006329307587,0.013064463774190072,0.771763977065054,0.00017068021370712468,9.108431959561061,4274.34125,36.554500000000004,0.10079916765170234,0.015179074308896444,0.7563519832406165,0.00023040429687500003,9.0618444892302,4472.549571680525,38.49048878810784,0.06987230250003229,0.012986181677293852,0.7452390530010966,0.00016864091455568258,9.138598688720757,5516.161290322581,43.13067036290323,0.07137635418199025,0.012285786290322582,0.6852967803469482,0.00015094054477147832,9.183088398867326,6023.500800000002,47.19078400000001,0.057334671970111994,0.011531638565269033,0.6571271539587927,0.00013297868800000006,9.259099503542064,5743.144846270161,44.91777973790323,0.08180106215770733,0.013801982033112604,0.6728146161527093,0.0001904947080423631,9.183592612037058,6615.890431999999,50.535039999999995,0.05375875914843942,0.011534213453894462,0.6233897060941475,0.00013303808,9.28076398703736,6382.852007113822,47.907139227642276,0.06203161940172526,0.01173857131006181,0.6359869787115146,0.00013779405640140623,9.240512435226417,7619.334027055151,55.70694588969823,0.04555778922707336,0.010866435681751824,0.5665116009243821,0.00011807942442564924,9.339853887888152,7102.80818089431,52.275660569105696,0.07027097112192063,0.012805262417205074,0.5955787551661712,0.00016397474557348473,9.265155161223703,8347.848139958378,59.78336368366286,0.04368206033457769,0.010843348224246697,0.5250987660832638,0.00011757820071227401,9.347377566195949,fresh_sandwich_bread_9.jpg,fresh_bread
902.8630659448819,15.170152559055117,0.13785598481234634,0.020359714632451658,0.9392156397383212,0.0004145179799148661,8.369766257400778,1031.239878479757,17.13547027094054,0.11663852937615576,0.01895328681012575,0.9307705693183016,0.00035922708090688676,8.485576028332247,781.2041092519685,14.118971456692915,0.15829415113547302,0.022280847684421918,0.9475019583544815,0.0004964361735364096,8.314683659842046,1260.7158534317068,17.96205592411185,0.12425621230097264,0.01944230372181198,0.9153664600432437,0.000378003174011184,8.457271084016059,1608.8728918650797,20.689236111111118,0.10957924865524724,0.01817276970059318,0.8917865999948545,0.00033024955859079755,8.553661447435168,1031.239878479757,17.13547027094054,0.11663852937615576,0.01895328681012575,0.9307705693183016,0.00035922708090688676,8.485576028332247,1373.4002976190475,19.546502976190474,0.11538034052526856,0.019082017144447103,0.9080016123594897,0.00036412337830097317,8.533790459655364,1260.7158534317068,17.96205592411185,0.12425621230097264,0.01944230372181198,0.9153664600432437,0.000378003174011184,8.457271084016059,2321.218125,25.30075,0.09279392967180336,0.017221613872544003,0.8440016609704405,0.000296583984375,8.652776712616443,1823.711262282691,23.425296044343668,0.09301379117771591,0.017142039499293577,0.878075992488034,0.0002938495181953412,8.655080083801348,1967.0175000000004,23.923625,0.09813292039726741,0.01790764065280516,0.8686880509805264,0.00032068359375,8.641764871383284,2318.6688712522046,25.325459813555057,0.09435814338286225,0.017314870713306563,0.8449882860818326,0.0002998047478185213,8.641637855914658,2973.8392137096776,29.297505040322584,0.08610247979505284,0.016650119364534945,0.8003961696301646,0.0002772264748532616,8.737237398853326,2545.591872,28.064832,0.08028780380749195,0.01640286414014333,0.8305352179249227,0.000269053952,8.743470626344386,2506.2633568548385,27.45564516129032,0.08756224741675096,0.017146301692799428,0.8332989350605552,0.00029399566174049657,8.713183971726343,3310.7575680000004,31.456191999999998,0.08299435153607265,0.016297961590333927,0.779602600381697,0.000265623552,8.760266846861807,3566.0347433943098,32.90644054878049,0.08105994888249807,0.016095200796596015,0.7609672720721438,0.00025905548868274505,8.789042449820014,3293.1776795005208,32.447840790842875,0.07104951412502458,0.01571857762464977,0.7818436925791952,0.00024707368254214037,8.80549424814518,3046.304941565041,30.77978912601626,0.08124104481762469,0.0166597350784282,0.7981143065226856,0.000277546772883411,8.762530463093123,4193.133259625391,36.785965140478666,0.0721666397801508,0.015624044050426139,0.7222385597830275,0.0002441107524896564,8.834370963341422,multigrain_bread_1.jpg,fresh_bread
633.1378567913385,10.039431594488189,0.34852244101866225,0.055789560824768165,0.9662269354932426,0.0031124750970205066,7.5463645702667,821.4361708723419,11.881331762663528,0.31800983621517914,0.05257966930739903,0.9561380052802865,0.0027646216244754398,7.657529456126859,442.89530019685037,8.48068405511811,0.39536748678226363,0.05873713552391965,0.9764027192707033,0.0034500510895553037,7.413706694010079,716.204352408705,11.000186000372002,0.3501345213111239,0.05369400458312809,0.9617573014139941,0.0028830461281729807,7.603151511701818,1223.9246651785713,14.876302083333332,0.2618080756536429,0.04823803130984993,0.9345582479806543,0.002326907664650062,7.840889337787073,821.4361708723419,11.881331762663528,0.31800983621517914,0.05257966930739903,0.9561380052802865,0.0027646216244754398,7.657529456126859,861.8822544642858,12.53019593253968,0.3234128533727778,0.05176074409606823,0.9540356365237866,0.0026791746293786615,7.6942467741064675,716.204352408705,11.000186000372002,0.3501345213111239,0.05369400458312809,0.9617573014139941,0.0028830461281729807,7.603151511701818,1833.2603125,19.269312499999998,0.2145519178050278,0.04266333503431254,0.9017205570405603,0.00182016015625,8.028659049480378,1594.8429705215422,17.84914336104812,0.2296917269197192,0.0434227863676225,0.9145349385636521,0.0018855383759281827,7.9598037768234615,1246.6761874999997,15.605062499999997,0.27726170263376393,0.04710941386814316,0.9334501729734697,0.002219296874999999,7.863369657503496,1389.7445830183926,16.202003023431594,0.2673720094764784,0.04510389769898574,0.925528056030833,0.0020343615876405713,7.8935005610001765,2421.9766885080653,23.368321572580648,0.1811731852685423,0.03848919888736679,0.8697846443207172,0.0014814184309912774,8.180066955727764,2319.946048,22.981568000000003,0.1784884656061546,0.03727240437642842,0.8751738787469184,0.0013892321280000001,8.159362244450701,1585.1014364919358,18.192918346774196,0.24651670480962296,0.04312714599384016,0.9153053586187976,0.0018599507215740036,7.978213873904147,2035.938944,20.507264000000003,0.2131642941119027,0.038576421399606264,0.8904631933285463,0.001488140288,8.081640797958542,2987.8399390243903,27.151422764227647,0.15345142703769277,0.034804882162277825,0.8388547784484041,0.001211379822330045,8.298879153804732,2942.265608740895,27.286290322580648,0.1464390868911428,0.03319161607085101,0.8409820587745517,0.0011016833773947752,8.290965207522428,1863.795287093496,20.205348069105693,0.21862822589545508,0.04009627112210683,0.9003189683668099,0.0016077109578974981,8.071896315269889,2630.711108220604,24.475026014568158,0.17862619924815049,0.03390777798439657,0.8578390716985796,0.0011497374078391289,8.223126918389504,multigrain_bread_13.jpg,fresh_bread
903.5255290354332,15.175873523622052,0.1354636321350529,0.020159340419700925,0.9393055880177746,0.0004063990061573874,8.386028374074305,1040.5461590923182,17.161324322648646,0.11731813790534831,0.01888176088404231,0.9302996751060056,0.00035652089408215026,8.494821386487972,789.8053641732283,14.179625984251969,0.15619216702992408,0.022124384866807574,0.9470412088106654,0.000489488405734624,8.330747076272006,1258.4101928203859,17.970363940727886,0.12310718094962318,0.019219938439616734,0.9157073776715157,0.0003694060336226569,8.474546097483572,1615.4158606150795,20.69326636904762,0.10745088797183822,0.018025087859830684,0.8915874113950929,0.00032490379235461554,8.569502329090831,1040.5461590923182,17.161324322648646,0.11731813790534831,0.01888176088404231,0.9302996751060056,0.00035652089408215026,8.494821386487972,1382.569506448413,19.58711557539683,0.11451431214866564,0.019050258877401454,0.9075918860958169,0.00036291236329601297,8.545813869685603,1258.4101928203859,17.970363940727886,0.12310718094962318,0.019219938439616734,0.9157073776715157,0.0003694060336226569,8.474546097483572,2326.9911875,25.3121875,0.09179547708046927,0.01710251717584286,0.8439613562525902,0.00029249609375,8.669631254594265,1832.1332199546487,23.457608969513736,0.09261977647655045,0.017132894824205252,0.8777830019192461,0.0002935360850572791,8.67017826971303,1980.5658125,23.9935625,0.09789027840841111,0.01781304823717715,0.8680749139703613,0.0003173046875,8.660684231614475,2326.334278155707,25.366276140085667,0.09457602512394235,0.01722729006286277,0.8448192111733148,0.0002967795229100104,8.654344555981837,2983.1779233870975,29.325352822580655,0.08419802240973492,0.01648654334810554,0.8002147298167063,0.0002718061115689631,8.746618200631906,2559.746048,28.106112,0.08127393609894804,0.016283944485289796,0.8299689882952502,0.000265166848,8.765033152657391,2520.450982862903,27.51814516129032,0.08640649364539642,0.01711020631007514,0.8327225817549154,0.00029275915997333506,8.722789251397765,3319.3640960000002,31.484160000000003,0.08193022029177963,0.016237532817518805,0.779517917644799,0.00026365747200000016,8.77257053415072,3570.1215701219517,32.90599593495935,0.07861164089771071,0.01607933915920232,0.7612276935142922,0.00025854514779665713,8.797813231860342,3307.286420395422,32.49648803329865,0.07030798949989439,0.015698989010677192,0.7813902157968265,0.0002464582559573632,8.822665288108942,3059.719512195122,30.836382113821138,0.07945200147936321,0.016573362891817482,0.7976688430552633,0.0002746763575438727,8.777723804276238,4199.974505723205,36.81152445369407,0.07207601958881106,0.015579379143115905,0.7223966988424573,0.0002427170544849549,8.847215491321565,multigrain_bread_16.jpg,fresh_bread
400.451279527559,4.960629921259843,0.7347127507272795,0.6621276608333391,0.980900947246047,0.43841303924062924,2.94438776343289,550.6278132556264,6.1402442804885595,0.7281654346328407,0.6588873886155562,0.9738547549405996,0.4341325908766269,3.017150932506942,386.6387795275591,4.7449557086614185,0.7362287237870516,0.6632919150572378,0.9815597181868596,0.43995616458029807,2.936357088574983,559.954491908984,6.471572943145889,0.7154216290936464,0.6561219314732849,0.9734118999065609,0.430495988960234,3.0149131754339296,821.1763392857142,8.499255952380953,0.7072562884310928,0.6532971047337819,0.9610097672044128,0.42679710705354196,3.083074809962267,550.6278132556264,6.1402442804885595,0.7281654346328407,0.6588873886155562,0.9738547549405996,0.4341325908766269,3.017150932506942,800.3328373015872,8.237847222222221,0.7064580108182944,0.6555134506424,0.9619994364821994,0.4296978839731061,3.076128142622697,559.954491908984,6.471572943145889,0.7154216290936464,0.6561219314732849,0.9734118999065609,0.430495988960234,3.0149131754339296,1293.48875,11.891125,0.6921622772469963,0.644343768944905,0.9388577999138006,0.415178892578125,3.186847996918684,1148.6667926429832,10.724867724867725,0.6993778663679935,0.6468911495261404,0.9459377388201775,0.4184681593352513,3.1757125025403035,1261.4268750000006,11.560375000000004,0.6927079744634854,0.6476376648419045,0.9403733396325563,0.41943454492187515,3.175622984869019,1204.167800453515,11.460191484001008,0.6870963455002099,0.6408876391179709,0.943325571393371,0.4107369659742064,3.1970511953204643,1867.081023185484,15.368195564516128,0.6765811214703444,0.6352465388002796,0.9121376622051777,0.4035381650577351,3.277928915837298,1803.1024640000005,15.116544000000005,0.6770995649264848,0.6346979351849195,0.9158747139248588,0.4028414689280002,3.297730230991135,1767.3791582661288,14.812373991935484,0.677570497606471,0.6396381909236906,0.9168294987272865,0.4091370152881316,3.254192721813204,2009.1119360000002,16.451072000000003,0.6655822366930328,0.6252815918096423,0.906263165988896,0.39097706905600016,3.3399987802020643,2500.1989329268295,18.763084349593495,0.6641234608085822,0.6260046794224177,0.8828673489330392,0.39188185865876385,3.3580415599584144,2489.5845473465142,18.83415712799168,0.6605636722506069,0.6222281186535273,0.8848449688353582,0.38716783164310814,3.3991473788516404,2286.1802591463415,17.857215447154474,0.6645405397633649,0.6315117925580048,0.8928939809372365,0.39880714413982454,3.3190663390055564,3023.1675338189384,21.43197190426639,0.6469022344430645,0.609220837424372,0.860164238268628,0.3711500287520532,3.4633717319147026,multigrain_bread_20.jpg,fresh_bread
1383.114419291339,19.58033956692914,0.28889739738125153,0.2200458205113334,0.9282519121266752,0.048420163124505956,7.435519781124831,1545.654969309939,20.97172794345589,0.2842154313526098,0.21946743431230575,0.9197177831562467,0.048165954723626246,7.462382534762472,794.4343626968503,14.777989665354331,0.3143622700756491,0.23083492851675855,0.9589710160276234,0.053284764223337035,7.248749259080894,1639.5629611259224,21.160084320168643,0.2801638543553286,0.21908148036424296,0.9148401475182639,0.04799669503858817,7.464744023916113,2375.38529265873,26.122519841269842,0.25879301986049896,0.20661153176615324,0.8760388847131398,0.042688325058756145,7.623993660422515,1545.654969309939,20.97172794345589,0.2842154313526098,0.21946743431230575,0.9197177831562467,0.048165954723626246,7.462382534762472,1452.489087301587,20.39608134920634,0.29284697800814496,0.22818671300330243,0.9248994502850457,0.052069175991251514,7.389850636833439,1639.5629611259224,21.160084320168643,0.2801638543553286,0.21908148036424296,0.9148401475182639,0.04799669503858817,7.464744023916113,3358.720375,31.937125,0.238382054219425,0.19161581639768152,0.8236072844184789,0.03671662109374999,7.782693281125262,2731.279163517259,28.595616024187454,0.25588625137678395,0.20627803918477938,0.8570982467748859,0.04255062944991738,7.65712340643685,2054.2650625,24.468937500000003,0.28305435479497854,0.22691423558803006,0.893703924722328,0.05149007031250001,7.463844710012252,2944.551776266062,29.225623582766442,0.2516351904320827,0.20547749980871408,0.8459397278348234,0.04222100292764009,7.672491078854372,4330.067666330646,37.32157258064517,0.21854884148175976,0.1767631769127008,0.771059937485719,0.03124522071227076,7.924375709419328,3892.692032,35.277888000000004,0.23416462655700535,0.19185255671999793,0.7948345056818888,0.03680740352000002,7.818040152697333,2593.892704133065,27.701801915322584,0.27660322711723884,0.2263043973750919,0.8656886879628268,0.0512136802713035,7.509164936945935,4270.700224,36.714687999999995,0.22772363884934077,0.19054525686041102,0.7749114712033226,0.03630749491200001,7.839355659442043,5297.076981707318,42.60264227642277,0.198504433177088,0.16171305324376115,0.717929264140918,0.026151111589419528,8.039671194315112,5033.689841311134,41.52503902185224,0.2160716356273017,0.17672607047936567,0.7326523454622342,0.031232103987077722,7.948047899139445,3121.9921239837404,30.514481707317078,0.2719319371094241,0.22614036553557926,0.8382011595737818,0.051139464924565406,7.535804151505941,5592.065491675338,43.70115764828304,0.2102345376489092,0.17576977891071877,0.7029960843134572,0.03089501517832296,7.969748297194894,multigrain_bread_25.jpg,fresh_bread
611.9781003937007,11.578617125984252,0.35476024430640224,0.06752933093431844,0.9444384007510533,0.004560210536436698,7.229241543578951,1341.947733895468,19.046128092256186,0.2221737126015041,0.05341536476327161,0.8782227797114397,0.0028532011927933586,7.663135170197624,1182.2449557086618,17.69844980314961,0.24554884105877617,0.05709062448792268,0.8928212103239357,0.003259339404420997,7.593174663242509,1261.6768553537108,18.444044888089778,0.22515121849605343,0.05333641522526029,0.8855051365866442,0.0028447731890813774,7.652995026532059,968.4986979166667,15.319754464285717,0.2509419255242631,0.052590331618776937,0.9119767651413496,0.002765742979772929,7.5186417589733825,1341.947733895468,19.046128092256186,0.2221737126015041,0.05341536476327161,0.8782227797114397,0.0028532011927933586,7.663135170197624,2208.0119667658732,25.022755456349206,0.1591472635032573,0.04477139491850166,0.8000453496327166,0.0020044778029484366,7.867347449790304,1261.6768553537108,18.444044888089778,0.22515121849605343,0.05333641522526029,0.8855051365866442,0.0028447731890813774,7.652995026532059,1297.963125,18.362499999999997,0.19731713782648508,0.04545020025395928,0.8819040571633945,0.002065720703125,7.6842598498214425,2456.151234567901,26.932035777273875,0.1422387828565743,0.04203531150474447,0.7771050611809858,0.0017669674133009025,7.942749644488083,3253.4561875,31.3639375,0.12513606514844824,0.039332119508106854,0.705739928753192,0.001547015625,8.03106847354941,2383.650478710003,26.39373897707231,0.14261735640522605,0.041520998898963664,0.7836597267910599,0.0017239933495677418,7.933752191602445,1577.7735635080649,20.78503024193549,0.16723162302037275,0.041045132404097545,0.8562605266869083,0.0016847028940698986,7.80708160671008,3606.8210559999998,33.806144,0.10988047285542289,0.03725325048905129,0.6726743408813011,0.0013878046719999998,8.103320458673542,4090.976373487904,36.314075100806456,0.10106033157370654,0.03594591243953929,0.6306118253967739,0.0012921086211110256,8.15144524139121,3435.809152,32.840959999999995,0.10752436827505812,0.03617568509372006,0.6881309680948745,0.0013086801919999999,8.093437540762068,1829.5957825203254,22.944232723577237,0.1473492578454871,0.03814901010212359,0.8330714559602,0.001455346971771928,7.896549021712607,4587.0786290322585,39.26151144640999,0.09050687148319501,0.03435431559736716,0.5837740599846238,0.0011802190001635046,8.208394565874256,4781.340891768293,40.26162347560975,0.08936048451679639,0.033838373293327915,0.5689097357729285,0.001145035507138608,8.21573492246292,4244.86856139438,37.58604318418314,0.08926876507045582,0.03295296652390249,0.6146874578075132,0.0010858980027254384,8.202175051197115,multigrain_bread_4.jpg,fresh_bread
1174.9305487204726,18.29521407480315,0.148555647322146,0.03196318843408556,0.933482525834307,0.0010216454148728612,8.66145997508412,1427.5627131254264,20.680451360902723,0.13387585957047193,0.02940466593134592,0.9187873293554497,0.0008646343785340555,8.755935309693239,950.7046013779527,15.851870078740157,0.17014929370287907,0.030457595512010098,0.9461609673764095,0.0009276651243732176,8.579782324185171,1452.3096906193814,20.33461466922934,0.1415715234546901,0.02895740996917739,0.9173824874296209,0.0008385315921230142,8.734136918977434,2050.1714409722217,25.166852678571427,0.1165511702184848,0.02987491204458342,0.8833716966331889,0.0008925103696715954,8.855751140407726,1427.5627131254264,20.680451360902723,0.13387585957047193,0.02940466593134592,0.9187873293554497,0.0008646343785340555,8.755935309693239,1807.4791046626983,22.926649305555557,0.13491301014751572,0.026007209523953405,0.8971321128065117,0.0006763749472228128,8.80617206696199,1452.3096906193814,20.33461466922934,0.1415715234546901,0.02895740996917739,0.9173824874296209,0.0008385315921230142,8.734136918977434,2968.3688125,31.087812500000005,0.10004572181978674,0.028372694014227838,0.8302926559000408,0.0008050097656250002,8.96213586960279,2546.9060216679263,28.706097253716305,0.10227663842794385,0.025056820765315197,0.8535947464013074,0.0006278442668651309,8.956423606302835,2614.3576249999996,28.25175,0.11610162023535867,0.022664502807253458,0.8504616578328417,0.0005136796874999998,8.93788325613202,2626.101662887377,28.59246661627614,0.10438288732324037,0.023759898079129538,0.8490625127922663,0.0005645327567306234,8.943164128316926,3755.8389616935483,35.80330141129032,0.08803407016828912,0.02711641142110368,0.7841650047724877,0.000735299768358562,9.032801535250712,3640.10912,35.360575999999995,0.08322007328912032,0.021705862065349992,0.7884232475422412,0.0004711444479999999,9.075263222849873,3394.653162802419,33.01316784274193,0.10639640100480566,0.020349522168703452,0.804859345946124,0.0004141030524945533,9.017203202456352,3763.33856,35.308864,0.08983290510887838,0.01986444945121812,0.7813251376521293,0.00039459635199999994,9.053839699900045,4518.436801321139,40.31739075203252,0.08113930794335703,0.02599553779346134,0.7388330870255287,0.000675767985171277,9.099588423443429,4569.2405046826225,40.78941207075962,0.07560699994139751,0.01953805995663209,0.7313139234738266,0.00038173578686895033,9.140852006550553,4124.48824949187,37.06269054878049,0.09865716730782999,0.01859963902130274,0.7618968116948047,0.0003459465717227675,9.069558725937387,4774.174492715922,41.2188475546306,0.07519153604873133,0.016959174125582992,0.7194062195797001,0.0002876135870218436,9.138561977332834,multigrain_bread_8.jpg,fresh_bread
989.2738065944884,15.037832185039374,0.19916998455829787,0.02158488459199266,0.9385296001052661,0.00046590724284964214,8.391662289569398,1794.9104098208197,20.58726517453035,0.14795806401644104,0.017676125530794506,0.8888005362510739,0.00031244541378040535,8.620056354685676,1490.4821604330707,18.29084645669291,0.17889240876541412,0.019298206880093552,0.9076110693731115,0.00037242078878689007,8.504614161331697,1655.3050406100815,20.157418314836633,0.145585039765102,0.01789087679049322,0.8974422958258275,0.000320083472332609,8.610451808262559,1819.4057539682544,21.1577380952381,0.14687836749955174,0.018535868272878925,0.8870378382875495,0.0003435784126295195,8.61725094024018,1794.9104098208197,20.58726517453035,0.14795806401644104,0.017676125530794506,0.8888005362510739,0.00031244541378040535,8.620056354685676,2698.950582837302,25.78366815476191,0.12959939198164747,0.016283746050686245,0.8325782782793207,0.0002651603854432399,8.735480278158628,1655.3050406100815,20.157418314836633,0.145585039765102,0.01789087679049322,0.8974422958258275,0.000320083472332609,8.610451808262559,2637.1948124999994,26.096937499999996,0.12135693748548955,0.016695866348440856,0.836400683411361,0.00027875195312499987,8.746937855409737,3325.5458553791896,29.75018896447468,0.10696835270511146,0.014974962696421248,0.794009985520927,0.00022424950775920796,8.853660698177247,3878.03625,32.406875,0.10996313754460785,0.015013730694767373,0.7588975788704626,0.000225412109375,8.868167108338346,2956.0466112370877,28.037918871252206,0.10468412923044336,0.015327492399470254,0.8168480094090182,0.0002349320232558184,8.81710023133244,3409.2656880040327,30.520098286290327,0.10542376773153002,0.015572769244191665,0.7887141266407144,0.00024251114193284183,8.850549053764674,4765.583936000001,37.59033599999999,0.08565849227932837,0.013696598117780926,0.7044491657916186,0.0001875968,8.976068609492625,5003.753087197581,38.525390625000014,0.09312914683415568,0.013902207700392966,0.6882434167603381,0.00019327137894486546,8.974457921585024,4198.550464,35.027648,0.0839552926049209,0.01393408023516443,0.7394538750966734,0.000194158592,8.942880230621567,4166.1266514227655,34.66603150406505,0.09209165026648436,0.014809030931826906,0.7420474491567743,0.0002193073971398061,8.919187325030178,6147.216246097815,44.93919094693028,0.07257802653992187,0.012856007674798903,0.6184181045064491,0.00016527693333448832,9.071395971612393,6068.738884654471,44.30011432926828,0.07958116957022128,0.01320359296846263,0.6213008989108542,0.0001743348672768358,9.049958728643452,5344.987122788762,41.32609261186264,0.07052476861111706,0.013024588515405798,0.6678689795268146,0.00016963990599564062,9.041565218681885,multigrain_bread_9.jpg,fresh_bread
203.18516240157481,6.125123031496063,0.5902802236846274,0.4377081240433647,0.9805559804445934,0.19158840185356152,4.529255462462557,657.532643065286,9.536363072726147,0.5555755418566705,0.4280517163198326,0.9358073014842812,0.18322827184435445,4.66793272047384,575.3192667322836,8.53900098425197,0.5660811757796809,0.43559647591312667,0.9439536084431652,0.18974428982793515,4.58341365143377,671.5909231818464,9.741831483662967,0.5531391264758169,0.42763434612505635,0.934434838920347,0.18287113398580448,4.6716922525371745,355.8134920634921,7.802579365079365,0.5708107854690302,0.4279397708476814,0.96587457392735,0.1831324474731661,4.645052176407947,657.532643065286,9.536363072726147,0.5555755418566705,0.4280517163198326,0.9358073014842812,0.18322827184435445,4.66793272047384,1318.794890873016,12.762276785714285,0.5393769417359785,0.42352072514847955,0.8688266658570988,0.17936980463029395,4.726648618612273,671.5909231818464,9.741831483662967,0.5531391264758169,0.42763434612505635,0.934434838920347,0.18287113398580448,4.6716922525371745,493.51675,9.2255,0.5569464467220846,0.4179144999839979,0.9525589774281933,0.17465252929687497,4.740333674001047,1475.0583270345178,14.539934492315446,0.5189329668073528,0.40837622491165826,0.8526419558048194,0.1667711410730973,4.869517090417478,2084.8959375,16.8415625,0.5142102250045789,0.4117874883321189,0.7880786556957269,0.169568935546875,4.833606445107743,1508.291761148904,14.730158730158731,0.5173561331549511,0.40755889215608465,0.8493219421055435,0.16610425057549502,4.864537960347123,630.7721774193549,10.617313508064518,0.5464235706870303,0.40800848958920566,0.9392204526871651,0.16647092757686496,4.82334622204874,2308.36576,19.48896,0.4840016316677345,0.3882066860629786,0.7637899488043547,0.15070443110400003,5.026039836248868,2765.0170740927424,20.444241431451616,0.4930215906153231,0.4002341724236547,0.7125673622943457,0.16018739277564778,4.926128459088154,2347.0103679999997,19.605567999999998,0.48497114631919525,0.3876116159250132,0.7598355300582911,0.15024276479999996,5.023626996082164,766.7816310975611,12.007367886178864,0.5313002196818651,0.39801880728755534,0.925932572345038,0.15841897095460813,4.896148767224813,3059.043379292403,23.844758064516128,0.45392528501552326,0.36816305339664884,0.6790960086420776,0.1355440338863437,5.16964747053933,3370.5799669715448,23.630907012195124,0.47562285123394904,0.3889448050897209,0.641931224117677,0.15127806140628097,5.004459525045738,3096.779071279917,24.022307492195626,0.456496018097872,0.36737771748341064,0.6751374069898686,0.13496638730332067,5.167633100802244,white_bread_slices_1.jpg,fresh_bread
758.0231914370079,17.953432578740156,0.1245901561769403,0.052859247730383155,0.957232780967769,0.002794100070622017,8.133309352634281,1032.3618947237896,20.43679087358175,0.1101485487805942,0.044038618683968564,0.9415573030304705,0.001939399935591985,8.228341093644644,794.4691190944882,17.660063976377952,0.14071395062829262,0.04501286396070295,0.9553131373250547,0.0020261579219447504,8.087489541846455,1040.496558993118,20.711079422158846,0.10604060574333621,0.044062245402590565,0.9410968895427423,0.0019414814699181134,8.234445502349434,1181.3097098214284,21.24795386904762,0.11370953424300709,0.05216306550603047,0.9329332659546979,0.0027209854029864255,8.194640766348662,1032.3618947237896,20.43679087358175,0.1101485487805942,0.044038618683968564,0.9415573030304705,0.001939399935591985,8.228341093644644,1272.9549231150793,21.450210813492063,0.1196507445931328,0.03720548102162948,0.9281582603632226,0.0013842478180508314,8.21306604568141,1040.496558993118,20.711079422158846,0.10604060574333621,0.044062245402590565,0.9410968895427423,0.0019414814699181134,8.234445502349434,1599.29675,23.56475,0.11399418310437162,0.05255447322778529,0.9086128559496219,0.0027619726562500006,8.229697461712501,1749.6371252204585,25.149848828420257,0.09170473644052449,0.03655351578571684,0.8999126005057114,0.0013361595162966504,8.336285758945069,1772.0083750000001,24.666625000000003,0.10609851101163635,0.03137758330998421,0.8996635595863042,0.000984552734375,8.292973046946376,1757.545477450239,25.4525069286974,0.09369271065054474,0.036417751833810956,0.8994606313036524,0.001326252648629041,8.340997110936854,2056.353263608871,26.159085181451612,0.1093970021787526,0.05212438621395032,0.8815929923645361,0.0027169516381810536,8.274978247689901,2583.620992,29.862784,0.08528808643919444,0.030681208841895395,0.8505430775771006,0.0009413365760000002,8.418125148494717,2317.1243069556454,27.823021673387096,0.09642504705718075,0.028314407446419408,0.8683590430496171,0.0008017056690418508,8.361723281307269,2569.485568,30.053888,0.0831561443950074,0.030621040609358788,0.8513540128834505,0.000937648128,8.40894546954588,2514.059006605692,28.240917174796756,0.11451454419224733,0.05207157762557258,0.8540153006069134,0.002711449196416031,8.29840375964861,3511.591506243497,34.98133454734652,0.07345661083942191,0.02783437226866859,0.7941678163978855,0.000774752279590827,8.486900479518681,2877.1647611788617,31.0604674796748,0.08631372150638011,0.02321543203446037,0.8359162255277759,0.0005389562845466487,8.427581569929652,3462.282193028096,34.989529136316335,0.07263414676739312,0.027717077250622026,0.7970395200451981,0.000768236371316949,8.496788506246858,white_bread_slices_12.jpg,fresh_bread
596.4007135826771,8.058439960629922,0.5904035944138798,0.40527619194127285,0.9646617989542723,0.16424879175441942,4.74703837457386,1107.758509517019,12.459978919957841,0.5342843662801846,0.39220269922989287,0.9338521565003548,0.1538229572832138,4.927355050022144,909.296505905512,10.312746062992128,0.5608659853518849,0.40233395302405406,0.9456621315414162,0.16187260975596174,4.809864975244714,1185.3015686031372,12.582987165974334,0.5390181912649792,0.397625593964749,0.929221809639694,0.15810611297581945,4.916052289090985,1137.0757068452383,12.664992559523812,0.5479120037626863,0.3914723076373915,0.9326837095813424,0.1532505676469445,4.943327254280225,1107.758509517019,12.459978919957841,0.5342843662801846,0.39220269922989287,0.9338521565003548,0.1538229572832138,4.927355050022144,1826.7087053571431,17.367311507936513,0.5079508500982454,0.3861255790964357,0.8899616303541982,0.1490929628325578,5.050040995748235,1185.3015686031372,12.582987165974334,0.5390181912649792,0.397625593964749,0.929221809639694,0.15810611297581945,4.916052289090985,1680.6839375,16.7058125,0.5222661515622625,0.38127032220427287,0.9006071634376834,0.14536705859375007,5.075549108403005,2165.997039556564,20.30429579239103,0.48273976114714745,0.37137923853746957,0.8697538743411546,0.13792253881667074,5.192293042420561,2932.58225,24.196625,0.47102388458651545,0.3710992275911525,0.8218759165081625,0.13771463671874998,5.223401595833218,2422.948664651046,21.468065003779287,0.4873195205360699,0.3774629144526343,0.8543028127565313,0.1424782517870767,5.192288510471933,2227.734122983871,20.562247983870968,0.5015113743803724,0.3713381364055847,0.8684046280350924,0.13789201154917263,5.182951544841792,3382.041344,27.734015999999997,0.44014511072966434,0.3519584528207839,0.795211365769604,0.12387475251199999,5.399508605822025,3981.121723790323,30.256426411290327,0.4426346957445372,0.3588517070826639,0.7562399507334099,0.128774547676142,5.3504275822783125,3850.6051840000005,30.111616000000005,0.44669067719772226,0.35726374168112834,0.7668414133281468,0.12763738112,5.405773864498309,2744.8273628048782,24.050813008130085,0.48889670095186366,0.3630949358899382,0.8380796262385605,0.13183793246891834,5.273889228108615,4563.06100416233,34.422346514047874,0.4129678531409372,0.3360501855634376,0.7218992229565855,0.11292972721722083,5.547981772958874,5033.65993394309,36.178099593495936,0.42052746394063756,0.34601541846106676,0.6893868152066647,0.11972666981278712,5.448393003643705,5238.400104058273,37.784469302809576,0.41649515212136073,0.3390521256087859,0.6807295697750791,0.11495634387983594,5.56022584908979,white_bread_slices_13.jpg,fresh_bread
1455.740280511811,20.308932086614174,0.29767943079081066,0.2320894403128826,0.872065755699798,0.05386550830474709,6.425868018003112,2232.3147126294252,24.43474486948974,0.2751402231244201,0.22157007570291937,0.8036985067780812,0.04909329844699742,6.528130686136576,1466.9164616141732,19.515871062992126,0.2957963419016,0.23218231462890132,0.8710835638193959,0.05390862722643412,6.405275827720848,2255.316138632277,24.881393762787525,0.27124059539812767,0.22143808870452342,0.8016758465120135,0.04903482712911238,6.5345917701736305,2676.569072420635,26.747767857142854,0.2707790714480738,0.21852858140122175,0.764631156491502,0.0477547408892304,6.567842071717311,2232.3147126294252,24.43474486948974,0.2751402231244201,0.22157007570291937,0.8036985067780812,0.04909329844699742,6.528130686136576,2788.4043898809523,26.738095238095237,0.27016373142471833,0.21896833288480727,0.7547967197100015,0.047947130806351775,6.562764482453512,2255.316138632277,24.881393762787525,0.27124059539812767,0.22143808870452342,0.8016758465120135,0.04903482712911238,6.5345917701736305,3887.4902500000003,32.417249999999996,0.2543535766220832,0.20534457036436343,0.6578851911201392,0.042166392578125,6.680969234163864,4415.136306374402,35.100655076845555,0.237842209496632,0.19602834239106456,0.6111046264222082,0.03842711102058844,6.74508002610853,4112.1630000000005,33.162625000000006,0.2508322397669336,0.20536605561015922,0.6381130836719564,0.04217521679687501,6.686289745425353,4442.625724363819,35.2891156462585,0.23708369342660135,0.19590338967114193,0.6086832951797283,0.03837813808464328,6.7471940547026,4959.417716733871,37.26033266129032,0.23937608207671043,0.1917516879502077,0.5631494418251369,0.03676870983175383,6.7782151966208675,6658.5383679999995,45.3632,0.2070189176644148,0.170008799395796,0.4121642466970512,0.028902991872000003,6.924237042398271,5361.320060483871,39.04775705645161,0.23224317202029374,0.1915330197071417,0.5277478537301136,0.036684897638136336,6.79083416087725,6683.228799999999,45.551232,0.20773721130647918,0.1698951454515402,0.4099845012496349,0.028864360448,6.926317546993853,5789.566692073171,41.09197154471545,0.2253472840171023,0.1780763113620331,0.4894728167724826,0.03171117266830776,6.872920778742589,8798.301899063477,55.119927159209155,0.17570715515208532,0.1435751269741486,0.2209719777246762,0.020613817085642888,7.06916993469724,6451.445503048781,44.0750762195122,0.21658900357617167,0.17770607260103072,0.4311079782660009,0.0315794482392828,6.886321943903584,8825.588059313215,55.38098335067639,0.1773973433881728,0.14357022178558565,0.2185559793083108,0.020612408583562256,7.071329034663078,white_bread_slices_15.jpg,fresh_bread
998.5374015748031,17.052411417322833,0.1642935052867488,0.05028369641603156,0.9446132740719554,0.002528450125259625,8.528105637141916,2083.644615289231,24.76718953437907,0.12020111046495405,0.0397020155281044,0.8841844817081007,0.0015762500369938428,8.779140602921744,1724.1102977362207,22.41049458661417,0.1227674286234482,0.03991838843559838,0.9041493427471986,0.0015934777352953147,8.74171858048868,1824.3477586955178,22.84462768925538,0.12751173456778736,0.039823437867899734,0.898597328400846,0.0015859062036184708,8.738234658117312,1672.7596726190475,21.3875248015873,0.14863364940821122,0.04962171420026662,0.9072714198124101,0.0024623145201729418,8.630723828033856,2083.644615289231,24.76718953437907,0.12020111046495405,0.0397020155281044,0.8841844817081007,0.0015762500369938428,8.779140602921744,3316.773561507937,32.15104166666667,0.09442221009132681,0.030568773834814104,0.8152113789581282,0.0009344499337640153,8.939664779379198,1824.3477586955178,22.84462768925538,0.12751173456778736,0.039823437867899734,0.898597328400846,0.0015859062036184708,8.738234658117312,2434.5335000000005,26.334625000000003,0.1328531214005739,0.04919540120783649,0.8650853914109432,0.0024201875,8.723480781667071,4123.076593600404,36.8416477702192,0.0910008596489592,0.030266055818177054,0.7704783353008295,0.0009160341347890092,8.996098039832198,4937.2776875,41.0511875,0.0774563146775277,0.025260749568253117,0.7244467159042718,0.0006381054687500001,9.078245412251377,3527.6274880322503,33.05152431342908,0.09810337501598287,0.030498434321028854,0.8036293990674616,0.0009301544960341108,8.935872014613945,3091.3901209677424,30.32799899193548,0.12524006512783986,0.049123957495353365,0.8287686958785931,0.0024131632000052843,8.776923942125167,6093.734463999999,47.356480000000005,0.07392914246642494,0.02502870543995435,0.6602908222935979,0.0006264360960000003,9.136369641368411,6366.705204133064,48.619896673387096,0.06702991941954986,0.024297388842409718,0.6439597822660004,0.0005903631045592563,9.162501844366199,5168.253184,41.971712000000004,0.08195210320795523,0.02517373107030422,0.7118934940808677,0.000633716736,9.072941429197105,3654.920223577236,33.48742378048781,0.12157979623667076,0.048963992446777446,0.7976670729823744,0.002397472556328079,8.822643291631188,7812.45206815817,56.15446149843913,0.06288082281255264,0.02418323127113924,0.5638482091229492,0.0005848286747134067,9.210142518517486,7631.87855691057,55.173907520325216,0.058212812281393474,0.01946117896023156,0.5721327240925214,0.00037873748652215956,9.241639588035296,6580.3565296566085,49.44627991675338,0.07344605985619061,0.024349170253116083,0.6326582533014089,0.0005928820920152331,9.14912828989706,white_bread_slices_17.jpg,fresh_bread
289.60002460629926,5.53740157480315,0.4130763010984064,0.11170730543877529,0.9835699661318569,0.012478522088391834,6.461568268082193,1028.1988343976686,12.39066278132556,0.32118575987216785,0.10592696236577606,0.9418084481733453,0.011220521356040538,6.877394773304497,1116.6435777559054,12.859375,0.31579289937826777,0.10869946691323942,0.9368782755893541,0.011815574107222431,6.874493086277775,1304.827081654163,14.186496372992746,0.3005508236126594,0.10733994285170471,0.9261529847865766,0.011521863331407233,6.937876075775131,593.8753100198412,8.543836805555555,0.3414992239668738,0.10648182848811417,0.966271227487703,0.011338379798172165,6.735754859726419,1028.1988343976686,12.39066278132556,0.32118575987216785,0.10592696236577606,0.9418084481733453,0.011220521356040538,6.877394773304497,2557.800161210318,23.17193700396826,0.25298642463855675,0.10282938940670161,0.8557754510922528,0.010573883325755077,7.219503909895909,1304.827081654163,14.186496372992746,0.3005508236126594,0.10733994285170471,0.9261529847865766,0.011521863331407233,6.937876075775131,921.726375,11.394375,0.3038623901920846,0.10392782200883457,0.9475912831985466,0.0108009921875,6.919901350051737,2358.6631393298057,22.24703955656337,0.252283960933805,0.09852496688569999,0.8666888188938535,0.00970716909982828,7.24242378386263,4182.7264374999995,33.26581250000001,0.2156827647259005,0.09766502460579221,0.764744630007252,0.00953845703125,7.426181990476641,2968.3601662887377,25.74263038548753,0.23843258405007034,0.10072046790047628,0.8322336064206354,0.010144612654090874,7.299430881309052,1261.841607862903,14.197706653225808,0.27699291196938836,0.10058117706076727,0.9281715774728166,0.010116573178929417,7.0669900659666745,3871.2256,31.831424,0.21340531484905606,0.09033160740294618,0.7814606898587001,0.008159799296000001,7.469372696998761,5860.055380544356,42.97158518145162,0.19197344869852545,0.09306028281284191,0.6712118084547286,0.008660216237206121,7.575584743497357,4798.15712,36.828351999999995,0.20224318066687727,0.0949019873343019,0.7291517066171999,0.009006387199999999,7.5183495538807765,1595.6571392276423,16.741107723577237,0.25691608426726503,0.09780977154599758,0.909071013151429,0.009566751409880237,7.177006224910944,5453.878967221644,41.192442767950055,0.18335675006370428,0.08252028766692426,0.6924457667948044,0.006809597876631933,7.6498773384799295,7498.305513211382,51.988058943089435,0.1672162897165359,0.08878546310584834,0.5803878792809096,0.007882858458919955,7.680603106797258,6644.5329734651405,47.37129292403746,0.1766468805887374,0.09001173333111288,0.6253513159719286,0.008102112137271378,7.675672651089867,white_bread_slices_18.jpg,fresh_bread
557.3346456692914,11.323449803149607,0.22570451202539044,0.06559227512713117,0.9671527295657096,0.00430234655635327,7.803462635390871,995.9258478516958,14.695765391530784,0.1983555280650387,0.058806030886153514,0.9412202168113692,0.003458149268583241,7.951982975952088,646.7795890748032,12.185839074803152,0.21857495240374708,0.05926645665467752,0.9618774498545175,0.0035125128844007694,7.877607653636156,576.6841093682187,12.31508463016926,0.20224593597679846,0.05891323426075674,0.9659616314670726,0.0034707691710628014,7.9197307590956,1035.046130952381,15.295758928571427,0.2000779488833508,0.06470850101171002,0.9389167886548683,0.004187190103182477,7.960938608148277,995.9258478516958,14.695765391530784,0.1983555280650387,0.058806030886153514,0.9412202168113692,0.003458149268583241,7.951982975952088,1272.5574156746034,17.281994047619044,0.17720011822785847,0.049843111568228,0.9248688346292934,0.0024843357708028238,8.091106477149435,576.6841093682187,12.31508463016926,0.20224593597679846,0.05891323426075674,0.9659616314670726,0.0034707691710628014,7.9197307590956,1534.9479375,18.7595625,0.1830876832247555,0.06443404452422648,0.9093018407753795,0.0041517460937499995,8.061895261021963,2052.8629377677,21.926555807508187,0.16548708642637533,0.04900928026522439,0.8784935632246949,0.002401909552115313,8.184362602548504,1940.8144374999997,21.9041875,0.1520384220671228,0.041741508305582334,0.885205675134076,0.001742353515624999,8.23799383432141,1017.0059838750317,16.063429075333836,0.17208969168899108,0.04913732424489935,0.939787841186959,0.0024144766339483734,8.097877503985062,2073.9618195564517,22.17590725806452,0.17640965666053843,0.06401601890309129,0.8773289314079087,0.0040980506762009405,8.139574795278143,3183.1755519999997,28.745728,0.14398221476917294,0.041782369487620014,0.8110551454623867,0.0017457664,8.338785477167328,2646.7019279233873,26.430758568548384,0.13455766020885923,0.03721504245098262,0.8432277240173689,0.001384959384628439,8.35332275399875,1473.8965120000003,19.430848000000005,0.15100084816358939,0.04184234639692187,0.9124575795340449,0.0017507819520000006,8.21959248082149,2612.6391006097565,25.418445121951223,0.1656507883113873,0.06378130042527647,0.8453107493932907,0.004068054283939372,8.197665892185304,4301.271071800209,35.22008324661811,0.12656711853187183,0.03699992205022788,0.744158456280127,0.0013689942317229393,8.452982065993115,3347.926321138212,30.778582317073173,0.11981475083360102,0.033939442755097964,0.801531883580887,0.0011518857745265714,8.444448417093385,1921.8000130072837,22.731594693028093,0.1350486444120917,0.03730971146742342,0.8855410830720345,0.0013920145697823866,8.320375935663623,white_bread_slices_19.jpg,fresh_bread
219.21635088582676,5.7722071850393695,0.5586004858014605,0.27064480975987787,0.9755406599749751,0.07324861304996047,5.312498047133789,675.7730175460349,8.792051584103167,0.5039222626099659,0.26149562398168713,0.9228172044752049,0.0683799613615719,5.516406482111461,597.1275836614172,7.609251968503936,0.5337747913076099,0.26482614549188144,0.9318390605747904,0.07013288733608716,5.4032254798713595,677.8047616095232,8.797755595511193,0.5106058256393375,0.2589008591340541,0.9225851506900737,0.06702965486035131,5.518478325419104,417.7057911706349,8.354600694444443,0.5047361397439944,0.26230680022052016,0.9533634739795493,0.06880485744192787,5.535543007163437,675.7730175460349,8.792051584103167,0.5039222626099659,0.26149562398168713,0.9228172044752049,0.0683799613615719,5.516406482111461,1182.0267857142858,12.326016865079364,0.46769209550536234,0.2494514542725922,0.861739671143863,0.06222602803871115,5.692400894476936,677.8047616095232,8.797755595511193,0.5106058256393375,0.2589008591340541,0.9225851506900737,0.06702965486035131,5.518478325419104,610.6781875,10.627187500000002,0.4701918910115339,0.25596246062655365,0.9317730137828858,0.06551678125000002,5.68528949939233,1354.2639833711264,14.280234315948602,0.43381495146973253,0.2461508440032439,0.8414072089161907,0.060590238003509315,5.824857983572747,1770.8030625000001,16.7841875,0.41912170638140395,0.23599921378311836,0.7875201260635807,0.05569562890625,5.901329041931203,1352.9107457797936,14.31689342403628,0.4374679827130511,0.24103016890787224,0.8415656815103408,0.05809554232375742,5.832842833726764,777.8131300403226,12.521295362903226,0.44480961897827775,0.2505018296426255,0.9130413308443739,0.06275116665430297,5.801201489791118,2008.5320960000001,19.154304,0.3875005970654367,0.2324484185018259,0.7585762909194022,0.054032267264000004,6.045621363661104,2289.208984375,20.733555947580648,0.3834471189309996,0.22499689988104302,0.717919218947803,0.05062360495608009,6.056763489912486,1987.84,19.110400000000002,0.3926776526076142,0.2276227098687651,0.7610634618114784,0.05181209804800001,6.050093159840704,898.4282266260162,13.983993902439025,0.4255398081027883,0.2463228498465302,0.8994592316343711,0.060674946356516254,5.88835704668703,2550.868041103018,23.23224505723205,0.3546176100816608,0.22056696634348014,0.6849665458861027,0.048649786641965904,6.200796077272217,2735.491742886179,24.119537601626018,0.35730706315940997,0.21532535870013908,0.6542277156722285,0.04636501009934356,6.176159537119918,2476.3128902185226,22.906022372528618,0.36016761098011824,0.2168079573775917,0.6941741435848725,0.04700569038224362,6.204973418755946,white_bread_slices_21.jpg,fresh_bread
165.24649360236222,5.567113681102362,0.48998359193451135,0.1091939876881499,0.9793925285237381,0.011923326947239833,6.064581672525665,612.5250170500342,9.266786533573068,0.39327479615440836,0.09485765700176436,0.9217595481973537,0.008997975091864376,6.387944443735351,587.1380413385828,8.5714812992126,0.4562001462798869,0.10089577570314494,0.9248658514446061,0.010179957554739332,6.24966569323745,668.2970425940853,9.907929815859633,0.414381108251373,0.0966888306004497,0.9146353648058452,0.009348729962882458,6.390505550188583,287.21019345238096,7.823660714285714,0.3771817357907277,0.10031541716104751,0.9642474307572955,0.010063182920194987,6.3401094010651295,612.5250170500342,9.266786533573068,0.39327479615440836,0.09485765700176436,0.9217595481973537,0.008997975091864376,6.387944443735351,1157.8873387896824,13.640066964285712,0.3510253856045841,0.08549350109697919,0.8480324039314484,0.007309138729819182,6.6212574340066706,668.2970425940853,9.907929815859633,0.414381108251373,0.0966888306004497,0.9146353648058452,0.009348729962882458,6.390505550188583,402.550375,9.681500000000002,0.3096592228204594,0.09564661724611592,0.9499701293116256,0.009148275390625,6.516712188276741,1200.7070420760897,14.71573444192492,0.27430295510923564,0.07933484178850131,0.8429963322015273,0.006294017121606535,6.774261912279678,1746.4916875000004,18.623687500000003,0.2793300356838695,0.07457646034440091,0.7645940329598412,0.0055616484375,6.889615964457535,1322.5459813555053,16.041698160745778,0.2925212683050898,0.08075013098492508,0.8270628136120003,0.006520583654082556,6.800431483045774,521.1692918346774,11.403036794354838,0.26604739305233815,0.09245538515285413,0.9353304424308722,0.0085479982437626,6.6474015009304965,1782.2158080000002,19.691776000000004,0.20690514677897365,0.0689087289681068,0.761089791849685,0.004748412928000001,7.0315740998594665,2309.929309475807,23.176033266129036,0.22248286626724817,0.06558194703445891,0.6798644192662773,0.004300991776830574,7.078370557799782,1951.9903999999997,21.500671999999998,0.22487484714323863,0.07014900712055731,0.7383211895943612,0.0049208832,7.059230657373731,630.6811483739837,12.971036585365853,0.23749963282819808,0.09014304530995121,0.9218270262252117,0.008125768617751916,6.756609184862254,2348.632999479709,24.388202393340272,0.16407870238559893,0.06054298675857501,0.6768682009771677,0.003665453245648989,7.2130200692385,2732.9085365853657,26.78760162601626,0.1859588874899586,0.05859503236032568,0.6108094147219503,0.0034333778173076136,7.214789115317908,2524.3957466181064,26.15133975026015,0.18129888759168672,0.061689813101993625,0.6526541773171701,0.0038056330405589044,7.235511669171251,white_bread_slices_22.jpg,fresh_bread
285.9972933070867,6.327140748031497,0.470897522991345,0.28780615898064477,0.9717880599559453,0.08283238514719218,5.800454726671326,517.5887531775063,8.440510881021762,0.4467427645411391,0.282450508179467,0.9479363606550693,0.07977828957083916,5.959304268689933,403.49187992125985,6.989788385826771,0.46665431465293217,0.28661356496222373,0.959660577236772,0.08214733562035485,5.823916823889118,511.0721681443362,8.141422282844562,0.45511848372932356,0.2822003292871658,0.9485918562214716,0.07963702584978483,5.909491692524675,571.8079737103174,9.194258432539682,0.44286242647982926,0.2813651710708871,0.9432623423250425,0.07916635949174955,5.978453535740026,517.5887531775063,8.440510881021762,0.4467427645411391,0.282450508179467,0.9479363606550693,0.07977828957083916,5.959304268689933,812.2352430555555,10.644965277777775,0.43482756815382007,0.2785670893087111,0.9171448242893163,0.07759962324592742,6.044308791157799,511.0721681443362,8.141422282844562,0.45511848372932356,0.2822003292871658,0.9485918562214716,0.07963702584978483,5.909491692524675,857.0555625,11.7500625,0.4260915148911417,0.27513181854908203,0.914508797155832,0.075697517578125,6.11414373546589,1048.8331443688585,13.103993449231542,0.40893005403675403,0.27051133749415723,0.8916677641676958,0.07317638371287785,6.212851700822798,1228.87925,14.062999999999999,0.4090833130167679,0.270749996393121,0.8719901393595623,0.07330556054687502,6.2072019287930775,1037.2862811791383,12.668619299571679,0.41563036596265357,0.2700773537808832,0.8928604205143302,0.07294177702528434,6.154386310769673,1128.7513230846776,14.027028729838714,0.41246930882063493,0.2690343037578635,0.8868822468601141,0.07237945659847837,6.212976722282657,1561.0515200000002,17.419264000000002,0.37674616072744205,0.2586817535119167,0.8343486063709026,0.06691624960000002,6.409576709574946,1630.087890625,17.291771673387096,0.38602030296719186,0.26308530386790935,0.8264732795366099,0.06921387711127021,6.340514640257662,1542.1940479999996,16.706559999999996,0.38755576807160885,0.25817392165747494,0.8363496719841131,0.06665377382399999,6.340260474511658,1364.1193470528456,16.029662093495936,0.3979985512287303,0.26311034059861066,0.8628416355006514,0.0692270513299169,6.300201006576082,2019.5431841831428,21.22151404786681,0.3535358706037629,0.24709409602793936,0.7797468180202313,0.061055492291864515,6.567598610887773,1961.279153963415,20.009336890243908,0.36605549118662317,0.2558742272548774,0.786877877495971,0.06547162017328065,6.4523027990878346,2002.6703954214363,20.420265348595215,0.3627056664740096,0.24628718798851335,0.7815869794204646,0.060657378967289316,6.498702197637808,white_bread_slices_23.jpg,fresh_bread
938.7449557086616,15.273129921259848,0.2527462357662612,0.0762528329909475,0.938631636488373,0.005814494539145331,7.891640701293985,1604.7100874201751,19.703825407650818,0.21297536445022786,0.06720733367188979,0.8945455630577424,0.004516825699284731,8.052388962952849,1275.4686269685042,17.193282480314966,0.2418720931079981,0.06810685143679233,0.916374338404054,0.004638543212633303,7.965144320046362,1514.557629115258,19.240374480748958,0.2266831035313805,0.06726339133166834,0.9004710477491203,0.0045243638134371544,8.032803027388049,1648.6814856150793,20.69128224206349,0.20586365842855114,0.07498860252166355,0.8920204560077784,0.005623290508152044,8.064153198862213,1604.7100874201751,19.703825407650818,0.21297536445022786,0.06720733367188979,0.8945455630577424,0.004516825699284731,8.052388962952849,2368.960565476191,24.72829861111111,0.19045666966073843,0.05785845736992688,0.8438413343647106,0.0033476010892276465,8.196852063498477,1514.557629115258,19.240374480748958,0.2266831035313805,0.06726339133166834,0.9004710477491203,0.0045243638134371544,8.032803027388049,2347.1069375,25.0994375,0.18267709927060866,0.07449963296889454,0.8459732010984721,0.005550195312499999,8.176032873884708,2965.545603426556,28.479213907785336,0.1597020948224553,0.05738848641729772,0.8036703516464437,0.0032934383732683647,8.281622679073823,3504.352,31.660875000000004,0.15537677675745215,0.05009746360221244,0.7677389359038264,0.0025097558593750006,8.358999974674921,2798.3670949861425,27.765558075081884,0.18123679613061258,0.05764313042678117,0.8147427571968574,0.0033227304853989045,8.255511667309179,2959.7101184475814,28.833354334677423,0.1677153978195774,0.074229512854154,0.8055596434049846,0.005510020578565013,8.248330136496332,4300.081087999999,36.374592,0.12913102151556258,0.04946330583371881,0.7131267168505067,0.0024466186240000008,8.44250318410344,4579.715284778226,37.73368195564517,0.1352886492671148,0.0440064786883605,0.6949780603935853,0.0019365701665491272,8.457892655154666,4010.204288,34.661504,0.15346254010839105,0.05003312310859677,0.7324825506605285,0.002503313408,8.388814570454457,3462.3000508130085,31.840066056910572,0.1558325524410441,0.07368318733798405,0.7722925024386402,0.005429212096284454,8.292860980715897,5516.846188865766,43.21104318418315,0.11057329213517386,0.0435520700071426,0.6296625318893526,0.00189678280190705,8.548423487672403,5588.990027947155,43.18540396341464,0.11803576678049654,0.040066452626595986,0.6261848547952383,0.0016053206260792604,8.5364337956819,5090.256308532778,40.66629812695109,0.13064336979688593,0.0439812128883042,0.6582902756302953,0.0019343470871263353,8.482387147174828,white_bread_slices_24.jpg,fresh_bread
585.1416707677165,11.204908956692913,0.4458241314637791,0.2832396475159892,0.9585394181416261,0.0802246979249818,6.08567625794011,1332.0236840473679,15.726951453902904,0.3955304181903593,0.27176493921113754,0.9045700752146242,0.0738561821844333,6.257392515081728,1182.3406742125983,14.05191929133858,0.4189626172267675,0.280261319294715,0.9153024706760601,0.07854640709281419,6.162175075868632,1377.4689069378137,15.616839233678462,0.40676200083218833,0.27511582391887873,0.9013142515725758,0.0756887165705635,6.237108956321386,1041.0804811507935,14.938492063492061,0.40680012244036357,0.27355037735130716,0.9262418692276907,0.07482980894904255,6.230023687789434,1332.0236840473679,15.726951453902904,0.3955304181903593,0.27176493921113754,0.9045700752146242,0.0738561821844333,6.257392515081728,2326.978670634921,21.370163690476193,0.3685999776877844,0.26634025592900584,0.8313910950900838,0.07093713192832835,6.386139588302535,1377.4689069378137,15.616839233678462,0.40676200083218833,0.27511582391887873,0.9013142515725758,0.0756887165705635,6.237108956321386,1556.337,18.596874999999997,0.3806816741809154,0.26442160493471406,0.8897617502554749,0.06991878515625,6.350230162348041,2588.8224993701187,23.61740992693374,0.3456641861712425,0.25230320156041564,0.8124437995230815,0.06365690551763571,6.500684088183011,3518.2927499999996,28.302124999999997,0.33483994305782455,0.2523323817098689,0.7420520392937346,0.06367163085937498,6.554060716040575,2737.640841521793,24.003401360544217,0.354978780263554,0.25644485132677597,0.8016621399763055,0.06576396177201224,6.489397110132293,2047.8855846774193,21.634702620967744,0.3646963156956791,0.2563486700225544,0.8549886362778882,0.0657146406223325,6.440252820601425,3830.774848,30.693823999999996,0.31479854169043264,0.23537642145295692,0.7193058939931166,0.055402059776,6.685722515940087,4692.191973286291,34.69688760080646,0.3121696931544804,0.24081695573952314,0.651919278562018,0.057992806171651444,6.684608453043954,4192.848064,32.292032,0.31883891997726005,0.24000565753331732,0.6927755387238118,0.057602715648,6.685677806723416,2562.7294842479682,24.867441565040657,0.34776503627151023,0.24898849946063575,0.8186239745628688,0.06199527286365901,6.522643357023429,5046.1780046826225,37.34631893860562,0.28953289983088676,0.22074823586727704,0.6261299833301179,0.04872978363851498,6.846234061749103,5824.544842479675,40.89786585365854,0.291664578953936,0.22975815988462434,0.562647297475116,0.0527888120335686,6.798744818862177,5636.727367325702,40.12122788761707,0.29152369062450456,0.22404784885552745,0.5823365381800492,0.050197438576789266,6.8523619436970336,white_bread_slices_25.jpg,fresh_bread
986.1948818897638,19.562007874015748,0.1883228094033807,0.08046818309001241,0.8965276830979606,0.0064751284898077605,7.6592218255525335,1596.234484468969,25.13733027466055,0.16053956254632393,0.07364396025275823,0.8295893267753516,0.005423432881709833,7.816254686330962,1054.585875984252,18.92310531496063,0.19315910592575497,0.0783028662425509,0.8872263046424581,0.006131338861798816,7.620410770767794,1209.4329468658939,20.62024924049848,0.18254616085410724,0.07597731322036472,0.8708834548960303,0.005772552124185407,7.688032387374196,1689.5917038690477,26.466083829365076,0.15779779012534947,0.07615840428585889,0.8230423618667994,0.005800102543368329,7.824206455332576,1596.234484468969,25.13733027466055,0.16053956254632393,0.07364396025275823,0.8295893267753516,0.005423432881709833,7.816254686330962,1857.315104166667,26.68774801587302,0.15419964625405003,0.06836012719819753,0.7976738485286416,0.0046731069905537465,7.8520801231935815,1209.4329468658939,20.62024924049848,0.18254616085410724,0.07597731322036472,0.8708834548960303,0.005772552124185407,7.688032387374196,2397.1571249999997,31.567375,0.13871252356573008,0.07344739295066914,0.749501614286689,0.005394519531250003,7.901568142804149,2901.991433610482,34.7986898463089,0.12363893692212144,0.061243522610685906,0.68501303118795,0.0037507690617655963,8.01131355067761,2576.3246875,32.1549375,0.1303040657666362,0.06066710844333196,0.7137185157183126,0.0036804980468749995,7.974151156489656,2062.9640967498112,27.96850592088687,0.1455576630821468,0.06610412896975056,0.7761286695882208,0.004369755866849414,7.892856546781477,3067.501323084678,35.49300655241936,0.13210588969848958,0.07216414031949916,0.6803201157849197,0.005207663148052364,7.94444367701476,4138.688448000001,41.92275200000001,0.10083018106921127,0.051726017902019104,0.542957328440881,0.0026755809280000005,8.114481726585185,3232.048324092743,36.39547631048388,0.11685134807773445,0.05523457901459651,0.6338607160671685,0.003050858718919705,8.052169201589239,2879.9441280000005,33.460544000000006,0.12511256456336528,0.058259302295856595,0.6821937948862177,0.003394146304000001,8.004491432739169,3681.1150914634145,38.876905487804876,0.12105681799006988,0.0701125727387193,0.6173953461601444,0.0049157728560422055,7.971130627966706,5260.7072710718,47.61127731529657,0.08595253365754049,0.04398782417696162,0.40965834618516633,0.0019349286758232893,8.177181492012835,3827.6243013211383,39.71576473577236,0.10710559919544745,0.050836840987303566,0.5582733391815681,0.002584384401568388,8.105981523985342,3623.4605879292394,37.70291363163371,0.1100179925109262,0.052329449209330234,0.5938061451914027,0.0027383712545518725,8.075036520405039,white_bread_slices_26.jpg,fresh_bread
552.0717273622047,9.336737204724407,0.22297287044535574,0.030297520742226088,0.9690970460202148,0.00091793976312562,7.378449459795735,852.456506913014,11.427676855353713,0.20187803444041064,0.02882985765902159,0.9524104852466061,0.000831160692639446,7.473856506002793,488.9806840551182,9.063730314960633,0.21945522205375423,0.030263090984690134,0.9726460562309794,0.0009158546759476334,7.3787417321131485,871.9453778907559,11.615537231074462,0.20476867858380993,0.028843954338673462,0.9513220174135302,0.0008319737018914796,7.471474288273941,1088.749007936508,12.414310515873016,0.2027668386010712,0.028503926243939735,0.9391782185465335,0.0008124738113199564,7.483634650271542,852.456506913014,11.427676855353713,0.20187803444041064,0.02882985765902159,0.9524104852466061,0.000831160692639446,7.473856506002793,1008.9104662698414,12.406125992063494,0.19677673816795377,0.02838867785013621,0.9437110942802782,0.0008059170300788142,7.495831442895804,871.9453778907559,11.615537231074462,0.20476867858380993,0.028843954338673462,0.9513220174135302,0.0008319737018914796,7.471474288273941,1630.7937500000003,15.333875,0.18788557767360342,0.027129715891896104,0.9090779820821795,0.0007360214843750001,7.572787361813987,1782.0045351473927,16.82300327538423,0.1673809537074964,0.026419872202609142,0.9009626722446153,0.0006980096472021993,7.6206851497902415,1541.713,15.499749999999999,0.18276381845745623,0.027272102561500464,0.9142130580555745,0.0007437675781250001,7.571677404471122,1823.2736835474932,16.91981607457798,0.1681701724097605,0.026641868903701686,0.898665517108438,0.0007097891786820268,7.610770155050034,2179.573777721774,18.19764364919355,0.17210203572472826,0.02603644968121559,0.8787093526480767,0.0006778967120024714,7.644923036534545,2730.4129279999997,21.968384,0.15166133559185635,0.024820409666240405,0.8489070183397385,0.0006160527360000001,7.736287918176199,2053.428427419355,18.44329637096774,0.16657195351074666,0.02623367157849325,0.8860399574674457,0.0006882055244882446,7.637479348727975,2806.594688,22.210176,0.14822659953298484,0.025116229016315328,0.8446774458968374,0.0006308249600000001,7.716285154414271,2737.568851626016,21.12271341463415,0.16604047205877634,0.025209314801125596,0.8479218113566097,0.00063550955274225,7.717991957218194,3645.1688345473467,26.925078043704477,0.1344675867962716,0.023704994605806978,0.7991031166245438,0.0005619267692613379,7.829989759490135,2473.302972560976,20.847688008130085,0.15115112771403943,0.025401064903041597,0.8630934872345706,0.0006452140982085317,7.698756234206159,3793.291233090531,27.524193548387096,0.13047184432933567,0.024090529551025676,0.7909001692468669,0.0005803536140488413,7.8035727277753395,white_bread_slices_27.jpg,fresh_bread
262.7550442913386,5.555241141732284,0.6160047601570743,0.4648642022235919,0.9789484659341045,0.21609872650897655,4.287066382345843,1108.2635625271253,10.417074834149668,0.5874926021570742,0.4565295699055638,0.9097950592889917,0.2084192481981591,4.445006541210187,963.7533218503938,8.872170275590552,0.6037234358285849,0.4629368588809102,0.921556618331768,0.21431053531052377,4.346936837304727,973.9804699609401,9.312976625953253,0.5935408023517412,0.4568642527523322,0.9207247684421129,0.2087249454429469,4.408327088332124,518.3808283730158,8.041790674603174,0.5922911506343056,0.45534927831531347,0.9584641660674308,0.2073429652622768,4.429776450942203,1108.2635625271253,10.417074834149668,0.5874926021570742,0.4565295699055638,0.9097950592889917,0.2084192481981591,4.445006541210187,1992.6367807539682,15.188864087301587,0.5617869043668329,0.45132849059823144,0.8351264735399216,0.20369740642567788,4.5404568733575426,973.9804699609401,9.312976625953253,0.5935408023517412,0.4568642527523322,0.9207247684421129,0.2087249454429469,4.408327088332124,795.7835,10.440249999999999,0.5723324485768456,0.4454200023748653,0.9362277630716357,0.19839897851562502,4.5387501735204925,2308.3852355757117,17.734819853867474,0.5439864767106597,0.43858147082473453,0.8090171050256125,0.19235370655078748,4.673369726401387,3083.442500000001,21.332625000000007,0.5305070640662369,0.4397622782005354,0.7404945292790464,0.19339086132812505,4.679272346654567,1992.1303854875284,15.587427563618037,0.5499206789839665,0.4396706931038631,0.8351822640678243,0.19331031837443136,4.622175112078674,1081.3296370967741,12.71194556451613,0.5565734958126761,0.4355523182117943,0.9133277682516349,0.18970582189966811,4.642068170376672,3564.8446080000003,24.895680000000006,0.5066116569239474,0.4203552301946534,0.7000509121956298,0.17669851955200003,4.8535188609877205,4123.531313004032,26.984311995967744,0.5058693844768939,0.42843864874989346,0.647386081111703,0.1835596757426346,4.792245143633962,3074.938304,21.687359999999998,0.5200535735508993,0.42223068849149276,0.7412720494829721,0.17827875430399998,4.792475531007202,1371.710111788618,14.947789634146343,0.5412082084477656,0.4254923714197555,0.8900236254519895,0.18104375813640713,4.731670956505783,4720.2762096774195,31.266584287200835,0.47695254419022226,0.4021629877852711,0.596560683532533,0.1617350687443761,4.993495328720422,5146.407393292682,32.26371951219513,0.4830594094690615,0.4169872254327161,0.5525237204093325,0.1738783461740748,4.880824686894017,4063.074986992716,27.055215920915714,0.48873868508351687,0.40452471028058995,0.6527312973449013,0.16364024122759524,4.932499499029386,white_bread_slices_28.jpg,fresh_bread
278.51993110236225,8.313853346456694,0.5634546712312176,0.46202226017467085,0.9680704374931948,0.21346456889691123,4.662424539727978,653.1110422220845,11.2747225494451,0.533709993101431,0.453744748600316,0.9229770653242858,0.20588429688236395,4.763714047926204,558.3110236220472,9.945989173228346,0.5477495197819976,0.460093763765647,0.9342704275616776,0.211686271456039,4.685739457309721,594.6116932233864,10.455700911401824,0.5426841188022321,0.4542312960920417,0.9298760323378709,0.20632607034945608,4.746321707328298,410.1976686507937,9.938740079365079,0.5478862827298671,0.45236712110340155,0.9528891939921027,0.20463601225537958,4.761433040990718,653.1110422220845,11.2747225494451,0.533709993101431,0.453744748600316,0.9229770653242858,0.20588429688236395,4.763714047926204,1183.5623759920636,13.812375992063494,0.5220125574218746,0.44885394879381424,0.8564504671663912,0.2014698673478,4.822796472253774,594.6116932233864,10.455700911401824,0.5426841188022321,0.4542312960920417,0.9298760323378709,0.20632607034945608,4.746321707328298,567.0347500000001,11.413250000000001,0.5337321435650849,0.4422146745183554,0.9347524651751746,0.195553818359375,4.849033039496588,1337.8667170571932,15.489543965734441,0.506355035482035,0.4363918633486503,0.8371678123910496,0.1904378583969071,4.932178412287002,1830.6555624999999,17.501062500000003,0.5014363871338816,0.43722714482506114,0.7709067497982481,0.191167576171875,4.926216037167933,1246.3756613756616,14.571806500377932,0.5119790796796465,0.43738511733931096,0.8483032181480936,0.19130574086992283,4.918881494747803,726.171622983871,12.918094758064516,0.5212262837031434,0.4319334585522851,0.9162742936872468,0.18656651261693857,4.931904820657784,2029.6137599999997,19.604032,0.47748535033592115,0.4184420433178291,0.7446564010121015,0.17509374361599997,5.074125915532618,2439.7660030241937,20.793220766129032,0.47963798007074604,0.4257399569561013,0.685245001838082,0.18125451094898296,5.016687368886657,1900.8348799999999,18.394432000000002,0.4839029511124424,0.4202505090633443,0.7608579381424128,0.17661049036800003,5.058034598558432,882.6570757113823,14.324758638211385,0.5101216631345248,0.4215009589445737,0.8980176605274872,0.17766305839119517,5.003979990972084,2660.216441207076,23.2343912591051,0.45187747640074694,0.4001102531762918,0.6543556786720784,0.1600882146967963,5.200030970133499,3055.2959857723577,24.16285569105691,0.46031490165418254,0.4142717248863138,0.5928711542283076,0.17162106204028169,5.093095576676166,2521.3160770031213,21.96865244536941,0.459616119134239,0.40292969022436614,0.6724031282606889,0.16235233526430368,5.179195399684905,white_bread_slices_3.jpg,fresh_bread
1051.774975393701,17.966781496062993,0.17403034907165701,0.08088908021784484,0.921706303590787,0.0065430432984889386,8.088198453872888,1451.1392522785045,21.073780147560292,0.15385321733671706,0.07391475780616366,0.890928873209934,0.005463391421543832,8.191809658985877,892.120878444882,16.008304625984255,0.18018080941218045,0.07460767275409107,0.9328436838936282,0.005566304833781543,8.03480339184233,1419.1981523963045,20.99925599851199,0.1502799964140193,0.07368232831772016,0.8933402680316497,0.005429085506320307,8.193100027974818,1992.6152653769843,25.212983630952387,0.15022127553788106,0.0797101346021112,0.8518817677844704,0.0063537055582866845,8.245764738679771,1451.1392522785045,21.073780147560292,0.15385321733671706,0.07391475780616366,0.890928873209934,0.005463391421543832,8.191809658985877,1595.2932167658728,21.914000496031747,0.1513484001831231,0.06594160648641366,0.8786832596372379,0.004348295466009031,8.242093924433295,1419.1981523963045,20.99925599851199,0.1502799964140193,0.07368232831772016,0.8933402680316497,0.005429085506320307,8.193100027974818,3003.2074374999997,31.7058125,0.1397354501111289,0.07903684119209851,0.7771025132811977,0.006246822265624999,8.34022217474623,2824.2804862685816,30.965671453766696,0.12080113993442854,0.06490711947740654,0.7858336220831189,0.004212934158854328,8.3976068776625,2316.5875625,26.962937500000002,0.1314653440720299,0.058954216213728095,0.8220019082891038,0.0034755996093750003,8.364276218247891,2708.88070042832,30.168430335097003,0.12183983006277797,0.06477640759255233,0.7946721123579673,0.004195982980596472,8.394714439757978,4010.6343876008063,37.651146673387096,0.13290883332261447,0.07847537289141426,0.702726058733983,0.006158384150446516,8.39131473285459,4243.04864,39.502656,0.1059123052012382,0.05793099564136629,0.6753482701499512,0.0033560002560000003,8.528016650611615,3033.929057459677,31.47227822580645,0.11864619051518686,0.05201750799031572,0.7644538551542137,0.00270582113752256,8.46498475510604,4075.9966079999995,38.568768000000006,0.1064406800377595,0.05768415186166821,0.6884406832167955,0.0033274613760000005,8.520949452585459,4904.234375,42.74110772357724,0.1274314951711542,0.07822711440299782,0.636340287794647,0.006119481427819709,8.440257324238473,5594.43073621228,47.24069979188346,0.094223464844818,0.05102715435331214,0.5679403446952721,0.002603770481396742,8.620981270600446,3668.744918699187,35.46608231707317,0.10612452590820998,0.04591538124359566,0.7124270912903914,0.0021082222347447365,8.536662090192143,5383.709612382934,45.93541883454734,0.09407932339687199,0.0508349599038227,0.5849583271465838,0.0025841931484232618,8.613123477825088,white_bread_slices_6.jpg,fresh_bread
396.85697588582684,5.520361712598424,0.6084456794457639,0.4304732496182524,0.9808712909892628,0.18530721863689825,4.535000397708826,1043.8523157046316,9.004278008556017,0.5812466774213948,0.42171978004544697,0.9494769951800738,0.17784757288158018,4.680134215656295,964.4377460629921,8.276451771653543,0.5953705587276953,0.4273178430257363,0.95330465507355,0.18260053896816777,4.605855832082575,1233.480686961374,10.389360778721556,0.5721203024929211,0.420854615348009,0.9402988815993878,0.1771186072597206,4.728686174041675,846.1155133928573,8.965587797619051,0.5771956982919225,0.4216229629681029,0.9592272413180292,0.17776592290200227,4.714987599616679,1043.8523157046316,9.004278008556017,0.5812466774213948,0.42171978004544697,0.9494769951800738,0.17784757288158018,4.680134215656295,2037.991691468254,14.717137896825399,0.5509979268474396,0.41417992228303213,0.9009045364225146,0.17154500802237851,4.831067351401179,1233.480686961374,10.389360778721556,0.5721203024929211,0.420854615348009,0.9402988815993878,0.1771186072597206,4.728686174041675,1333.2189375000003,12.234437500000002,0.5576708324860694,0.4126825069741872,0.9357671129360151,0.17030685156250006,4.841642579796,2222.0631771227013,15.883786848072562,0.5365045525456791,0.40374357231932656,0.8920283963011323,0.1630088721891713,4.920940255712487,3175.963125,20.961375,0.5207736568238357,0.40119972183050556,0.8448966411066184,0.16096121679687503,4.990508431112602,2634.0868606701943,18.70061728395062,0.5255422997902468,0.40119482999719436,0.8720078773831497,0.16095729161647768,4.986391371685473,1844.9650957661288,15.452746975806452,0.539860192082221,0.40382519872007644,0.9111420268723923,0.16307479112130924,4.949976220141372,3485.743232,22.716928,0.500719943936588,0.3849139896028722,0.8299427360928036,0.148158779392,5.1142730413141475,4287.554120463709,27.008253528225808,0.49059545079652067,0.3883060721491798,0.7896731076451817,0.15078160566792403,5.1221126858074095,4134.200576,26.925311999999998,0.48813761576473547,0.3812009855181384,0.7983067622583525,0.14531419135999998,5.193408440958283,2349.3880843495936,18.443470528455286,0.524476797314951,0.3958073455443692,0.8869152363948409,0.15666345478687968,5.040961852415011,4734.132219042664,29.231984911550462,0.47022005922876636,0.3666427464346701,0.7681326271044304,0.1344269035131578,5.276600672910604,5383.018610264227,32.7719131097561,0.46668001098011724,0.37549874541510414,0.7349245704239491,0.14099930780831718,5.233366274441783,5636.321214880333,34.88898283038502,0.4522281972396782,0.36164099667599303,0.7239453964481486,0.1307842104768056,5.367140498031768,white_bread_slices_8.jpg,fresh_bread
550.1926058070866,9.086183562992126,0.3440157636456995,0.10554997279341748,0.9686779765137887,0.01114079675669117,6.318666094821665,984.8426436852872,11.863661727323453,0.3216106262614493,0.0981657872379608,0.9436605700762923,0.009636521784048585,6.429335683286451,786.0906742125984,9.9285187007874,0.36055172676456276,0.10232807701881029,0.9549141449302242,0.01047103534636757,6.2990483900657335,1051.3997767995534,12.33511067022134,0.31711963699174045,0.09796945626070935,0.9398541028173387,0.009598014360019043,6.457564969629921,1069.4678819444443,13.339905753968253,0.29136859698632855,0.10066352361731126,0.9392714715165531,0.010133144987052981,6.527814930341101,984.8426436852872,11.863661727323453,0.3216106262614493,0.0981657872379608,0.9436605700762923,0.009636521784048585,6.429335683286451,1555.2870163690475,15.319754464285714,0.30373745986865963,0.0924834238578908,0.9103713750612867,0.008553183688478284,6.530125720999138,1051.3997767995534,12.33511067022134,0.31711963699174045,0.09796945626070935,0.9398541028173387,0.009598014360019043,6.457564969629921,1626.61975,17.31125,0.262573861985413,0.09814845460130792,0.9078577313188672,0.009633119140625,6.664404149921237,1953.6211262282693,18.57161753590325,0.267587470574365,0.08805902214293333,0.8880076393295562,0.007754391380769622,6.688320041024111,2331.118125,20.42025,0.268719500879703,0.08483082889639829,0.8650370769802425,0.007196269531250001,6.697306541215875,2101.620811287478,19.740614764424286,0.25254393739137654,0.08693842280062834,0.879530009552058,0.007558289359060815,6.738117928837094,2174.7806829637098,21.15303679435484,0.2406462272324188,0.09540905533207009,0.877101533810539,0.00910288783935801,6.792451546054372,2911.2881919999995,24.638080000000002,0.23408805056250226,0.07984367446454352,0.8327762624777832,0.006375012352,6.864101253772887,3052.8053805443546,25.082220262096776,0.24060283743141161,0.07813665995682868,0.8224636710665036,0.006105337629209075,6.821504292427805,3181.425152,26.845056,0.2129860461959719,0.07782103941737094,0.8172815810842124,0.006056114176000001,6.935258918162982,2691.0861280487807,24.62690548780488,0.22509893336449274,0.09362789050676859,0.8482237521168917,0.008766181880747449,6.890905539118959,3760.279916753382,29.95187304890739,0.20385441236558488,0.07250529842290412,0.7836382304684965,0.005257018299394383,7.014726532337052,3651.4930132113823,29.04242886178862,0.21605130294708624,0.07301341222123355,0.7868172910505217,0.005330958364187776,6.916627968609219,4186.132869406869,33.33773413111342,0.17771217239075698,0.07004286605310034,0.7591839452477332,0.004906003084932557,7.095360350078075,bread_with_green_mold_11.jpg,spoiled_bread
746.7021407480313,17.457062007874015,0.1740746988714405,0.0806040238482002,0.9201749964966515,0.006497008660521226,8.196172819461799,1102.6177072354144,20.151218302436607,0.1557824360500138,0.0735188806639603,0.8801536606358966,0.0054050258140816345,8.314338451417795,983.3593134842522,18.139948326771655,0.17558566167767065,0.07409539292174083,0.8930144185366604,0.005490127252227161,8.21276044593602,1111.4437348874696,20.302188604377204,0.15169827239078443,0.07349211838247861,0.8791937699780544,0.005401091464344251,8.314410710352352,969.2473958333336,20.199900793650798,0.16056461503427402,0.07957307716819002,0.8964883420761243,0.006331874610014724,8.294255757030635,1102.6177072354144,20.151218302436607,0.1557824360500138,0.0735188806639603,0.8801536606358966,0.0054050258140816345,8.314338451417795,1439.1703869047615,21.76426091269841,0.14558898510424084,0.06561664967131353,0.8406695993086951,0.00430554471408789,8.352606938270213,1111.4437348874696,20.302188604377204,0.15169827239078443,0.07349211838247861,0.8791937699780544,0.005401091464344251,8.314410710352352,1127.402375,22.012,0.1499060036264548,0.07898190061653367,0.8797319074656152,0.006238140625000001,8.34287538863859,1579.7413706223228,23.9294532627866,0.1311753223977828,0.06473071482920625,0.8254769333813042,0.004190065442300022,8.444259449733675,1847.26,24.2215,0.12939824678946038,0.05884958315485336,0.7917722770920128,0.003463273437500001,8.439086091509788,1622.6286848072564,24.187767699672463,0.12847027642193348,0.06468994246834636,0.820736844013143,0.004184788656557962,8.44639897596209,1266.7561743951615,23.377646169354847,0.14723719307495162,0.0780836807845318,0.8650279241528626,0.006097061204860661,8.37272300869932,2015.993152,27.086528,0.11503567326583812,0.05780983999285934,0.7735490981254497,0.0033419775999999992,8.540415283040405,2230.277406754032,26.465410786290324,0.1176486395060988,0.052031146793641195,0.7439334158841127,0.0027072402366614384,8.501922881247076,2104.2272000000003,27.639680000000006,0.11096012836797187,0.05772911750581331,0.7636302471973776,0.0033326510080000007,8.544585940178354,1402.322726117886,24.735327743902445,0.1420226058014688,0.07807985426373941,0.850690035475305,0.006096463641846785,8.400694968032477,2412.89151925078,29.77315296566077,0.10060969743951839,0.05109501838532253,0.7243823162244682,0.0026107009037964475,8.606640367814705,2530.5410950203254,28.383447662601625,0.10971088861546521,0.0458898276352707,0.7044720176132497,0.002105876280394854,8.554642107512455,2555.1447710718007,30.830905306971903,0.09760907747596967,0.05082170773905888,0.7081125311207975,0.002582845977514317,8.627448780999314,bread_with_green_mold_15.jpg,spoiled_bread
1117.2988435039372,16.13029035433071,0.22795331258282542,0.07947040662435469,0.9375425032458397,0.006315545529040278,8.076597924895136,1755.5522351044701,20.656457312914625,0.20105014359050727,0.07203980875124127,0.9015835922744031,0.005189734044915419,8.227578877609094,1218.5340797244098,16.398129921259848,0.23641032349815644,0.07330517087080363,0.9318749909904603,0.005373648076397717,8.092749224285239,1603.6868993737985,19.43344286688573,0.210691371251424,0.07197761797315352,0.9100954453158642,0.005180777489089233,8.198230047188183,2195.9375000000005,23.888764880952387,0.19023830551583307,0.07779040936857683,0.8768804621387596,0.006051347789730766,8.266314079192654,1755.5522351044701,20.656457312914625,0.20105014359050727,0.07203980875124127,0.9015835922744031,0.005189734044915419,8.227578877609094,2354.1908482142853,24.260292658730158,0.19210472722781013,0.06542514648084984,0.8679884144358727,0.004280449792040657,8.318979378625006,1603.6868993737985,19.43344286688573,0.210691371251424,0.07197761797315352,0.9100954453158642,0.005180777489089233,8.198230047188183,3255.2809375,30.061187500000003,0.17324467260457818,0.07659515885077202,0.8169091299065514,0.005866818359375,8.368152036214141,3419.795855379189,31.060027714789626,0.15866940779991223,0.06435717778841314,0.8071454703152966,0.004141846332889418,8.45131311018801,3488.4673125,30.8335625,0.16790771566594298,0.05885675141816783,0.8037911686005877,0.0034641171875000013,8.463103300536673,2970.9426807760146,28.101536911060727,0.1725007553289044,0.06434276589379372,0.8324461254385166,0.004139991522863544,8.399869688123637,4240.3087827620975,35.68756300403227,0.15981255372587888,0.07622676878430477,0.7606845407465658,0.00581052027929586,8.445854314024652,5011.895744,39.927232,0.13698038584207653,0.057478021956222536,0.7156268107015085,0.003303723008,8.608197025854361,4507.228767641129,36.49313256048387,0.14718197608326267,0.051456978828923805,0.7457476698738982,0.0026478206702003127,8.571987041182982,4206.9713919999995,34.959232,0.14991127487057376,0.05748605618756604,0.7612630942701705,0.0033046466559999996,8.545994354786774,5132.522421239838,40.82488567073172,0.14732332978362322,0.07555789764812487,0.7091805825813449,0.005708995897004514,8.516639533714134,6373.242390738814,47.508129552549434,0.11452656237781007,0.05003919682644422,0.6361087199839142,0.0025039212190356252,8.7369425196636,5286.450584349594,40.994410569105696,0.13350861231837052,0.04567876851367651,0.7009800527008819,0.0020865498929260448,8.648895306912017,5136.726326742976,40.41753381893861,0.1328820557960227,0.050187957104842855,0.706637833327584,0.0025188310383575463,8.64663722435201,bread_with_green_mold_16.jpg,spoiled_bread
938.8490403543306,10.594857283464567,0.6287852282472858,0.538174057646018,0.9530398400618482,0.2896313163231795,3.8993063761660673,1128.9990699981402,12.273172546345094,0.6130295826065107,0.5306207001165554,0.9437565175117667,0.28155832739218334,3.9728028297241282,774.3285556102362,9.511749507874015,0.6435466782628911,0.5386099010883223,0.9612796689222823,0.2901006255503723,3.8337932710423765,1181.0111600223202,12.703515407030814,0.6083352718216833,0.5305141826229212,0.9411664490704731,0.2814452979640661,3.9797658877675612,1632.630642361111,15.393167162698411,0.5960333687399104,0.5282925704852934,0.918647724249669,0.27909304002995877,4.07791206589629,1128.9990699981402,12.273172546345094,0.6130295826065107,0.5306207001165554,0.9437565175117667,0.28155832739218334,3.9728028297241282,1308.7459077380952,14.0421626984127,0.6014583817154249,0.5246340842917857,0.9348311839640996,0.2752409224006805,3.9993727350394717,1181.0111600223202,12.703515407030814,0.6083352718216833,0.5305141826229212,0.9411664490704731,0.2814452979640661,3.9797658877675612,2354.1147499999997,19.755875,0.5778739707176137,0.520820159625062,0.8831616110114539,0.271253638671875,4.19727521526077,2034.3028470647516,18.438271604938272,0.5750476605105649,0.5142908809581751,0.8994502812017028,0.26449511023673583,4.181266950571937,1826.6800625,17.8405625,0.5790114033172714,0.5154183108468788,0.9094616516817035,0.26565603515624986,4.108895290351047,2136.9278785588313,19.51316452506929,0.5653785836238341,0.5134217904410865,0.8943854981824904,0.26360193489973094,4.187629539874749,3102.540196572581,24.485005040322584,0.5518598363413885,0.5084287467805846,0.8466332279915241,0.2584997905528758,4.31193788953348,3003.24352,24.60864,0.5447472422572509,0.4967421915480907,0.8527988700016904,0.246752804864,4.337847581667443,2397.464150705645,21.868762600806452,0.5558479858172801,0.5020798643819637,0.8816202280296739,0.2520841902178111,4.215233908631165,3108.942336,25.908096,0.5379564508586365,0.4980431374730506,0.8476353473653377,0.248046966784,4.331992678507687,3785.5029852642274,28.44302591463415,0.5345723989978494,0.4978171203059945,0.8135967488816407,0.247821885269753,4.400943281611223,3942.8839750260145,30.325572320499482,0.5178474859064656,0.47800878160344457,0.8081917961192885,0.2284923952900096,4.478911582892411,2968.5258511178863,25.662411077235774,0.5384135640604799,0.4894129848621693,0.8539663987890174,0.23952506975169793,4.3063266818244506,4047.8245317377728,32.14724245577523,0.509361091053308,0.4798689218370146,0.8030945018313892,0.2302741821450188,4.466437869832735,bread_with_green_mold_18.jpg,spoiled_bread
714.8045029527559,10.628075787401574,0.3646173778270401,0.0929806105526152,0.9591623141878742,0.008645393938737096,7.267053066618064,1520.0998201996404,15.68739537479075,0.31333908057833254,0.08291980585330208,0.9127754951378909,0.00687569420274931,7.503573055375833,1228.4405757874015,13.370693897637794,0.32338244145194023,0.08412772791516455,0.9293860217506941,0.007077474604167957,7.419995594094047,1581.3717527435056,16.241366482732964,0.3002349727354701,0.08264553738171272,0.9092580103481014,0.006830284849112075,7.513773677770885,1308.1626984126983,15.035094246031745,0.3245397251263203,0.09010067343567077,0.9253967289947849,0.008118131353561387,7.426394234213554,1520.0998201996404,15.68739537479075,0.31333908057833254,0.08291980585330208,0.9127754951378909,0.00687569420274931,7.503573055375833,2408.8744419642853,20.89403521825397,0.26069599283481043,0.07393074297084443,0.8609087219187628,0.005465754756221063,7.685184856635804,1581.3717527435056,16.241366482732964,0.3002349727354701,0.08264553738171272,0.9092580103481014,0.006830284849112075,7.513773677770885,1945.0316249999998,19.138875000000002,0.2974325802523261,0.08846034378112601,0.8892911153100067,0.007825232421875,7.531228154890281,2954.4492315444695,24.486646510456037,0.24487341007298621,0.07239966151098974,0.8300315220364503,0.005241710986905889,7.785228800663962,3629.1934999999994,28.018249999999995,0.224100730070245,0.06541019905660736,0.7894914174757138,0.0042784941406249985,7.876642454890781,3092.0350844041322,25.40558075081885,0.24110186741634085,0.07233777946151417,0.8221016812170104,0.00523275433742266,7.772165441832011,2445.0315020161297,22.27746975806452,0.2768240043011946,0.08676093330808363,0.861091014911694,0.007527459548489735,7.617305012236158,4365.012479999999,32.493312,0.20680210394603532,0.06397980481370664,0.7482735746507764,0.0040934154240000005,7.970962761444499,4722.760395665324,34.307774697580655,0.19393419949881247,0.05869421627213608,0.7248249149311767,0.003445011023800284,8.020709509348691,4596.982784,33.878656,0.20744035646271614,0.06441855136527054,0.734844566482767,0.00414974976,7.948091436546267,2887.80074949187,25.014545223577237,0.2588326706785251,0.08579423427225279,0.8361906215015751,0.007360650634362195,7.676750616851946,5570.403746097816,39.34729448491156,0.17324463418787556,0.05695191096806622,0.6780032047256201,0.0032435201629145414,8.122118241871833,5679.642530487805,39.780106707317074,0.17133030925139572,0.05291537308799612,0.6677051228792682,0.002800036709041824,8.134430122503574,5880.920655567117,40.98933402705516,0.17830335472072262,0.057293561300709346,0.6599262837539177,0.0032825521665181398,8.07945718712687,bread_with_green_mold_2.jpg,spoiled_bread
654.2903543307086,9.512426181102363,0.3225185304638695,0.09114228117367795,0.9644379044346618,0.008306915417541772,7.607558508029371,1333.0790501581005,15.333126666253335,0.23280404952634218,0.0809037240034354,0.9273907645773178,0.006545412557624049,7.994786324273358,1107.919783464567,13.24175688976378,0.2661285095690644,0.08203975497045993,0.9396725979706415,0.006730521395613104,7.87621825335971,1393.1118482236966,15.630169260338521,0.2474392014250838,0.08134550947865027,0.9241220881594733,0.006617091912341181,7.987959791541422,1282.4890252976188,14.608196924603174,0.26254447202077613,0.0893466963229012,0.9302777989867316,0.007982832143816726,7.876067946116346,1333.0790501581005,15.333126666253335,0.23280404952634218,0.0809037240034354,0.9273907645773178,0.006545412557624049,7.994786324273358,2332.0910838293657,22.084387400793652,0.19686815643078032,0.07116250028099462,0.8726804417655128,0.005064101446242559,8.241730583203752,1393.1118482236966,15.630169260338521,0.2474392014250838,0.08134550947865027,0.9241220881594733,0.006617091912341181,7.987959791541422,1927.7030625,18.9321875,0.23623517594682486,0.08837278992993262,0.8951834891162728,0.00780975,8.019196515040912,2771.109851347947,25.3946837994457,0.1725242490749129,0.06988488608774732,0.8486260912006086,0.004883897303497419,8.341658279569995,3631.879875,30.112375000000004,0.16303563237335125,0.06279359168139692,0.8010867097940619,0.00394303515625,8.452350761303567,2985.4399092970525,26.293524817334344,0.18811593800233828,0.07073310751556387,0.8369248241293396,0.005003172498808318,8.329683066805789,2529.162235383065,22.80449848790323,0.21910476773166482,0.08730831366889766,0.8624251090541186,0.007622741635706622,8.131804710765827,4217.8176,34.19942399999999,0.14089487062428505,0.061524874709340115,0.7688113741686007,0.003785310207999999,8.541672629627444,4868.008190524195,37.35975302419355,0.13772025698691615,0.05554989099926775,0.73249984155401,0.0030857903900305284,8.597366808007665,4616.138432,35.740864,0.1570072191760956,0.06207450697347503,0.746991420892928,0.003853244416,8.52585967707628,3095.7493648373984,26.401168699186993,0.2008763870240523,0.08675420192795655,0.8315547754396144,0.00752629155215666,8.215763238167755,5529.277250260146,41.862187825182104,0.11685282879807653,0.05465064234944982,0.6957725741490455,0.0029866927092074783,8.673492072920888,5903.688579776423,43.36947408536586,0.12199931188429755,0.04958315800913861,0.6746183734159695,0.0024584895581592063,8.699352890308788,6059.6355359001045,43.92872008324662,0.12946399500675573,0.054806797683261604,0.6666047043224148,0.0030037850722939696,8.66534562980867,bread_with_green_mold_21.jpg,spoiled_bread
607.1785802165355,9.163939468503939,0.6073041781275607,0.4954350543435847,0.9751037054914526,0.24545589307243074,4.294540917956198,1238.4673569347137,13.636431272862543,0.5688717811115273,0.4840960867876825,0.9491313105431765,0.23434902124314744,4.425494056434298,921.7284694881889,10.887795275590552,0.5910513167694462,0.49407998597553876,0.9621007423272142,0.24411503254158856,4.323298862490141,1162.8889577779155,12.862421724843447,0.5780919548083449,0.4887070116165896,0.9522356104626084,0.23883454320321743,4.408076559626702,1152.803199404762,12.95634920634921,0.5840494923497785,0.4837963117478432,0.9527904441266188,0.23405887126081631,4.4123533411409355,1238.4673569347137,13.636431272862543,0.5688717811115273,0.4840960867876825,0.9491313105431765,0.23434902124314744,4.425494056434298,2045.2273065476193,17.170014880952383,0.5555471178258052,0.48024545101858995,0.9157551530395371,0.2306356932240489,4.493546726727937,1162.8889577779155,12.862421724843447,0.5780919548083449,0.4887070116165896,0.9522356104626084,0.23883454320321743,4.408076559626702,1726.2754375,16.075312500000003,0.5703072261079845,0.47387394692905943,0.929406014549992,0.22455651757812503,4.490399723412891,2686.8585285966237,21.26568405139834,0.531017468364492,0.46338115899906895,0.8895906682372674,0.21472209851532043,4.623146188336957,3185.42,22.75325,0.5315495442003026,0.46839738612435167,0.8685557278217727,0.219396111328125,4.600590887389863,2515.309523809524,20.028722600151173,0.5411739008561158,0.471139916263747,0.8966400200291529,0.22197282069701055,4.598286155749664,2319.188130040323,19.069304435483872,0.5597358622303057,0.46542832167005543,0.9053041763212157,0.2166235226126046,4.564073018593255,4198.9551360000005,28.228735999999998,0.5040588555939962,0.44648147213518274,0.8274177070900129,0.19934570495999995,4.757882512572668,4333.623046875,28.036605342741936,0.5111680557372449,0.4570578960899222,0.8209282692928692,0.20890192037814614,4.680710917925916,3936.8817919999997,26.844288,0.5124830089757362,0.4535562306925129,0.8381909339363917,0.2057132544,4.742049806916963,2896.1953760162605,21.86420223577236,0.5499199243097743,0.45711913748746463,0.8819093113761672,0.20895790585728358,4.631771255774958,5734.470863683664,35.00975546305931,0.4813829158574363,0.42991042147343544,0.764389982839092,0.18482297049146693,4.865220421729318,5464.0703125,33.163935467479675,0.4944975434014927,0.44611657608353567,0.7738295075557902,0.19901999945649707,4.742277007111424,5398.269185744017,33.4205905306972,0.48934081502199034,0.43753031286336846,0.778198857741689,0.1914327746743171,4.848346502049028,bread_with_green_mold_22.jpg,spoiled_bread
906.1886072834645,13.96505905511811,0.23606624465431125,0.08010685013597192,0.9386499908785905,0.0064171074387070655,8.072569977981281,1362.2402504805013,17.150412300824605,0.21267650047262088,0.07298386409718499,0.9071931662892525,0.0053266444185563686,8.213381158485406,1204.6205093503936,15.357221948818898,0.22889059450943772,0.07376802709130591,0.9178276854263475,0.005441721820943641,8.125365733030346,1689.9931799863602,19.038130076260153,0.20627724744172948,0.07293311266451209,0.8848631350379857,0.005319238922934415,8.239944497736577,1692.981584821429,20.101624503968257,0.19315672302858028,0.0784125677602501,0.8854940119238448,0.006148530782755814,8.254860578017498,1362.2402504805013,17.150412300824605,0.21267650047262088,0.07298386409718499,0.9071931662892525,0.0053266444185563686,8.213381158485406,2316.817088293651,23.143229166666668,0.18067693026795537,0.06600799301002552,0.8408976280674496,0.0043570551412115775,8.368324940735842,1689.9931799863602,19.038130076260153,0.20627724744172948,0.07293311266451209,0.8848631350379857,0.005319238922934415,8.239944497736577,2489.7988125,25.271437499999998,0.17381940152289155,0.07781145832636091,0.8316960226314115,0.006054623046875001,8.371081523460859,2486.1866969009825,24.777399848828424,0.1705357906899561,0.06510587177020291,0.8296938579604742,0.004238774538958104,8.429616913040112,3408.870375,29.743000000000002,0.15240364515743074,0.05922355686295784,0.7642904925339505,0.0035074296875000003,8.538491397151034,3249.406903502142,28.980599647266317,0.16329768877673806,0.0648816402449288,0.7774068282097055,0.004209627240872365,8.48305889708023,3175.7247983870975,29.66582661290323,0.1625955284911414,0.07691918953138865,0.7853351779092959,0.005916561718165691,8.45318791269515,3490.744576,30.691071999999995,0.15110134138215003,0.0580104840179773,0.7594740758229089,0.003365216256,8.580168502019614,4437.215914818549,35.70923639112904,0.13235808836215113,0.0515937054216212,0.6910538421971412,0.0026619104391330246,8.65484307785191,4694.92512,37.345344,0.13683018100427147,0.057670694394987135,0.67648394999828,0.003325908992,8.659583235606908,3760.2792809959356,33.263020833333336,0.15164008473695378,0.07671039420090728,0.745570527332733,0.005884484578458588,8.514546712252818,4246.445044224766,35.36973204994797,0.13295052640316563,0.05061701496136504,0.7055452892918836,0.002562082203599052,8.690931881733988,5240.871379573171,40.46538363821139,0.11836785301841482,0.04585706832640522,0.6327374535636773,0.002102870715492597,8.761941948407749,5930.845798647242,44.520616545265355,0.11517065629991974,0.050075171884086084,0.5887069145156694,0.0025075228392207652,8.779759676081854,bread_with_green_mold_23.jpg,spoiled_bread
959.171813484252,16.21216781496063,0.1775551869185748,0.08132041033260226,0.9433564953241014,0.006613009136662804,8.27211258580076,1665.6524893049786,20.82243164486329,0.1566238840007728,0.07413606333358659,0.9012829473402935,0.005496155886601563,8.409359986805518,1241.8881643700788,16.405265748031496,0.18064639905969382,0.07472868405118593,0.9264988569315268,0.005584376220021971,8.2386869093597,1620.6025792051582,20.169198338396672,0.16315431906586103,0.07419900942701309,0.9039526383093929,0.005505492999949978,8.382307317820178,1896.2930927579364,23.641927083333332,0.1553174471180518,0.07996289787229158,0.8878878198056593,0.006394065036134534,8.45107892770909,1665.6524893049786,20.82243164486329,0.1566238840007728,0.07413606333358659,0.9012829473402935,0.005496155886601563,8.409359986805518,2478.0203373015875,25.208705357142854,0.14770973617694144,0.06608103278615149,0.8527344506248323,0.004366702894084428,8.506558922478181,1620.6025792051582,20.169198338396672,0.16315431906586103,0.07419900942701309,0.9039526383093929,0.005505492999949978,8.382307317820178,2836.5518125,29.690062500000003,0.14244901010041433,0.07945574141463912,0.8321563879839569,0.006313214843749999,8.550385518273814,3300.5302343159487,31.629377676996732,0.12672470911584874,0.06511428085441229,0.8033294977739022,0.004239869571187283,8.650277499455061,3725.306,32.729625,0.12783819299626195,0.05909579088226166,0.7776585648965536,0.0034923125,8.65566021310802,3202.3243260267072,30.415154950869237,0.1341754373845123,0.06524518237713281,0.8091791217484855,0.004256933823425321,8.609056566843844,3714.6290952620975,34.84053679435485,0.13481857526756963,0.07877899081380822,0.7800690595828718,0.006206129393642081,8.609099523199625,4885.476544,40.622015999999995,0.11061246578580332,0.057858141553285315,0.7073105856046018,0.003347564544000001,8.7827526401544,4888.168850806452,39.19014616935483,0.11342604880221223,0.05191193906210109,0.7070571486849453,0.002694849417187297,8.768584339971564,4723.126399999999,38.976895999999996,0.11674896237530648,0.05800702412639352,0.717046431872201,0.003364814848,8.747499543664691,4470.837652439024,39.071265243902445,0.1303246891739941,0.07817124216020228,0.7351273330733528,0.006110743100868986,8.65614859062503,6254.567637877211,47.96110822060354,0.09553526676551752,0.051011692678022386,0.6233973174291491,0.0026021927898770025,8.873428863009456,5915.991044207318,44.80240091463415,0.10107422051697407,0.04577218102280548,0.6440885796286124,0.002095092555584474,8.854186429918766,6022.14951873049,45.895876690946935,0.10302502145372858,0.051327561281320606,0.6374282921196185,0.002634518547087722,8.845746940489377,bread_with_green_mold_24.jpg,spoiled_bread
913.1723671259845,15.623400590551183,0.21918913654429306,0.09680832575053573,0.9304336822192301,0.009371851934621839,7.889590911112243,1446.597929195858,19.23628247256494,0.19445561698375302,0.08966304796189184,0.8889341157645472,0.008039462169816517,8.027322698576583,1083.8985605314963,15.720903051181107,0.22576712852305453,0.09068872439603985,0.9169921209982518,0.008224444732580874,7.88200893682752,1560.5573811147624,20.175584351168702,0.19120594553080822,0.08950875897497232,0.8801838166544229,0.008011817933239688,8.056373652136617,1701.8364955357147,22.489769345238095,0.18086206249982284,0.0952516374597606,0.8699859519499298,0.00907287443876567,8.10273414037443,1446.597929195858,19.23628247256494,0.19445561698375302,0.08966304796189184,0.8889341157645472,0.008039462169816517,8.027322698576583,2092.952566964286,23.693886408730165,0.1765939116357959,0.08149475239126913,0.8384256225702901,0.006641394667314266,8.15833605133515,1560.5573811147624,20.175584351168702,0.19120594553080822,0.08950875897497232,0.8801838166544229,0.008011817933239688,8.056373652136617,2487.265375,28.02775,0.16495640420063892,0.0942287152690198,0.809521826473906,0.008879050781250003,8.210997385467607,2719.391849332326,28.165217939027464,0.15609666870249309,0.08027811730541824,0.7888832362763507,0.006444576118102492,8.27451994620662,3082.1722499999996,30.110875,0.15509889474703578,0.07403550404620071,0.7601138476306845,0.005481255859375002,8.317581563863275,3017.559964726631,30.632275132275133,0.1486589233896498,0.0800440592843262,0.7657332284079839,0.006407051426712728,8.312261578360934,3172.458669354838,32.322076612903224,0.15314335671407908,0.09332699701402433,0.7565607823972577,0.008709928371655707,8.279544519890592,3964.1054079999994,35.67225599999999,0.13239681144985396,0.07263732153652142,0.6888564636794755,0.005276180479999998,8.414104118047515,4025.0949470766127,35.838520665322584,0.13550729354018148,0.0674368037932795,0.6841454528190831,0.0045477225058532765,8.426207126628857,4354.4951040000005,38.750336000000004,0.12626779257262552,0.07202401732755541,0.6582111729213417,0.0051874590720000025,8.451078585013402,3761.0024771341473,36.057736280487816,0.14602849611390548,0.09299449683884355,0.710654996086207,0.008647976442309682,8.32901784054815,5035.321409989596,41.66480228928201,0.11744863567783603,0.06565524080082619,0.6005103542040625,0.004310610644614472,8.509945565662616,4839.466908028456,40.626714939024396,0.1219946881739002,0.06145179296361847,0.6168903759999257,0.0037763228584434282,8.500281955275833,5494.664412070761,45.10054630593133,0.11370689687388016,0.06553509390771493,0.5640555139749635,0.004294848533493015,8.548281299622937,bread_with_green_mold_25.jpg,spoiled_bread
588.0457677165356,10.7277312992126,0.2535711432837212,0.07568119751586753,0.9683248689685153,0.005727643657435754,7.946076881915297,1046.2144584289167,14.667555335110666,0.2026377085207776,0.06619435914604206,0.9435537721489233,0.004381693182755202,8.182861000137288,829.6665231299212,12.444451279527557,0.23492534238356977,0.06698978815433476,0.9552109300991241,0.00448763171696265,8.065676442050371,1045.3737987475974,14.566061132122261,0.2036910156920338,0.06680377419696537,0.943599625340112,0.0044627442469591366,8.181133066594795,1112.2891865079368,15.233506944444446,0.20469489078552733,0.07402192296155995,0.9401188252674478,0.0054792450789271155,8.160098743128785,1046.2144584289167,14.667555335110666,0.2026377085207776,0.06619435914604206,0.9435537721489233,0.004381693182755202,8.182861000137288,1680.5936879960318,18.99001736111111,0.1759532816842334,0.05816669559803763,0.9091184867858227,0.00338336447679477,8.354228396921105,1045.3737987475974,14.566061132122261,0.2036910156920338,0.06680377419696537,0.943599625340112,0.0044627442469591366,8.181133066594795,1687.3824375,19.339687500000004,0.1820256344204055,0.07310997441782482,0.9092123188351428,0.005345068359375001,8.289745237079256,2098.8185941043084,22.36570924666163,0.154685539095801,0.057564301953652294,0.8866267109961328,0.003313648859411257,8.460995957165974,2600.034375,24.977375000000002,0.14927656483092278,0.050957837197775586,0.8591501289319265,0.0025967011718750015,8.527733907902583,2131.1013479465864,22.452821869488538,0.1537187222604875,0.05723781801056304,0.8848848881168487,0.003276167810610335,8.466566973242042,2229.159211189516,23.083102318548384,0.1640841396231329,0.07197768816509371,0.8801254388243064,0.005180787593591471,8.389997769401036,3193.2535040000002,29.387008,0.12829357219268192,0.0501352283329796,0.8273003462575739,0.0025135411200000006,8.636174115252318,3447.154737903226,30.18094758064516,0.1259992499659726,0.0446805656074276,0.8129810256464717,0.001996352942999642,8.657270296171982,3223.743296,29.221952,0.12557315286941184,0.049772212006299256,0.8256554516116986,0.0024772730879999995,8.63920276909884,2771.775724085366,26.502985264227647,0.1538821577739614,0.07181490048054538,0.8510098248837483,0.005157379931030636,8.46148092201042,4179.249479708637,35.40946930280957,0.10922886067862453,0.04409582011979678,0.7737505268289524,0.0019444413520374741,8.754448793194666,4175.9209222560985,34.710302337398375,0.11069251677102426,0.03828273644343172,0.7729476877022825,0.0014655679095972552,8.760284053185693,4194.099245577523,35.14529136316337,0.10812561102992127,0.043766297641782435,0.7729524930769975,0.0019154888092690907,8.759466708753632,bread_with_green_mold_27.jpg,spoiled_bread
1588.154589074803,20.81305364173228,0.1969802996768886,0.07056148586817527,0.9028395036823227,0.004978923287924699,8.459023672721266,1915.9066278132555,22.61938123876247,0.18309687552783682,0.06068638836951991,0.8822945052564312,0.0036828377333362012,8.529201866440093,2007.0801550196848,22.90089812992126,0.18390369740734114,0.0608975146861042,0.8769191074664086,0.003708507294944277,8.542485029004412,3059.034906069812,30.07216814433629,0.15696146931225835,0.06008552580336802,0.8120608679482056,0.003610270411067204,8.690350098941728,2963.2354290674607,29.891679067460323,0.16545078886276596,0.06874397604609767,0.8183773379529825,0.00472573424262645,8.642762392900355,1915.9066278132555,22.61938123876247,0.18309687552783682,0.06068638836951991,0.8822945052564312,0.0036828377333362012,8.529201866440093,3901.243923611111,34.953000992063494,0.13985631702268678,0.05589013760730027,0.7596960473823255,0.0031237074817629606,8.788954436189186,3059.034906069812,30.07216814433629,0.15696146931225835,0.06008552580336802,0.8120608679482056,0.003610270411067204,8.690350098941728,4315.6739375,37.7476875,0.14205723224325223,0.06732607801773395,0.7349997992897055,0.004532800781249999,8.770904945046578,3532.820357772739,33.20471151423533,0.13969388369636906,0.05542540969567175,0.7815779399743689,0.0030719760399330644,8.761008757145138,5675.015125,44.545625,0.11769944586321333,0.04885623440897793,0.6488220206799824,0.0023869316406249994,8.936746441102583,5680.380637440161,44.76347946586042,0.12553503378877207,0.05503732474570267,0.6487630711355414,0.0030291071151639357,8.902198146998696,5470.006363407258,44.24262852822581,0.13199073870599579,0.06646820893345953,0.6635670607149182,0.004418022798822029,8.837100877455399,5063.446528,41.740032,0.11797111442382989,0.04816192421405109,0.6849037084216667,0.0023195709440000005,8.895614378020964,7186.871597782259,52.60710685483872,0.1023256525957067,0.042447327311577604,0.55321640688606,0.0018017755958962022,9.042034151420001,7804.8431359999995,56.10624,0.10223162492754839,0.04747191102115018,0.5141805975822095,0.0022535823359999996,9.038403013651896,6483.906377032521,49.68673780487805,0.12428857675327887,0.06613697498478147,0.6007388477409575,0.004374099460137609,8.885924290927077,6351.368821540062,48.79481009365244,0.09817098975239404,0.04193739820577707,0.6022278003630586,0.001758745368269914,9.006151425728032,8371.545414126016,58.99587144308944,0.08787850860923617,0.03692488708555105,0.4774629733900672,0.0013634472862806945,9.105176504598056,9102.632479188345,63.26216181061395,0.08852593095751679,0.04143784692881648,0.4296987401950562,0.0017170951580960257,9.11046614555261,bread_with_green_mold_29.jpg,spoiled_bread
710.1456692913385,10.758366141732283,0.37091327277081776,0.11229710333778062,0.9614463383613182,0.012610639418056178,6.893727849719315,1239.565813131626,14.495938991877983,0.319359608028176,0.10309201007744322,0.932545200131277,0.010627962541807654,7.087662587396475,1046.7175196850396,12.896899606299215,0.3390723950756098,0.10641993278405867,0.9431300645516727,0.011325202093763566,7.020044785030696,1370.197222394445,15.309504619009239,0.316097611836646,0.10389189672954117,0.9254386100092108,0.010793526206061648,7.09359307540311,1336.916480654762,15.375682043650793,0.31936748614998134,0.10750687091415667,0.9273058041108135,0.011557727293753147,7.080944239308026,1239.565813131626,14.495938991877983,0.319359608028176,0.10309201007744322,0.932545200131277,0.010627962541807654,7.087662587396475,1966.0365823412699,19.17013888888889,0.2877735312631593,0.09511980653088185,0.892926573102556,0.009047777594472395,7.245409704692879,1370.197222394445,15.309504619009239,0.316097611836646,0.10389189672954117,0.9254386100092108,0.010793526206061648,7.09359307540311,1995.7309375,19.3581875,0.29146022304872554,0.10514727394825793,0.8913190413940084,0.01105594921875,7.191136237377416,2320.911753590325,21.71220710506425,0.2712949803371872,0.09272735131883604,0.8731908336921241,0.008598361682606843,7.332463192540219,2935.404375,25.2185,0.248865551298801,0.08662802123158533,0.8397259617962014,0.007504414062499998,7.420822215705768,2618.887188208617,23.17693373645755,0.26702739902925043,0.0932706710645387,0.8569267861527419,0.008699418080829375,7.330830420437875,2594.0460559475805,22.900894657258064,0.2723328274226272,0.10339846630047919,0.8585175077458985,0.01069124283329133,7.281059517488157,3409.00224,28.114432,0.23888837706495336,0.08422999370770487,0.8129574015763146,0.007094691840000002,7.496885902871184,3790.0211693548385,30.279611895161292,0.22386195282566876,0.079606909928325,0.7925312660165407,0.006337260108336451,7.544302182317105,3788.802944,30.010368,0.23302533605158512,0.08466313483447209,0.7921743178886983,0.0071678464,7.498650103290786,3112.9004065040654,26.016514227642276,0.2597764555660005,0.10187081479156583,0.8299164417718464,0.010377662906297509,7.355538148255562,4405.946214880333,33.96494536940687,0.2105307843904253,0.07650254339206818,0.7572121476179596,0.005852639145455274,7.6401337151134,4478.196963922765,34.54795477642277,0.20510664718725735,0.07387453046853698,0.7542501743420019,0.005457446251946798,7.64656449794934,4743.218977627472,35.541818418314264,0.210370955655113,0.07679005791340746,0.7387523430365975,0.005896712994344471,7.6494148179243036,bread_with_green_mold_3.jpg,spoiled_bread
1183.3735236220473,19.394438976377952,0.15660793449222427,0.06460951896258597,0.9313139715806982,0.004174389940576756,8.59980874660159,1694.456320912642,24.043276086552176,0.12662213235229644,0.055471750364019044,0.9014339437539652,0.0030771150884480467,8.77771832417475,1303.910556102362,21.01205708661417,0.135483204848504,0.056653515867593665,0.9240523142292687,0.0032096208601596872,8.71771464651186,1593.3006386012773,23.249178498356997,0.1306289950612859,0.056944354703738286,0.9073185458720113,0.0032426595326251607,8.754129750443736,1929.8184523809523,24.995039682539677,0.13581903086800007,0.06324722372296386,0.8881230918179458,0.004000211308662643,8.724463069945706,1694.456320912642,24.043276086552176,0.12662213235229644,0.055471750364019044,0.9014339437539652,0.0030771150884480467,8.77771832417475,2140.577566964286,27.305989583333336,0.10929660090250923,0.04765292380584477,0.8750782051607856,0.0022708011472456473,8.881828701220812,1593.3006386012773,23.249178498356997,0.1306289950612859,0.056944354703738286,0.9073185458720113,0.0032426595326251607,8.754129750443736,2659.001,29.298125,0.1267399288413159,0.06203576022646132,0.8459352048440065,0.003848435546875,8.791522283940647,2752.237780297304,30.792705971277403,0.10439096342954676,0.04559735788677042,0.8397950955292118,0.0020791190462542243,8.929389372448473,2909.523,31.796875000000004,0.09519165542930605,0.040314849737720704,0.8298845338935795,0.0016252871093749993,8.971797672868224,2582.6570924666166,29.905517762660622,0.10497596935379369,0.04848410935951122,0.8496672326135802,0.002350708860385043,8.894436913353296,3236.273122479839,32.75863155241936,0.12221774204523599,0.060845701753384294,0.8126119893476944,0.0037021994218617927,8.846865365611144,3747.7564159999997,36.68620799999999,0.08810256833673669,0.038174618583556266,0.7815694371463976,0.0014573015039999995,9.022467871418922,3430.191028225806,35.169606854838705,0.08472676326810735,0.03320736883342853,0.7991166056172658,0.0011027293448393606,9.057387882685168,3492.9855359999997,35.22336,0.09495996638184206,0.04152231515703333,0.7964230987402764,0.0017241026559999995,8.995079654841415,3720.275660569106,35.51181402439025,0.11927699099320824,0.05961008630085102,0.7847319268249543,0.003553362388794906,8.876335276233352,4417.20558012487,40.7699661810614,0.07643016127163504,0.030968708561347067,0.7423242518192136,0.0009590609099576512,9.105299340862857,3850.3290777439024,38.11248729674797,0.0704734797768625,0.026842064729791032,0.7740641651531862,0.0007204964389582917,9.118165386054569,4001.3076222684704,38.485822060353804,0.0843284042820889,0.03490226627823436,0.7665979924825609,0.0012181681913567752,9.069392454577178,bread_with_green_mold_8.jpg,spoiled_bread
681.7042322834645,10.993602362204722,0.2726283284303483,0.07649718864209094,0.9641703762903926,0.005851819870143647,6.895734989356657,988.6479632959267,14.033418066836136,0.21815349369548112,0.07142208422075104,0.9480535143695353,0.005101114114436055,7.05968544395796,715.7645792322835,12.034633366141732,0.23971471441793565,0.07414990481525977,0.9623821263958076,0.0054982083841120825,6.96800145717814,1027.6625953251908,14.31434062868126,0.2215257675886655,0.07117256429352092,0.9460046483050414,0.00506553390811537,7.06050068778885,1266.7919146825398,15.603670634920636,0.24069116223109108,0.07175443884838217,0.9334384313284598,0.005148699494446217,7.102303336454153,988.6479632959267,14.033418066836136,0.21815349369548112,0.07142208422075104,0.9480535143695353,0.005101114114436055,7.05968544395796,1382.9252232142858,17.288194444444443,0.18845488289523682,0.06718741531383274,0.9273303918235403,0.004514148776553446,7.1896837404310885,1027.6625953251908,14.31434062868126,0.2215257675886655,0.07117256429352092,0.9460046483050414,0.00506553390811537,7.06050068778885,1868.569625,19.876250000000002,0.21076797967292873,0.06711247264387596,0.9018400288964116,0.004504083984374999,7.258814435115164,1902.2245527840766,20.801020408163268,0.17467272405502576,0.0637393945436482,0.9000590871023147,0.00406271041679085,7.341308069359518,2089.0369375,21.910062500000002,0.1687191035023011,0.06318759272990228,0.8902211519214083,0.003992671875,7.345174216400592,2025.718820861678,21.401108591584787,0.17129543285134746,0.06355091577192913,0.8935797386851131,0.004038718895450831,7.322657178372198,2450.166519657258,23.834866431451612,0.19515854618187492,0.06324680732986401,0.8713245099540513,0.00400015863742094,7.3834957785990305,2797.157312,26.744895999999997,0.14731165469919527,0.05808961683468054,0.8529697378011407,0.003374403584,7.533483085989774,2787.490297379032,26.31628024193548,0.15035979712501543,0.060027420309497835,0.8535252055576399,0.0036032911890131135,7.464617604432289,3040.5240959999996,27.816768,0.14593573778310234,0.058785924846003736,0.8401972880095909,0.0034557849599999996,7.512356551885417,3013.007304369919,27.374047256097562,0.17825281388108036,0.06000135384715132,0.8418057661247879,0.0036001624634910607,7.487512899545738,3660.5948881373565,32.18164672216441,0.12836129875919414,0.053487899078146,0.8074760227162003,0.0028609553477939318,7.692423592471469,3482.364329268293,30.45909552845529,0.13872181897226588,0.05759466259171948,0.8170011811859531,0.003317145159054011,7.564312767330496,3992.155892299688,33.397827783558796,0.13358562128007284,0.05481339578192709,0.7900590573888198,0.0030045083571461828,7.66030777669449,bread_with_mold_000002.jpg,spoiled_bread
1002.1297982283465,15.708907480314961,0.1323612495201119,0.021068447708200915,0.9462171878822465,0.00044387948883319647,8.3912390088255,1207.6446152892306,17.08512617025234,0.12855879785905827,0.020389181711713215,0.9351065132207643,0.0004157187308732606,8.43148164292969,611.3422121062993,12.584338090551181,0.14890637157870892,0.022442922809318692,0.9672005946441485,0.0005036847842250372,8.272252573807197,1044.2094984189969,16.105958211916427,0.13270988375398754,0.020910593129078645,0.9438884073377185,0.00043725290500987103,8.40398659377919,2031.5420386904766,22.12276785714286,0.11275856286197357,0.019018447578365922,0.8908370717101121,0.00036170134829105265,8.554739074266138,1207.6446152892306,17.08512617025234,0.12855879785905827,0.020389181711713215,0.9351065132207643,0.0004157187308732606,8.43148164292969,1141.415984623016,16.80264136904762,0.12912531892755538,0.020751330398398382,0.9386993841897341,0.00043061771330349277,8.417212680122699,1044.2094984189969,16.105958211916427,0.13270988375398754,0.020910593129078645,0.9438884073377185,0.00043725290500987103,8.40398659377919,3074.9184375,27.897062500000004,0.09986865952144233,0.01759016948468661,0.8345631289330719,0.0003094140625,8.664934740705917,2456.966490299824,24.53602922650542,0.10335474041136708,0.01807732707018485,0.8676549472647196,0.00032678975400243803,8.61282269167364,1661.9620625,20.0530625,0.11989050337859113,0.019881239193646857,0.9106337746628311,0.000395263671875,8.49422208833646,2120.5083774250443,22.776203073822124,0.11455289664077825,0.018904004535751775,0.8857651675547131,0.0003573613874877237,8.565898832339752,4073.920425907258,33.13489163306451,0.0909908303510218,0.016632766198907165,0.7805146978993558,0.00027664891142750877,8.754631056046577,3656.7517439999997,31.042048,0.09027129206232337,0.016696580727801724,0.802481723494662,0.000278775808,8.724258436007625,2141.0737147177415,22.895035282258064,0.10972382187270305,0.018952331319897004,0.8847321445903291,0.000359190862459149,8.557789158451447,3195.874688,28.59136,0.1008734340977015,0.017390167336745213,0.8273226692301728,0.00030241792000000004,8.679840755676095,4969.540078760163,37.774580792682926,0.07939614289067287,0.015975128629343843,0.7319169478835532,0.00025520473472408125,8.812282039152922,4689.1021071800205,36.37343912591051,0.0805204658375657,0.01571555005345466,0.7459662767888594,0.0002469785134826387,8.811098773999323,2628.448043699187,25.66819105691057,0.10280188261373628,0.018186958053228404,0.8583212610472214,0.00033076544322988954,8.61973726687634,4236.710067637878,34.21605098855359,0.08612780134199191,0.01611834228757694,0.7703367293833461,0.000259800958099491,8.768946961064351,bread_with_mold_000003.jpg,spoiled_bread
720.5704355314962,11.818836122047244,0.29231837402674465,0.029912882460900826,0.9594782472640785,0.0008947805371196684,7.839018883998399,952.4456568913138,13.785355570711143,0.259809117026665,0.027784081194410292,0.946308304059656,0.0007719551678175836,7.9512051025872825,647.2076771653543,10.893331692913385,0.28161557023061196,0.029088559098269903,0.9634671317719542,0.0008461442704135408,7.822700082798692,989.1593403186807,14.102486204972411,0.2546949625534007,0.02756416320386551,0.9442389833441462,0.0007597830931293334,7.976591626407866,1404.155691964286,17.12357390873016,0.254986141449756,0.0279882506168128,0.9211417036024312,0.0007833421725895221,8.029211451032303,952.4456568913138,13.785355570711143,0.259809117026665,0.027784081194410292,0.946308304059656,0.0007719551678175836,7.9512051025872825,1272.7962549603171,16.116071428571427,0.21615039976260955,0.02506053589463683,0.9279804975334792,0.000628030459326381,8.078887378242925,989.1593403186807,14.102486204972411,0.2546949625534007,0.02756416320386551,0.9442389833441462,0.0007597830931293334,7.976591626407866,2106.325375,21.463250000000002,0.22962402087624045,0.026361074522864198,0.8818679036876541,0.00069490625,8.15741353520621,1926.477072310406,20.964600655076843,0.19203974397183932,0.02372350958360093,0.8912831688984646,0.0005628049069632052,8.221800810908661,1898.4596874999997,20.6974375,0.16539727108261054,0.022458164230965093,0.8923173108801127,0.000504369140625,8.24625536474421,1935.5471781305116,20.77204585537919,0.18778953149301886,0.023487447217091412,0.8907731740812864,0.0005516601767756551,8.237105571668385,2798.220829133065,25.31394909274194,0.21270474708232834,0.025563298937180692,0.8432841178711266,0.0006534822525516635,8.241381988577913,2905.41792,27.015743999999998,0.14763025507191732,0.02114655300515902,0.8358673761373447,0.0004471767040000001,8.395105334835005,2504.6455393145166,24.71345766129032,0.1281450212440149,0.021029713491659604,0.8575960994980013,0.00044224884954129003,8.363937575743593,2829.742848,26.384128,0.13924439432006636,0.0210590149817127,0.8401481187332791,0.000443482112,8.399390807465862,3421.392466971545,28.666476117886177,0.19729888541905646,0.02477989025407729,0.8086516281572764,0.0006140429610041147,8.312793438844036,3810.098139958377,32.15498178980229,0.1129730693325457,0.019468986749470556,0.784558296125307,0.00037904144505106,8.52192871886064,3083.98030995935,28.384781504065042,0.1058446125810857,0.02021529089531024,0.8242483237804749,0.00040865798598201304,8.443121484729788,3596.051768990635,30.986472424557753,0.10742772534526099,0.01943044013003597,0.7966765374801718,0.0003775420036469122,8.516505508252273,bread_with_mold_000004.jpg,spoiled_bread
1158.1534202755904,15.801181102362204,0.21171685748209923,0.0248643122678667,0.9373092706895357,0.0006182340245539865,8.428168109231367,1704.7923615847235,19.65118730237461,0.174162767187809,0.021576622168463594,0.9075867302023182,0.0004655506242006346,8.567509084597825,1176.1979576771653,15.133981299212598,0.20674006233921258,0.02393468587073085,0.9363689973423858,0.000572869187730563,8.390212987411509,1841.5854051708106,20.852439704879416,0.16343961962918838,0.021800825284883855,0.9001717816660026,0.0004752759831020313,8.605183704582567,2332.9002356150795,24.22997271825397,0.16227465528973084,0.0214178615854807,0.873474971956926,0.00045872479489480973,8.673187808382462,1704.7923615847235,19.65118730237461,0.174162767187809,0.021576622168463594,0.9075867302023182,0.0004655506242006346,8.567509084597825,2540.966207837302,25.244853670634924,0.14694266753865123,0.01954939987189171,0.8623553865466416,0.00038217903535111967,8.711825440606702,1841.5854051708106,20.852439704879416,0.16343961962918838,0.021800825284883855,0.9001717816660026,0.0004752759831020313,8.605183704582567,3531.818375,31.201375000000002,0.14052075470772235,0.019526374391448095,0.8080836001168317,0.000381279296875,8.801607013288795,3528.8795666414717,31.415721844293273,0.12061448100387964,0.017528541774047137,0.8080727642232758,0.00030724977672451554,8.848803269910977,3946.4604375,33.8514375,0.11509221118032614,0.017189431709629027,0.785961530369536,0.00029547656249999995,8.882881553981758,3845.9762534643487,33.31802721088436,0.11936207531380946,0.018205539190653226,0.7908269948000282,0.0003314416572224105,8.863740027458903,4631.842741935484,37.38810483870968,0.12012932361520871,0.01781928465576921,0.7478192866942951,0.0003175269056433321,8.903654035924474,5302.159103999999,41.413888,0.095511736105957,0.015256853673021839,0.7107078020991774,0.000232771584,9.004485940032644,5281.8530115927415,41.323147681451616,0.09793313398569803,0.01558601843875601,0.7131790503423571,0.00024292397077324237,8.999285075583455,5832.351744000001,43.96723200000001,0.09705483391180308,0.015970468747034325,0.6817486738657164,0.0002550558720000001,9.00868444061614,5634.974339430895,42.80627540650407,0.1079750024379747,0.016810163544240284,0.6926139465819561,0.000282581598384105,8.97944066078049,6903.163306451613,50.09657908428721,0.07325596227569392,0.013538514647632194,0.6221158972712079,0.00018329137886415145,9.12224123986175,6520.997268800814,47.89221290650407,0.08488479510325861,0.014326049886685966,0.6454194635555721,0.000205235705355815,9.079976484668837,7656.866024973986,53.37096774193549,0.07721230821557229,0.014453969499274431,0.5807580569804108,0.00020891723428595558,9.124495791550906,bread_with_mold_000006.jpg,spoiled_bread
536.3516855314962,8.157049704724411,0.6737291013576505,0.5606564562506028,0.9776292257770806,0.31433566193548407,3.5125943735755554,1020.5699051398103,11.857151714303429,0.6405580045484449,0.5492510291347348,0.957333421760774,0.30167669300556527,3.6121216784850274,757.9731791338581,9.479330708661418,0.6605000676033068,0.5605285306477378,0.9682422875129115,0.3141922336701119,3.534933217743994,960.2007564015128,11.03726207452415,0.6502098956297646,0.5553071434592399,0.959857251823669,0.3083660235768608,3.5937273818257354,1037.57421875,11.544332837301589,0.6523410742035043,0.5472796230441702,0.9568270123422857,0.299514985799369,3.61196878951806,1020.5699051398103,11.857151714303429,0.6405580045484449,0.5492510291347348,0.957333421760774,0.30167669300556527,3.6121216784850274,1680.0499751984125,14.62859623015873,0.6290210788873111,0.5472772486799752,0.9294374664217419,0.2995123869227234,3.674896835948649,960.2007564015128,11.03726207452415,0.6502098956297646,0.5553071434592399,0.959857251823669,0.3083660235768608,3.5937273818257354,1570.3541875,14.4725625,0.6381266847503524,0.5371077020428491,0.9348322230817308,0.2884846835937499,3.6771841375569734,2258.309712773999,18.496031746031747,0.6055051850903721,0.5285463498833586,0.9055966945124121,0.2793612439750217,3.7789614189649443,2666.3949375000007,19.641437500000002,0.6016201714916906,0.5339212492405834,0.8877257978129339,0.2850719003906252,3.7709840766619203,2159.3370496346683,17.181216931216927,0.6174818812878444,0.5377638493658536,0.9097340130123558,0.28918995768478056,3.759260121099115,2111.7399193548385,17.166204637096776,0.6267462185910532,0.5284761719895973,0.9126129677249112,0.27928706436077844,3.732995678629509,3491.250624,24.120127999999998,0.5789312871925919,0.5145272327875368,0.8541094483645875,0.26473827328,3.8852238049260555,3623.7549773185483,24.10439768145162,0.5855391283881335,0.52353841768068,0.8470569654794131,0.2740924747875902,3.841593436888248,3445.940928,23.212480000000003,0.58805995552416,0.5216552451725182,0.8560040441283565,0.272124194816,3.8791139900283267,2652.2533663617887,19.65961636178862,0.61788735080569,0.5210171727155769,0.8905471713355888,0.27145889426453335,3.781987402374142,4719.838644640999,29.55092351716961,0.5603308767946548,0.5020095465686558,0.8029381853160672,0.2520135848460674,3.971477217444032,4555.524009146341,28.338795731707318,0.5720627641022646,0.5145277506246219,0.8073482645396076,0.2647388061628331,3.8939387215814367,4740.9782778355875,29.06776795005203,0.5673102014301222,0.5070131780032273,0.8020444105862573,0.25706236266893223,3.972719875122934,bread_with_mold_000008.jpg,spoiled_bread
822.6339812992126,9.902189960629922,0.5035576644289034,0.45462886359005217,0.966657901177695,0.20668740360918225,5.0214349429258505,1170.1197842395682,11.541447082894164,0.49516112173188087,0.4471768947339528,0.9525235209952634,0.1999671751839007,5.085124254993447,573.9740403543307,7.467642716535432,0.5231850028851033,0.45760353690506933,0.9767363133422873,0.20940099698802916,4.91466940759334,1175.475230950462,11.593403186806375,0.4935254184322012,0.44717501216544525,0.9523062289224729,0.19996549150516613,5.086918894324883,1635.8451140873017,13.884548611111112,0.4886015750769236,0.44211758803338086,0.9336265683319734,0.19546796164845429,5.146032222833679,1170.1197842395682,11.541447082894164,0.49516112173188087,0.4471768947339528,0.9525235209952634,0.1999671751839007,5.085124254993447,1193.6597222222224,11.065476190476192,0.5005000296739478,0.4481959086163967,0.9515679746661124,0.20087957250047742,5.063261609438375,1175.475230950462,11.593403186806375,0.4935254184322012,0.44717501216544525,0.9523062289224729,0.19996549150516613,5.086918894324883,2467.1195,17.743875,0.47446724094967013,0.4292913605765028,0.8997742572101375,0.18429107226562497,5.251650582265612,2380.231040564374,17.2336860670194,0.4731024693102248,0.4266636025107409,0.90317229009924,0.18204182970744354,5.266056298380824,1788.480625,14.018125,0.4875568907723825,0.43853067657448436,0.9273436900377535,0.192309154296875,5.164614689418352,2406.7404887881075,17.382968002015623,0.47275165641796646,0.42653466753711816,0.902093886734822,0.18193182261099994,5.273947576098663,3294.566784274193,21.710181451612904,0.4590225724877574,0.41645002869468906,0.8659708863134443,0.17343062639980736,5.349032346112798,3617.0650880000003,23.069440000000007,0.4467326618525097,0.4055742211926197,0.8523739972184888,0.164490448896,5.426588029487251,2355.9407762096776,16.684349798387096,0.4756309613241793,0.42934632058119937,0.904172847538709,0.18433826299661404,5.244291343828377,3660.5628160000006,23.226368,0.44860096049473336,0.40538265861282224,0.8505986916714524,0.16433509990399997,5.435103057874398,4115.772992886179,25.41247459349594,0.44613110285277546,0.40341244230058926,0.8322963802393915,0.16274159860292625,5.434549733207128,4838.983740894901,28.67052549427679,0.42639015239208417,0.3844166924953584,0.8017498820291964,0.14777619346907098,5.570796855985014,2867.1955665650403,19.0692962398374,0.46668255731944797,0.42090345095402076,0.8832325985681833,0.17715971502500374,5.310746670241041,4906.122138397501,28.916883454734645,0.4247569290450058,0.3842194351580995,0.7989992641437146,0.14762457435320903,5.578664276152834,bread_with_mold_000011.jpg,spoiled_bread
713.1234621062994,10.131090059055119,0.3825610875745038,0.06856452388720627,0.9585900859007948,0.004701093935879279,7.145305781438482,825.6772893545786,11.181536363072725,0.3485154037711731,0.06515555243390289,0.9521358773938925,0.0042452460129670695,7.240404336982124,342.08599901574803,7.465305118110235,0.426947805577546,0.07329851128151035,0.9800798599556385,0.0053726717560857,7.009249640658018,835.5997271994543,11.665323330646661,0.36184224458156056,0.06673078559385592,0.951562034295759,0.00445299774597317,7.249406631287455,1474.6095610119046,15.599268353174603,0.2946539355706844,0.060364198861141,0.914751020838824,0.0036438365041473763,7.404585956262853,825.6772893545786,11.181536363072725,0.3485154037711731,0.06515555243390289,0.9521358773938925,0.0042452460129670695,7.240404336982124,688.2727554563494,10.943886408730162,0.3578496971682526,0.06645428425552441,0.9599928409608273,0.004416171895914039,7.261608560854299,835.5997271994543,11.665323330646661,0.36184224458156056,0.06673078559385592,0.951562034295759,0.00445299774597317,7.249406631287455,2275.742125,20.866875,0.2343845167909252,0.054653042716073914,0.8690043988610194,0.002986955078125,7.5756698265042335,1724.7097505668935,17.698664651045604,0.24414074383448744,0.05511534031155161,0.9006293798158631,0.003037700737658146,7.557064337625058,1052.1102500000002,13.836500000000001,0.31140728321641153,0.06103602611880135,0.9389525954499056,0.0037253964843750004,7.422228771562227,1796.2161753590326,18.50655076845553,0.2808698021699065,0.05727137454420536,0.8965214101139902,0.003280010342182654,7.5427644423572975,3069.6124621975805,25.903792842741936,0.19008293531245785,0.05054294049525754,0.8240527383197253,0.0025545888339071443,7.716578579942006,2681.0189440000004,23.870912,0.1803050866191976,0.04909997246435073,0.846440966153702,0.002410807296,7.744195852013954,1428.1539818548385,16.440272177419352,0.2759715400506479,0.05632583387974829,0.9172819958211766,0.0031725995622490003,7.544706338582879,2819.78592,24.84384,0.22328956978127906,0.05035169240452599,0.8385350995623807,0.0025352929280000004,7.748066334852563,3812.445947662602,30.565358231707318,0.15823749843841475,0.047440460117657166,0.7823686392478624,0.00225059725617502,7.818045967172338,3602.405176899063,29.783558792924026,0.13841774850431846,0.04473614692245634,0.7948518795128444,0.0020013228414676,7.897521199097327,1813.462398373984,18.883511178861788,0.24399697002741633,0.052628003254717046,0.8951617814213623,0.002769706726578508,7.645172028933384,3829.881438605619,30.736797606659728,0.18166759753193895,0.04524268296086035,0.782000085473997,0.002046900361496923,7.889136256858296,bread_with_mold_000012.jpg,spoiled_bread
944.7161663385826,13.824311023622048,0.24895116966191908,0.07837777439155129,0.948100775034079,0.0061430755185729125,7.969388151537596,1758.0200260400518,19.171988343976686,0.21573201590684002,0.07124608765398784,0.9030755384643226,0.005076005005999719,8.131290577918152,1386.2292076771655,16.421505905511808,0.23857433057359956,0.07217899905767171,0.9235822210421187,0.005209807904967373,8.029309036061077,1781.43226486453,19.340256680513363,0.21723781647257437,0.07104808438867996,0.9017848514491892,0.00504783029530099,8.131876363227164,1710.6484995039682,19.162760416666664,0.2158062505832551,0.07663582620632373,0.9059920513308195,0.005873049858325854,8.122625073622302,1758.0200260400518,19.171988343976686,0.21573201590684002,0.07124608765398784,0.9030755384643226,0.005076005005999719,8.131290577918152,2670.109188988095,24.543588789682538,0.19030768286644642,0.06431259798182364,0.8522533562707048,0.004136110259171666,8.241584732478366,1781.43226486453,19.340256680513363,0.21723781647257437,0.07104808438867996,0.9017848514491892,0.00504783029530099,8.131876363227164,2464.7095,23.721125,0.19910600684965246,0.07577623050386578,0.8644832257761161,0.005742037109374999,8.227722373072861,3368.960695389267,28.708616780045354,0.17277599262637316,0.06338644861444004,0.8134876901548351,0.004017841867951047,8.33910209583524,4008.1664375000005,32.0193125,0.16722804835925437,0.05731560106114216,0.777351277197124,0.0032850781250000002,8.368825524879076,3440.1276140085665,29.13114134542706,0.17659585024943658,0.06327208306957254,0.809548731520099,0.004003356495962887,8.336791714090602,3139.9499747983873,27.72946068548387,0.1874717016695037,0.07478992628905581,0.8272557451538175,0.005593533074322402,8.304691773020988,4954.5329280000005,37.387968,0.14503882394174358,0.056231257357452,0.724467808846839,0.0031619543039999995,8.50682511730411,5221.4991809475805,38.57680191532258,0.1482690160678407,0.050103478822504,0.7088287876323338,0.002510358590117107,8.487921992544457,5059.374592,38.028544,0.14702222430063008,0.05606197256608083,0.7186389775695297,0.0031429447679999995,8.500853045648828,3762.4685594512193,31.374936483739837,0.17555370577282076,0.07445933185058701,0.7927455209630537,0.00554419209963584,8.36965322745707,6369.737122788762,45.11563475546306,0.12674702360005172,0.0488671562499669,0.6441270953496685,0.0023879989599586795,8.640187941445204,6283.5459222560985,44.54236534552845,0.1348056450319713,0.044218266796439025,0.6483178627575248,0.001955255118481062,8.576136312986428,6497.130658168575,45.875065036420395,0.12976176206947695,0.04879422183590985,0.6370136851652214,0.002380876084571981,8.625742183980954,bread_with_mold_000013.jpg,spoiled_bread
1183.3735236220473,19.394438976377952,0.15660793449222427,0.06460951896258597,0.9313139715806982,0.004174389940576756,8.59980874660159,1694.456320912642,24.043276086552176,0.12662213235229644,0.055471750364019044,0.9014339437539652,0.0030771150884480467,8.77771832417475,1303.910556102362,21.01205708661417,0.135483204848504,0.056653515867593665,0.9240523142292687,0.0032096208601596872,8.71771464651186,1593.3006386012773,23.249178498356997,0.1306289950612859,0.056944354703738286,0.9073185458720113,0.0032426595326251607,8.754129750443736,1929.8184523809523,24.995039682539677,0.13581903086800007,0.06324722372296386,0.8881230918179458,0.004000211308662643,8.724463069945706,1694.456320912642,24.043276086552176,0.12662213235229644,0.055471750364019044,0.9014339437539652,0.0030771150884480467,8.77771832417475,2140.577566964286,27.305989583333336,0.10929660090250923,0.04765292380584477,0.8750782051607856,0.0022708011472456473,8.881828701220812,1593.3006386012773,23.249178498356997,0.1306289950612859,0.056944354703738286,0.9073185458720113,0.0032426595326251607,8.754129750443736,2659.001,29.298125,0.1267399288413159,0.06203576022646132,0.8459352048440065,0.003848435546875,8.791522283940647,2752.237780297304,30.792705971277403,0.10439096342954676,0.04559735788677042,0.8397950955292118,0.0020791190462542243,8.929389372448473,2909.523,31.796875000000004,0.09519165542930605,0.040314849737720704,0.8298845338935795,0.0016252871093749993,8.971797672868224,2582.6570924666166,29.905517762660622,0.10497596935379369,0.04848410935951122,0.8496672326135802,0.002350708860385043,8.894436913353296,3236.273122479839,32.75863155241936,0.12221774204523599,0.060845701753384294,0.8126119893476944,0.0037021994218617927,8.846865365611144,3747.7564159999997,36.68620799999999,0.08810256833673669,0.038174618583556266,0.7815694371463976,0.0014573015039999995,9.022467871418922,3430.191028225806,35.169606854838705,0.08472676326810735,0.03320736883342853,0.7991166056172658,0.0011027293448393606,9.057387882685168,3492.9855359999997,35.22336,0.09495996638184206,0.04152231515703333,0.7964230987402764,0.0017241026559999995,8.995079654841415,3720.275660569106,35.51181402439025,0.11927699099320824,0.05961008630085102,0.7847319268249543,0.003553362388794906,8.876335276233352,4417.20558012487,40.7699661810614,0.07643016127163504,0.030968708561347067,0.7423242518192136,0.0009590609099576512,9.105299340862857,3850.3290777439024,38.11248729674797,0.0704734797768625,0.026842064729791032,0.7740641651531862,0.0007204964389582917,9.118165386054569,4001.3076222684704,38.485822060353804,0.0843284042820889,0.03490226627823436,0.7665979924825609,0.0012181681913567752,9.069392454577178,bread_with_mold_000015.jpg,spoiled_bread
1660.3893331692914,19.75744340551181,0.21068692837631325,0.06394746197396152,0.9065888732148184,0.004089277892911255,8.360382048397975,1975.9147498294994,22.27162254324508,0.18746299662434296,0.055992394024369174,0.8888852949996029,0.0031351481885802126,8.470760764493326,1396.4948326771655,17.527928149606296,0.21819123194234746,0.057081111960775255,0.9215229672691577,0.0032582533426785596,8.31796863017935,2319.1195982391964,24.089652179304355,0.18658309722360297,0.05598168321677088,0.8695858367715984,0.003133948855782887,8.490240008111929,3249.072854662698,29.766679067460316,0.16882734236476765,0.06289438467670458,0.8170827924407021,0.003955703623861292,8.591075050653354,1975.9147498294994,22.27162254324508,0.18746299662434296,0.055992394024369174,0.8888852949996029,0.0031351481885802126,8.470760764493326,2802.4525669642862,26.90842013888889,0.16778791627990744,0.04674597555819144,0.8425913287840064,0.0021851862308870317,8.598819070523653,2319.1195982391964,24.089652179304355,0.18658309722360297,0.05598168321677088,0.8695858367715984,0.003133948855782887,8.490240008111929,4862.662,38.6395,0.14884860410752085,0.06222594603037387,0.726015384565893,0.0038720683593750013,8.739272454432838,3748.509700176367,33.302469135802475,0.14274845538453912,0.046042900341658644,0.7891564211040775,0.0021199486718719096,8.732910098348503,4247.745937499999,35.42318749999999,0.13855083375633723,0.03877796370040591,0.7615688373867366,0.0015037304687499987,8.783658476357857,4576.194066515496,37.10462333081381,0.14589358620266807,0.04582945846508166,0.7426061590247268,0.0021003392632026447,8.770510063657856,6335.913054435485,46.519909274193566,0.13464204758143183,0.062073106094683674,0.6426303872655993,0.0038530705002418554,8.831138166142733,5527.562175999999,43.147968,0.11264173496198365,0.03831184547891161,0.6890330258301889,0.001467797504,8.91919203525173,5557.939390120969,42.68573588709678,0.12069855974699714,0.033867114151103016,0.6883240794489609,0.0011469814209238423,8.91243549279094,6588.124608,47.93696,0.11783010160932553,0.0381398923962824,0.6293845796921492,0.0014546513919999997,8.958745344985708,7582.064087906504,52.980500508130085,0.12491643643142475,0.061706725057362494,0.57201114313496,0.003807719917304928,8.89091149803394,7043.398478147763,51.49095993756504,0.09676097222931664,0.03357775652195601,0.6037249533503557,0.0011274657330477595,9.032746089070585,6724.863757621953,49.09000254065041,0.10749200631460326,0.031162219109295654,0.6232940338882886,0.0009710838998157513,9.010458839210244,7923.609326222685,55.15146982310094,0.10057687845213861,0.033042406075867545,0.5542026385864903,0.0010918005992825283,9.065868717133323,bread_with_mold_000025.jpg,spoiled_bread
1330.572096456693,18.817667322834644,0.22376056861496676,0.09252615746398811,0.9160025472440896,0.008561089815050722,7.989090070871521,2116.336288672577,23.81313162626325,0.20113578746496363,0.08383227267211388,0.8656072379127178,0.007027849941371652,8.141291132184161,1529.2610728346456,19.46764271653543,0.21820603334825572,0.0864219307002409,0.9029413916881758,0.007468750105957242,8.038786506320415,1972.5203050406099,23.117118234236465,0.20236229254643745,0.08439274821046718,0.8747399203583429,0.0071221359505153105,8.134106803904645,2460.963541666666,26.627604166666668,0.19876008423923558,0.08921002875430405,0.8445460030156869,0.007958429230343756,8.172553196583218,2116.336288672577,23.81313162626325,0.20113578746496363,0.08383227267211388,0.8656072379127178,0.007027849941371652,8.141291132184161,2977.655319940476,28.95740327380952,0.1789543707581559,0.0771297839105578,0.8099262293718267,0.005949003566089341,8.278453482639136,1972.5203050406099,23.117118234236465,0.20236229254643745,0.08439274821046718,0.8747399203583429,0.0071221359505153105,8.134106803904645,3667.8221875,33.7824375,0.17909739214135048,0.0862941915774173,0.7682041272976665,0.0074466875,8.30605512919589,4154.550327538423,36.0362181909801,0.16399824889319406,0.07278733433940619,0.7345122634871352,0.0052979960402365,8.403726796566232,4464.449875,37.382250000000006,0.15760870466508392,0.06943910326681935,0.7133859479926404,0.004821789062500001,8.440440932393113,3733.1044973544977,34.00925925925927,0.16451649852034597,0.07314204081347218,0.7614438663555999,0.00534975813435963,8.389590962328466,4794.993510584678,40.18138860887096,0.16616400972534096,0.08443014014982021,0.6967266272834182,0.007128448565718284,8.398691882846796,6087.845952,46.410432,0.14128297389617017,0.0634772571556144,0.6086172125100144,0.004029362176,8.576999291362227,5842.991746471775,44.78899949596774,0.1405232620566175,0.06287112683075441,0.6228706916360727,0.0039527785889688066,8.562043145813776,5453.98048,43.460415999999995,0.1402377231213672,0.0642607488285034,0.6493679209348087,0.00412944384,8.559164381174021,5779.969956808944,45.60893038617887,0.15857965267232446,0.08227935174842554,0.6341421555552608,0.006769891724141137,8.46592145031308,7779.012877211238,55.25182101977107,0.12395932994458198,0.055935272741156256,0.49690422519795996,0.003128754736627538,8.696371719275401,7063.216780995936,51.146786077235774,0.12646250720077193,0.05880087895588656,0.5419638377708306,0.0034575433659848227,8.648167898163539,6841.128056711758,50.8891129032258,0.12317196754944945,0.05636455581688798,0.5575004311059122,0.0031769631524350807,8.669284087043568,bread_with_mold_000026.jpg,spoiled_bread
448.9368233267717,8.865465059055119,0.3344380627267959,0.07154909585008187,0.9759334574324335,0.005119273116964204,7.495223551321796,913.7071114142228,11.944323888647778,0.28562716558508416,0.06251411351080585,0.9509689096823737,0.003908014388041919,7.6418763558681775,795.9609375000001,10.490957185039372,0.33470726196964967,0.06480141718699857,0.9572963780863507,0.004199223669443433,7.522673569272312,1018.6141112282226,11.998201996403994,0.31461277857696834,0.06272318469892818,0.9453416268137558,0.003934197898775859,7.627803588599178,815.9236111111112,11.959201388888891,0.2584530211618746,0.06854277180736942,0.9562439225746022,0.004698111567037117,7.708541196075828,913.7071114142228,11.944323888647778,0.28562716558508416,0.06251411351080585,0.9509689096823737,0.003908014388041919,7.6418763558681775,1514.862723214286,15.226810515873016,0.2529932678380094,0.053459773246389286,0.9186396047486841,0.0028579473555553595,7.771802509403258,1018.6141112282226,11.998201996403994,0.31461277857696834,0.06272318469892818,0.9453416268137558,0.003934197898775859,7.627803588599178,1196.620875,14.727625,0.21774382513603646,0.06713185195475393,0.9358078841864504,0.004506685546875,7.8453980484244115,1742.9756865709246,17.561854371378182,0.21413022156413697,0.051406634515199674,0.9063382316593671,0.0026426420721793187,7.900296121592138,2235.10075,19.646125,0.2104329075182415,0.044566532075650665,0.8798227032562582,0.0019861757812499998,7.952661013466073,1964.1835474930713,17.82993197278912,0.24334417980183787,0.0512656862479127,0.8944578443978048,0.0026281705864694255,7.911162237469679,1582.1226058467741,17.37827620967742,0.19187129969506986,0.06622751797254756,0.9151004753954477,0.00438608413680411,7.946007429765318,2602.2255999999998,23.074368,0.17468380209248568,0.042403465518752126,0.8599618189063364,0.0017980538880000003,8.092689732026773,2944.2189390120975,23.875315020161295,0.18031827836558015,0.03996077619997469,0.8415502573837588,0.001596863634504464,8.07795323141368,2933.7216,23.627648,0.19611953970160523,0.04225953487675888,0.8421512967450384,0.0017858682880000003,8.116220742775049,1975.4450584349597,19.90732977642277,0.1772375695317332,0.06567165114838393,0.8939636914616806,0.004312765764555036,8.021379822539577,3491.728928199792,28.537200832466183,0.14634180824863324,0.03789067844071415,0.8118447837897469,0.0014357035126975998,8.224038394918608,3634.151168699187,27.86255081300813,0.16126612448442634,0.03668513559984183,0.8042428520016024,0.0013457991739787823,8.178993815789383,3885.5678329864727,29.00084547346514,0.16699994921235498,0.03748533066229509,0.7906898473975386,0.0014051500148616006,8.255608912884982,bread_with_mold_000027.jpg,spoiled_bread
237.6433316929134,4.879306102362205,0.630790880235225,0.4677579371489852,0.978985389491681,0.218797487765874,4.257602589360564,895.4030008060016,9.008184016368034,0.5934535109953364,0.45711736354496574,0.9193673838054454,0.2089562840543004,4.450959429893811,764.6770423228345,7.444389763779527,0.6108394279122571,0.4644834167691631,0.9312130788936755,0.21574484445355607,4.334257157458638,779.6443052886107,7.771653543307087,0.6056626428872982,0.45967791737944697,0.9297916580801955,0.21130378772630565,4.3925245674003826,462.0843253968253,7.5892857142857135,0.5934590142799617,0.45798557404079066,0.9590910918481595,0.20975078602947256,4.437357248750115,895.4030008060016,9.008184016368034,0.5934535109953364,0.45711736354496574,0.9193673838054454,0.2089562840543004,4.450959429893811,1560.0936259920636,12.858258928571429,0.56805381299435,0.4504256156915423,0.8569793448883317,0.20288323527110497,4.557744696826882,779.6443052886107,7.771653543307087,0.6056626428872982,0.45967791737944697,0.9297916580801955,0.21130378772630565,4.3925245674003826,693.454375,10.046375,0.5699088331205373,0.44787947859189753,0.9385330818512531,0.20059602734375,4.569885532973494,1794.3935500125976,15.252582514487278,0.5456504287974921,0.43627418603626195,0.8351477522036805,0.1903351654016029,4.704606952401936,2351.5814375000004,17.7638125,0.5380676989688216,0.43675971297156063,0.7801551878915908,0.19075904687500003,4.714400400287308,1566.2373393801965,13.016880826404638,0.560947570108132,0.44230661001262644,0.8561086301399491,0.1956351372608616,4.619402107394131,917.1790574596776,12.263608870967744,0.5526221278566996,0.43793944881674046,0.9186060414175345,0.19179096082991046,4.678097509509191,2658.8997120000004,20.771456,0.5092895683725452,0.4150926868640304,0.7506264431522683,0.172301938688,4.883546281817176,3094.6021295362907,22.208606350806456,0.5098314465216618,0.4232540196882597,0.7047481788012251,0.17914396518226972,4.828267720741121,2367.0744320000003,18.044928,0.5254999287072751,0.42392632356106413,0.7779962261204817,0.17971352780800004,4.79975115210044,1138.1441183943089,14.35397611788618,0.5384889718554517,0.42838590990741254,0.898898371993596,0.18351448780720178,4.763684962609389,3439.364919354839,25.650819458896986,0.4751337553989929,0.3941285124260254,0.6704837905254529,0.15533728430715166,5.030848444698435,3766.565358231708,26.13408282520325,0.4884324370799475,0.41008374825239013,0.6336474179740899,0.16816868058072967,4.925104211454959,3103.0853928199795,22.589945369406866,0.4952263769523354,0.4059018841360588,0.7027018184189421,0.16475633954520252,4.945059367141628,bread_with_mold_000031.jpg,spoiled_bread
632.5147637795276,8.48683562992126,0.6135572989423764,0.5523279760062526,0.9729581833540003,0.3050661930791636,4.039676894444408,789.5442990885982,9.955855911711822,0.600522928757413,0.5453117345760699,0.9663342304289029,0.29736488786636206,4.107867622441922,562.1735974409448,8.020792322834644,0.6180783821956357,0.5526400007057453,0.9759654695577683,0.30541097038004617,4.020993828676009,930.987165974332,11.029698059396118,0.5941875166833759,0.5436422954136287,0.9603031781250013,0.29554694536259923,4.1362131654516565,1171.907738095238,12.415550595238095,0.5937652221247529,0.544004182030098,0.9500314821443475,0.2959405500662361,4.1655255976841685,789.5442990885982,9.955855911711822,0.600522928757413,0.5453117345760699,0.9663342304289029,0.29736488786636206,4.107867622441922,1039.509300595238,11.577752976190474,0.5965123499769266,0.5441875687307504,0.9556767675821178,0.29614010996108514,4.150271269195489,930.987165974332,11.029698059396118,0.5941875166833759,0.5436422954136287,0.9603031781250013,0.29554694536259923,4.1362131654516565,1791.3135000000002,16.157625000000003,0.5769573485662256,0.5350080588616166,0.9238212747738852,0.28623362304687505,4.27044980661084,1509.910304862686,14.765558075081884,0.5740800854834965,0.53174050850198,0.9359485024839665,0.2827479683819442,4.269231367786761,1576.212875,14.830750000000002,0.5809729432026044,0.535553878737938,0.9329688033376126,0.28681795703125,4.24625232179307,1835.7865961199295,16.989040060468632,0.5675846150183466,0.5287028662697849,0.9221245922869328,0.27952672080188606,4.313571505761487,2425.5175151209673,19.737651209677416,0.5614435101494677,0.525424664509772,0.8971159742382466,0.2760710780752064,4.35610451603433,2313.0040320000003,19.246336,0.5555366480131779,0.5181410296357547,0.9023596544447624,0.26847012659200004,4.406530027737473,2133.0375504032254,18.057585685483872,0.5662146008974822,0.5264039605631733,0.9095221993169043,0.2771011296965949,4.3317337183691915,2879.085696,22.880384,0.5431474087418057,0.5115203893648814,0.8784632804995547,0.26165310873599995,4.467615891019889,3059.3404471544723,23.043953252032523,0.5489975319727209,0.5152400970869003,0.8705576516142738,0.2654723576461185,4.438951243178765,3122.6048387096776,23.511966701352762,0.5345205709771532,0.5025821887336824,0.8687917454085794,0.2525888564323388,4.531829908968646,2693.459349593497,21.214811991869922,0.5534198928526127,0.5161682656646678,0.8860382786697852,0.26642967847927107,4.4195597996723315,3991.6063995837676,28.44458896982311,0.51933089782203,0.4926846786642591,0.8322773018818006,0.24273819259050425,4.5956894432130735,bread_with_mold_000032.jpg,spoiled_bread
1130.4682578740158,17.384842519685037,0.19479950011187797,0.06437021218874625,0.936711742676826,0.004143524217224217,8.405062071422932,1575.6287432574863,21.025482050964097,0.1619206544304364,0.05527044165984803,0.9116011456182471,0.0030548217212746647,8.560320353715376,1208.5503198818897,18.56557578740157,0.16755378163768037,0.05534161285750062,0.9321796200722491,0.0030626941136694774,8.516495146799542,1538.2694525389052,20.743381486762978,0.16201552334665043,0.05522267548899959,0.9136965559612834,0.003049543888163356,8.562323366883158,1905.778025793651,22.641741071428573,0.17592334605878646,0.06363942438757877,0.8933609325627443,0.004049976336382355,8.526500784756417,1575.6287432574863,21.025482050964097,0.1619206544304364,0.05527044165984803,0.9116011456182471,0.0030548217212746647,8.560320353715376,1960.5216393849205,23.701698908730158,0.13844477716404896,0.045507280168383256,0.8897277129987877,0.002070912548323728,8.68474510746054,1538.2694525389052,20.743381486762978,0.16201552334665043,0.05522267548899959,0.9136965559612834,0.003049543888163356,8.562323366883158,2646.4541875,27.040062500000005,0.16519566398785418,0.0631502734059798,0.8519974171845426,0.003987957031249999,8.605632054264571,2717.7670697908798,28.262156714537667,0.13405268564967818,0.04513274058750376,0.8472454745806998,0.0020369642729389094,8.745661474313819,2789.016,28.590750000000003,0.12148271327822686,0.037535790212475884,0.842755172688194,0.0014089355468750004,8.810111232519368,2608.0779163517263,27.822058453010836,0.12693235508632766,0.045049657423070315,0.8534088578797779,0.0020294716339359945,8.746625861208393,3233.277595766129,30.569808467741936,0.1560753139927692,0.06294470177714066,0.8192646380635401,0.0039620354818131745,8.662609775948365,3743.9948799999997,34.194944,0.11246675262767393,0.03725602662657412,0.7891766508227823,0.0013880115199999994,8.869594119877444,3446.1185735887098,32.44947076612903,0.10939856604236164,0.03388284571643194,0.8052942509472815,0.0011480472338435304,8.87527859673244,3633.2138239999995,33.638400000000004,0.10874709827724885,0.037256631302360114,0.7954037698442024,0.0013880565759999996,8.873406782520831,3649.0767276422766,33.004192073170735,0.14971293203597738,0.06298004733103653,0.7961724159583375,0.003966486361819602,8.692409131183268,4508.679175338189,38.84072580645161,0.09668259946732573,0.03389305519053063,0.7456955317434251,0.0011487391901483556,8.945825127800017,3999.769753556911,35.83415904471545,0.09964893411200362,0.032151558226616424,0.7735626856127752,0.0010337226963995061,8.929966762637443,4346.544224765868,37.66532258064515,0.10242105303388868,0.0337950417852545,0.7548070406961745,0.0011421048492670977,8.934660922328998,bread_with_mold_000034.jpg,spoiled_bread
127.00688976377951,3.5620078740157473,0.6700781355549179,0.5009551191394727,0.9873114697971602,0.2509560313920432,3.9166882769838356,678.8702337404675,6.718457436914875,0.6349822648464788,0.4929705770033208,0.930599277613031,0.24301998979098707,4.075567237305712,630.9846210629921,5.76771653543307,0.6521939279322033,0.4992969524391378,0.9355736718685168,0.2492974467150106,3.9632381476086644,680.6699733399466,6.608841217682435,0.6339349031284973,0.49371396948330276,0.9304152907152345,0.24375348366295962,4.064402134124619,232.48487103174602,5.343377976190475,0.6369476375561197,0.49220235635774784,0.9767433517342566,0.2422631596041194,4.090273236305186,678.8702337404675,6.718457436914875,0.6349822648464788,0.4929705770033208,0.930599277613031,0.24301998979098707,4.075567237305712,1259.0801091269846,9.955109126984127,0.6039625101593356,0.4885896823639961,0.8683101853000897,0.2387198777125506,4.179010117698028,680.6699733399466,6.608841217682435,0.6339349031284973,0.49371396948330276,0.9304152907152345,0.24375348366295962,4.064402134124619,345.01349999999996,6.9898750000000005,0.6140035433128949,0.4830391943530566,0.9654392507458767,0.23332686328124996,4.2118594976089305,1356.077853363568,11.480725623582767,0.586373324457294,0.4758935435856476,0.8578157881629771,0.2264746648265047,4.3192894747017165,1899.0973125,13.9706875,0.5728947655609776,0.4775891605239801,0.7963462174428504,0.22809140625000004,4.321513899415711,1361.226379440665,11.391786344167295,0.5829297376938434,0.4770431564928406,0.8572759672960715,0.22757017315665282,4.306531060185529,456.5681703629033,8.464339717741934,0.5973372599446872,0.47398050087450816,0.9541990285968841,0.22465751520924965,4.310395839301716,2042.5644160000002,15.905856,0.5483843029635465,0.45852338053364305,0.7801512927823269,0.21024369049600003,4.488966910676357,2465.0919858870966,17.482862903225808,0.5453304114437145,0.4669392905190905,0.7292136689694425,0.2180323010304716,4.42676415262464,2027.2964479999996,15.823296,0.5475025050397895,0.46031545413118596,0.7817946402333776,0.21189031731199998,4.481785158971009,572.4801194105692,9.902756605691058,0.5803808499270205,0.46454799633709026,0.9424838798678193,0.21580484090080523,4.397569636284053,2662.133584807493,19.782908428720088,0.5205211438662047,0.4410086218351638,0.7061432594749578,0.19448860453295053,4.6212177749146655,3007.2207190040644,20.734819613821138,0.5236104201153948,0.45627928823327074,0.6612118774137029,0.20819078887066017,4.510153024527298,2623.6876951092618,19.743886576482833,0.5180640821001024,0.4433667461899838,0.7103870674858639,0.1965740716270935,4.61092918771462,bread_with_mold_000041.jpg,spoiled_bread
710.1456692913385,10.758366141732283,0.37091327277081776,0.11229710333778062,0.9614463383613182,0.012610639418056178,6.893727849719315,1239.565813131626,14.495938991877983,0.319359608028176,0.10309201007744322,0.932545200131277,0.010627962541807654,7.087662587396475,1046.7175196850396,12.896899606299215,0.3390723950756098,0.10641993278405867,0.9431300645516727,0.011325202093763566,7.020044785030696,1370.197222394445,15.309504619009239,0.316097611836646,0.10389189672954117,0.9254386100092108,0.010793526206061648,7.09359307540311,1336.916480654762,15.375682043650793,0.31936748614998134,0.10750687091415667,0.9273058041108135,0.011557727293753147,7.080944239308026,1239.565813131626,14.495938991877983,0.319359608028176,0.10309201007744322,0.932545200131277,0.010627962541807654,7.087662587396475,1966.0365823412699,19.17013888888889,0.2877735312631593,0.09511980653088185,0.892926573102556,0.009047777594472395,7.245409704692879,1370.197222394445,15.309504619009239,0.316097611836646,0.10389189672954117,0.9254386100092108,0.010793526206061648,7.09359307540311,1995.7309375,19.3581875,0.29146022304872554,0.10514727394825793,0.8913190413940084,0.01105594921875,7.191136237377416,2320.911753590325,21.71220710506425,0.2712949803371872,0.09272735131883604,0.8731908336921241,0.008598361682606843,7.332463192540219,2935.404375,25.2185,0.248865551298801,0.08662802123158533,0.8397259617962014,0.007504414062499998,7.420822215705768,2618.887188208617,23.17693373645755,0.26702739902925043,0.0932706710645387,0.8569267861527419,0.008699418080829375,7.330830420437875,2594.0460559475805,22.900894657258064,0.2723328274226272,0.10339846630047919,0.8585175077458985,0.01069124283329133,7.281059517488157,3409.00224,28.114432,0.23888837706495336,0.08422999370770487,0.8129574015763146,0.007094691840000002,7.496885902871184,3790.0211693548385,30.279611895161292,0.22386195282566876,0.079606909928325,0.7925312660165407,0.006337260108336451,7.544302182317105,3788.802944,30.010368,0.23302533605158512,0.08466313483447209,0.7921743178886983,0.0071678464,7.498650103290786,3112.9004065040654,26.016514227642276,0.2597764555660005,0.10187081479156583,0.8299164417718464,0.010377662906297509,7.355538148255562,4405.946214880333,33.96494536940687,0.2105307843904253,0.07650254339206818,0.7572121476179596,0.005852639145455274,7.6401337151134,4478.196963922765,34.54795477642277,0.20510664718725735,0.07387453046853698,0.7542501743420019,0.005457446251946798,7.64656449794934,4743.218977627472,35.541818418314264,0.210370955655113,0.07679005791340746,0.7387523430365975,0.005896712994344471,7.6494148179243036,green_mold_on_bread_14.jpg,spoiled_bread
1062.2973056102362,18.655573326771652,0.1420912752696856,0.06121360963833285,0.9407747191548911,0.003747106004954196,8.456440878551321,1295.3256866513734,19.86558373116746,0.1366955312391769,0.053333910694911,0.9276820535055802,0.002844506030012742,8.493521455693937,1142.6984498031497,19.25812007874016,0.1328401990167468,0.05374241216544824,0.9361940364511286,0.002888246865360919,8.510469580794714,1559.4997209994422,21.762601525203053,0.13296186424525447,0.05323942741742429,0.9129356540125357,0.002834436631735189,8.54213860839748,1781.8724578373017,23.3460441468254,0.13724230948685595,0.060582001979749105,0.9006405081021294,0.003670178963874324,8.532411636220683,1295.3256866513734,19.86558373116746,0.1366955312391769,0.053333910694911,0.9276820535055802,0.002844506030012742,8.493521455693937,1951.4119543650795,24.625620039682545,0.11598770050885315,0.04401753370649978,0.8908840021305503,0.001937543273602844,8.63671307752336,1559.4997209994422,21.762601525203053,0.13296186424525447,0.05323942741742429,0.9129356540125357,0.002834436631735189,8.54213860839748,2527.62775,27.654625,0.13261004799474746,0.06071198656361032,0.8590491485224215,0.0036859453124999998,8.591489389370418,2224.9619551524315,26.113882590073068,0.11325375482712541,0.04346210303680957,0.8756060786593629,0.0018889544003822516,8.65056749908706,2837.2893750000003,30.198625,0.09964291339885306,0.036396337169762004,0.8410952059657566,0.0013246933593749994,8.75433531836601,2836.644935752079,30.0362181909801,0.1078807051291833,0.043428085461658154,0.8414148827919553,0.001885998606865084,8.719317695843321,3253.0565146169356,31.952179939516128,0.1272089731566655,0.060314441583902444,0.8186423023642183,0.00363783186357798,8.661589391719032,3162.3247999999994,31.567296,0.1003521575869182,0.03641400346020745,0.8229552473334442,0.001325979648,8.758537272991273,3680.151146673387,35.054750504032256,0.08970614134819016,0.031978286046801085,0.793647995198122,0.0010226107784910329,8.837725833165148,4062.149888000001,37.130368000000004,0.0938687058248221,0.036027253683843304,0.7725946863683234,0.0012979630080000007,8.841081501217472,3885.6082317073174,35.329014227642276,0.1269001474688683,0.06036599868180994,0.7833970989189402,0.003644053796852279,8.688903255291672,4059.374414672217,36.58500260145682,0.0912685805764786,0.03250565574509722,0.772609746082633,0.0010566176554187721,8.842176351536702,4504.846862296748,39.58365091463415,0.08302435120878618,0.029479072621067238,0.7472285455623561,0.000869015722598156,8.901128987353125,5099.703368886577,43.044680020811654,0.07984594786094559,0.03170016835314286,0.7143351570291259,0.0010049006736176003,8.932210202788099,green_mold_on_bread_16.jpg,spoiled_bread
499.8557455708662,8.14314714566929,0.3974247920444318,0.11263783757975396,0.9726015890134193,0.012687282454643033,6.179721860129973,1004.6800173600346,11.551615103230205,0.3468661217023822,0.1033234624221858,0.9448158916848324,0.010675737886908841,6.349845324496512,887.7367125984254,10.329970472440944,0.37373950321275135,0.10592239263659232,0.9513153661709678,0.01121955326186043,6.277002702983804,1135.8877177754357,12.285882571765143,0.34700037076122614,0.10364377345544756,0.9376110518024078,0.010742031776084137,6.355929682315347,918.6253100198412,11.39750744047619,0.35204962328631206,0.10829160356696872,0.94956537344678,0.011727071403105513,6.33553400239607,1004.6800173600346,11.551615103230205,0.3468661217023822,0.1033234624221858,0.9448158916848324,0.010675737886908841,6.349845324496512,1722.1344246031745,15.908482142857142,0.32021617358703724,0.0959667107194048,0.9053559430391183,0.009209609566301923,6.489857822161342,1135.8877177754357,12.285882571765143,0.34700037076122614,0.10364377345544756,0.9376110518024078,0.010742031776084137,6.355929682315347,1409.6664375,14.4174375,0.3237421846300382,0.10587610684191218,0.9224819753691026,0.011209750000000001,6.443443261101977,1919.0847190728143,17.524250440917108,0.30077865010085814,0.09422200030478642,0.8941861431163411,0.008877785341435171,6.560273569506094,2579.4713125,21.2899375,0.2818165514149501,0.08832622195234549,0.8579317968074474,0.007801521484374999,6.642271792401909,2206.783509700176,19.067460317460316,0.29732895003776877,0.09392392993678722,0.8783390675736967,0.008821704614770515,6.587987281644942,1853.12109375,17.121597782258064,0.30492031085464677,0.1046955276253562,0.8979350410797374,0.01096115350475172,6.523164092962473,2892.0023040000005,23.366912000000006,0.26836965014024894,0.08676937929938189,0.8399190474676731,0.007528925184000003,6.706949460038844,3396.2466607862907,26.280304939516135,0.2586739950234223,0.08187790331582162,0.812547487425908,0.0067039910513950335,6.760013091216981,3263.552512,25.273088000000005,0.26044153734248493,0.08573821812937334,0.8194066772977657,0.007351042048000002,6.740085988885763,2292.6727007113823,19.781313516260163,0.2868195827219714,0.10316517962552492,0.8735138552136756,0.010643054287166822,6.591350226806046,3788.1875000000005,28.744862122788764,0.24032521117770417,0.07978813202544709,0.7894945517929284,0.0063661460121101745,6.8307520657145755,4075.882050304878,30.55951473577236,0.23892730399096268,0.07656394483111048,0.7746043170058685,0.005862037648101328,6.8606673030134075,4171.897437565037,30.836433402705516,0.22975722024026674,0.07855886759161887,0.7682964649087355,0.006171495677277506,6.87775129522011,green_mold_on_bread_17.jpg,spoiled_bread
1012.3763533464568,16.87143208661417,0.18876698476450393,0.06407624830454026,0.9426032339661392,0.004105765596785099,8.38384793395668,1464.524893049786,20.5260090520181,0.15412218519914314,0.05452323124246295,0.9170331564113655,0.0029727827451190877,8.561730966163285,1090.9887426181103,17.72779281496063,0.16302081760313192,0.054934802937218995,0.9381705796743661,0.0030178325737510846,8.492881118582453,1367.4109368218737,19.973029946059896,0.15580155483442287,0.05458419930462787,0.9225339513057729,0.0029794348137273377,8.541656728230798,1763.0225074404766,22.195622519841272,0.16522441395321003,0.06326215991032545,0.9001077448330148,0.004002100876519589,8.517349921729426,1464.524893049786,20.5260090520181,0.15412218519914314,0.05452323124246295,0.9170331564113655,0.0029727827451190877,8.561730966163285,1906.2090153769846,23.59678819444445,0.13032946756676256,0.04498450925917377,0.8920386179389423,0.002023606073288691,8.679502714247135,1367.4109368218737,19.973029946059896,0.15580155483442287,0.05458419930462787,0.9225339513057729,0.0029794348137273377,8.541656728230798,2557.694625,27.177875,0.15123572569731658,0.06287242166681668,0.8551712416536887,0.00395294140625,8.60990793624135,2752.5983875031498,29.08440413202318,0.12452535569635804,0.044553670917382784,0.8442614792270771,0.001985029592214441,8.767454072658525,2853.444,29.534000000000002,0.1091805616766458,0.0367669497477014,0.8384620556732644,0.00135180859375,8.809535122349839,2570.9023053665915,28.055870496346685,0.12236402920513875,0.04469053105333021,0.8545325445798766,0.001997243565828672,8.752527486413609,3262.5108996975805,31.152280745967737,0.14432514928247758,0.06248207112995216,0.8154222677721956,0.0039040092126884016,8.67595236664388,4029.969152,36.384768,0.10215810658070196,0.036846301306915456,0.772233268681091,0.0013576499199999996,8.8928111614347,3644.6063508064517,34.14075100806451,0.09557013644441213,0.03300253809150732,0.7938582878811941,0.0010891675204813918,8.89310293979014,3777.75296,35.277184,0.0991106157376244,0.03684627351578447,0.7864572246273648,0.0013576478719999998,8.887103861513896,3866.521277947155,34.60880335365854,0.1369624842615607,0.062314339384188545,0.7814157881230012,0.003883076892887832,8.722666416685223,5103.054435483871,42.17748439125911,0.08681630602602314,0.033218843892063823,0.7121105123908696,0.001103491589525306,8.965643000804716,4355.844702743903,37.92092225609756,0.08660136105475566,0.030669574534137604,0.7539106554001834,0.0009406228021050218,8.944681832786662,4807.166233090531,40.992195629552555,0.0863541761299734,0.03289705180645707,0.728722943002371,0.0010822160175567204,8.971361630661491,green_mold_on_bread_19.jpg,spoiled_bread
654.2903543307086,9.512426181102363,0.3225185304638695,0.09114228117367795,0.9644379044346618,0.008306915417541772,7.607558508029371,1333.0790501581005,15.333126666253335,0.23280404952634218,0.0809037240034354,0.9273907645773178,0.006545412557624049,7.994786324273358,1107.919783464567,13.24175688976378,0.2661285095690644,0.08203975497045993,0.9396725979706415,0.006730521395613104,7.87621825335971,1393.1118482236966,15.630169260338521,0.2474392014250838,0.08134550947865027,0.9241220881594733,0.006617091912341181,7.987959791541422,1282.4890252976188,14.608196924603174,0.26254447202077613,0.0893466963229012,0.9302777989867316,0.007982832143816726,7.876067946116346,1333.0790501581005,15.333126666253335,0.23280404952634218,0.0809037240034354,0.9273907645773178,0.006545412557624049,7.994786324273358,2332.0910838293657,22.084387400793652,0.19686815643078032,0.07116250028099462,0.8726804417655128,0.005064101446242559,8.241730583203752,1393.1118482236966,15.630169260338521,0.2474392014250838,0.08134550947865027,0.9241220881594733,0.006617091912341181,7.987959791541422,1927.7030625,18.9321875,0.23623517594682486,0.08837278992993262,0.8951834891162728,0.00780975,8.019196515040912,2771.109851347947,25.3946837994457,0.1725242490749129,0.06988488608774732,0.8486260912006086,0.004883897303497419,8.341658279569995,3631.879875,30.112375000000004,0.16303563237335125,0.06279359168139692,0.8010867097940619,0.00394303515625,8.452350761303567,2985.4399092970525,26.293524817334344,0.18811593800233828,0.07073310751556387,0.8369248241293396,0.005003172498808318,8.329683066805789,2529.162235383065,22.80449848790323,0.21910476773166482,0.08730831366889766,0.8624251090541186,0.007622741635706622,8.131804710765827,4217.8176,34.19942399999999,0.14089487062428505,0.061524874709340115,0.7688113741686007,0.003785310207999999,8.541672629627444,4868.008190524195,37.35975302419355,0.13772025698691615,0.05554989099926775,0.73249984155401,0.0030857903900305284,8.597366808007665,4616.138432,35.740864,0.1570072191760956,0.06207450697347503,0.746991420892928,0.003853244416,8.52585967707628,3095.7493648373984,26.401168699186993,0.2008763870240523,0.08675420192795655,0.8315547754396144,0.00752629155215666,8.215763238167755,5529.277250260146,41.862187825182104,0.11685282879807653,0.05465064234944982,0.6957725741490455,0.0029866927092074783,8.673492072920888,5903.688579776423,43.36947408536586,0.12199931188429755,0.04958315800913861,0.6746183734159695,0.0024584895581592063,8.699352890308788,6059.6355359001045,43.92872008324662,0.12946399500675573,0.054806797683261604,0.6666047043224148,0.0030037850722939696,8.66534562980867,green_mold_on_bread_20.jpg,spoiled_bread
906.1886072834645,13.96505905511811,0.23606624465431125,0.08010685013597192,0.9386499908785905,0.0064171074387070655,8.072569977981281,1362.2402504805013,17.150412300824605,0.21267650047262088,0.07298386409718499,0.9071931662892525,0.0053266444185563686,8.213381158485406,1204.6205093503936,15.357221948818898,0.22889059450943772,0.07376802709130591,0.9178276854263475,0.005441721820943641,8.125365733030346,1689.9931799863602,19.038130076260153,0.20627724744172948,0.07293311266451209,0.8848631350379857,0.005319238922934415,8.239944497736577,1692.981584821429,20.101624503968257,0.19315672302858028,0.0784125677602501,0.8854940119238448,0.006148530782755814,8.254860578017498,1362.2402504805013,17.150412300824605,0.21267650047262088,0.07298386409718499,0.9071931662892525,0.0053266444185563686,8.213381158485406,2316.817088293651,23.143229166666668,0.18067693026795537,0.06600799301002552,0.8408976280674496,0.0043570551412115775,8.368324940735842,1689.9931799863602,19.038130076260153,0.20627724744172948,0.07293311266451209,0.8848631350379857,0.005319238922934415,8.239944497736577,2489.7988125,25.271437499999998,0.17381940152289155,0.07781145832636091,0.8316960226314115,0.006054623046875001,8.371081523460859,2486.1866969009825,24.777399848828424,0.1705357906899561,0.06510587177020291,0.8296938579604742,0.004238774538958104,8.429616913040112,3408.870375,29.743000000000002,0.15240364515743074,0.05922355686295784,0.7642904925339505,0.0035074296875000003,8.538491397151034,3249.406903502142,28.980599647266317,0.16329768877673806,0.0648816402449288,0.7774068282097055,0.004209627240872365,8.48305889708023,3175.7247983870975,29.66582661290323,0.1625955284911414,0.07691918953138865,0.7853351779092959,0.005916561718165691,8.45318791269515,3490.744576,30.691071999999995,0.15110134138215003,0.0580104840179773,0.7594740758229089,0.003365216256,8.580168502019614,4437.215914818549,35.70923639112904,0.13235808836215113,0.0515937054216212,0.6910538421971412,0.0026619104391330246,8.65484307785191,4694.92512,37.345344,0.13683018100427147,0.057670694394987135,0.67648394999828,0.003325908992,8.659583235606908,3760.2792809959356,33.263020833333336,0.15164008473695378,0.07671039420090728,0.745570527332733,0.005884484578458588,8.514546712252818,4246.445044224766,35.36973204994797,0.13295052640316563,0.05061701496136504,0.7055452892918836,0.002562082203599052,8.690931881733988,5240.871379573171,40.46538363821139,0.11836785301841482,0.04585706832640522,0.6327374535636773,0.002102870715492597,8.761941948407749,5930.845798647242,44.520616545265355,0.11517065629991974,0.050075171884086084,0.5887069145156694,0.0025075228392207652,8.779759676081854,green_mold_on_bread_21.jpg,spoiled_bread
588.0457677165356,10.7277312992126,0.2535711432837212,0.07568119751586753,0.9683248689685153,0.005727643657435754,7.946076881915297,1046.2144584289167,14.667555335110666,0.2026377085207776,0.06619435914604206,0.9435537721489233,0.004381693182755202,8.182861000137288,829.6665231299212,12.444451279527557,0.23492534238356977,0.06698978815433476,0.9552109300991241,0.00448763171696265,8.065676442050371,1045.3737987475974,14.566061132122261,0.2036910156920338,0.06680377419696537,0.943599625340112,0.0044627442469591366,8.181133066594795,1112.2891865079368,15.233506944444446,0.20469489078552733,0.07402192296155995,0.9401188252674478,0.0054792450789271155,8.160098743128785,1046.2144584289167,14.667555335110666,0.2026377085207776,0.06619435914604206,0.9435537721489233,0.004381693182755202,8.182861000137288,1680.5936879960318,18.99001736111111,0.1759532816842334,0.05816669559803763,0.9091184867858227,0.00338336447679477,8.354228396921105,1045.3737987475974,14.566061132122261,0.2036910156920338,0.06680377419696537,0.943599625340112,0.0044627442469591366,8.181133066594795,1687.3824375,19.339687500000004,0.1820256344204055,0.07310997441782482,0.9092123188351428,0.005345068359375001,8.289745237079256,2098.8185941043084,22.36570924666163,0.154685539095801,0.057564301953652294,0.8866267109961328,0.003313648859411257,8.460995957165974,2600.034375,24.977375000000002,0.14927656483092278,0.050957837197775586,0.8591501289319265,0.0025967011718750015,8.527733907902583,2131.1013479465864,22.452821869488538,0.1537187222604875,0.05723781801056304,0.8848848881168487,0.003276167810610335,8.466566973242042,2229.159211189516,23.083102318548384,0.1640841396231329,0.07197768816509371,0.8801254388243064,0.005180787593591471,8.389997769401036,3193.2535040000002,29.387008,0.12829357219268192,0.0501352283329796,0.8273003462575739,0.0025135411200000006,8.636174115252318,3447.154737903226,30.18094758064516,0.1259992499659726,0.0446805656074276,0.8129810256464717,0.001996352942999642,8.657270296171982,3223.743296,29.221952,0.12557315286941184,0.049772212006299256,0.8256554516116986,0.0024772730879999995,8.63920276909884,2771.775724085366,26.502985264227647,0.1538821577739614,0.07181490048054538,0.8510098248837483,0.005157379931030636,8.46148092201042,4179.249479708637,35.40946930280957,0.10922886067862453,0.04409582011979678,0.7737505268289524,0.0019444413520374741,8.754448793194666,4175.9209222560985,34.710302337398375,0.11069251677102426,0.03828273644343172,0.7729476877022825,0.0014655679095972552,8.760284053185693,4194.099245577523,35.14529136316337,0.10812561102992127,0.043766297641782435,0.7729524930769975,0.0019154888092690907,8.759466708753632,green_mold_on_bread_23.jpg,spoiled_bread
1002.1297982283465,15.708907480314961,0.1323612495201119,0.021068447708200915,0.9462171878822465,0.00044387948883319647,8.3912390088255,1207.6446152892306,17.08512617025234,0.12855879785905827,0.020389181711713215,0.9351065132207643,0.0004157187308732606,8.43148164292969,611.3422121062993,12.584338090551181,0.14890637157870892,0.022442922809318692,0.9672005946441485,0.0005036847842250372,8.272252573807197,1044.2094984189969,16.105958211916427,0.13270988375398754,0.020910593129078645,0.9438884073377185,0.00043725290500987103,8.40398659377919,2031.5420386904766,22.12276785714286,0.11275856286197357,0.019018447578365922,0.8908370717101121,0.00036170134829105265,8.554739074266138,1207.6446152892306,17.08512617025234,0.12855879785905827,0.020389181711713215,0.9351065132207643,0.0004157187308732606,8.43148164292969,1141.415984623016,16.80264136904762,0.12912531892755538,0.020751330398398382,0.9386993841897341,0.00043061771330349277,8.417212680122699,1044.2094984189969,16.105958211916427,0.13270988375398754,0.020910593129078645,0.9438884073377185,0.00043725290500987103,8.40398659377919,3074.9184375,27.897062500000004,0.09986865952144233,0.01759016948468661,0.8345631289330719,0.0003094140625,8.664934740705917,2456.966490299824,24.53602922650542,0.10335474041136708,0.01807732707018485,0.8676549472647196,0.00032678975400243803,8.61282269167364,1661.9620625,20.0530625,0.11989050337859113,0.019881239193646857,0.9106337746628311,0.000395263671875,8.49422208833646,2120.5083774250443,22.776203073822124,0.11455289664077825,0.018904004535751775,0.8857651675547131,0.0003573613874877237,8.565898832339752,4073.920425907258,33.13489163306451,0.0909908303510218,0.016632766198907165,0.7805146978993558,0.00027664891142750877,8.754631056046577,3656.7517439999997,31.042048,0.09027129206232337,0.016696580727801724,0.802481723494662,0.000278775808,8.724258436007625,2141.0737147177415,22.895035282258064,0.10972382187270305,0.018952331319897004,0.8847321445903291,0.000359190862459149,8.557789158451447,3195.874688,28.59136,0.1008734340977015,0.017390167336745213,0.8273226692301728,0.00030241792000000004,8.679840755676095,4969.540078760163,37.774580792682926,0.07939614289067287,0.015975128629343843,0.7319169478835532,0.00025520473472408125,8.812282039152922,4689.1021071800205,36.37343912591051,0.0805204658375657,0.01571555005345466,0.7459662767888594,0.0002469785134826387,8.811098773999323,2628.448043699187,25.66819105691057,0.10280188261373628,0.018186958053228404,0.8583212610472214,0.00033076544322988954,8.61973726687634,4236.710067637878,34.21605098855359,0.08612780134199191,0.01611834228757694,0.7703367293833461,0.000259800958099491,8.768946961064351,green_mold_on_bread_24.jpg,spoiled_bread
681.7042322834645,10.993602362204722,0.2726283284303483,0.07649718864209094,0.9641703762903926,0.005851819870143647,6.895734989356657,988.6479632959267,14.033418066836136,0.21815349369548112,0.07142208422075104,0.9480535143695353,0.005101114114436055,7.05968544395796,715.7645792322835,12.034633366141732,0.23971471441793565,0.07414990481525977,0.9623821263958076,0.0054982083841120825,6.96800145717814,1027.6625953251908,14.31434062868126,0.2215257675886655,0.07117256429352092,0.9460046483050414,0.00506553390811537,7.06050068778885,1266.7919146825398,15.603670634920636,0.24069116223109108,0.07175443884838217,0.9334384313284598,0.005148699494446217,7.102303336454153,988.6479632959267,14.033418066836136,0.21815349369548112,0.07142208422075104,0.9480535143695353,0.005101114114436055,7.05968544395796,1382.9252232142858,17.288194444444443,0.18845488289523682,0.06718741531383274,0.9273303918235403,0.004514148776553446,7.1896837404310885,1027.6625953251908,14.31434062868126,0.2215257675886655,0.07117256429352092,0.9460046483050414,0.00506553390811537,7.06050068778885,1868.569625,19.876250000000002,0.21076797967292873,0.06711247264387596,0.9018400288964116,0.004504083984374999,7.258814435115164,1902.2245527840766,20.801020408163268,0.17467272405502576,0.0637393945436482,0.9000590871023147,0.00406271041679085,7.341308069359518,2089.0369375,21.910062500000002,0.1687191035023011,0.06318759272990228,0.8902211519214083,0.003992671875,7.345174216400592,2025.718820861678,21.401108591584787,0.17129543285134746,0.06355091577192913,0.8935797386851131,0.004038718895450831,7.322657178372198,2450.166519657258,23.834866431451612,0.19515854618187492,0.06324680732986401,0.8713245099540513,0.00400015863742094,7.3834957785990305,2797.157312,26.744895999999997,0.14731165469919527,0.05808961683468054,0.8529697378011407,0.003374403584,7.533483085989774,2787.490297379032,26.31628024193548,0.15035979712501543,0.060027420309497835,0.8535252055576399,0.0036032911890131135,7.464617604432289,3040.5240959999996,27.816768,0.14593573778310234,0.058785924846003736,0.8401972880095909,0.0034557849599999996,7.512356551885417,3013.007304369919,27.374047256097562,0.17825281388108036,0.06000135384715132,0.8418057661247879,0.0036001624634910607,7.487512899545738,3660.5948881373565,32.18164672216441,0.12836129875919414,0.053487899078146,0.8074760227162003,0.0028609553477939318,7.692423592471469,3482.364329268293,30.45909552845529,0.13872181897226588,0.05759466259171948,0.8170011811859531,0.003317145159054011,7.564312767330496,3992.155892299688,33.397827783558796,0.13358562128007284,0.05481339578192709,0.7900590573888198,0.0030045083571461828,7.66030777669449,green_mold_on_bread_27.jpg,spoiled_bread
260.7091535433071,5.451771653543307,0.5824228367058951,0.19883630762135154,0.9858076947700041,0.03953587722849274,5.097713935544066,792.0882881765765,9.022506045012092,0.5248043453153564,0.18774749339563526,0.9568082533269766,0.03524912127634411,5.30376454874026,634.607283464567,7.450295275590551,0.5696196857847082,0.19380142726204758,0.9653504588243691,0.03755899320880672,5.181530624501546,656.9671399342799,8.219170438340877,0.5382688718697979,0.18768090398958012,0.9641761984061321,0.03522412172234599,5.257662055240996,515.437251984127,8.107886904761905,0.5109188134180984,0.18652481265565776,0.9719754355069816,0.034791505736228225,5.29358050265501,792.0882881765765,9.022506045012092,0.5248043453153564,0.18774749339563526,0.9568082533269766,0.03524912127634411,5.30376454874026,1266.0889756944448,11.8820064484127,0.4967372412901769,0.17841686846181218,0.9307372591147327,0.031832578951719585,5.404561383706049,656.9671399342799,8.219170438340877,0.5382688718697979,0.18768090398958012,0.9641761984061321,0.03522412172234599,5.257662055240996,779.9610625,10.4199375,0.46353898394253157,0.17871271464280317,0.9576534152276753,0.03193823437499999,5.418935857368411,1582.8545603426558,14.66861929957168,0.44074010556163595,0.17268480721102017,0.9136258187025352,0.029820042641507203,5.5559324163432775,1908.7141875000002,16.0621875,0.44516486801896993,0.1686771949427367,0.8953440138471476,0.02845199609375,5.555524894469958,1306.1686192995717,12.977639203829682,0.464893850997549,0.17169684622215026,0.9287235574180178,0.02947980700263271,5.4732354953675575,1043.1994077620968,12.619140625,0.4225857464274,0.1727901062809273,0.9434334189328989,0.02985642082857416,5.528935263221637,2384.80192,20.04224,0.3786288270381861,0.1623526488604359,0.8697510274425705,0.026358382591999997,5.733845441283264,2488.346963205645,19.796433971774192,0.40839622980655554,0.16128348674439583,0.8631897668224905,0.026012363096429705,5.681635509788291,1964.282944,17.294144,0.4145939442451882,0.16172342217502075,0.8927159274993437,0.026154465279999997,5.628895718647395,1312.4441692073174,14.8046875,0.3892114009038199,0.16763708179146963,0.9289154884328461,0.02810219119155988,5.620764625536408,3106.0541103017695,24.88605619146722,0.3324266385405561,0.15402009881655426,0.8301049219566543,0.023722190839461144,5.879808604376246,2987.210492886179,22.998094512195124,0.3812370413630797,0.15532882267879436,0.83529267388946,0.024127043154780342,5.782669979147387,2585.762942247659,21.263202393340272,0.37045332116431445,0.15254091026589492,0.8585586823867714,0.02326872930474781,5.754664047783445,green_mold_on_bread_29.jpg,spoiled_bread
1183.3735236220473,19.394438976377952,0.15660793449222427,0.06460951896258597,0.9313139715806982,0.004174389940576756,8.59980874660159,1694.456320912642,24.043276086552176,0.12662213235229644,0.055471750364019044,0.9014339437539652,0.0030771150884480467,8.77771832417475,1303.910556102362,21.01205708661417,0.135483204848504,0.056653515867593665,0.9240523142292687,0.0032096208601596872,8.71771464651186,1593.3006386012773,23.249178498356997,0.1306289950612859,0.056944354703738286,0.9073185458720113,0.0032426595326251607,8.754129750443736,1929.8184523809523,24.995039682539677,0.13581903086800007,0.06324722372296386,0.8881230918179458,0.004000211308662643,8.724463069945706,1694.456320912642,24.043276086552176,0.12662213235229644,0.055471750364019044,0.9014339437539652,0.0030771150884480467,8.77771832417475,2140.577566964286,27.305989583333336,0.10929660090250923,0.04765292380584477,0.8750782051607856,0.0022708011472456473,8.881828701220812,1593.3006386012773,23.249178498356997,0.1306289950612859,0.056944354703738286,0.9073185458720113,0.0032426595326251607,8.754129750443736,2659.001,29.298125,0.1267399288413159,0.06203576022646132,0.8459352048440065,0.003848435546875,8.791522283940647,2752.237780297304,30.792705971277403,0.10439096342954676,0.04559735788677042,0.8397950955292118,0.0020791190462542243,8.929389372448473,2909.523,31.796875000000004,0.09519165542930605,0.040314849737720704,0.8298845338935795,0.0016252871093749993,8.971797672868224,2582.6570924666166,29.905517762660622,0.10497596935379369,0.04848410935951122,0.8496672326135802,0.002350708860385043,8.894436913353296,3236.273122479839,32.75863155241936,0.12221774204523599,0.060845701753384294,0.8126119893476944,0.0037021994218617927,8.846865365611144,3747.7564159999997,36.68620799999999,0.08810256833673669,0.038174618583556266,0.7815694371463976,0.0014573015039999995,9.022467871418922,3430.191028225806,35.169606854838705,0.08472676326810735,0.03320736883342853,0.7991166056172658,0.0011027293448393606,9.057387882685168,3492.9855359999997,35.22336,0.09495996638184206,0.04152231515703333,0.7964230987402764,0.0017241026559999995,8.995079654841415,3720.275660569106,35.51181402439025,0.11927699099320824,0.05961008630085102,0.7847319268249543,0.003553362388794906,8.876335276233352,4417.20558012487,40.7699661810614,0.07643016127163504,0.030968708561347067,0.7423242518192136,0.0009590609099576512,9.105299340862857,3850.3290777439024,38.11248729674797,0.0704734797768625,0.026842064729791032,0.7740641651531862,0.0007204964389582917,9.118165386054569,4001.3076222684704,38.485822060353804,0.0843284042820889,0.03490226627823436,0.7665979924825609,0.0012181681913567752,9.069392454577178,green_mold_on_bread_6.jpg,spoiled_bread
1002.1297982283465,15.708907480314961,0.1323612495201119,0.021068447708200915,0.9462171878822465,0.00044387948883319647,8.3912390088255,1207.6446152892306,17.08512617025234,0.12855879785905827,0.020389181711713215,0.9351065132207643,0.0004157187308732606,8.43148164292969,611.3422121062993,12.584338090551181,0.14890637157870892,0.022442922809318692,0.9672005946441485,0.0005036847842250372,8.272252573807197,1044.2094984189969,16.105958211916427,0.13270988375398754,0.020910593129078645,0.9438884073377185,0.00043725290500987103,8.40398659377919,2031.5420386904766,22.12276785714286,0.11275856286197357,0.019018447578365922,0.8908370717101121,0.00036170134829105265,8.554739074266138,1207.6446152892306,17.08512617025234,0.12855879785905827,0.020389181711713215,0.9351065132207643,0.0004157187308732606,8.43148164292969,1141.415984623016,16.80264136904762,0.12912531892755538,0.020751330398398382,0.9386993841897341,0.00043061771330349277,8.417212680122699,1044.2094984189969,16.105958211916427,0.13270988375398754,0.020910593129078645,0.9438884073377185,0.00043725290500987103,8.40398659377919,3074.9184375,27.897062500000004,0.09986865952144233,0.01759016948468661,0.8345631289330719,0.0003094140625,8.664934740705917,2456.966490299824,24.53602922650542,0.10335474041136708,0.01807732707018485,0.8676549472647196,0.00032678975400243803,8.61282269167364,1661.9620625,20.0530625,0.11989050337859113,0.019881239193646857,0.9106337746628311,0.000395263671875,8.49422208833646,2120.5083774250443,22.776203073822124,0.11455289664077825,0.018904004535751775,0.8857651675547131,0.0003573613874877237,8.565898832339752,4073.920425907258,33.13489163306451,0.0909908303510218,0.016632766198907165,0.7805146978993558,0.00027664891142750877,8.754631056046577,3656.7517439999997,31.042048,0.09027129206232337,0.016696580727801724,0.802481723494662,0.000278775808,8.724258436007625,2141.0737147177415,22.895035282258064,0.10972382187270305,0.018952331319897004,0.8847321445903291,0.000359190862459149,8.557789158451447,3195.874688,28.59136,0.1008734340977015,0.017390167336745213,0.8273226692301728,0.00030241792000000004,8.679840755676095,4969.540078760163,37.774580792682926,0.07939614289067287,0.015975128629343843,0.7319169478835532,0.00025520473472408125,8.812282039152922,4689.1021071800205,36.37343912591051,0.0805204658375657,0.01571555005345466,0.7459662767888594,0.0002469785134826387,8.811098773999323,2628.448043699187,25.66819105691057,0.10280188261373628,0.018186958053228404,0.8583212610472214,0.00033076544322988954,8.61973726687634,4236.710067637878,34.21605098855359,0.08612780134199191,0.01611834228757694,0.7703367293833461,0.000259800958099491,8.768946961064351,moldy_bread_000002.jpg,spoiled_bread
728.9562623031497,10.946665846456696,0.28007229771533915,0.043938912216437795,0.9572682966929276,0.0019306280067638265,7.906157340185994,1123.9865459730918,14.623907247814493,0.22806603649420285,0.03927170761581302,0.9341037905924716,0.0015422670190619067,8.127425568526508,746.2402805118111,11.273252952755904,0.27417388048193225,0.041308431711320655,0.956274901336575,0.001706386530448842,7.940802576646716,1074.0676421352841,14.361398722797444,0.23799126340891769,0.0396513696978829,0.9370302769345932,0.0015722311189181864,8.109170528463942,1489.0357142857142,16.828745039682538,0.22767436330391938,0.039597435170188384,0.9127195589620793,0.001567956872057272,8.154038951871573,1123.9865459730918,14.623907247814493,0.22806603649420285,0.03927170761581302,0.9341037905924716,0.0015422670190619067,8.127425568526508,1549.2116815476193,17.882688492063494,0.20960824329761904,0.034981229979140105,0.9093082775121767,0.0012236864508534903,8.240707798743848,1074.0676421352841,14.361398722797444,0.23799126340891769,0.0396513696978829,0.9370302769345932,0.0015722311189181864,8.109170528463942,2245.768125,21.576875,0.20255799201982783,0.036524018210624086,0.8684528964389084,0.00133400390625,8.27644998368659,2344.4394683799446,23.131582262534643,0.16970792660709902,0.03219129363391088,0.8627001363034956,0.0010362793858246712,8.403539548351418,2341.0426875,23.2750625,0.1747473663963809,0.030536223366683705,0.8631263865357104,0.0009324609375,8.418664413162976,2150.997795414462,22.200365331317713,0.18250864609556175,0.03329485764262117,0.8740145932409582,0.0011085475454424092,8.379370862742936,2955.519468245968,25.84444304435484,0.18342744681772297,0.03384178768080888,0.827081966841399,0.0011452665934329478,8.385921843136785,3526.050623999999,30.278975999999993,0.13842624845557755,0.02784235392347421,0.7939349040232571,0.0007751966719999998,8.562188601981063,3076.963142641129,28.025768649193544,0.1473992091289873,0.0272294432942277,0.8202237438003396,0.0007414425821135618,8.543577655153712,3137.329856,28.315071999999997,0.15059046541844595,0.029164344258014785,0.8165897730945885,0.000850558976,8.527783938117702,3624.5685340447158,29.788554369918703,0.16557450620486994,0.03177892484844674,0.7882448743269966,0.0010099000645232253,8.471643998119212,4650.317182622269,37.1051638917794,0.11095475129321913,0.024680229006843357,0.7287975421848958,0.0006091137038302323,8.690252304249615,3757.43356199187,32.18000508130082,0.12612669277332503,0.024677518013290663,0.7805579183070266,0.0006089798952962852,8.640913596139212,3971.21546566077,33.38690166493237,0.13249597133925425,0.026097965632846543,0.7682490850740545,0.0006811038101732392,8.64049944853056,moldy_bread_000006.jpg,spoiled_bread
706.554625984252,12.74557086614173,0.44545912099218793,0.33783641219035054,0.9684339668612729,0.11413344140164842,5.716289524252064,1445.5999751999507,17.9501519003038,0.4078444159180429,0.32668791970864275,0.9352550142109741,0.10672499688356062,5.866856319377528,1161.6283218503936,16.1539124015748,0.4195096902416046,0.3329420508148804,0.9480927551434732,0.1108504092008184,5.787857529416517,1437.0464380928765,18.02938805877612,0.4104052844577996,0.3284782719016113,0.9356381068008637,0.10789797511146886,5.86872055116459,1298.839533730159,17.4358878968254,0.41546378262359973,0.32193781099088853,0.941831608175184,0.10364395414560505,5.864990526167491,1445.5999751999507,17.9501519003038,0.4078444159180429,0.32668791970864275,0.9352550142109741,0.10672499688356062,5.866856319377528,2227.4998759920636,22.760540674603178,0.38393795219788923,0.3158962533616821,0.9002114612615533,0.09979044288794804,5.949140828155632,1437.0464380928765,18.02938805877612,0.4104052844577996,0.3284782719016113,0.9356381068008637,0.10789797511146886,5.86872055116459,1860.3473750000003,20.852750000000004,0.396806900198782,0.31001098140832045,0.9164659548077024,0.09610680859375,5.965761219178198,2882.6869488536154,26.086671705719326,0.3651270053806891,0.3019717868048574,0.8702402606572678,0.09118696002611826,6.073268723688561,3288.42925,28.302,0.35888976659685407,0.30237801646903834,0.8523324924001576,0.09143246484375002,6.0560167920814445,2832.5042831947594,25.730410682791636,0.3721734220073354,0.30726728890139393,0.872499156517606,0.0944131868288127,6.069087100257618,2370.5107106854844,23.60181451612904,0.3838094610763572,0.2987482733579839,0.893234906683484,0.08925053083437665,6.043798930694656,4300.984832,33.104383999999996,0.3372436161593479,0.28098773074993866,0.8053943690045986,0.07895410483200001,6.225568360017024,4279.331842237903,33.02085433467742,0.340026718326886,0.290312223352245,0.8073946229791048,0.08428118702772379,6.141907056306998,4200.381696,32.1568,0.3479486459533787,0.28885185307350897,0.8099570224506484,0.083435393024,6.212983629233499,2867.3817962398375,26.090891768292686,0.3734369910220338,0.2893648675297536,0.8704744455122132,0.08373202656051186,6.10953465215491,5686.263982830385,39.49447190426639,0.31209224484231485,0.2622641330602878,0.7412815830815773,0.06878247548986433,6.364947014248405,5263.289761178861,37.74402947154472,0.3221133067053312,0.27933634508047933,0.7625097790318943,0.07802879368292064,6.214725963143062,5540.650039021852,38.57459677419355,0.3194403826189088,0.2693993060627861,0.7479293575345279,0.07257598610711072,6.351250957253096,moldy_bread_000007.jpg,spoiled_bread
822.6339812992126,9.902189960629922,0.5035576644289034,0.45462886359005217,0.966657901177695,0.20668740360918225,5.0214349429258505,1170.1197842395682,11.541447082894164,0.49516112173188087,0.4471768947339528,0.9525235209952634,0.1999671751839007,5.085124254993447,573.9740403543307,7.467642716535432,0.5231850028851033,0.45760353690506933,0.9767363133422873,0.20940099698802916,4.91466940759334,1175.475230950462,11.593403186806375,0.4935254184322012,0.44717501216544525,0.9523062289224729,0.19996549150516613,5.086918894324883,1635.8451140873017,13.884548611111112,0.4886015750769236,0.44211758803338086,0.9336265683319734,0.19546796164845429,5.146032222833679,1170.1197842395682,11.541447082894164,0.49516112173188087,0.4471768947339528,0.9525235209952634,0.1999671751839007,5.085124254993447,1193.6597222222224,11.065476190476192,0.5005000296739478,0.4481959086163967,0.9515679746661124,0.20087957250047742,5.063261609438375,1175.475230950462,11.593403186806375,0.4935254184322012,0.44717501216544525,0.9523062289224729,0.19996549150516613,5.086918894324883,2467.1195,17.743875,0.47446724094967013,0.4292913605765028,0.8997742572101375,0.18429107226562497,5.251650582265612,2380.231040564374,17.2336860670194,0.4731024693102248,0.4266636025107409,0.90317229009924,0.18204182970744354,5.266056298380824,1788.480625,14.018125,0.4875568907723825,0.43853067657448436,0.9273436900377535,0.192309154296875,5.164614689418352,2406.7404887881075,17.382968002015623,0.47275165641796646,0.42653466753711816,0.902093886734822,0.18193182261099994,5.273947576098663,3294.566784274193,21.710181451612904,0.4590225724877574,0.41645002869468906,0.8659708863134443,0.17343062639980736,5.349032346112798,3617.0650880000003,23.069440000000007,0.4467326618525097,0.4055742211926197,0.8523739972184888,0.164490448896,5.426588029487251,2355.9407762096776,16.684349798387096,0.4756309613241793,0.42934632058119937,0.904172847538709,0.18433826299661404,5.244291343828377,3660.5628160000006,23.226368,0.44860096049473336,0.40538265861282224,0.8505986916714524,0.16433509990399997,5.435103057874398,4115.772992886179,25.41247459349594,0.44613110285277546,0.40341244230058926,0.8322963802393915,0.16274159860292625,5.434549733207128,4838.983740894901,28.67052549427679,0.42639015239208417,0.3844166924953584,0.8017498820291964,0.14777619346907098,5.570796855985014,2867.1955665650403,19.0692962398374,0.46668255731944797,0.42090345095402076,0.8832325985681833,0.17715971502500374,5.310746670241041,4906.122138397501,28.916883454734645,0.4247569290450058,0.3842194351580995,0.7989992641437146,0.14762457435320903,5.578664276152834,moldy_bread_000008.jpg,spoiled_bread
865.6675688976378,14.46838090551181,0.23893810913188598,0.06159881510170072,0.9501265965880401,0.0037944140219335126,7.823729453007072,1246.5421910843825,18.18606237212475,0.19081651642162006,0.052227054872452196,0.9282553814291172,0.0027276652606501328,8.044952830749072,1036.7662401574803,16.686884842519685,0.19704696759349788,0.05241046064313927,0.9402944009656912,0.0027468563848260506,8.00535410282243,1204.3527187054376,17.73222146444293,0.19326443862087522,0.05226025721833957,0.9306851401726599,0.002731134484527013,8.038726088407094,1385.0926959325398,18.619109623015873,0.21011411378589476,0.06011721995779633,0.920253849712209,0.0036140801354540655,7.990546065476571,1246.5421910843825,18.18606237212475,0.19081651642162006,0.052227054872452196,0.9282553814291172,0.0027276652606501328,8.044952830749072,1618.55220734127,21.15290178571429,0.17039504098772107,0.0444435474192777,0.9068844344881919,0.001975228907209586,8.186560051944777,1204.3527187054376,17.73222146444293,0.19326443862087522,0.05226025721833957,0.9306851401726599,0.002731134484527013,8.038726088407094,1915.906375,22.105249999999998,0.18922300550258125,0.0596380849111958,0.8897704888873487,0.003556701171875,8.101049482713734,2061.849521289998,24.14430587049635,0.1609922557193261,0.04379785912319123,0.8814899215987194,0.0019182524637749053,8.259070838645808,2281.3355,25.529375,0.14877445416218468,0.03824045019674847,0.8689235746786705,0.00146233203125,8.313477785120618,2004.9806626354248,23.473481985386748,0.16228449212706375,0.044070469634304964,0.8847737093025584,0.0019422062937881962,8.229524007835032,2396.942225302419,25.207472278225804,0.1778496804591218,0.058932871853894266,0.8621797824492549,0.003473083384947523,8.172624434579227,2835.6701440000006,29.094144000000004,0.14391485364845868,0.037831687881985925,0.8372495960581022,0.0014312366080000004,8.393935931920282,2806.5137978830644,28.90139868951613,0.13290676610719598,0.03438184938944825,0.8389133677042105,0.0011821115674387032,8.410461946241668,2846.237504,28.72224,0.14134404876851545,0.03774624834337845,0.836697305034764,0.001424779264,8.372892025122486,2842.2919207317073,28.07926829268293,0.16886054561913938,0.05841158483320865,0.8366551074008375,0.003411913242727131,8.239342650219461,3476.887291883454,33.317963059313215,0.12179694535539767,0.033678600248351204,0.8006162892175215,0.0011342481146882416,8.510613052080615,3304.6381478658536,32.017594004065046,0.1235181319886741,0.031012623008703628,0.810556893944313,0.0009617827858799736,8.495170801027832,3612.041883454735,33.38085327783559,0.1250944273307488,0.033856126496063566,0.7929952825307939,0.0011462373013174576,8.486656269380585,moldy_bread_000009.jpg,spoiled_bread
551.5458292322835,13.807148129921261,0.20963370899360045,0.08134094099477898,0.9402658749857016,0.006616348681916116,8.129944468482531,865.4440448880898,16.30225060450121,0.18161379865488897,0.07351052748531323,0.9046535174213031,0.005403797651168991,8.25131895056257,704.247908464567,14.225393700787402,0.20187410082638607,0.07395098705443423,0.9224756632607846,0.005468748486325099,8.156706938908762,907.3695207390414,17.12102424204848,0.17498583378050714,0.07309075734327745,0.9000355101655058,0.005342258809013867,8.29936784010998,865.4218129960317,17.590587797619047,0.17709717280083614,0.07989428452794646,0.906262267671494,0.006383096700232465,8.294504496421403,865.4440448880898,16.30225060450121,0.18161379865488897,0.07351052748531323,0.9046535174213031,0.005403797651168991,8.25131895056257,1228.4569072420636,19.406312003968257,0.16174186168430593,0.06503434523643511,0.8623463820656517,0.004229466060331831,8.384841564151492,907.3695207390414,17.12102424204848,0.17498583378050714,0.07309075734327745,0.9000355101655058,0.005342258809013867,8.29936784010998,1111.9253125,19.8028125,0.16693229818503177,0.07896570161310541,0.879551301862399,0.006235582031249999,8.374847045071592,1483.6083396321492,21.818342151675484,0.1467119879273698,0.06410291586696888,0.8335719420846559,0.00410918382264769,8.471043626412197,1727.90975,23.6585,0.13959881927852713,0.058181793490317914,0.8027565440399851,0.00338512109375,8.53146335508599,1528.2016250944819,22.88025951121189,0.1394643118510693,0.06378313831371688,0.8285757051773884,0.0040682887331467375,8.508315900424206,1349.2091103830649,21.975743447580648,0.1549135499454488,0.07822591910371576,0.8537953675966189,0.006119294419621082,8.428269605415359,2012.664192,25.688447999999998,0.13071732841238268,0.05721746754270063,0.7699090432308009,0.0032738385919999996,8.589816964685351,2163.747101814516,26.869329637096772,0.12220647057009287,0.051100387398258826,0.748226222782053,0.0026112495922521297,8.61883133411348,2083.7400959999995,27.250367999999998,0.12041022104352576,0.0567203046536247,0.761802778925312,0.00321719296,8.63550166284329,1537.730691056911,23.504319105691064,0.15349969470768265,0.07777522614675823,0.8332456280107459,0.006048985802179386,8.461248945633171,2495.9885535900103,28.952133194588967,0.1162684796394566,0.05036952147584823,0.7089137140248641,0.0025370886937059363,8.672144536439278,2482.5026041666665,29.401867378048777,0.11215225985471372,0.04478279224534879,0.7058693566618862,0.002005498481290072,8.68851755242108,2547.2105879292403,30.51391779396462,0.10600853241505391,0.04997207848427737,0.7029806266578703,0.002497208628038777,8.7101530811929,moldy_bread_000010.jpg,spoiled_bread
546.5517962598426,7.935039370078741,0.5981201893866778,0.5446488110282433,0.9778881091516004,0.29664232735447904,4.237541234852829,935.6392832785666,10.522413044826092,0.5812319153502856,0.5368417761996712,0.9622197817170121,0.28819909267321786,4.33635360072771,650.435654527559,8.809424212598424,0.5926846634470048,0.5424955951379282,0.973685271377311,0.2943014707440549,4.2664395052547235,870.8221216442435,10.33269266538533,0.5810546283015966,0.537088847099402,0.964837036634364,0.2884644296785648,4.3351191555230715,1155.4915674603174,11.910466269841269,0.5770619404173731,0.5359983988180703,0.9533430539998462,0.2872942835355352,4.370021571596494,935.6392832785666,10.522413044826092,0.5812319153502856,0.5368417761996712,0.9622197817170121,0.28819909267321786,4.33635360072771,1377.3917410714284,13.214037698412698,0.5715534874720343,0.5316026589681466,0.9443830713317304,0.2826013870220036,4.402790415549472,870.8221216442435,10.33269266538533,0.5810546283015966,0.537088847099402,0.964837036634364,0.2884644296785648,4.3351191555230715,1796.7253750000004,15.512625000000003,0.5614867378303788,0.5272220998574748,0.9275870656621322,0.2779631425781251,4.466343448871617,2021.3138070042833,16.51347946586042,0.5559418711894526,0.5198845518868054,0.9186779005973954,0.2702799472905444,4.5134532855758875,2151.702375,17.354875,0.5557018219049306,0.5206706950234957,0.9132805241337957,0.2710979726562501,4.510206127548485,1832.0413202317966,16.04837490551776,0.5564160451424388,0.520518053114904,0.9262927676854021,0.27093904361852994,4.509703214176877,2425.8316532258063,18.785912298387096,0.5488853472680184,0.5183082478086029,0.9024086102253152,0.2686434397464241,4.548812788132968,3200.6243840000006,22.387840000000004,0.5353927319564258,0.5025173162389532,0.8716580869801811,0.2525236531200001,4.660812619467917,2937.742691532258,21.21748991935484,0.5392544490675857,0.509507458013578,0.8818143906705922,0.25959784977145794,4.5979852227609515,2889.5956480000004,21.470464000000003,0.533577183553698,0.5034187561384658,0.8841300356355517,0.2534304440320001,4.653756463542033,3032.208968495935,21.816310975609756,0.5383596313000634,0.50925423477594,0.8782246261161321,0.25933987563722827,4.626361457598875,4366.180541103018,27.98100936524454,0.5129321861705562,0.4845982041345149,0.8254400567218301,0.23483541945039696,4.791019338993667,3725.5760924796755,25.03607723577236,0.5267153126562134,0.49816765338782915,0.8503785767049057,0.2481710108819363,4.677612684354035,3947.152315296566,26.541623309053072,0.5148529538958442,0.4859031706282855,0.8421928095317833,0.23610189122662073,4.779646684423611,moldy_bread_000014.jpg,spoiled_bread
606.6976500984251,10.21376722440945,0.5245360835845636,0.38645394175261066,0.973224297435298,0.14934664909613019,5.165410620095724,1232.835513671027,15.091946183892365,0.473918280719381,0.37262464988774346,0.9454572751223992,0.13884912970396338,5.320433554804291,1056.2359744094488,13.272760826771654,0.49059638297653224,0.38400806236077306,0.9533008289737638,0.14746219195807536,5.226542963303591,1296.1055242110483,15.218674437348872,0.47674304500189985,0.37741440496616246,0.9426581030190491,0.14244163307596247,5.314528478940381,1082.2786458333333,14.269221230158731,0.49260963824579296,0.3725259301583733,0.9522079427313289,0.13877556864036125,5.315408072092257,1232.835513671027,15.091946183892365,0.473918280719381,0.37262464988774346,0.9454572751223992,0.13884912970396338,5.320433554804291,2163.428695436508,20.39657738095238,0.45049168073414336,0.3669660847301227,0.9041096054205993,0.1346641073421556,5.435034095751874,1296.1055242110483,15.218674437348872,0.47674304500189985,0.37741440496616246,0.9426581030190491,0.14244163307596247,5.314528478940381,1573.0996249999998,17.797375000000002,0.4748184089976634,0.3617894814754155,0.93052162161842,0.13089162890625,5.412448025488314,2477.0212899974804,23.213529856386998,0.42812696853429116,0.34846730254628233,0.8900766107286009,0.12142946094388225,5.556729805956508,3297.3865,27.060625,0.4216041092117831,0.35034930114458623,0.8534704241546941,0.12274463281249998,5.571457598954186,2629.5904509952134,23.54169816074578,0.43592155576562974,0.35539892638910675,0.8833060111609318,0.1263083968785297,5.555939183808313,2073.4471396169356,20.797946068548388,0.4629138732239948,0.3541499133896527,0.9084652450669746,0.1254221611538985,5.490327152402246,3789.4343039999994,30.25248,0.3988906899540441,0.3303825490790941,0.8313742716763932,0.109152628736,5.717186214785151,4428.441154233871,33.14566532258064,0.3994716133673459,0.33601670948830964,0.8027551971241378,0.11290722905535108,5.68465428041354,4014.879616,31.185152000000002,0.4030027923535917,0.33460556361184435,0.8213434363361453,0.1119608832,5.7189845887461095,2559.6945503048782,23.313452743902438,0.4513555319462724,0.3475915165119803,0.8870525451598983,0.12081986235109825,5.55041478003961,5154.756763787721,36.93782518210198,0.37648373871720187,0.3140788161678013,0.7702126522706133,0.09864550276536753,5.847718287758601,5577.643800813008,38.65625,0.3835858341191807,0.323478457424148,0.7511266629504538,0.10463831241750632,5.774353761644363,5360.925143080125,37.91200572320499,0.3774661446963379,0.31669392922846074,0.7610068623744902,0.10029504481016131,5.853064589855386,moldy_bread_000015.jpg,spoiled_bread
467.05437992125985,8.108021653543307,0.5360923626481477,0.375213702800652,0.9779021103782258,0.14078532276937603,5.11915702019144,1030.9228098456197,12.768181536363073,0.48259027500941243,0.3609938039490217,0.9510717512862573,0.1303165264895847,5.285301490300114,824.8097933070867,9.981176181102365,0.5236245596062743,0.37342749892099963,0.9608555627056097,0.13944809695039317,5.125233843579194,1057.687147374295,12.690433380866764,0.48918786757884936,0.3656552151636986,0.949801498896112,0.13370373637641073,5.279234677129095,910.8123139880952,12.459263392857142,0.5008605929137676,0.3604978140571085,0.9569140081970441,0.12995867393995358,5.293579431810547,1030.9228098456197,12.768181536363073,0.48259027500941243,0.3609938039490217,0.9510717512862573,0.1303165264895847,5.285301490300114,1767.7011408730164,16.55121527777778,0.4706312466032988,0.357466162149526,0.9158390956168543,0.1277820570819112,5.369819768808428,1057.687147374295,12.690433380866764,0.48918786757884936,0.3656552151636986,0.949801498896112,0.13370373637641073,5.279234677129095,1345.5855625,15.976312499999999,0.4783218422006596,0.34858782911825104,0.9363735095346218,0.12151347460937498,5.406532458696137,2176.3005165028976,20.801776266061978,0.43338089415670505,0.33556540337987734,0.8964053239557889,0.11260413994549978,5.544043180174636,2760.1521249999996,22.688,0.4393899456559197,0.3413733665513831,0.8681511577994339,0.11653577539062498,5.538779250973008,2275.4172965482494,21.05309901738473,0.44020158264088083,0.3428772007679475,0.891687239003145,0.11756477480646335,5.541909566486535,1775.8313382056458,19.061428931451616,0.4613112064694769,0.3385927991889706,0.9160773081434971,0.11464508366262259,5.49851280907491,3322.1914239999996,27.683904,0.3984097840957866,0.315616932777695,0.8414155690186166,0.09961404825600002,5.720669072799437,3766.266633064517,28.351562500000007,0.41430954464965225,0.3277221220624438,0.8195351363125682,0.1074017892891113,5.652623142433081,3576.638976,28.78656,0.4053654825200203,0.32106522861250486,0.8292711835225222,0.10308288102400001,5.740707851711495,2196.5628810975613,21.840574186991873,0.44722938028243786,0.32937104642443804,0.8962386534271745,0.10848528622272934,5.579563188586364,4505.785054630593,34.21273413111342,0.3704896683609363,0.2969114211354899,0.7844119030425231,0.08815639200069623,5.863161757840964,4770.540840955284,33.70966717479675,0.3927470011086682,0.3157533073915122,0.7708266256281668,0.09970015112867878,5.753281643166266,4926.059703433923,36.129812695109266,0.37545520448634373,0.3007307848789325,0.7642889787165243,0.09043900497389878,5.89567983044536,moldy_bread_000016.jpg,spoiled_bread
1172.453001968504,20.70103346456693,0.16009276168908507,0.07175096749481318,0.9174605970921647,0.005148201336441736,8.47059155505303,1600.062062124124,24.842767685535364,0.13266706380770016,0.06284295989953559,0.8879059128674279,0.0039492376089346375,8.628698379089569,1378.9865895669293,23.414739173228348,0.13404746049192479,0.06307171876938843,0.9030897986412683,0.003978041708524825,8.600893482482139,1617.5684791369583,25.10967821935644,0.12992207960595578,0.0625108083165543,0.8866868793315643,0.003907601156388995,8.63701392413718,1777.4061879960316,25.47240823412698,0.14349227410015386,0.07121813689062521,0.8753043822692208,0.005072023022171831,8.575723181364845,1600.062062124124,24.842767685535364,0.13266706380770016,0.06284295989953559,0.8879059128674279,0.0039492376089346375,8.628698379089569,2161.5175471230164,29.29408482142858,0.11318994582616615,0.05484178262223336,0.8488923668776336,0.003007621121184297,8.745826716211917,1617.5684791369583,25.10967821935644,0.12992207960595578,0.0625108083165543,0.8866868793315643,0.003907601156388995,8.63701392413718,2378.9985,29.266750000000002,0.13623459917705835,0.07085022163867945,0.8337269773673229,0.005019753906250002,8.642636631309687,2524.0621063240114,31.195641219450746,0.1092810863932503,0.05445722444827169,0.8247005602350497,0.0029655892946094395,8.766697474538315,2936.2706875000003,33.9286875,0.09905188968734352,0.04662407840912248,0.7957359439683055,0.0021738046875000006,8.84282050171262,2542.2985008818346,31.413139329806,0.10788105982711454,0.054344600890193696,0.8234363857982663,0.002953335645914442,8.77048200782519,2842.857295866936,31.972971270161295,0.12917487439449069,0.07029407906948704,0.8020458942553035,0.004941257552227295,8.681337794312139,3384.1188479999996,36.2224,0.09377035995853206,0.046213694939920134,0.7669718320617503,0.0021357055999999997,8.859573067735216,3558.4038558467746,37.51348286290323,0.0880563397800994,0.0414945532218958,0.7535567306141324,0.001721797947084743,8.90073050132267,3456.631488,36.73696,0.09289891074766218,0.04632543525969292,0.7619833528242781,0.002146045952,8.865875420223018,3295.995236280488,34.49917428861789,0.12780354682112646,0.07048864170621927,0.7714488520378653,0.0049686486095877535,8.708990790746062,4064.571670135276,40.06347554630594,0.08400029814833018,0.04113457191024559,0.72234377012167,0.0016920530062391654,8.919118192689183,4049.2807418699194,40.282266260162615,0.07823789009313703,0.03699681761790792,0.7206457932778618,0.001368764513852742,8.954591763288255,4196.254097294485,40.76437304890739,0.08379650172611322,0.041187493663688145,0.713391145621471,0.001696409634296351,8.921498974206566,moldy_bread_000018.jpg,spoiled_bread
1220.0888902559057,19.24538631889764,0.2132283245975207,0.05318181398963247,0.9139078403858502,0.0028283053392278673,8.389177044521386,2364.4101308202617,28.300638601277203,0.1300720712614853,0.04179325759854735,0.8322529810772423,0.001746676380698536,8.726644924056522,2201.4603223425192,27.005843996062993,0.13645551289540753,0.04204897246140856,0.8441307478241583,0.0017681160850602953,8.689444763226392,2557.7838675677353,29.593899187798378,0.1317429576243345,0.041947814966571066,0.8185302620770132,0.0017596191804696835,8.725408828649304,2091.7495039682544,25.9046378968254,0.1735220899598916,0.05188359651320543,0.8521913061988071,0.002691907587145102,8.565906739625298,2364.4101308202617,28.300638601277203,0.1300720712614853,0.04179325759854735,0.8322529810772423,0.001746676380698536,8.726644924056522,3900.1440972222217,37.81113591269841,0.09904985136227548,0.03316282111644747,0.7224838728823816,0.0010997727044014943,8.912862717136523,2557.7838675677353,29.593899187798378,0.1317429576243345,0.041947814966571066,0.8185302620770132,0.0017596191804696835,8.725408828649304,2868.2426250000003,30.934125,0.15428627675308584,0.051265184488354286,0.7971770835678953,0.0026281191406250007,8.674128638649481,4196.254535147393,39.63032249937012,0.09405386331691622,0.03278819520472022,0.7003442076960911,0.001075065744782838,8.94073761710888,5596.972,46.87275,0.08038017482783774,0.02730960367938356,0.6003498225388602,0.0007458144531250002,9.029452849823407,4433.08522297808,40.55410682791636,0.10105230022356838,0.0330469999881741,0.6834094723886237,0.0010921042082183787,8.91534140217397,3463.0698714717746,34.627835181451616,0.14117002253758104,0.05085241189251179,0.754942824299395,0.002585967795285674,8.734471171522824,5955.5297279999995,49.215743999999994,0.07522171447269241,0.027065455473721484,0.5728889167413548,0.0007325388800000002,9.064764088428785,7082.145350302419,54.56961945564516,0.07182763385693203,0.025142753531420117,0.49237093415936334,0.0006321580551417387,9.122236725890945,6155.48544,49.676032000000006,0.07839470785619865,0.02733687911960691,0.5584483297900654,0.0007473049600000001,9.030631941781701,3978.342479674797,37.60365853658537,0.1306638763397653,0.05051339993068431,0.7184297985279268,0.0025516035725572576,8.782935965864159,7470.20551508845,57.10145681581686,0.0661499842405685,0.02508716165077624,0.46179005507854476,0.000629365679692178,9.145731671882894,8339.020071138211,60.87017276422765,0.06049237970319041,0.019813713853012713,0.39948006040926615,0.00039258325664906794,9.190378020848575,7485.545200312175,56.28011186264308,0.07243182123997093,0.025094157642334584,0.4605137738891785,0.0006297167477783392,9.114653880933727,moldy_bread_000023.jpg,spoiled_bread
739.9650590551182,14.463705708661422,0.23108626276375666,0.07364505191724952,0.9598237175515666,0.005423593671894377,7.773196103737652,1167.1320602641208,17.421228842457687,0.20160558981969567,0.06616912220509973,0.936528374373371,0.004378352733393421,7.89038911454278,875.6240772637794,14.411724901574804,0.22562303649199147,0.06802625200380286,0.952467176899171,0.0046275709616848916,7.781941849786546,1157.1676483352967,17.751193502387004,0.20663282343686695,0.06697174358518534,0.9370722674284757,0.004485214438839815,7.909874546799971,1299.1553199404761,19.424665178571427,0.19973887462399015,0.07106235010952691,0.9293550115641107,0.005049857603088979,7.935087300558495,1167.1320602641208,17.421228842457687,0.20160558981969567,0.06616912220509973,0.936528374373371,0.004378352733393421,7.89038911454278,1643.608878968254,20.98065476190476,0.17339804253420227,0.05729775601851112,0.9106384905687506,0.0032830328447568274,8.030585974964287,1157.1676483352967,17.751193502387004,0.20663282343686695,0.06697174358518534,0.9370722674284757,0.004485214438839815,7.909874546799971,1850.044,23.188125,0.1808299476568057,0.0694857224543287,0.8992672547875865,0.004828265625,8.027364018954845,2157.435626102293,24.455026455026456,0.1600359572428481,0.05526946184188143,0.8823000671183299,0.003054713412291188,8.115324907505567,2413.1870625,26.1731875,0.14798128303876604,0.04882536242184998,0.8685882940193704,0.0023839160156250002,8.184335815505953,2129.84019904258,24.808956916099774,0.16769014299545987,0.0567694382516293,0.8838202779481606,0.0032227691194055517,8.13186072664833,2389.158077116936,26.5933089717742,0.17091778531952145,0.06891922649810106,0.8697764479087774,0.004749859781096556,8.096339079077039,3100.219392,30.13632,0.13613376781347242,0.04719962033745611,0.8303496320261872,0.00222780416,8.256739598157571,3099.8879158266127,30.287235383064516,0.12947282600610932,0.04330109967922223,0.8309712370880606,0.0018749852334299395,8.286498468815957,3093.416448,30.694399999999995,0.14313676850682683,0.048554408903826646,0.8307736049722317,0.0023575306240000006,8.268380150916434,2895.416793699187,29.601498983739837,0.1602406605399112,0.06801956864268463,0.8420201963983143,0.004626661718336887,8.15591962890603,3910.258779916754,34.70714099895942,0.12061334404904497,0.04233144115860014,0.7854760227178145,0.001791950910564026,8.35574524870237,3701.545731707317,33.81707317073171,0.11610210462942329,0.0394214987581703,0.7979933406614435,0.0015540545643404223,8.360882568187586,3957.4873178980233,35.73367585848075,0.12302283840793812,0.042921401434210416,0.7829824281833655,0.00184224670107664,8.377210018902646,moldy_bread_000028.jpg,spoiled_bread
412.7068774606299,6.996370570866143,0.5381080066030429,0.19298929948779597,0.9714892347628737,0.03724486971679021,5.649015605581203,1025.6276892553788,11.840101680203361,0.46981476977478526,0.1826327077242472,0.928506001456457,0.0333547059306903,5.924259890029946,787.2522145669291,9.706077755905511,0.49393707518642005,0.18720202842680164,0.9449743713919437,0.03504459944710905,5.804581469907448,837.8965837931676,10.235848471696944,0.4793151061835935,0.1844064477853633,0.941591592170536,0.03400573798481592,5.8540605291425045,800.5471850198413,10.513082837301585,0.4837359407451842,0.18562873377871988,0.9448309718151944,0.03445802680429086,5.865214561005244,1025.6276892553788,11.840101680203361,0.46981476977478526,0.1826327077242472,0.928506001456457,0.0333547059306903,5.924259890029946,1664.665364583333,16.12295386904762,0.42183607451629135,0.17413775020990493,0.8825547907454381,0.030323956048167244,6.10364952123593,837.8965837931676,10.235848471696944,0.4793151061835935,0.1844064477853633,0.941591592170536,0.03400573798481592,5.8540605291425045,1198.4078125,13.6374375,0.4493991954869668,0.18046693992598756,0.9176389883874716,0.03256831640625,6.010613589947894,2178.454018644495,19.944822373393805,0.40065039672373204,0.16800252525003476,0.8471264295179805,0.028224848490388567,6.240813253417696,2563.672625,22.14875,0.37579709239576486,0.16405401763786526,0.8174335727940105,0.026913720703125,6.296454720589361,1742.7315444696399,16.80549256739733,0.4054394676464562,0.17162215765434477,0.8776988486891851,0.029454164997932773,6.157023609459028,1593.5130418346776,16.608303931451612,0.4235073074026179,0.17606014339230575,0.8908001022622271,0.030997174091319264,6.11714823232183,3333.4241920000004,27.446208,0.3517172657668701,0.15635769125949642,0.7646227648032996,0.024447727616,6.448614353478154,3450.2895035282254,27.793157762096776,0.3389027619655947,0.1552857623584123,0.7521989470683617,0.024113667991233295,6.44035839521341,2666.207552,22.899264,0.36002628396354736,0.16058958890289246,0.811717916978484,0.025789016063999998,6.359237611851175,1969.7891260162605,19.264481707317074,0.4067465751582031,0.17264625611664366,0.8653964492002855,0.029806729751093716,6.2083313140959335,4469.8722034339235,34.51372268470344,0.31808023135440355,0.1473235494300103,0.6827477800217586,0.021704228216656688,6.599874745439987,4323.063516260163,33.234247967479675,0.3109373624741159,0.14675385520671494,0.686531294844232,0.021536694018033452,6.559269748176034,3555.766844432883,28.56926378772112,0.32563909297688387,0.15168920055124796,0.7475922933393884,0.023009613563876728,6.5175816635235835,moldy_bread_000034.jpg,spoiled_bread
536.3568528543307,9.628137303149606,0.2719739878993712,0.02581265586303728,0.9701040723021056,0.0006662932027035929,7.969390393660349,822.0807241614484,11.961311922623846,0.2455383521027038,0.02407677247393372,0.9541369110638227,0.0005796909727615724,8.083224536657443,610.3515009842521,9.78149606299213,0.3413357267388897,0.029509771801726672,0.965810741440336,0.0008708266317899826,7.8105049073453525,786.6232252464506,11.61473122946246,0.25705629549719383,0.024822320894469032,0.9561153588712953,0.0006161476145879938,8.03572281007579,1022.0814112103174,13.885230654761903,0.1989365669662771,0.021634187688858726,0.9432526900358523,0.0004680380769567665,8.230214819230468,822.0807241614484,11.961311922623846,0.2455383521027038,0.02407677247393372,0.9541369110638227,0.0005796909727615724,8.083224536657443,1178.1602802579366,13.965339781746035,0.24980032064641236,0.024253222911601268,0.9339456989835541,0.0005882188215998207,8.073948670508273,786.6232252464506,11.61473122946246,0.25705629549719383,0.024822320894469032,0.9561153588712953,0.0006161476145879938,8.03572281007579,1479.4614375,17.1929375,0.16186621533238377,0.01970356487415412,0.9181597802753464,0.00038823046875,8.363034510217183,1611.869425547997,17.731985386747294,0.17171554632465597,0.01981015128418305,0.9103498020163212,0.00039244209390221934,8.359879305671697,1771.5679375,17.6211875,0.19826989892919558,0.021800498130776738,0.9005861596520194,0.00047526171875,8.22375442481755,1534.8560720584533,17.035588309397834,0.17847514633034378,0.02048088804634466,0.9146347027802174,0.00041946677516690355,8.317257241449674,1908.883127520161,20.139553931451612,0.14111734017473995,0.018460826532822352,0.8947624786694826,0.00034080211627495773,8.469081135231818,2404.289984,22.632512,0.13666475508503212,0.017827762619016443,0.8666538245142148,0.00031782912,8.516977134552285,2365.297883064516,20.909526209677416,0.17025069246675587,0.020424581837208588,0.8671525351226419,0.0004171635432248309,8.326329934159574,2319.4211200000004,21.795008000000003,0.1407389657821307,0.01851857445917477,0.871366060868,0.0003429376000000001,8.46781553135654,2344.826410060976,22.885226117886184,0.13062613336298465,0.017452009944756965,0.8711465287182222,0.00030457265111189603,8.551458334942293,3213.0260796045786,27.34787981269511,0.1149131801544345,0.016535565841063492,0.8222614168722431,0.0002734249376841458,8.63022432688923,2990.411140752033,24.271277947154474,0.15134584912489032,0.019274124006924458,0.8319018211060131,0.00037149185623430167,8.418779841356983,3118.3868366285124,26.338709677419352,0.1150438002968083,0.017084289015102106,0.8275052136263743,0.0002918729311515385,8.585032250189293,moldy_bread_000046.jpg,spoiled_bread
681.7042322834645,10.993602362204722,0.2726283284303483,0.07649718864209094,0.9641703762903926,0.005851819870143647,6.895734989356657,988.6479632959267,14.033418066836136,0.21815349369548112,0.07142208422075104,0.9480535143695353,0.005101114114436055,7.05968544395796,715.7645792322835,12.034633366141732,0.23971471441793565,0.07414990481525977,0.9623821263958076,0.0054982083841120825,6.96800145717814,1027.6625953251908,14.31434062868126,0.2215257675886655,0.07117256429352092,0.9460046483050414,0.00506553390811537,7.06050068778885,1266.7919146825398,15.603670634920636,0.24069116223109108,0.07175443884838217,0.9334384313284598,0.005148699494446217,7.102303336454153,988.6479632959267,14.033418066836136,0.21815349369548112,0.07142208422075104,0.9480535143695353,0.005101114114436055,7.05968544395796,1382.9252232142858,17.288194444444443,0.18845488289523682,0.06718741531383274,0.9273303918235403,0.004514148776553446,7.1896837404310885,1027.6625953251908,14.31434062868126,0.2215257675886655,0.07117256429352092,0.9460046483050414,0.00506553390811537,7.06050068778885,1868.569625,19.876250000000002,0.21076797967292873,0.06711247264387596,0.9018400288964116,0.004504083984374999,7.258814435115164,1902.2245527840766,20.801020408163268,0.17467272405502576,0.0637393945436482,0.9000590871023147,0.00406271041679085,7.341308069359518,2089.0369375,21.910062500000002,0.1687191035023011,0.06318759272990228,0.8902211519214083,0.003992671875,7.345174216400592,2025.718820861678,21.401108591584787,0.17129543285134746,0.06355091577192913,0.8935797386851131,0.004038718895450831,7.322657178372198,2450.166519657258,23.834866431451612,0.19515854618187492,0.06324680732986401,0.8713245099540513,0.00400015863742094,7.3834957785990305,2797.157312,26.744895999999997,0.14731165469919527,0.05808961683468054,0.8529697378011407,0.003374403584,7.533483085989774,2787.490297379032,26.31628024193548,0.15035979712501543,0.060027420309497835,0.8535252055576399,0.0036032911890131135,7.464617604432289,3040.5240959999996,27.816768,0.14593573778310234,0.058785924846003736,0.8401972880095909,0.0034557849599999996,7.512356551885417,3013.007304369919,27.374047256097562,0.17825281388108036,0.06000135384715132,0.8418057661247879,0.0036001624634910607,7.487512899545738,3660.5948881373565,32.18164672216441,0.12836129875919414,0.053487899078146,0.8074760227162003,0.0028609553477939318,7.692423592471469,3482.364329268293,30.45909552845529,0.13872181897226588,0.05759466259171948,0.8170011811859531,0.003317145159054011,7.564312767330496,3992.155892299688,33.397827783558796,0.13358562128007284,0.05481339578192709,0.7900590573888198,0.0030045083571461828,7.66030777669449,moldy_bread_1.jpg,spoiled_bread
865.6675688976378,14.46838090551181,0.23893810913188598,0.06159881510170072,0.9501265965880401,0.0037944140219335126,7.823729453007072,1246.5421910843825,18.18606237212475,0.19081651642162006,0.052227054872452196,0.9282553814291172,0.0027276652606501328,8.044952830749072,1036.7662401574803,16.686884842519685,0.19704696759349788,0.05241046064313927,0.9402944009656912,0.0027468563848260506,8.00535410282243,1204.3527187054376,17.73222146444293,0.19326443862087522,0.05226025721833957,0.9306851401726599,0.002731134484527013,8.038726088407094,1385.0926959325398,18.619109623015873,0.21011411378589476,0.06011721995779633,0.920253849712209,0.0036140801354540655,7.990546065476571,1246.5421910843825,18.18606237212475,0.19081651642162006,0.052227054872452196,0.9282553814291172,0.0027276652606501328,8.044952830749072,1618.55220734127,21.15290178571429,0.17039504098772107,0.0444435474192777,0.9068844344881919,0.001975228907209586,8.186560051944777,1204.3527187054376,17.73222146444293,0.19326443862087522,0.05226025721833957,0.9306851401726599,0.002731134484527013,8.038726088407094,1915.906375,22.105249999999998,0.18922300550258125,0.0596380849111958,0.8897704888873487,0.003556701171875,8.101049482713734,2061.849521289998,24.14430587049635,0.1609922557193261,0.04379785912319123,0.8814899215987194,0.0019182524637749053,8.259070838645808,2281.3355,25.529375,0.14877445416218468,0.03824045019674847,0.8689235746786705,0.00146233203125,8.313477785120618,2004.9806626354248,23.473481985386748,0.16228449212706375,0.044070469634304964,0.8847737093025584,0.0019422062937881962,8.229524007835032,2396.942225302419,25.207472278225804,0.1778496804591218,0.058932871853894266,0.8621797824492549,0.003473083384947523,8.172624434579227,2835.6701440000006,29.094144000000004,0.14391485364845868,0.037831687881985925,0.8372495960581022,0.0014312366080000004,8.393935931920282,2806.5137978830644,28.90139868951613,0.13290676610719598,0.03438184938944825,0.8389133677042105,0.0011821115674387032,8.410461946241668,2846.237504,28.72224,0.14134404876851545,0.03774624834337845,0.836697305034764,0.001424779264,8.372892025122486,2842.2919207317073,28.07926829268293,0.16886054561913938,0.05841158483320865,0.8366551074008375,0.003411913242727131,8.239342650219461,3476.887291883454,33.317963059313215,0.12179694535539767,0.033678600248351204,0.8006162892175215,0.0011342481146882416,8.510613052080615,3304.6381478658536,32.017594004065046,0.1235181319886741,0.031012623008703628,0.810556893944313,0.0009617827858799736,8.495170801027832,3612.041883454735,33.38085327783559,0.1250944273307488,0.033856126496063566,0.7929952825307939,0.0011462373013174576,8.486656269380585,moldy_bread_10.jpg,spoiled_bread
551.5458292322835,13.807148129921261,0.20963370899360045,0.08134094099477898,0.9402658749857016,0.006616348681916116,8.129944468482531,865.4440448880898,16.30225060450121,0.18161379865488897,0.07351052748531323,0.9046535174213031,0.005403797651168991,8.25131895056257,704.247908464567,14.225393700787402,0.20187410082638607,0.07395098705443423,0.9224756632607846,0.005468748486325099,8.156706938908762,907.3695207390414,17.12102424204848,0.17498583378050714,0.07309075734327745,0.9000355101655058,0.005342258809013867,8.29936784010998,865.4218129960317,17.590587797619047,0.17709717280083614,0.07989428452794646,0.906262267671494,0.006383096700232465,8.294504496421403,865.4440448880898,16.30225060450121,0.18161379865488897,0.07351052748531323,0.9046535174213031,0.005403797651168991,8.25131895056257,1228.4569072420636,19.406312003968257,0.16174186168430593,0.06503434523643511,0.8623463820656517,0.004229466060331831,8.384841564151492,907.3695207390414,17.12102424204848,0.17498583378050714,0.07309075734327745,0.9000355101655058,0.005342258809013867,8.29936784010998,1111.9253125,19.8028125,0.16693229818503177,0.07896570161310541,0.879551301862399,0.006235582031249999,8.374847045071592,1483.6083396321492,21.818342151675484,0.1467119879273698,0.06410291586696888,0.8335719420846559,0.00410918382264769,8.471043626412197,1727.90975,23.6585,0.13959881927852713,0.058181793490317914,0.8027565440399851,0.00338512109375,8.53146335508599,1528.2016250944819,22.88025951121189,0.1394643118510693,0.06378313831371688,0.8285757051773884,0.0040682887331467375,8.508315900424206,1349.2091103830649,21.975743447580648,0.1549135499454488,0.07822591910371576,0.8537953675966189,0.006119294419621082,8.428269605415359,2012.664192,25.688447999999998,0.13071732841238268,0.05721746754270063,0.7699090432308009,0.0032738385919999996,8.589816964685351,2163.747101814516,26.869329637096772,0.12220647057009287,0.051100387398258826,0.748226222782053,0.0026112495922521297,8.61883133411348,2083.7400959999995,27.250367999999998,0.12041022104352576,0.0567203046536247,0.761802778925312,0.00321719296,8.63550166284329,1537.730691056911,23.504319105691064,0.15349969470768265,0.07777522614675823,0.8332456280107459,0.006048985802179386,8.461248945633171,2495.9885535900103,28.952133194588967,0.1162684796394566,0.05036952147584823,0.7089137140248641,0.0025370886937059363,8.672144536439278,2482.5026041666665,29.401867378048777,0.11215225985471372,0.04478279224534879,0.7058693566618862,0.002005498481290072,8.68851755242108,2547.2105879292403,30.51391779396462,0.10600853241505391,0.04997207848427737,0.7029806266578703,0.002497208628038777,8.7101530811929,moldy_bread_11.jpg,spoiled_bread
861.5557332677165,9.982406496062993,0.5507426628865064,0.3944712247769264,0.9597454068349964,0.15560754717700842,5.103759457422958,1990.01364002728,16.457560915121825,0.5191085583398831,0.38377865915088044,0.9067128676916335,0.14728605921964769,5.300329516927993,1435.6086368110239,12.606668307086615,0.5390436046867907,0.3915856489614837,0.9327518304917979,0.15333932047258633,5.164570685467664,1651.5839791679591,14.12908425816852,0.5299514717617453,0.3857488177765506,0.9225776496783674,0.14880215041600647,5.230927417815742,1824.719246031746,16.38219246031746,0.5214178559532507,0.38438757902226295,0.9146718144028303,0.14775381090659645,5.295213416810743,1990.01364002728,16.457560915121825,0.5191085583398831,0.38377865915088044,0.9067128676916335,0.14728605921964769,5.300329516927993,2992.8260168650795,21.5546875,0.49880382220343117,0.3782051752262208,0.8593329357569485,0.1430391545678964,5.390669418224135,1651.5839791679591,14.12908425816852,0.5299514717617453,0.3857488177765506,0.9225776496783674,0.14880215041600647,5.230927417815742,2806.9785,22.15425,0.501870337583589,0.37392268951532615,0.8686163476320125,0.139818177734375,5.439802801617952,4182.125346434871,28.584152179390276,0.47527463877609133,0.36281954999787713,0.8031281016007051,0.13163802586066206,5.575497247464916,4598.444750000001,29.899125000000005,0.47037995634342733,0.3650843438508423,0.7831203885294356,0.13328657812500005,5.551793253254493,3416.624842529605,24.05933484504913,0.48948662882381355,0.36716501704202165,0.8391637353862679,0.13481014973946803,5.487282327192226,3777.971774193548,27.600302419354836,0.4844411917967472,0.3635596133076935,0.8229849856837333,0.13217559242843963,5.551182691759131,6300.500352,39.37728,0.4390664366836027,0.3414222750788237,0.7021145093576123,0.11656916992,5.781166680769226,6099.006930443549,37.509828629032256,0.44458241333017035,0.3523375775245779,0.7113506592828743,0.12414176853588793,5.68145417040191,5169.4515200000005,33.105024,0.4558327477914282,0.3483371137734249,0.7555901093000625,0.12133874483199998,5.690475896305523,4731.670541158537,32.79871697154472,0.4705087092811184,0.3529705845733826,0.7780452050701533,0.12458823357407543,5.655976671334411,8172.708506763788,48.67911030176899,0.403870650288443,0.32010113813735686,0.6118724429884488,0.10246473863683121,5.950445656401766,7381.856643800814,43.94264481707317,0.4252921440020296,0.34071287106538445,0.6495867092569878,0.1160852605096173,5.793262376847267,6774.172736732571,41.13904786680542,0.4237354561167345,0.32937116428357055,0.6782898701322472,0.10848536386151482,5.853194800091831,moldy_bread_12.jpg,spoiled_bread
536.3516855314962,8.157049704724411,0.6737291013576505,0.5606564562506028,0.9776292257770806,0.31433566193548407,3.5125943735755554,1020.5699051398103,11.857151714303429,0.6405580045484449,0.5492510291347348,0.957333421760774,0.30167669300556527,3.6121216784850274,757.9731791338581,9.479330708661418,0.6605000676033068,0.5605285306477378,0.9682422875129115,0.3141922336701119,3.534933217743994,960.2007564015128,11.03726207452415,0.6502098956297646,0.5553071434592399,0.959857251823669,0.3083660235768608,3.5937273818257354,1037.57421875,11.544332837301589,0.6523410742035043,0.5472796230441702,0.9568270123422857,0.299514985799369,3.61196878951806,1020.5699051398103,11.857151714303429,0.6405580045484449,0.5492510291347348,0.957333421760774,0.30167669300556527,3.6121216784850274,1680.0499751984125,14.62859623015873,0.6290210788873111,0.5472772486799752,0.9294374664217419,0.2995123869227234,3.674896835948649,960.2007564015128,11.03726207452415,0.6502098956297646,0.5553071434592399,0.959857251823669,0.3083660235768608,3.5937273818257354,1570.3541875,14.4725625,0.6381266847503524,0.5371077020428491,0.9348322230817308,0.2884846835937499,3.6771841375569734,2258.309712773999,18.496031746031747,0.6055051850903721,0.5285463498833586,0.9055966945124121,0.2793612439750217,3.7789614189649443,2666.3949375000007,19.641437500000002,0.6016201714916906,0.5339212492405834,0.8877257978129339,0.2850719003906252,3.7709840766619203,2159.3370496346683,17.181216931216927,0.6174818812878444,0.5377638493658536,0.9097340130123558,0.28918995768478056,3.759260121099115,2111.7399193548385,17.166204637096776,0.6267462185910532,0.5284761719895973,0.9126129677249112,0.27928706436077844,3.732995678629509,3491.250624,24.120127999999998,0.5789312871925919,0.5145272327875368,0.8541094483645875,0.26473827328,3.8852238049260555,3623.7549773185483,24.10439768145162,0.5855391283881335,0.52353841768068,0.8470569654794131,0.2740924747875902,3.841593436888248,3445.940928,23.212480000000003,0.58805995552416,0.5216552451725182,0.8560040441283565,0.272124194816,3.8791139900283267,2652.2533663617887,19.65961636178862,0.61788735080569,0.5210171727155769,0.8905471713355888,0.27145889426453335,3.781987402374142,4719.838644640999,29.55092351716961,0.5603308767946548,0.5020095465686558,0.8029381853160672,0.2520135848460674,3.971477217444032,4555.524009146341,28.338795731707318,0.5720627641022646,0.5145277506246219,0.8073482645396076,0.2647388061628331,3.8939387215814367,4740.9782778355875,29.06776795005203,0.5673102014301222,0.5070131780032273,0.8020444105862573,0.25706236266893223,3.972719875122934,moldy_bread_13.jpg,spoiled_bread
439.27632874015757,6.138779527559057,0.6844994485882293,0.5430373240723987,0.9811246305932759,0.29488953533571133,3.7687565306016464,1113.432326864654,9.928203856407716,0.6476520035301538,0.5362284164369773,0.9520092354705372,0.28754091459450837,3.8952922062212254,1013.6227854330709,8.941929133858268,0.6579351107015818,0.5413622849449321,0.9562485218902336,0.2930731235607979,3.840659030551658,1240.6847293694586,10.929257858515715,0.640439174380294,0.534991990843392,0.9465244476329024,0.28621643026657606,3.9217633753099714,831.0851934523808,9.532242063492063,0.6572739625485672,0.5350527635535057,0.9643375070306176,0.28628145978624375,3.9054313689792095,1113.432326864654,9.928203856407716,0.6476520035301538,0.5362284164369773,0.9520092354705372,0.28754091459450837,3.8952922062212254,1958.5858134920636,14.737971230158731,0.6237863592248895,0.5309606000783769,0.9151907407556389,0.28191915883559004,3.9995608856807907,1240.6847293694586,10.929257858515715,0.640439174380294,0.534991990843392,0.9465244476329024,0.28621643026657606,3.9217633753099714,1236.3622500000001,12.629250000000003,0.6385483865707808,0.5266208591547387,0.9470171845574985,0.27732952929687504,4.003226630397197,2168.475812547241,16.535021415973798,0.6108562808793103,0.5218267834449989,0.906375610549963,0.2723031919205538,4.089202526770384,2931.2000625,20.243312500000002,0.599399001350997,0.520866343745567,0.8726635126880585,0.27130174804687507,4.119606612923275,2438.6947593852365,18.443436633912828,0.60539745174349,0.5183928636482174,0.894708851912788,0.2687311610813993,4.127706331322286,1647.2825100806451,15.481476814516128,0.6240459027325378,0.5181042499558094,0.9294988798596817,0.2684320138222718,4.089929250778731,3229.09152,22.608064000000002,0.583876024700563,0.5066336835860799,0.8603450718500831,0.25667768934400004,4.2334014492836065,3836.0861895161283,25.181451612903224,0.5810621709745253,0.5107765572135066,0.8327961525584268,0.26089269139888255,4.21385711373906,3663.6283520000006,25.411648000000007,0.5751717092563841,0.5018183537496413,0.84155179526576,0.2518216601600001,4.272295854177354,2104.3228531504064,18.184641768292682,0.6133606668387859,0.5095585548659265,0.910050668715626,0.2596499208370514,4.163833308891435,4296.095733610822,28.220863683662852,0.5597284038755681,0.4915392999117035,0.8138712097782611,0.24161088335768757,4.362889236945449,4724.468305386179,29.771277947154474,0.5623463073025572,0.5006884942405301,0.7935291147186881,0.2506889682648494,4.28462211535844,4927.154266389178,31.826873048907395,0.5501140643107686,0.48464079436080565,0.7865305338370343,0.2348766995586727,4.405519018263542,moldy_bread_14.jpg,spoiled_bread
682.4466043307086,8.27669783464567,0.5780723326577577,0.41793125331753894,0.9652951000412442,0.1746665324995689,4.884501612452274,1741.0760121520245,14.250170500341003,0.5400639790453738,0.40896875471006383,0.91102451229302,0.16725544232910036,5.0642270724192375,1505.372785433071,12.5871062992126,0.5521014231874977,0.41497356393098866,0.9230691685155963,0.17220305876158631,4.9911622140014265,1791.5591171182339,14.646723293446584,0.5375301365562294,0.4074707394267099,0.9084446370584057,0.16603240348894974,5.083481803775656,1427.4751984126988,13.22681051587302,0.5512188627557993,0.4088375111061897,0.9274019538950533,0.1671481104875038,5.04810280396355,1741.0760121520245,14.250170500341003,0.5400639790453738,0.40896875471006383,0.91102451229302,0.16725544232910036,5.0642270724192375,3085.487351190476,21.566964285714285,0.5137559179005837,0.40165708091077085,0.8415206938649253,0.1613284106457615,5.21386067330951,1791.5591171182339,14.646723293446584,0.5375301365562294,0.4074707394267099,0.9084446370584057,0.16603240348894974,5.083481803775656,2218.3425,17.735625,0.5362104809178818,0.39987134894003723,0.8871642121605946,0.159897095703125,5.174045934292151,3621.3362307886127,24.594734189972293,0.5013354992773609,0.3899820827817769,0.8139998919040202,0.15208602489081266,5.329775816243868,4768.9731249999995,30.262500000000006,0.48797102114120217,0.3885052661121532,0.7537828962720113,0.15093634179687498,5.3696789832609095,3723.154195011338,25.192617787855884,0.4960573823831557,0.3874114540319501,0.8087702884801441,0.1500876347151498,5.343399863983711,2969.7530241935483,21.87273185483871,0.5201372662186232,0.3906378673454669,0.8489121607353369,0.1525979434042146,5.282670742428936,5501.252032,34.145599999999995,0.46807309302744815,0.3706277658244185,0.7159768995516564,0.13736494079999997,5.520289910283912,6341.260269657258,38.19965977822581,0.4618008714496969,0.3754564960896204,0.6708916161077578,0.14096758045589514,5.5065850819432995,5629.609408,34.928703999999996,0.4623972084992447,0.3670812852107827,0.7093499608684491,0.134748669952,5.545703211138475,3663.20299796748,25.68254573170732,0.5064145744838767,0.38104438621656894,0.8135804330471476,0.14519482426716177,5.3766976645167155,7190.634430280958,42.53206295525494,0.4368135331287496,0.3512125193941688,0.6268038082370275,0.12335023377919939,5.683972274045228,7663.537474593497,44.861534552845534,0.43986086004631686,0.362532738576239,0.6004235695560887,0.13142998653958768,5.608065728477543,7316.027510405827,43.504357440166494,0.4289612554488627,0.3466344322198961,0.6202958678835362,0.12015542960040973,5.718668127174361,moldy_bread_15.jpg,spoiled_bread
742.9659202755905,10.659694881889763,0.46892069783697365,0.31546454180516104,0.9651998260485151,0.09951787713634021,5.8586511798303915,1694.86111972224,15.888585777171556,0.4381723242810532,0.3053728134917184,0.9203590430664748,0.09325255521984785,6.014161848863328,1370.7624261811025,13.6529281496063,0.4512857161768104,0.3123036813012106,0.9357935422505044,0.09753358935428812,5.923700016460581,1656.7677475354951,15.892677785355573,0.4367605577806477,0.30406687002413785,0.922149037879899,0.09245666144627596,6.022027256445458,1483.8909970238096,15.633556547619047,0.44855730716043196,0.304631402316264,0.9302631807429801,0.0928002912771735,6.020331593519421,1694.86111972224,15.888585777171556,0.4381723242810532,0.3053728134917184,0.9203590430664748,0.09325255521984785,6.014161848863328,2754.9578373015875,21.931423611111114,0.41610296176982986,0.2978644724531867,0.8705409299128979,0.0887232439498152,6.148629504807504,1656.7677475354951,15.892677785355573,0.4367605577806477,0.30406687002413785,0.922149037879899,0.09245666144627596,6.022027256445458,2284.304875,20.425375000000003,0.42867527166301234,0.2933741478470794,0.8922685645563883,0.086068390625,6.1623268656974455,3439.6108591584784,26.082262534643487,0.3960861899287318,0.28432138776367094,0.8372919801356893,0.08083865153985972,6.294056977585184,4223.544375,29.967000000000002,0.38596001805069025,0.28361495960632965,0.8008764360512377,0.0804374453125,6.3267187477213795,3350.9708994709,25.658100277147902,0.3944414702778284,0.28155198378517565,0.8414850219977407,0.07927151957336781,6.30345721822488,3081.1972026209687,25.00302419354839,0.41386211745974416,0.2821390419618318,0.854145204104273,0.07960243899914031,6.274676068834065,5304.042048,36.040512,0.35889448334672835,0.2627422626377416,0.7473318041827492,0.06903349657599998,6.5192473548632615,5694.728704637097,37.743321572580655,0.35968868272842697,0.269567837866864,0.7306311420390426,0.07266681921221589,6.466669380745762,5132.408128000001,35.212480000000006,0.3546812806754849,0.2587114130918851,0.7555079144991811,0.06693159526400001,6.524329940464824,3912.9615726626016,29.538808434959353,0.3975077277528067,0.27131226101574735,0.8140886172831149,0.07361034297747703,6.389691920975714,7145.213709677419,45.513267429760674,0.3249110332262559,0.2410742990456377,0.6571273261535377,0.058116817660345564,6.7154750144536255,7049.575711382115,44.76321138211382,0.332034184835982,0.25574099866670624,0.6655466507133178,0.06540345839904425,6.585326713209563,6874.147632674298,44.13514568158169,0.32052950008704434,0.2357790366127249,0.6701347958230948,0.05559175410602466,6.718482408745533,moldy_bread_16.jpg,spoiled_bread
148.99778543307087,3.872539370078741,0.7152985164350386,0.5395973612899654,0.9860644526116139,0.29116531231109344,3.475835690304475,692.5216070432141,6.860871721743444,0.6772554979739607,0.5312836009420293,0.9338505346812834,0.2822622646299295,3.6100564729231355,665.5529035433071,6.517962598425198,0.6864999700369417,0.5352916186141077,0.9364513721493513,0.2865371169585113,3.5664515675738615,712.946307892616,7.167028334056669,0.6730174196171627,0.5300923202880308,0.9318995731130931,0.2809978680283482,3.6258115751534863,237.77306547619054,5.004588293650794,0.6902133553901493,0.5332098890099746,0.977751595932555,0.2843127857380294,3.577383211435877,692.5216070432141,6.860871721743444,0.6772554979739607,0.5312836009420293,0.9338505346812834,0.2822622646299295,3.6100564729231355,1290.298859126984,10.325272817460316,0.6489408862604298,0.5236894727771871,0.874057491894517,0.27425066389764824,3.726028681467568,712.946307892616,7.167028334056669,0.6730174196171627,0.5300923202880308,0.9318995731130931,0.2809978680283482,3.6258115751534863,334.2836250000001,6.209750000000001,0.6686436600430598,0.5263282602140987,0.9687064711477608,0.2770214375000001,3.669710084304285,1358.8752834467123,11.216553287981858,0.6294581725586105,0.5153813451149394,0.867266761784548,0.26561793089248426,3.807604999439781,1920.7780000000002,14.124500000000001,0.6202296590086214,0.5122111342930277,0.8081745307157678,0.2623602460937501,3.857716881930532,1385.5917107583773,11.555051650289744,0.6318654950733669,0.5143195338216154,0.8646571345775311,0.26452458287048386,3.819568072815649,422.865486391129,7.232295866935485,0.6527507679127028,0.519823967049569,0.960391604969096,0.2702169567191514,3.739383822880619,2026.2609280000001,15.381696,0.5962103065508088,0.49933295870390937,0.7974330976295664,0.24933340364800005,3.9655333010426737,2515.215788810484,17.662991431451612,0.5958402582106449,0.5008394040757669,0.7427364646376508,0.2508401086749693,3.9642117957959178,2046.7244159999998,15.671360000000002,0.6020165539717753,0.4982077687712226,0.7953873466018613,0.248210980864,3.971567637721179,509.0767276422765,8.188008130081302,0.6419450591059352,0.5132918677266478,0.9522915119450703,0.26346854147431054,3.805286030637846,2663.571540062435,19.400754422476584,0.5654544277624132,0.4828389327965194,0.7272017125569825,0.23313343502408176,4.094743469319128,3045.590574186993,20.854039634146343,0.573020825742057,0.4897980388662912,0.6812587110535882,0.2399021188772649,4.0492738736775,2669.9759365244545,19.591961498439126,0.5746172785254423,0.4815675293465443,0.7265457855955075,0.23190728532093477,4.107221395927101,moldy_bread_17.jpg,spoiled_bread
656.4833907480316,6.912524606299214,0.683897882862115,0.6210458231090521,0.9660339774448645,0.38569791440120005,3.48331313990031,1012.1066402132803,9.156674313348628,0.6704747232464046,0.6147066243318227,0.9478493837835478,0.3778642339974245,3.5701761416008666,547.1577263779527,5.5392470472440944,0.7060691931049536,0.6205958213496037,0.9716904160298806,0.3851391734765892,3.394737314652795,883.205034410069,8.19220038440077,0.6749834714159713,0.6153923258859703,0.9544912710183863,0.3787077147593443,3.5433828541150287,1402.5522073412699,12.073164682539682,0.6545258264246652,0.6126816447426571,0.9277333125102124,0.3753787978045675,3.647110769895426,1012.1066402132803,9.156674313348628,0.6704747232464046,0.6147066243318227,0.9478493837835478,0.3778642339974245,3.5701761416008666,1238.4693700396822,9.727430555555554,0.6782372146728806,0.611231411251905,0.9361877023458601,0.3736038381009955,3.5568847533794723,883.205034410069,8.19220038440077,0.6749834714159713,0.6153923258859703,0.9544912710183863,0.3787077147593443,3.5433828541150287,2150.3514999999998,16.678375,0.6371657524205794,0.6042037826242898,0.8896603061731164,0.3650622109375,3.7552432966301774,2236.401738473167,16.326908541194257,0.6386358884260015,0.5994194020636257,0.8857024758483206,0.3593036195703145,3.7688938289866467,1989.275625,13.645625,0.6599576106083261,0.6018009024352449,0.897925495715569,0.36216432617187505,3.6691278455672856,1940.1253464348706,14.464222726127488,0.6423886398747751,0.6010595022206245,0.9008445039964872,0.361272525209705,3.74099045108037,2792.549521169355,20.454259072580648,0.6233752492770703,0.5957235168339202,0.8572973623486175,0.354886508508974,3.8285669902203088,3444.914304,22.830208,0.614259948304782,0.5838370823714437,0.8253490066159533,0.340865738752,3.9153190177814636,2720.8912550403224,17.299647177419352,0.6467881076955666,0.5923510818363785,0.8609591858932384,0.35087980415272796,3.7615636314561183,2994.740608,20.302976,0.6187592048374546,0.586398743573006,0.848172007789154,0.34386348646400006,3.886569847324089,3262.3295223577243,23.128683943089435,0.6117081697088276,0.5871723371257149,0.8339748376794045,0.34477135348567417,3.8935016850943995,4443.6555671175865,27.951482830385014,0.5942288470560171,0.5677483810530187,0.7764912315569787,0.32233822418832375,4.034197432091367,3427.5815548780483,20.799288617886177,0.6321610643701598,0.5827515693003095,0.8255648976856153,0.3395993915219733,3.8533463506271595,3940.8830645161293,25.39945369406868,0.5983170899772808,0.5717129918564934,0.8017798843713461,0.3268557450575028,4.002921733207839,moldy_bread_27.jpg,spoiled_bread
1039.5462598425197,20.36540354330709,0.08325078615815333,0.014226505937621942,0.9412946388618626,0.00020239347119319239,8.879525895414286,1286.252836505673,22.68683737367475,0.07095581046607279,0.013695924222651458,0.927596509192139,0.00018757834031261095,8.930415787371142,784.5345718503938,18.11232775590552,0.08946033622860226,0.015289169606734971,0.955737798600564,0.00023375870726350837,8.821584401419692,1264.9134478268957,22.275466550933103,0.07454646104365228,0.013821300377048911,0.9287976288056091,0.00019102834411261236,8.926513088196529,1655.965525793651,24.35230654761905,0.06671918928240167,0.013185432143367573,0.9067076904917107,0.00017385562080735078,8.964049520361659,1286.252836505673,22.68683737367475,0.07095581046607279,0.013695924222651458,0.927596509192139,0.00018757834031261095,8.930415787371142,1231.7249503968255,21.746155753968253,0.08015434088207637,0.014595581355149828,0.9307548787835718,0.00021303099509479726,8.90255246048574,1264.9134478268957,22.275466550933103,0.07454646104365228,0.013821300377048911,0.9287976288056091,0.00019102834411261236,8.926513088196529,2325.1600625,28.049187500000002,0.05859604015040933,0.01263536084763708,0.8693487738480196,0.00015965234375000002,9.02191024935141,2135.2974300831447,27.63706223230033,0.06107087140546366,0.012764002816868614,0.8805011449761317,0.00016291976790902993,9.014990515236132,1659.0829374999998,24.383187500000002,0.07446049107651401,0.014251439072072686,0.9070439559341036,0.000203103515625,8.94246971895667,2139.45382968002,27.6895313681028,0.06002782958377345,0.012766333871953254,0.880261419999773,0.00016297928053018098,9.019025401016812,2956.543283770161,31.5011970766129,0.05368470853452453,0.012161491945301976,0.8342107662410018,0.00014790188633564483,9.072364775081416,3060.4451839999997,32.616831999999995,0.05385640463904587,0.012192209971945202,0.8296896973064053,0.00014864998400000002,9.078544794712647,2035.5114667338714,26.591859879032263,0.07134045139311548,0.013888852722212621,0.8863100755119734,0.00019290022993931295,8.972808856798775,3087.939328,32.667136,0.0520715179270857,0.01224375367279169,0.8281602930064152,0.000149909504,9.077938211762959,3541.431529471545,34.50076219512196,0.052048938979273714,0.011962828545783007,0.8018642038659213,0.00014310926681580078,9.10013656519661,3946.754097294485,37.11674037460978,0.04684246920749473,0.011767099768885163,0.7814052260937271,0.00013846463697089726,9.131378654428172,2370.1914380081307,28.370680894308947,0.0708290830453,0.013862923971107066,0.867966800223135,0.0001921806610286949,8.993453592664586,3985.385991155047,37.29363943808533,0.04900335205779737,0.011867587527482577,0.779267630936011,0.00014083963372246003,9.125226728310501,moldy_bread_3.jpg,spoiled_bread
728.9562623031497,10.946665846456696,0.28007229771533915,0.043938912216437795,0.9572682966929276,0.0019306280067638265,7.906157340185994,1123.9865459730918,14.623907247814493,0.22806603649420285,0.03927170761581302,0.9341037905924716,0.0015422670190619067,8.127425568526508,746.2402805118111,11.273252952755904,0.27417388048193225,0.041308431711320655,0.956274901336575,0.001706386530448842,7.940802576646716,1074.0676421352841,14.361398722797444,0.23799126340891769,0.0396513696978829,0.9370302769345932,0.0015722311189181864,8.109170528463942,1489.0357142857142,16.828745039682538,0.22767436330391938,0.039597435170188384,0.9127195589620793,0.001567956872057272,8.154038951871573,1123.9865459730918,14.623907247814493,0.22806603649420285,0.03927170761581302,0.9341037905924716,0.0015422670190619067,8.127425568526508,1549.2116815476193,17.882688492063494,0.20960824329761904,0.034981229979140105,0.9093082775121767,0.0012236864508534903,8.240707798743848,1074.0676421352841,14.361398722797444,0.23799126340891769,0.0396513696978829,0.9370302769345932,0.0015722311189181864,8.109170528463942,2245.768125,21.576875,0.20255799201982783,0.036524018210624086,0.8684528964389084,0.00133400390625,8.27644998368659,2344.4394683799446,23.131582262534643,0.16970792660709902,0.03219129363391088,0.8627001363034956,0.0010362793858246712,8.403539548351418,2341.0426875,23.2750625,0.1747473663963809,0.030536223366683705,0.8631263865357104,0.0009324609375,8.418664413162976,2150.997795414462,22.200365331317713,0.18250864609556175,0.03329485764262117,0.8740145932409582,0.0011085475454424092,8.379370862742936,2955.519468245968,25.84444304435484,0.18342744681772297,0.03384178768080888,0.827081966841399,0.0011452665934329478,8.385921843136785,3526.050623999999,30.278975999999993,0.13842624845557755,0.02784235392347421,0.7939349040232571,0.0007751966719999998,8.562188601981063,3076.963142641129,28.025768649193544,0.1473992091289873,0.0272294432942277,0.8202237438003396,0.0007414425821135618,8.543577655153712,3137.329856,28.315071999999997,0.15059046541844595,0.029164344258014785,0.8165897730945885,0.000850558976,8.527783938117702,3624.5685340447158,29.788554369918703,0.16557450620486994,0.03177892484844674,0.7882448743269966,0.0010099000645232253,8.471643998119212,4650.317182622269,37.1051638917794,0.11095475129321913,0.024680229006843357,0.7287975421848958,0.0006091137038302323,8.690252304249615,3757.43356199187,32.18000508130082,0.12612669277332503,0.024677518013290663,0.7805579183070266,0.0006089798952962852,8.640913596139212,3971.21546566077,33.38690166493237,0.13249597133925425,0.026097965632846543,0.7682490850740545,0.0006811038101732392,8.64049944853056,moldy_bread_4.jpg,spoiled_bread
618.3805364173229,13.823818897637798,0.18018296467709993,0.05770660811014538,0.9539091271589423,0.0033300526195778964,8.177613111789153,1359.6668733337467,20.224378448756898,0.1353674903325036,0.048371998484573596,0.897777114270252,0.00233985023739159,8.425138928196242,1216.2207185039372,18.479330708661422,0.14939803038089677,0.04889778427881208,0.9082157619213472,0.0023909933073772414,8.370821972371687,1324.0620621241244,18.80953561907124,0.15541237947325331,0.048675546727550166,0.9004540336467606,0.0023693088492259197,8.358902412694501,951.4982018849207,17.33153521825397,0.15419298608909926,0.05623406138243768,0.9293750063211883,0.0031622696595637687,8.317940878927661,1359.6668733337467,20.224378448756898,0.1353674903325036,0.048371998484573596,0.897777114270252,0.00233985023739159,8.425138928196242,2244.7026289682544,25.835689484126984,0.11909791364482158,0.041334725820129065,0.8291269755348688,0.0017085595586252445,8.564005064097142,1324.0620621241244,18.80953561907124,0.15541237947325331,0.048675546727550166,0.9004540336467606,0.0023693088492259197,8.358902412694501,1260.4975,19.982375,0.14324164978773202,0.05550930735583899,0.9068451228971308,0.0030812832031250005,8.392904392079098,2458.04686318972,27.622700932224745,0.11370607357843315,0.04077540745850356,0.8144089945388737,0.001662633853406988,8.596792996983398,3265.5164999999997,31.800875,0.10518539657929998,0.03475441181526454,0.749225466779394,0.0012078691406249998,8.680671241919084,2475.3961325270852,26.90268329554044,0.12171588551185586,0.0409441439979844,0.8131062290578167,0.001676422927727682,8.571978675658123,1568.6128402217744,22.193233366935488,0.13777299956019523,0.055026745758489023,0.8845671196970339,0.00302794274876939,8.443657604231406,3547.3023999999996,33.858432,0.10086165055189236,0.03419741651060794,0.7310826614001713,0.0011694632960000005,8.713786202189397,4281.314264112903,37.36680947580645,0.0929882206199601,0.02971025937150312,0.6687949623991155,0.000882699511921989,8.763111501631876,3651.9108479999995,33.888576,0.10455738175861762,0.03429089301840942,0.7231862946697107,0.0011758653440000003,8.694052034072843,1884.950266768293,24.41927083333334,0.13178164108610738,0.054407636945758196,0.8618916413453135,0.0029601909580214323,8.481432619009059,4669.81913371488,39.77503902185223,0.08903684211164449,0.02905578053047183,0.6451178627507882,0.0008442383822349459,8.793220747255463,5251.265752032519,42.217352642276424,0.08142331719421275,0.024983457061325164,0.5905181140003462,0.0006241731267350783,8.83231651132682,4850.2103928199795,40.44114203954214,0.08847520425252842,0.029386568199123046,0.6314902472161693,0.0008635703905217099,8.789944747694875,moldy_bread_5.jpg,spoiled_bread
720.5704355314962,11.818836122047244,0.29231837402674465,0.029912882460900826,0.9594782472640785,0.0008947805371196684,7.839018883998399,952.4456568913138,13.785355570711143,0.259809117026665,0.027784081194410292,0.946308304059656,0.0007719551678175836,7.9512051025872825,647.2076771653543,10.893331692913385,0.28161557023061196,0.029088559098269903,0.9634671317719542,0.0008461442704135408,7.822700082798692,989.1593403186807,14.102486204972411,0.2546949625534007,0.02756416320386551,0.9442389833441462,0.0007597830931293334,7.976591626407866,1404.155691964286,17.12357390873016,0.254986141449756,0.0279882506168128,0.9211417036024312,0.0007833421725895221,8.029211451032303,952.4456568913138,13.785355570711143,0.259809117026665,0.027784081194410292,0.946308304059656,0.0007719551678175836,7.9512051025872825,1272.7962549603171,16.116071428571427,0.21615039976260955,0.02506053589463683,0.9279804975334792,0.000628030459326381,8.078887378242925,989.1593403186807,14.102486204972411,0.2546949625534007,0.02756416320386551,0.9442389833441462,0.0007597830931293334,7.976591626407866,2106.325375,21.463250000000002,0.22962402087624045,0.026361074522864198,0.8818679036876541,0.00069490625,8.15741353520621,1926.477072310406,20.964600655076843,0.19203974397183932,0.02372350958360093,0.8912831688984646,0.0005628049069632052,8.221800810908661,1898.4596874999997,20.6974375,0.16539727108261054,0.022458164230965093,0.8923173108801127,0.000504369140625,8.24625536474421,1935.5471781305116,20.77204585537919,0.18778953149301886,0.023487447217091412,0.8907731740812864,0.0005516601767756551,8.237105571668385,2798.220829133065,25.31394909274194,0.21270474708232834,0.025563298937180692,0.8432841178711266,0.0006534822525516635,8.241381988577913,2905.41792,27.015743999999998,0.14763025507191732,0.02114655300515902,0.8358673761373447,0.0004471767040000001,8.395105334835005,2504.6455393145166,24.71345766129032,0.1281450212440149,0.021029713491659604,0.8575960994980013,0.00044224884954129003,8.363937575743593,2829.742848,26.384128,0.13924439432006636,0.0210590149817127,0.8401481187332791,0.000443482112,8.399390807465862,3421.392466971545,28.666476117886177,0.19729888541905646,0.02477989025407729,0.8086516281572764,0.0006140429610041147,8.312793438844036,3810.098139958377,32.15498178980229,0.1129730693325457,0.019468986749470556,0.784558296125307,0.00037904144505106,8.52192871886064,3083.98030995935,28.384781504065042,0.1058446125810857,0.02021529089531024,0.8242483237804749,0.00040865798598201304,8.443121484729788,3596.051768990635,30.986472424557753,0.10742772534526099,0.01943044013003597,0.7966765374801718,0.0003775420036469122,8.516505508252273,moldy_bread_7.jpg,spoiled_bread
706.554625984252,12.74557086614173,0.44545912099218793,0.33783641219035054,0.9684339668612729,0.11413344140164842,5.716289524252064,1445.5999751999507,17.9501519003038,0.4078444159180429,0.32668791970864275,0.9352550142109741,0.10672499688356062,5.866856319377528,1161.6283218503936,16.1539124015748,0.4195096902416046,0.3329420508148804,0.9480927551434732,0.1108504092008184,5.787857529416517,1437.0464380928765,18.02938805877612,0.4104052844577996,0.3284782719016113,0.9356381068008637,0.10789797511146886,5.86872055116459,1298.839533730159,17.4358878968254,0.41546378262359973,0.32193781099088853,0.941831608175184,0.10364395414560505,5.864990526167491,1445.5999751999507,17.9501519003038,0.4078444159180429,0.32668791970864275,0.9352550142109741,0.10672499688356062,5.866856319377528,2227.4998759920636,22.760540674603178,0.38393795219788923,0.3158962533616821,0.9002114612615533,0.09979044288794804,5.949140828155632,1437.0464380928765,18.02938805877612,0.4104052844577996,0.3284782719016113,0.9356381068008637,0.10789797511146886,5.86872055116459,1860.3473750000003,20.852750000000004,0.396806900198782,0.31001098140832045,0.9164659548077024,0.09610680859375,5.965761219178198,2882.6869488536154,26.086671705719326,0.3651270053806891,0.3019717868048574,0.8702402606572678,0.09118696002611826,6.073268723688561,3288.42925,28.302,0.35888976659685407,0.30237801646903834,0.8523324924001576,0.09143246484375002,6.0560167920814445,2832.5042831947594,25.730410682791636,0.3721734220073354,0.30726728890139393,0.872499156517606,0.0944131868288127,6.069087100257618,2370.5107106854844,23.60181451612904,0.3838094610763572,0.2987482733579839,0.893234906683484,0.08925053083437665,6.043798930694656,4300.984832,33.104383999999996,0.3372436161593479,0.28098773074993866,0.8053943690045986,0.07895410483200001,6.225568360017024,4279.331842237903,33.02085433467742,0.340026718326886,0.290312223352245,0.8073946229791048,0.08428118702772379,6.141907056306998,4200.381696,32.1568,0.3479486459533787,0.28885185307350897,0.8099570224506484,0.083435393024,6.212983629233499,2867.3817962398375,26.090891768292686,0.3734369910220338,0.2893648675297536,0.8704744455122132,0.08373202656051186,6.10953465215491,5686.263982830385,39.49447190426639,0.31209224484231485,0.2622641330602878,0.7412815830815773,0.06878247548986433,6.364947014248405,5263.289761178861,37.74402947154472,0.3221133067053312,0.27933634508047933,0.7625097790318943,0.07802879368292064,6.214725963143062,5540.650039021852,38.57459677419355,0.3194403826189088,0.2693993060627861,0.7479293575345279,0.07257598610711072,6.351250957253096,moldy_bread_8.jpg,spoiled_bread
764.0941190944882,16.9810531496063,0.2105454674638107,0.0816202016528706,0.9163127967697231,0.0066618573178552605,8.002276095615102,1434.4396428792859,22.135346270692544,0.1720775180067709,0.07361694319785103,0.8399734972605357,0.0054194543257956255,8.195949584985431,1106.5150098425197,18.516978346456693,0.19252535528068612,0.07451507454525465,0.8766213566854437,0.005552496334484856,8.06054378299127,1260.8424576849154,20.752805505611008,0.1754362362831247,0.07356773885900773,0.859340190227437,0.005412212200827156,8.16236854326276,1171.352058531746,21.118303571428573,0.18367403849858732,0.0800239582281949,0.8715755714611666,0.006403833890507882,8.166254064437448,1434.4396428792859,22.135346270692544,0.1720775180067709,0.07361694319785103,0.8399734972605357,0.0054194543257956255,8.195949584985431,1933.5801711309527,25.39973958333334,0.15313468740726402,0.06540894093821548,0.7802506825485983,0.00427832955465896,8.282457297155121,1260.8424576849154,20.752805505611008,0.1754362362831247,0.07356773885900773,0.859340190227437,0.005412212200827156,8.16236854326276,1513.1598749999996,23.855499999999996,0.16859772291825112,0.07933329366902019,0.8338401141268195,0.0062937714843749985,8.239165462175356,2419.525888133031,29.175170068027214,0.13482966009742242,0.06451594199917676,0.7246296130297927,0.00416230677204114,8.382618341467072,2678.9961875,30.761562500000004,0.13124642109127446,0.05840624163991379,0.6894307519163639,0.0034112890624999996,8.418492119748194,2089.932917611489,27.52097505668934,0.13744862730781185,0.06450514845116015,0.7621421348138481,0.004160914176706208,8.358390191877938,1811.4161416330644,25.98179183467742,0.161931795295282,0.07875517893132965,0.8008673214363345,0.00620237820850575,8.297586865477246,3247.316608,34.661888000000005,0.1147004045326582,0.057218612915728745,0.6224908019614603,0.0032739696640000002,8.493596075844954,3357.8055695564512,35.41544858870968,0.11164095202684984,0.0514046883732492,0.6027408037903004,0.0026424419867508613,8.512056496765817,2800.076032,32.574079999999995,0.12025228761058805,0.05751398021350983,0.6744857946196499,0.0033078579199999998,8.470678741325504,2040.6730818089436,27.52127794715448,0.15347341209812948,0.07790069280647478,0.7753877944605839,0.006068517939728753,8.322674196099753,3844.3692767950056,38.65179500520292,0.10022124211000669,0.05030732123250779,0.5435435147932668,0.0025308265695907295,8.572218163057205,3831.743457825203,38.69340701219512,0.10024220418241564,0.04545530408287009,0.5378600681303977,0.0020661846692661863,8.571835686261657,3419.8143860561913,36.82023933402706,0.10419210401290668,0.050449694936239284,0.5939543072013767,0.0025451717191596075,8.549135648376723,moldy_bread_9.jpg,spoiled_bread
1310.118602362205,20.09485728346457,0.1687771549209383,0.05408343381227057,0.9266748643496802,0.0029250178129262517,8.554291456715854,1524.7773575547153,22.174840349680704,0.1465535974740263,0.0445181398246958,0.9145917137349349,0.0019818647734511662,8.665372884488928,1193.9924335629921,18.978900098425196,0.16750996509321214,0.0456889143254569,0.9331541905263563,0.0020874768922389407,8.554007995333624,1791.0639221278443,23.945811891623784,0.14271597602248362,0.04471165497407097,0.8996748205205963,0.0019991320905203653,8.67972930935548,2272.691344246032,27.227182539682538,0.13865760936552413,0.05236355344426464,0.8727459157834112,0.002741941729310359,8.715957983548956,1524.7773575547153,22.174840349680704,0.1465535974740263,0.0445181398246958,0.9145917137349349,0.0019818647734511662,8.665372884488928,2160.982142857143,26.645461309523817,0.12240680089099962,0.03330031624585337,0.8789036685182219,0.001108911062073846,8.789727108757535,1791.0639221278443,23.945811891623784,0.14271597602248362,0.04471165497407097,0.8996748205205963,0.0019991320905203653,8.67972930935548,3251.0384375000003,32.875437500000004,0.12660326531539498,0.051489000645769015,0.8178936998739789,0.0026511171875000018,8.799815643895741,2645.6607457797936,30.070042831947596,0.10656575848761211,0.032276837237426685,0.8516037614647397,0.0010417942220513337,8.856975513051246,3181.136875,33.2785,0.0983856389270999,0.02492563157424501,0.8215664867010231,0.0006212871093749998,8.923631720815548,3264.0537918871255,33.725119677500636,0.106303087405312,0.03234026372642316,0.8169075611454453,0.0010458926578946015,8.889904131204855,4074.9200478830644,37.49691280241936,0.11544272381000473,0.05149865734595059,0.7716860943096249,0.002652111708435631,8.854843802005743,3630.2602879999995,35.797184,0.0854864710470525,0.024196655636678388,0.7961044864571745,0.000585478144,8.96668184294365,4084.4390120967737,38.52734375,0.08576590534234534,0.023242767321147988,0.7707451045726562,0.0005402262327450247,8.997528719375744,4639.58848,41.60959999999999,0.08528364244216802,0.02443907690564437,0.7393823131386804,0.00059726848,9.01000405035149,4742.779662093497,41.1605055894309,0.11238630659697146,0.05116005090970443,0.7342675217225648,0.002617350809083549,8.895208046132547,4413.278681061394,40.238878772112386,0.07837836230257948,0.02281522677910737,0.7519101728556863,0.000520534572982098,9.036140486440186,4895.341145833334,42.86401168699187,0.0834774960023922,0.024590228042478766,0.7252726244717891,0.0006046793151811091,9.058878168271882,5789.993691467222,47.75227627471384,0.07510204332358214,0.022546402022450417,0.6744037150907558,0.0005083402441579563,9.070571838258143,moldy_sandwich_15.jpg,spoiled_bread
422.8314468503937,8.191190944881889,0.4883309033897857,0.32134447524599763,0.974355101117428,0.10326227177112558,5.596083671161733,1214.822369644739,13.49308698617397,0.446913788098803,0.31000517387689985,0.9257698072415634,0.0961032078304469,5.776508572632144,876.3116387795276,10.949311023622046,0.4681127150410011,0.3185078562127094,0.9465061952151158,0.10144725446921596,5.658173240798607,774.3160766321532,10.770537541075083,0.4561563907770523,0.31128163928289804,0.9526863901582829,0.09689625895464825,5.718555637786297,842.3204365079366,11.477678571428575,0.46431462268112594,0.31044606737180036,0.9488580615717366,0.0963767607466164,5.74550675848648,1214.822369644739,13.49308698617397,0.446913788098803,0.31000517387689985,0.9257698072415634,0.0961032078304469,5.776508572632144,1937.6328125,17.169518849206348,0.4269299634598457,0.30385363960666845,0.8808092433323116,0.09232703430221915,5.872001386939669,774.3160766321532,10.770537541075083,0.4561563907770523,0.31128163928289804,0.9526863901582829,0.09689625895464825,5.718555637786297,1306.1090000000004,14.555625000000003,0.44364164543221285,0.29941783357458857,0.9206069592928608,0.08965103906250002,5.871563392104523,2666.8446712018135,21.57608969513731,0.40544674027351485,0.2872529048976199,0.8356255022980498,0.08251423137212106,6.032757594281719,3032.7145,23.034875,0.40026502665909225,0.2895242123402635,0.8119746251330984,0.08382426953125,6.015446475443639,1669.4235323759133,16.2488032249937,0.41506602159595973,0.28982609013428223,0.8971028730884266,0.0839991625225251,5.942032591326986,1783.3849546370966,17.624621975806452,0.4243721896203829,0.288648688342915,0.8914792740598277,0.0833180652820853,5.972160141339523,4136.8608,29.259776000000002,0.3686459088275985,0.26402379916969604,0.7427319318431378,0.06970856652799999,6.229857699109063,4095.781754032258,28.506552419354836,0.37511818834011645,0.2762690319351037,0.7440222793029299,0.07632457800635935,6.136487620496541,2608.6728959999996,21.56032,0.381155584673614,0.26815494028639486,0.8377687167025087,0.07190707199999999,6.126521005907046,2259.2946519308944,20.38573424796748,0.412938568357996,0.28048218817788256,0.8625406834800771,0.07867025788505314,6.056662725467044,5475.324271592093,36.01729968782519,0.3372703620377153,0.2421770033415952,0.656432487720496,0.05864970094751502,6.397399742358086,5096.279852642278,33.63643292682927,0.35183069085475727,0.2640168628607903,0.6792846447554597,0.06970490387485336,6.237602403650906,3517.5175598335068,26.528225806451616,0.3530415266096222,0.24776365910794376,0.7792816100953841,0.061386830774557366,6.283685687708656,moldy_sandwich_16.jpg,spoiled_bread
530.1773499015748,12.385888287401574,0.323481860631461,0.18773008373766087,0.9669913424064405,0.03524258434014916,7.123420761645993,807.8417756835515,15.338086676173354,0.2940886061535,0.17996530582286036,0.949567793837471,0.032387511299915656,7.299639676965464,658.1177411417322,13.687869094488189,0.3089108069236066,0.18731326080263336,0.9589338177159269,0.03508625767251534,7.216166037135311,759.1149482298964,15.393700787401576,0.29556619385827254,0.18600250065948742,0.9526097816489331,0.03459693025158262,7.296792293624275,808.2595486111111,15.928695436507935,0.29252930683397455,0.17961119302812645,0.9496563846867293,0.032260180660986904,7.281000906913069,807.8417756835515,15.338086676173354,0.2940886061535,0.17996530582286036,0.949567793837471,0.032387511299915656,7.299639676965464,1170.4129464285716,19.298611111111114,0.2597746637333584,0.17221791653569618,0.9267629539178736,0.02965901077589602,7.47954960975659,759.1149482298964,15.393700787401576,0.29556619385827254,0.18600250065948742,0.9526097816489331,0.03459693025158262,7.296792293624275,1052.2950625,18.316812499999997,0.2804242792209721,0.1772153472385363,0.9344303639053806,0.031405279296875,7.346334927771814,1395.8965104560343,20.945389266817838,0.24999014431209243,0.16811160057762714,0.9125687181849758,0.028261510248771642,7.525106273714264,1682.3175625000001,23.7244375,0.23143663459834227,0.16355955647905443,0.894426079122258,0.026751728515624996,7.624801272545555,1283.1135046611237,20.831443688586546,0.25617117126108546,0.17567935961264666,0.9196329188794666,0.03086323739390963,7.517999739719604,1288.8112399193549,20.382560483870968,0.2722662159216965,0.17371845562410468,0.9196563920034507,0.030178101824424024,7.399730462386592,1926.1805439999998,24.915903999999998,0.22694030146323718,0.15880457746551263,0.8789404162657327,0.025218893824000003,7.655344023579304,2155.694052419355,27.060735887096772,0.22010535677374915,0.1570940448104186,0.8642464746528652,0.02467853891489781,7.715166178453119,1756.165888,24.743168,0.23265473403462514,0.1657488614018208,0.8896259143998567,0.027472685056,7.650852687702702,1476.5559578252034,21.809641768292686,0.2665206296489897,0.1720629813820469,0.9078810953065695,0.029605669562078617,7.438597143270582,2442.7650884495315,28.361992715920913,0.21325710884546714,0.15189115703975548,0.8458359159334475,0.023070923586875656,7.740206608854902,2591.459349593496,29.871061991869922,0.21076114772317964,0.1513724610651024,0.8360076011118643,0.022913621968905947,7.776791065200452,2208.6125780437046,27.940621748178984,0.21792912840593703,0.15749904987221283,0.8606261109793518,0.024805950710649782,7.734494632015922,moldy_sandwich_17.jpg,spoiled_bread
529.5125492125984,9.043799212598424,0.2511685677862083,0.026087391979339906,0.9692359583207235,0.0006805520202837281,7.865059832661867,890.7645235290472,12.549135098270197,0.19404484948861533,0.022539155708502664,0.9482820712820511,0.0005080135400521282,8.103996960679295,552.0140255905512,8.727731299212598,0.24497753678466389,0.02630825089039924,0.9680303783742057,0.0006921240649121923,7.809295091226122,735.6530473060947,10.88449376898754,0.2230238775188627,0.0242905614205011,0.9572866564401765,0.0005900313741231364,7.983854725816893,1107.7689112103174,14.268043154761903,0.18766397100897236,0.021796533564539363,0.935457681414073,0.00047508887543009097,8.178431001883833,890.7645235290472,12.549135098270197,0.19404484948861533,0.022539155708502664,0.9482820712820511,0.0005080135400521282,8.103996960679295,1227.3738219246031,15.107700892857139,0.16956182053227586,0.02132675137986422,0.928969653764759,0.0004548303244185405,8.207154489484866,735.6530473060947,10.88449376898754,0.2230238775188627,0.0242905614205011,0.9572866564401765,0.0005900313741231364,7.983854725816893,1711.0880625,18.738312500000003,0.15227492847238988,0.01948321593384932,0.9000116104774482,0.000379595703125,8.362054713129773,1906.0705467372136,20.50755857898715,0.13413376985223555,0.0185209821771546,0.8891168611717872,0.00034302678080647825,8.437439451136832,1958.2584375000001,20.7458125,0.13255831386885958,0.018785695189425383,0.8867458568375458,0.00035290234375,8.424365544584937,1574.9900478710006,17.913580246913583,0.15257875874289334,0.019761775508673165,0.9083685644204273,0.0003905277712551945,8.338786958517352,2276.2886214717737,22.59759324596774,0.13140697911448607,0.018086821589179458,0.8665673732664855,0.0003271331151988082,8.475828308505157,2949.3154560000003,27.405696000000006,0.10605989254974535,0.01646654207780128,0.8280734840731458,0.0002711470080000001,8.624240117870984,2693.7908266129034,25.86189516129032,0.11225181632597628,0.01722569878251763,0.8443254923692164,0.00029672469854602945,8.57078378737336,2420.499712,23.835264,0.12281249813238651,0.01763394544621254,0.8588758253538631,0.000310956032,8.520183562658973,2821.4165396341464,26.28887195121952,0.1138740614414527,0.0169418238891983,0.8340532512967544,0.00028702539669261024,8.579219356242472,3991.033363683663,33.909144120707595,0.08604055845019506,0.01520677515165611,0.7668785566792314,0.00023124601051302573,8.75294992511431,3427.020960365854,30.61369410569106,0.0961122479181193,0.016070743517282007,0.8021660036965688,0.00025826879719826164,8.68189724276238,3231.901925078043,29.250130072840786,0.10039583322956526,0.016218080397587178,0.8111741501237006,0.0002630261317826015,8.653817181241914,moldy_sandwich_24.jpg,spoiled_bread
578.3155142716536,10.003383366141733,0.24623232602446793,0.02630530199854587,0.9661293048640358,0.0006919689132347015,7.986903435132046,756.6829933659866,11.866203732407463,0.22009813629289826,0.024113465529337613,0.9555142217855906,0.0005814592198345533,8.120328744547397,342.09418061023626,7.461060531496063,0.2951012624904179,0.02912298057489182,0.9798860036062285,0.0008481479975655263,7.77146951370481,654.97178994358,10.973649947299895,0.2372775455209014,0.025450352352750418,0.9614938197213668,0.0006477204348791487,8.062557745003573,1273.5084325396826,16.17795138888889,0.18600529216195846,0.021833233988145097,0.9254248214051666,0.00047669010638109425,8.327583387142019,756.6829933659866,11.866203732407463,0.22009813629289826,0.024113465529337613,0.9555142217855906,0.0005814592198345533,8.120328744547397,748.8936011904761,12.089409722222221,0.2149776446885956,0.023734605581826426,0.9557980582745581,0.0005633315021248661,8.13297801250467,654.97178994358,10.973649947299895,0.2372775455209014,0.025450352352750418,0.9614938197213668,0.0006477204348791487,8.062557745003573,2032.0908125,21.5801875,0.14841545047905635,0.01933988753845275,0.8810471625924676,0.00037403125,8.50865719164234,1651.0152431342913,19.14348702443941,0.15465617340248755,0.01958921594096767,0.902574785249093,0.0003837373811818618,8.449422421572685,1150.3906875,15.4630625,0.1774499685581165,0.021052390006837705,0.931840002420421,0.000443203125,8.312172972415226,1398.048374905518,17.360544217687078,0.17324548851746038,0.021333513605228022,0.9175014611540138,0.00045511880274444916,8.382407987889641,2819.4027217741937,26.591985887096776,0.12637687290573124,0.01771393969514295,0.8350540714746868,0.0003137836595231611,8.636073283846606,2573.448896,25.190464,0.11810569554703829,0.017478621455938682,0.8476129956797427,0.000305502208,8.621060376697937,1551.4865171370966,18.393019153225808,0.1481813538282892,0.019542120251578202,0.9077187051402806,0.00038189446392714293,8.423394148145526,2170.53248,22.828416000000004,0.14198671176688837,0.019265328857821246,0.8714676399059612,0.000371152896,8.554597016412233,3635.5532901422766,31.39297510162602,0.11069745938276056,0.0165374192221424,0.7874684073442634,0.00027348623452888495,8.742507150713635,3498.8988033298647,30.901534859521337,0.09658344759610929,0.015987322654826202,0.7921259860545355,0.00025559448566951913,8.751664262055499,1932.7075711382115,20.990599593495936,0.12422502807238459,0.01862055838519997,0.8846115979834167,0.0003467251945766409,8.50571490827162,2964.256828824142,27.84449791883455,0.12091624129654968,0.017856021337642164,0.8238769692823853,0.00031883749801033223,8.670598759821376,moldy_sandwich_27.jpg,spoiled_bread
672.3283095472441,10.119894192913385,0.5090891118127239,0.33678775700794644,0.9657046489054684,0.11342599327044357,5.3141002894041325,1448.199578399157,14.721743443486886,0.48094201523180474,0.3293781314528637,0.9258360597705787,0.10848995347937997,5.4791909016182085,1147.0158710629921,11.95226377952756,0.5068682686360059,0.3347847010557773,0.9412386581030466,0.11208079606100618,5.351057045836956,1331.197532395065,13.89106578213157,0.4845056627333564,0.3301560423339443,0.9318293496491105,0.1090030122896132,5.460687378979703,1188.8516245039682,14.58203125,0.4786636756384758,0.3271788985976869,0.9394268081426675,0.10704603168759548,5.485282533722602,1448.199578399157,14.721743443486886,0.48094201523180474,0.3293781314528637,0.9258360597705787,0.10848995347937997,5.4791909016182085,2228.711743551587,19.282924107142858,0.45591911637134963,0.3187939560072975,0.8853622635134499,0.10162958638678274,5.595104786782584,1331.197532395065,13.89106578213157,0.4845056627333564,0.3301560423339443,0.9318293496491105,0.1090030122896132,5.460687378979703,1694.4319375,18.2228125,0.4607282262395084,0.3201521214350687,0.9137980118918728,0.102497380859375,5.589143469833852,2821.0220458553795,23.646510456034264,0.4344438788031535,0.3109607322410753,0.8551293897238599,0.09669657699590573,5.738017748381946,3330.2670625,25.8849375,0.4240654511816167,0.30514868942246826,0.8279833052317243,0.09311572265624998,5.762624742726749,2565.4697656840513,22.07445200302343,0.4398674825551089,0.3127982868526939,0.8682559375791776,0.09784276825798019,5.705047223222538,2184.396484375,21.638797883064516,0.4445229821020831,0.3137032516812162,0.8890677666851411,0.0984097301153685,5.666885406830103,4179.6133119999995,31.630848,0.3991060188106238,0.29511010360202855,0.7848247034639276,0.08708997324800001,5.9158702169556525,4412.596585181452,32.10376764112904,0.39636958878718254,0.2922087417595519,0.7712726812448356,0.08538594876070049,5.893637886203937,3760.1823999999997,29.050112,0.4073146411837085,0.2977934820509005,0.8064222913967158,0.08868095795200001,5.874966353531051,2635.117886178862,24.570503048780488,0.43267399602438444,0.30943290524560446,0.8664364192325167,0.09574872284873523,5.72852760266057,5462.078954214361,38.90803850156088,0.3694712933526895,0.2811377580078858,0.7183803201426576,0.07903843897770058,6.060210614690224,5441.185403963415,37.908727134146346,0.3715570910974637,0.28024886269119914,0.716827357481468,0.07853942503971058,6.001941273337186,4892.835718002081,35.16441207075963,0.38113217150152734,0.2840280652746596,0.7477358287151029,0.08067194186366632,6.001772423736388,moldy_sandwich_5.jpg,spoiled_bread
1240.5309424212596,19.727177657480315,0.1727095726381686,0.08145400523441856,0.9150719068006034,0.006634754968728686,8.470504112745573,1797.769111538223,23.84871969743939,0.15442012599463265,0.0746266083545301,0.876086202673939,0.005569130674500422,8.6036487926744,1290.9512795275589,19.104822834645667,0.17285408103781516,0.07506716094917806,0.9112342661566516,0.005635078652969805,8.477107181651927,1773.1647343294685,23.97147994295988,0.14943286264794164,0.07444569203534937,0.8777822159480455,0.0055421610626220814,8.613666376035289,2074.59412202381,26.504712301587304,0.14746983895733665,0.08025040696458766,0.8576353657715869,0.006440127817981939,8.625100518849386,1797.769111538223,23.84871969743939,0.15442012599463265,0.0746266083545301,0.876086202673939,0.005569130674500422,8.6036487926744,2414.0531994047615,27.87983630952381,0.13378516354871894,0.06620145426661528,0.8329485304560255,0.004382632547014755,8.710871832826555,1773.1647343294685,23.97147994295988,0.14943286264794164,0.07444569203534937,0.8777822159480455,0.0055421610626220814,8.613666376035289,2904.796874999999,31.66474999999999,0.1411530298880448,0.0796901960328245,0.8001894367395664,0.006350527343749996,8.688363934332708,3272.9977954144624,33.79220206601159,0.1214960240226304,0.0654462422864563,0.7724012712550147,0.004283210629417541,8.800640007316272,3560.0091875000003,35.2054375,0.11340777394126036,0.05896705250603935,0.7519785685061372,0.003477113281250001,8.85454331810945,3156.6813429075337,33.51429831191736,0.12105590900014965,0.0655558316047719,0.7804842613189279,0.00429756705739321,8.808792968024207,3606.3950352822585,36.02772177419355,0.132941884692691,0.07878297135751383,0.7512646135373968,0.0062067565759188455,8.740138197213016,4724.795647999999,42.271104,0.10379140108097785,0.057946672311703966,0.6683348157239883,0.0033578168319999993,8.924629175932344,4645.048576108871,41.548828125,0.09877981535888927,0.052058375555054645,0.6741902704762129,0.002710074465431111,8.948023412315749,4426.498368,40.84192,0.10332120042389518,0.05812472107459956,0.6892649622152466,0.0033784831999999986,8.913374798189501,4204.13668699187,39.61420223577236,0.12611183361118294,0.07842173645476057,0.7092898392992165,0.0061499687485799225,8.776223904073994,6005.289932362124,49.49830905306972,0.09069630267722405,0.05127873267566154,0.5742847953395753,0.002629508424821959,9.012455544555152,5540.633765243903,46.75889227642277,0.08961355895073307,0.04587004293117226,0.6089921768934417,0.002104060838507586,9.023107038894544,5438.16779396462,46.685613943808534,0.09115239857008844,0.051355674875252146,0.6144647372855926,0.0026374053418926043,8.99506581697004,moldy_sandwich_6.jpg,spoiled_bread
626.2423720472441,9.617249015748031,0.27099543528698616,0.02772733206371658,0.9666727318911247,0.0007688049433716055,7.827208616687377,923.6467852935707,12.186558373116748,0.23333093123189164,0.02530945760525134,0.9508598340435858,0.0006405686442720149,7.9671891228171,486.72084153543307,8.251968503937007,0.2790361571752369,0.028372467469129106,0.9741204842076491,0.0008049969102867894,7.735005892342842,769.4085808171617,11.10230020460041,0.23374826117490283,0.025426930410739207,0.9590660548289139,0.0006465287901125743,7.953284375275362,1374.8834945436508,15.758122519841269,0.20768836922872996,0.023779916267498504,0.9267916730319636,0.00056548441768924,8.140178698038348,923.6467852935707,12.186558373116748,0.23333093123189164,0.02530945760525134,0.9508598340435858,0.0006405686442720149,7.9671891228171,1077.1613963293648,13.551401289682538,0.20037471383913008,0.02342823037800862,0.9427387654878432,0.000548881978645046,8.080000246770563,769.4085808171617,11.10230020460041,0.23374826117490283,0.025426930410739207,0.9590660548289139,0.0006465287901125743,7.953284375275362,2165.2644999999993,21.044624999999996,0.17566285979359036,0.021746228121216786,0.8846458143685303,0.0004728984374999998,8.31088277499493,2049.300012597632,20.23929201310154,0.16277386432485735,0.020710943199385837,0.8909353185759672,0.0004289431682081864,8.31906841204209,1698.0372499999999,18.093625,0.15945706157597472,0.02087032133197762,0.9097564688404088,0.00043557031250000003,8.279749692248886,1685.8136810279668,18.03413958175863,0.16271877492304515,0.021013183781380923,0.9102828807853557,0.0004415538926300903,8.285200823431392,2949.246156754032,25.907951108870968,0.15422036651008558,0.020213201818070122,0.842768352358052,0.0004085735277380333,8.44495403280348,3205.6830080000004,27.588800000000006,0.11451234174836208,0.018362703068992868,0.8293405832018684,0.0003371888640000001,8.513335430183428,2326.782258064516,22.36328125,0.13130287331405419,0.019122113020497798,0.8763766942471158,0.00036565520636869144,8.42271736849409,2609.595904,24.063744,0.12495391649343926,0.018471069703728586,0.8610814767785986,0.00034118041600000003,8.488000349960652,3723.12868394309,30.443978658536587,0.13925327002981883,0.01930565208167733,0.8013600402536769,0.0003727082022987722,8.534973450876361,4345.355879292404,34.248829344432885,0.0894792956674641,0.016740278596142695,0.7685579573845275,0.00028023692747647323,8.64682997524259,2950.5689786585367,26.310340447154474,0.11238447503043722,0.01798362828877409,0.8432808595565732,0.0003234108864287957,8.525818047806894,3499.4200702393346,29.47313995837669,0.10340386966494533,0.01706812674567508,0.8136244302976383,0.00029132095060642905,8.60916330715644,moldy_sandwich_7.jpg,spoiled_bread
1113.3852116141732,17.335752952755904,0.13106488555306084,0.016575212549387514,0.9269421770609894,0.00027473767105737335,8.697847590422363,1588.3059086118174,21.241118482236963,0.11986622301854225,0.015939881000754334,0.8952471063286044,0.00025407980631820897,8.800722950675397,1332.222871555118,19.77306840551181,0.12442558451933544,0.01608675037372702,0.9126619511410843,0.00025878353758660637,8.77214133091805,1715.0493520987043,22.59203918407837,0.1094495245444352,0.014873763844922332,0.8868796625680659,0.00022122885091451877,8.859154154331906,2087.102368551588,24.43136160714286,0.09931111201641143,0.014205202497995673,0.8622841527125318,0.00020178777800906249,8.902826256945717,1588.3059086118174,21.241118482236963,0.11986622301854225,0.015939881000754334,0.8952471063286044,0.00025407980631820897,8.800722950675397,2595.3505704365075,28.90190972222222,0.08822225748214144,0.013522268015121212,0.8290024218859346,0.0001828517322727702,9.000621146862942,1715.0493520987043,22.59203918407837,0.1094495245444352,0.014873763844922332,0.8868796625680659,0.00022122885091451877,8.859154154331906,3009.6173125000005,30.3216875,0.0796128866028975,0.012985794522284726,0.8004490756737159,0.000168630859375,9.023130385563878,2975.521415973797,30.611866969009824,0.08858865788770728,0.013754658216005744,0.801586750120967,0.0001891906226391343,8.998923344061282,3795.1476875,36.2831875,0.06771356184107448,0.012258765996216748,0.7485937893189202,0.00015027734375,9.120345367071474,3316.1977198286727,33.17290249433107,0.07939674797896483,0.012677217741457572,0.7787991360172967,0.00016071184966432662,9.072245290756571,3872.0526713709673,35.48034274193548,0.06733640914405496,0.012175519045633803,0.7420599330990021,0.0001482432640305915,9.11228858293476,4226.543232,38.03968,0.07220893151271571,0.012691782538319825,0.7150334127151852,0.00016108134400000002,9.105077804509223,4762.70923639113,41.872794858870975,0.0591053595354851,0.011659661776843711,0.6828494815430238,0.00013594771275039023,9.186283359761322,4672.062976000001,41.08428800000001,0.06185987179059919,0.011752759675922929,0.684794311021996,0.00013812736000000004,9.173987563997326,4630.977769308944,39.83523882113822,0.0625640749623799,0.011686128845388475,0.6900474437350487,0.00013656560739102057,9.162259192280317,5160.173191987513,43.57732830385016,0.06221105360120063,0.011950696639112458,0.6482768302362364,0.0001428191501600938,9.182955756135776,5509.782456808944,46.373158028455286,0.05195612440433385,0.01130250388782043,0.6310743412664257,0.00012774659413419592,9.225596362535512,5584.05749219563,46.579604578564,0.05146366728456543,0.011247916821948454,0.6189140203614322,0.00012651563283347101,9.229750725836157,rotten_baguette_14.jpg,spoiled_bread
3517.6396407480315,37.068282480314956,0.05530938517715464,0.011022997260222588,0.7977250336724564,0.00012150646859887467,9.357158227866048,3883.186744373489,39.352656705313414,0.05166743707141619,0.010849844555385882,0.7765112144070079,0.00011771912687603666,9.374066200088311,1153.423535925197,19.22779281496063,0.11195954621316957,0.015531965025778298,0.9338203128175724,0.00024124193756200023,8.936822141150447,3489.443982887966,36.53754107508216,0.05700499022102733,0.011136402833831768,0.7991655320935535,0.00012401946807737624,9.336280233069795,7414.2013888888905,58.914682539682545,0.031262094066125144,0.009515033695160583,0.5726578934815046,9.053586622004127e-05,9.551890776328502,3883.186744373489,39.352656705313414,0.05166743707141619,0.010849844555385882,0.7765112144070079,0.00011771912687603666,9.374066200088311,2031.8945932539682,26.210565476190474,0.08837222229384564,0.013731534374290493,0.8833282970463457,0.00018855503627232138,9.10437448649743,3489.443982887966,36.53754107508216,0.05700499022102733,0.011136402833831768,0.7991655320935535,0.00012401946807737624,9.336280233069795,11542.5625,78.655,0.023665847484463223,0.00882445996931257,0.3334893417339477,7.787109375e-05,9.650259756151808,7981.830624842531,61.6765558075082,0.02981719432393709,0.009418046204895055,0.5391742491691172,8.869959431753816e-05,9.561547873420645,2929.4148125,32.035562500000005,0.07672929007691545,0.012735899065240742,0.8315803279365251,0.000162203125,9.209182542022178,7206.631519274378,57.60556815318721,0.033648694007686636,0.009614518744058977,0.5838941874424568,9.243897067986141e-05,9.532248889657245,15037.018838205648,94.21692288306454,0.018522322635355824,0.00855753877164351,0.1304689086247537,7.323146982818191e-05,9.694738579412547,12015.098048,80.560192,0.024529538204375617,0.00878316935963323,0.30414341600836103,7.714406400000001e-05,9.652572236387456,3665.5688634072585,36.66941784274194,0.06734821070490243,0.012023540027535704,0.7889713278059288,0.0001445655147937533,9.275870636088356,11286.926207999999,77.491456,0.02313796969819018,0.008892661243969658,0.34616228911909386,7.9079424e-05,9.636002377818418,17918.440929878045,106.79674796747966,0.01523509378969986,0.008500507127732463,-0.03697228549793976,7.225862142863041e-05,9.698533054251792,15194.993496357962,94.67299687825184,0.019617475691386253,0.008627198220409528,0.11748264095777408,7.442854913423734e-05,9.67672621523256,4339.041920731708,40.7151930894309,0.061433294791151366,0.011514851575923718,0.7498148234949068,0.00013259180681555292,9.330338002417367,14945.472944849116,94.11056191467222,0.018327374875100548,0.008641159880766863,0.13178573381922695,7.466964408497478e-05,9.670954461304635,rotten_baguette_17.jpg,spoiled_bread
104.40059055118111,2.8790600393700787,0.7088677272538516,0.49089564616511694,0.9908353311003882,0.2409785354238677,3.7327152920316493,658.8977617955236,6.259656519313039,0.6437983529457925,0.47960075394500024,0.9411437577138502,0.23001688318461266,3.9220873603616515,593.0668061023621,5.203248031496063,0.679494640419112,0.4874262608346405,0.9471141884813697,0.23758435975123904,3.816035222735401,597.8117676235353,5.196850393700788,0.6965300042750217,0.4843510162833248,0.9466002826586,0.23459590697468952,3.8298757448575005,201.6183035714286,4.2765376984126995,0.6663934314520598,0.4818161551447488,0.9822699951376163,0.23214680735846865,3.89016414524977,658.8977617955236,6.259656519313039,0.6437983529457925,0.47960075394500024,0.9411437577138502,0.23001688318461266,3.9220873603616515,1202.750496031746,9.075644841269842,0.622030965908794,0.47470015986720926,0.8907891619275685,0.225340241777954,4.022907829841003,597.8117676235353,5.196850393700788,0.6965300042750217,0.4843510162833248,0.9466002826586,0.23459590697468952,3.8298757448575005,303.31737499999997,5.562749999999999,0.6380210894575503,0.47344525364937917,0.9732838185096675,0.22415040820312498,4.005187509949589,1346.6811539430587,11.073696145124718,0.5851397561672651,0.4591099740019469,0.8772969178461602,0.21078196822806836,4.170017059270061,1828.2075,12.947375000000001,0.5821443616362796,0.4617976804361949,0.8308462924443447,0.21325709765625,4.174960969553347,1196.2197026958934,8.751448727639204,0.6484525672935999,0.4700587139394489,0.8910062385411963,0.22095519455040868,4.047222254384226,406.041015625,6.868636592741936,0.613259494123819,0.46512461505550484,0.964180335023088,0.21634090753053156,4.101714889837092,2061.3711359999998,15.967103999999999,0.5463981615546887,0.43829766980900087,0.8083087236433045,0.19210484735999997,4.375375985660455,2464.1924773185488,16.794291834677416,0.5532466848525199,0.4490105056585872,0.7675326422964804,0.20161043419178018,4.299846882679034,1803.4542079999999,12.279424,0.6090678793755386,0.4562262815402024,0.8322929661015818,0.20814241996800004,4.216506041794072,512.8279979674796,8.164380081300813,0.5947434949031064,0.4568366378828171,0.9546879780763637,0.20869971371207613,4.191217304364172,2770.872268470343,20.752341311134234,0.5110518867337948,0.4177235312457206,0.7368813132881359,0.1744929485563945,4.54777688243563,3065.477578760162,20.499936483739837,0.5272221785432288,0.4363157018075812,0.7049718370822258,0.19037139164384212,4.407961322003275,2407.23842351717,15.739724245577523,0.5773074084459084,0.442359084080053,0.771411544369803,0.19568155926814337,4.357469431232592,rotten_baguette_25.jpg,spoiled_bread
681.7042322834645,10.993602362204722,0.2726283284303483,0.07649718864209094,0.9641703762903926,0.005851819870143647,6.895734989356657,988.6479632959267,14.033418066836136,0.21815349369548112,0.07142208422075104,0.9480535143695353,0.005101114114436055,7.05968544395796,715.7645792322835,12.034633366141732,0.23971471441793565,0.07414990481525977,0.9623821263958076,0.0054982083841120825,6.96800145717814,1027.6625953251908,14.31434062868126,0.2215257675886655,0.07117256429352092,0.9460046483050414,0.00506553390811537,7.06050068778885,1266.7919146825398,15.603670634920636,0.24069116223109108,0.07175443884838217,0.9334384313284598,0.005148699494446217,7.102303336454153,988.6479632959267,14.033418066836136,0.21815349369548112,0.07142208422075104,0.9480535143695353,0.005101114114436055,7.05968544395796,1382.9252232142858,17.288194444444443,0.18845488289523682,0.06718741531383274,0.9273303918235403,0.004514148776553446,7.1896837404310885,1027.6625953251908,14.31434062868126,0.2215257675886655,0.07117256429352092,0.9460046483050414,0.00506553390811537,7.06050068778885,1868.569625,19.876250000000002,0.21076797967292873,0.06711247264387596,0.9018400288964116,0.004504083984374999,7.258814435115164,1902.2245527840766,20.801020408163268,0.17467272405502576,0.0637393945436482,0.9000590871023147,0.00406271041679085,7.341308069359518,2089.0369375,21.910062500000002,0.1687191035023011,0.06318759272990228,0.8902211519214083,0.003992671875,7.345174216400592,2025.718820861678,21.401108591584787,0.17129543285134746,0.06355091577192913,0.8935797386851131,0.004038718895450831,7.322657178372198,2450.166519657258,23.834866431451612,0.19515854618187492,0.06324680732986401,0.8713245099540513,0.00400015863742094,7.3834957785990305,2797.157312,26.744895999999997,0.14731165469919527,0.05808961683468054,0.8529697378011407,0.003374403584,7.533483085989774,2787.490297379032,26.31628024193548,0.15035979712501543,0.060027420309497835,0.8535252055576399,0.0036032911890131135,7.464617604432289,3040.5240959999996,27.816768,0.14593573778310234,0.058785924846003736,0.8401972880095909,0.0034557849599999996,7.512356551885417,3013.007304369919,27.374047256097562,0.17825281388108036,0.06000135384715132,0.8418057661247879,0.0036001624634910607,7.487512899545738,3660.5948881373565,32.18164672216441,0.12836129875919414,0.053487899078146,0.8074760227162003,0.0028609553477939318,7.692423592471469,3482.364329268293,30.45909552845529,0.13872181897226588,0.05759466259171948,0.8170011811859531,0.003317145159054011,7.564312767330496,3992.155892299688,33.397827783558796,0.13358562128007284,0.05481339578192709,0.7900590573888198,0.0030045083571461828,7.66030777669449,rotten_bread_000001.jpg,spoiled_bread
602.1902066929133,9.072465551181102,0.6280135655067506,0.495656504302113,0.9749402638358416,0.24567537025699054,3.8986605581024527,1316.242544485089,12.605245210490422,0.6078067038647896,0.4904940763625933,0.9451107864429565,0.2405844389467935,4.016847163612116,1130.1238312007874,11.342950295275589,0.6175862528224678,0.49512994394286614,0.9528067269239044,0.24515366138886577,3.9552191665880354,1263.209560419121,12.150102300204601,0.6122597256467258,0.49246655562409875,0.9473235064747876,0.24252330840826353,4.004818646569619,1031.966765873016,12.288566468253967,0.6041339072416761,0.4821195054172455,0.9571093227086203,0.23243921750376945,4.007569682585103,1316.242544485089,12.605245210490422,0.6078067038647896,0.4904940763625933,0.9451107864429565,0.2405844389467935,4.016847163612116,2172.2783978174602,17.09982638888889,0.5833384200147056,0.4785841146992456,0.9090878529574801,0.2290427548424607,4.098936025728863,1263.209560419121,12.150102300204601,0.6122597256467258,0.49246655562409875,0.9473235064747876,0.24252330840826353,4.004818646569619,1484.3979375000004,15.090062500000002,0.5853888987508635,0.46971035165634256,0.9383849135716668,0.220627814453125,4.078925864643461,2632.666099773243,19.924729150919624,0.5642756576560908,0.46534500308584587,0.8901223641724285,0.21654597189696592,4.198903526951007,3221.279125,22.407750000000004,0.5567049053736054,0.4643548174449954,0.8648763655887759,0.215625396484375,4.206456408541211,2473.304232804233,18.294658604182416,0.579269722443765,0.4740909415849962,0.8967758726804335,0.2247622208929483,4.167164489911866,1917.3067036290322,17.61945564516129,0.5706400053534795,0.4591803267379252,0.9205156377464311,0.21084657246314772,4.137915172027548,3968.910208,26.601983999999998,0.5328201788904967,0.44516343828306476,0.8342147088137363,0.198170486784,4.328333150006172,4279.330708165322,27.681892641129032,0.5321577332334175,0.4505488037452534,0.8201131863022803,0.20299422455627886,4.285339861039883,3694.646976,24.190911999999997,0.550783614808764,0.45787681473514247,0.8456745322699092,0.20965117747199996,4.300663442907403,2318.243203760163,19.63776676829269,0.5628002458376326,0.4520218160200463,0.9040173361823355,0.20432372215806058,4.191873750939013,5253.649323621228,32.551638917793966,0.5054600922236856,0.4298062298964453,0.7804154881532425,0.184733395257796,4.431223859073307,5321.422573678863,32.73456554878049,0.5096869709133764,0.4383498364966306,0.7758504300334739,0.1921505791566228,4.357369759394961,4906.478863163372,29.788436524453694,0.5277890658887985,0.4437846867209862,0.7949308846250865,0.19694484816804386,4.404761763575005,rotten_bread_000008.jpg,spoiled_bread
569.1160802165354,11.45564714566929,0.3536678744400666,0.09573757745337465,0.9287755177807862,0.009165683736640909,6.6205310840277845,861.6188232376466,14.006820013640027,0.2880194026405866,0.08643503307126044,0.8899026134807446,0.007471014942029885,6.8349775388878005,795.894808070866,13.041215551181102,0.29763542370636015,0.08759220428233612,0.8982943526743388,0.0076723942510385015,6.762823033450255,801.4790129580259,13.25990451980904,0.2927660521585446,0.0867429153147583,0.8975874464916018,0.007524333357303332,6.794901816040892,655.6597842261904,12.950582837301587,0.30601138285225193,0.09253891292086748,0.9179421294964414,0.008563450404575894,6.775104944983636,861.6188232376466,14.006820013640027,0.2880194026405866,0.08643503307126044,0.8899026134807446,0.007471014942029885,6.8349775388878005,1178.1230778769843,17.006262400793652,0.21300926550595495,0.07615663745808889,0.8461259893411213,0.005799833428922787,7.043340197576297,801.4790129580259,13.25990451980904,0.2927660521585446,0.0867429153147583,0.8975874464916018,0.007524333357303332,6.794901816040892,744.0601250000001,14.434125000000002,0.27611635087283115,0.09083151039837442,0.9068769674792895,0.00825036328125,6.900649800395556,1305.2072310405645,18.71101033005795,0.2077975595735015,0.07528963776336678,0.8295426209443395,0.0056685295545389845,7.142239413831623,1577.6343124999996,20.84893749999999,0.16578678354762072,0.06750247391299817,0.789116107631864,0.0045565839843749985,7.239689241722972,1210.045666414714,17.529919375157473,0.21107412169488515,0.07542966733158234,0.8419716120902521,0.00568963471375318,7.08571009056914,811.2651839717741,15.617250504032258,0.25677625751831856,0.09002016261319559,0.8984608147082891,0.008103629676906176,6.992230478797027,1715.3237120000001,22.564799999999998,0.15948172985680492,0.06675368741874864,0.7707484852754036,0.004456054784,7.326922824524564,1984.0541834677417,24.404359879032256,0.1321635827077111,0.06030175468601921,0.7284572526848277,0.00363630161821284,7.3736011610986525,1629.5511040000001,21.618303999999995,0.16183187588201772,0.06672396726814137,0.7822155461198854,0.004452087808,7.2884165662821,877.5505589430895,16.703887195121954,0.23867492455409817,0.08878695121791509,0.8901708512066149,0.007883122706572435,7.071249222794416,2125.1946540062436,26.14743756503642,0.13267483218511,0.05936354022766487,0.7092189181631706,0.0035240299083615853,7.455090721181558,2400.083396849594,27.837207825203258,0.11015250628113005,0.054500689519195095,0.6636114289168095,0.002970325158067702,7.481090232004529,2044.0515738813738,25.162395941727368,0.1324054265744654,0.05962133807348636,0.7203296600417176,0.003554703953672954,7.418373395472191,rotten_bread_000009.jpg,spoiled_bread
420.53395669291336,11.761564960629922,0.21902804229443446,0.08340446587704314,0.9550017617443366,0.006956304928234855,7.63446254903851,942.9432078864156,15.109988219976438,0.19326680269618884,0.07609399515836472,0.8973284447072764,0.005790296099161234,7.768724029610696,830.8329232283464,13.483882874015746,0.2137700054880088,0.07696909539449306,0.9097615784555022,0.0059242416458465735,7.672026944101154,916.1102982205964,14.807675615351227,0.1970602133099537,0.07618603139173412,0.9002510846698584,0.005804311379222297,7.766560212544339,598.7552083333334,14.033234126984128,0.19364337149442934,0.08211969739897822,0.935767683541239,0.006743644700899749,7.765436556271938,942.9432078864156,15.109988219976438,0.19326680269618884,0.07609399515836472,0.8973284447072764,0.005790296099161234,7.768724029610696,1442.5819072420636,17.861669146825395,0.18075518782221184,0.06825371084238646,0.8404343135900354,0.004658569043756103,7.849688870362247,916.1102982205964,14.807675615351227,0.1970602133099537,0.07618603139173412,0.9002510846698584,0.005804311379222297,7.766560212544339,761.962,15.758875,0.1792876051730424,0.08121506460472712,0.9180510627146985,0.006595886718749999,7.844228068269568,1641.152242378433,20.100718065003782,0.1649339620088933,0.06701419060332293,0.8175605193896418,0.004490901742218495,7.957063721831967,2077.7929375,22.116812499999998,0.1605237099742679,0.06132420568686562,0.7657587635147713,0.0037606582031250013,7.998146761191357,1574.5003779289495,19.596371882086167,0.1606677947548042,0.06697363839532242,0.8249759561765356,0.004485468239907404,7.95400444863681,942.4127394153226,17.590536794354836,0.16806015762062992,0.08007609258607092,0.8983955356843583,0.0064121806038530006,7.917579338867742,2341.555904,24.804544,0.1418945813308311,0.0599706466865249,0.7340538552024506,0.003596478464,8.090561483335538,2703.1081779233873,26.08826864919356,0.13982485139430012,0.05446652128048174,0.6892309816776176,0.0029666019403971704,8.09465098804966,2213.141376,23.946624,0.13877923308983825,0.05972081392613466,0.7486528085092973,0.0035665756159999995,8.093254520069705,1111.252731199187,19.215891768292686,0.157505664306522,0.07970707342292781,0.8798660710202865,0.006353217553648004,7.971670760784524,3019.1968002081167,29.129032258064516,0.12803392922204757,0.053353395578999346,0.6495097886168175,0.0028465848198091868,8.197680863899553,3172.676765752032,29.29541412601626,0.12626914932582703,0.04853384212664912,0.6283975977088828,0.002355533831574501,8.175858612255544,2844.973790322581,28.163436524453694,0.122222727568006,0.052901941212817424,0.6697658229582926,0.0027986153840843906,8.204599475771985,rotten_bread_000010.jpg,spoiled_bread
864.8385211614172,10.183993602362204,0.6971966963096073,0.5402309892521531,0.9577099123612245,0.29184952174836,3.36936581542328,1453.2220224440448,13.00093000186,0.6749034442356396,0.5387774228243832,0.928597959227708,0.2902811113452842,3.468159316776215,1310.5833538385828,11.941252460629922,0.6882643201026694,0.5402341186186531,0.9354754574816512,0.2918529029196729,3.4145278472100875,1454.1868683737366,12.78454956909914,0.6795493714421791,0.5385667688611117,0.9285518187712035,0.290054164521498,3.4636753753874996,1363.648375496032,14.34306795634921,0.6671468395429566,0.5274313174113444,0.933451885627538,0.27818379458626635,3.498230557630822,1453.2220224440448,13.00093000186,0.6749034442356396,0.5387774228243832,0.928597959227708,0.2902811113452842,3.468159316776215,2287.0665302579364,17.775731646825395,0.6544587313555258,0.5284287330499378,0.8868365607578735,0.27923692591276233,3.556666373886328,1454.1868683737366,12.78454956909914,0.6795493714421791,0.5385667688611117,0.9285518187712035,0.290054164521498,3.4636753753874996,1887.3571875000002,18.2676875,0.6446576460095297,0.5167466342264603,0.908078271406998,0.2670270839843751,3.589175449558237,2657.077979339884,20.67283950617284,0.6309888618017806,0.5202093737196617,0.869079283303975,0.27061779250580265,3.6508870241380333,3294.7650624999997,23.393812500000003,0.6266823060703607,0.5175059046311694,0.8361209928955093,0.26781236132812497,3.6666750056448922,2670.8024691358028,20.19803476946334,0.6366233671786464,0.5205418453606327,0.8684078126448156,0.2709638127714529,3.6482087192174983,2353.467300907258,21.342804939516128,0.6307811407341382,0.5093161464168612,0.8856099603920671,0.2594029370009216,3.65227064328231,3895.6874239999993,27.865983999999997,0.5968135268903333,0.5039806370883706,0.8074886788941945,0.2539964825599999,3.787866455505599,4286.034211189516,28.81218497983871,0.6019653462060774,0.5065673904275887,0.7858603827520017,0.25661052104461707,3.759863286429292,3816.9262080000003,26.654848,0.6069005449921039,0.5050526394109826,0.8113877482986867,0.255078168576,3.77690946158244,2834.7179242886177,24.394626524390244,0.6171709701073494,0.5019513927216703,0.8625029827787285,0.2519552006552245,3.7104206103134074,5066.184703433923,34.2756243496358,0.5686753509179621,0.49032627645487314,0.7491494253255265,0.2404198573821007,3.88872781269255,5256.73882113821,33.90294715447154,0.5809341032538179,0.495888473078997,0.7360317013442357,0.24590537773261917,3.826179763526827,4925.286550468262,32.73465140478668,0.5761417691326628,0.489456257612613,0.75613513070351,0.23956742811614462,3.893249160763359,rotten_bread_000011.jpg,spoiled_bread
790.8316313976377,12.937561515748031,0.46785382476576537,0.35786154731988773,0.9648143298477312,0.12806488705018426,5.602811364919825,1478.8208196416394,17.416516833033665,0.435977164099575,0.3460687308234981,0.9340238254562709,0.11976356645378677,5.727865102041431,1235.890748031496,15.629060039370078,0.4488065965341855,0.3557433104238129,0.9450207046462358,0.1265533029112933,5.657211942843071,1550.0531341062683,17.38291276582553,0.44129353355026,0.3492357632745901,0.9308458639684071,0.12196561834998555,5.721049119791076,1412.829117063492,16.781870039682538,0.4486024910309975,0.34494237513479464,0.9369635240798553,0.1189852421636334,5.720475770747582,1478.8208196416394,17.416516833033665,0.435977164099575,0.3460687308234981,0.9340238254562709,0.11976356645378677,5.727865102041431,2465.578373015873,22.478918650793652,0.41652476914095937,0.33909914968467963,0.890014656469377,0.11498823331687277,5.826413180012853,1550.0531341062683,17.38291276582553,0.44129353355026,0.3492357632745901,0.9308458639684071,0.12196561834998555,5.721049119791076,2058.53925,20.25325,0.43490776983568247,0.33417698868357915,0.9079196256431933,0.11167425976562499,5.813930861075419,2973.403628117914,25.23507180650038,0.39885865386443764,0.3235677655135666,0.8665899320003757,0.10469609887944241,5.93594564053422,3733.9897499999997,28.801625,0.3876457058608712,0.3248405528341943,0.8329573335664614,0.10552138476562498,5.945853270171294,3149.084908037289,25.578609221466365,0.40596022501679724,0.3268029643669215,0.8587075001372181,0.10680017751900739,5.939994123575639,2686.853578629032,23.448084677419352,0.4226206014230171,0.3244266266612596,0.8794872490941641,0.10525263608680431,5.891280352704103,4503.3838080000005,32.534016,0.3692951866757895,0.3037827939828061,0.7968142448513724,0.09228398592000002,6.089396035211631,4969.460811491936,34.64780745967742,0.3699747808441944,0.3115188932635994,0.7770903204275255,0.09704402086017783,6.040537627445071,4787.272767999999,33.31270399999999,0.37313689456694155,0.30595386256100765,0.7840066782063717,0.09360776601599996,6.103216413181594,3323.6601244918697,26.523056402439025,0.4113305675510782,0.31527319608456034,0.8504924507936633,0.09939718816937362,5.965055322589677,6014.983415712799,39.60906607700312,0.34246024110946116,0.28598605061691684,0.7270720352601502,0.08178802114746173,6.21536649339728,6173.12068089431,40.27947154471545,0.35123938284013134,0.2978397723306922,0.7223570167319805,0.08870852998199856,6.1148265852465595,6390.320369406869,40.788241415192516,0.3447464745686819,0.2850575834064168,0.7100369112377459,0.08125782585750625,6.237773696967978,rotten_bread_000019.jpg,spoiled_bread
736.7587352362207,6.7731299212598435,0.6406820753071252,0.5773847071890714,0.9709245484522366,0.3333731000958097,3.8339384278931683,1063.5909231818464,8.586025172050345,0.6255301744874292,0.571933422345687,0.95812527072327,0.32710783959605,3.9250601728095127,672.810162401575,6.598917322834646,0.6408964309667362,0.5783640719291578,0.9734482153489804,0.3345049996984761,3.840425375711402,1150.712505425011,9.008370016740034,0.6225857782924487,0.5711883209985014,0.9546951994514328,0.3262560980450871,3.936685519171383,1506.938244047619,10.900049603174603,0.6185360832223892,0.5678100879900838,0.940671293689434,0.3224082960233067,3.98699335111999,1063.5909231818464,8.586025172050345,0.6255301744874292,0.571933422345687,0.95812527072327,0.32710783959605,3.9250601728095127,1409.9822668650793,10.442956349206348,0.6169047272508623,0.5694206574187537,0.9444884857462671,0.3242398850952056,3.978481421031753,1150.712505425011,9.008370016740034,0.6225857782924487,0.5711883209985014,0.9546951994514328,0.3262560980450871,3.936685519171383,2276.927,14.723625000000002,0.6018000954881938,0.5579152776463915,0.9105641741017264,0.3112694570312501,4.088304823182449,2186.126606198035,14.195515243134292,0.5978922333681569,0.55597317718899,0.914318508155897,0.30910617375362,4.107954754445348,2155.1868750000003,14.037125,0.6009408384532025,0.5603560269624349,0.9153460264071953,0.31399887695312506,4.0699613796434075,2364.410934744268,14.92302847064752,0.5971377782638652,0.5545289874141218,0.9073309589449059,0.3075023978825313,4.117936522503291,3027.8824344758063,18.311365927419352,0.5860354477241947,0.5479887650298041,0.8813355934747586,0.3002916865988899,4.18221683961726,3286.565888,19.426175999999998,0.5749920229579896,0.5398295197560059,0.8717345388938136,0.2914159104,4.24957680036383,2891.512726814516,17.516003024193544,0.5852377771634273,0.5511560422385446,0.886679998608655,0.3037729828960564,4.14530989841121,3555.889664,20.554367999999997,0.5720507780226625,0.5374067938535946,0.8612235862786142,0.2888060620799999,4.262061260630581,3756.774136178861,21.74237804878048,0.5729819098841559,0.5379086830445523,0.8530928142187677,0.2893457512947247,4.264389937260604,4368.140478668054,24.35926118626431,0.5552544413183192,0.5231009294897305,0.8301953235119092,0.27363458243302,4.372846797598406,3604.7775660569105,20.754065040650406,0.5746218927158114,0.5419994568949019,0.8590365807470709,0.2937634112743686,4.214348158887978,4731.627991675339,25.858480749219567,0.551439022288516,0.5199306823287351,0.8160653110145814,0.270327914426824,4.385347006517164,rotten_bread_000022.jpg,spoiled_bread
666.9908956692914,9.974778543307087,0.3781028104137344,0.08726838750159677,0.9628454857793222,0.007615771457128851,6.876990748065972,1373.3445346890694,14.36704073408147,0.33529490298643266,0.07732242004103759,0.9234388893759913,0.005978756641002651,7.083391465678384,1070.4681963582677,12.226439468503937,0.3654640426848733,0.07967720254630316,0.9400910452095348,0.006348456605604617,6.978998371085277,1247.2573625147252,13.669167338334677,0.3288694929026745,0.07709662443670424,0.9304679031753542,0.005943889499534223,7.067328463398725,1225.371589781746,13.792348710317462,0.3119819453180596,0.08326131025071092,0.9319684034770224,0.006932445784665139,7.0635607042234625,1373.3445346890694,14.36704073408147,0.33529490298643266,0.07732242004103759,0.9234388893759913,0.005978756641002651,7.083391465678384,2152.777405753968,18.919146825396822,0.27891401891417467,0.06681335412044756,0.8794336216779349,0.004464024288824327,7.262649208457567,1247.2573625147252,13.669167338334677,0.3288694929026745,0.07709662443670424,0.9304679031753542,0.005943889499534223,7.067328463398725,1814.6324375,17.6186875,0.2655962773608506,0.08115440289580719,0.8996085409314672,0.006586037109374998,7.196730897794083,2707.2995086923656,22.411627614008566,0.25034656063473265,0.0649965462351886,0.849486336055732,0.004224551022503008,7.373181275821553,3222.105125,25.352625,0.22666224852831218,0.05697120983444181,0.8194131732070635,0.0032457187499999995,7.4789291991303095,2448.3302469135806,21.25188964474679,0.23934765461113433,0.06462129182580821,0.8638830977992165,0.0041759113572362675,7.367682275277554,2382.252016129032,21.214339717741936,0.23064602017677543,0.07950912917026479,0.8686449579894201,0.006321701621413852,7.305680353170721,4013.3470079999997,29.957824,0.2005861456242224,0.05554169489671701,0.7775442371401342,0.0030848798720000004,7.586436819112789,4257.633757560484,31.234185987903224,0.18933253386774548,0.05015938133118431,0.7612622128196548,0.002515963535527161,7.633859120586084,3670.8248320000002,28.428928,0.18732618261723397,0.05484359375533299,0.7965263790745706,0.0030078197759999996,7.59246635384777,2895.6052464430895,24.312309451219516,0.2093582412075822,0.07853759243074239,0.8408606368785466,0.006168153424817404,7.3814257380684225,5260.265413631634,37.03492455775234,0.16736827565916407,0.04883527167336119,0.7093426267532451,0.002384883759410994,7.754370650173596,5248.020515752032,36.76098831300813,0.16367910358387733,0.04615563221928922,0.7056863684990611,0.0021303423855622895,7.759048887701782,4830.744146722165,35.049557752341315,0.1551844649136546,0.047999764266365715,0.7330419639723018,0.002303977369626679,7.762150886034379,rotten_bread_000023.jpg,spoiled_bread
497.1962352362205,10.061146653543307,0.2639512701707307,0.07210408014856695,0.9669458545081216,0.005198998374070968,7.624109503105837,967.8711017422036,14.071114142228286,0.2173001429172431,0.0642923648189749,0.9353197315084895,0.004133508174016163,7.848109174093651,817.6353346456692,12.377214566929133,0.24176787716386972,0.06564141079712775,0.9454644644218935,0.00430879481143728,7.7311658886921375,967.8303676607352,14.309876619753238,0.20862307394308327,0.06416690844627071,0.9353212382907188,0.004117392139552088,7.867246491551058,872.0644221230159,14.567522321428573,0.2021284009764724,0.07006308490841928,0.9419100856280133,0.00490883586688437,7.890407030391751,967.8711017422036,14.071114142228286,0.2173001429172431,0.0642923648189749,0.9353197315084895,0.004133508174016163,7.848109174093651,1531.8357514880954,18.77622767857143,0.18170464611114337,0.05442579986854995,0.8972807227170911,0.002962167691331452,8.04568363770585,967.8303676607352,14.309876619753238,0.20862307394308327,0.06416690844627071,0.9353212382907188,0.004117392139552088,7.867246491551058,1269.8583125,18.2579375,0.17869000242639374,0.0692584465742266,0.9152628420923767,0.004796732421874999,8.036931591057508,1807.5430209120686,21.187893675988917,0.1603365283989039,0.053466985264744936,0.8783110015438417,0.002858718513300452,8.14299623920401,2238.7119375,23.9941875,0.14834601137361542,0.04540417450521483,0.8490620985159106,0.0020615390625000002,8.217815480747513,1781.2600151171582,21.387755102040817,0.15346014175253325,0.05311491148360022,0.880072047054439,0.002821193821910687,8.162368050770771,1597.9432333669356,21.054498487903224,0.16569181889400975,0.06907217714508523,0.8932355636063263,0.0047709656555620355,8.118293705483946,2610.803328,26.737792,0.12997854351606108,0.04415900288729355,0.8229402034713736,0.0019500175359999997,8.297765830940408,2868.6915952620975,28.153666834677423,0.129525826383791,0.03919430664009627,0.8055537705396394,0.0015361936729978948,8.320973248853868,2596.430528000001,27.185600000000008,0.1238476833754633,0.044047671629724096,0.8238875803293695,0.0019401973760000007,8.325975726666803,1878.0132748983742,23.212461890243908,0.15589077693734055,0.06862428552935748,0.8743935761334944,0.0047092925644147835,8.165067824327217,3284.716311134235,31.06802809573361,0.11194575014254765,0.038233754948903916,0.7757338470516943,0.0014618200174928344,8.400156089927066,3459.1703506097574,31.86305894308944,0.11790039898441304,0.03667245920716213,0.7644831373121935,0.0013448692643009705,8.392741310570765,3278.1177809573364,31.701027575442254,0.10748847750132501,0.03793692085321682,0.7761187111075504,0.0014392099638232373,8.425319915763474,rotten_bread_000024.jpg,spoiled_bread
451.3131766732283,10.887979822834644,0.2243897609470213,0.023520262893126493,0.9745979543851612,0.000553202766561783,8.204452422311368,1470.0371380742763,18.357306714613433,0.1671565172773517,0.01982172181222032,0.9172694644658689,0.00039290065560105083,8.495036130979809,1425.9582923228347,17.663631889763778,0.16619769354387834,0.019884245951394198,0.9196891821140056,0.00039538323705553657,8.470738472202704,1548.0675181350364,18.796515593031188,0.15723052232044357,0.019324902582055763,0.9128758717731935,0.0003734518598059454,8.514079950472418,696.9800347222224,13.850446428571429,0.1851717112431267,0.02115625915281939,0.9608050706729139,0.0004475873013412542,8.37664088895874,1470.0371380742763,18.357306714613433,0.1671565172773517,0.01982172181222032,0.9172694644658689,0.00039290065560105083,8.495036130979809,2656.3263268849214,25.06144593253969,0.12546708274454205,0.01722081386022002,0.8503525127788591,0.000296556430008346,8.669884214808805,1548.0675181350364,18.796515593031188,0.15723052232044357,0.019324902582055763,0.9128758717731935,0.0003734518598059454,8.514079950472418,907.1495000000001,15.743125,0.16413594682055938,0.019786605712577385,0.9490326817982468,0.00039150976562499993,8.46926817363996,2709.345930964979,25.993953136810283,0.12371281924571909,0.016921496436546102,0.8476228961391709,0.00028633704165204244,8.698900701570192,3887.117625,31.679125000000003,0.10421108179087105,0.01566794099427235,0.7808435051907726,0.000245484375,8.79639767195638,2866.839380196523,26.71151423532376,0.11713090856111855,0.016491353602541788,0.8387492082135262,0.00027196474364406796,8.721025820360625,1072.1006804435483,17.07258064516129,0.1498740530443593,0.019026331075126857,0.9398150829971933,0.00036200127418033786,8.520113479745467,3887.017920000001,32.348352000000006,0.09736960270479676,0.015426920885257697,0.7814350264801794,0.0002379898880000001,8.818984768686258,5039.904800907258,37.66273941532258,0.08552143635294396,0.014514671443922676,0.7155734979324688,0.0002106756871250244,8.885230658341241,4190.497471999999,33.843264,0.0918121320515323,0.014972649197787279,0.7643360158054632,0.00022418022400000004,8.84767238838003,1196.7083968495936,18.148945630081304,0.14062937046036256,0.018230439160566568,0.9328652386626587,0.0003323489119871191,8.57264832120547,4932.368496357962,37.680671175858485,0.08029734662717634,0.014335036205461291,0.7226475626442764,0.00020549326301188604,8.901712800507747,6163.654090447155,43.58549288617887,0.06991931963034781,0.01359559576962954,0.6518489764640736,0.00018484022433116863,8.969731268853343,5418.615894901144,40.17156607700312,0.07556225654689222,0.014008443376205696,0.6952432662194555,0.00019623648582436123,8.929893313606751,rotten_bread_000025.jpg,spoiled_bread
1215.9350393700788,20.817667322834644,0.15391558902475078,0.06530911454140209,0.9153628743367201,0.004265280442181977,8.228655961687052,1657.456630913262,24.332196664393333,0.1308508300529249,0.05770473148131634,0.8839280495730913,0.0033298360353308217,8.345938164301696,1250.45749261811,20.588029035433074,0.14477060578755127,0.05842498448284693,0.9124196532893314,0.0034134788118209045,8.255581221756314,1632.1575423150844,23.927397854795707,0.1369473203204089,0.05789965158327988,0.8856989146916111,0.003352369653465204,8.331515036843697,2042.6852678571427,27.466765873015873,0.13254033314627725,0.0641563721564117,0.8578396810978836,0.004116040088271999,8.366028973141715,1657.456630913262,24.332196664393333,0.1308508300529249,0.05770473148131634,0.8839280495730913,0.0033298360353308217,8.345938164301696,2177.542782738096,27.885044642857146,0.11236194500878885,0.04849818254121242,0.8465120503252923,0.0023520737098007612,8.447105261819171,1632.1575423150844,23.927397854795707,0.1369473203204089,0.05789965158327988,0.8856989146916111,0.003352369653465204,8.331515036843697,2842.6036249999997,32.354375000000005,0.12758628885864298,0.06408377695446797,0.8022333843705083,0.00410673046875,8.43325787816893,2857.014487276392,32.6331569664903,0.10318868241074014,0.04790699771057599,0.7986711691578713,0.002295080429641133,8.525353457238406,3121.7761874999997,33.901812500000005,0.09800357088139644,0.04054848563756727,0.7785379210704997,0.0016441796874999996,8.5739797689229,2873.882338120433,32.758377425044095,0.10868879996462563,0.04813970696204353,0.7974835659556633,0.0023174313863914223,8.518364765822685,3576.1620463709687,36.73311491935485,0.12068342986060719,0.06396536929859027,0.7513156606504635,0.004091568469505035,8.487094576486339,4046.3971199999996,39.254976,0.09063419201943679,0.04035678322165928,0.7131071497941228,0.0016286699520000002,8.629334179125362,3996.794732862904,39.03578629032259,0.08393226332053899,0.0358706584252234,0.7147239083659527,0.0012867041358590504,8.658408466317898,4069.461376,39.759103999999994,0.09252710522281953,0.04031169438264782,0.7114742516192429,0.0016250327039999996,8.632942006301123,4205.228467987805,40.248158028455286,0.11624930308375495,0.06353637575270595,0.7077210928174764,0.00403687104378904,8.526275154081025,5086.091441207076,44.77718522372529,0.07855398651802595,0.036129853492757776,0.6373949085422385,0.0013053663134081413,8.710923881184343,4841.888084349594,43.556656504065046,0.07905831989473705,0.03249233871426763,0.6526366975873049,0.0010557520751226948,8.714701674817453,5056.742976066597,45.197450572320506,0.08328548635266789,0.03596496406841517,0.6393875338144792,0.0012934786404423942,8.70468888895053,rotten_bread_000026.jpg,spoiled_bread
837.5068897637796,10.317544291338583,0.6466501986264624,0.519532159569867,0.9646407039237394,0.2699136648273297,3.6633197224250207,1654.4531589063174,14.112034224068445,0.6262529594427604,0.5134775838319154,0.9299769298200364,0.2636592290978617,3.7715582168614166,1277.619648129921,12.01285679133858,0.6403566701114337,0.5194678903060441,0.9458284409109033,0.26984688905901233,3.6931007388669075,1367.5716411432827,12.292702585405173,0.6373618649695355,0.5171587868051488,0.9421189022557717,0.2674532107697734,3.723576225035261,1569.4732142857142,14.938368055555557,0.6195086143990609,0.502685348133952,0.9338500073128798,0.25269255922855255,3.7813191421216796,1654.4531589063174,14.112034224068445,0.6262529594427604,0.5134775838319154,0.9299769298200364,0.2636592290978617,3.7715582168614166,2508.686693948413,18.698846726190478,0.6031006829009333,0.5014488620877526,0.8933552041416029,0.25145096128910194,3.845233295129134,1367.5716411432827,12.292702585405173,0.6373618649695355,0.5171587868051488,0.9421189022557717,0.2674532107697734,3.723576225035261,2336.2205624999997,19.2510625,0.5982732656805263,0.4877685298088377,0.9017051789164693,0.237918138671875,3.8714824495489846,3393.82848324515,23.24168556311414,0.5814784777913341,0.48559258811590716,0.8562504976031435,0.23580016163310508,3.964036770831844,3779.115,24.89025,0.5752555511637776,0.4862610237342954,0.8389295641305757,0.23644978320312499,3.953939171366512,2649.1798311917355,18.9786470143613,0.6008361872168654,0.4987704213939515,0.887790946309265,0.24877193325749997,3.8945491097616163,3117.730153729838,23.288117439516128,0.5796195955054282,0.47408732031574136,0.8690469303830551,0.22475878728416035,3.940680023478826,5109.070912,31.500863999999993,0.5458335441745574,0.46342740062279447,0.7834603862314227,0.21476495564800005,4.097675599097959,5063.070186491936,31.011466733870968,0.550100923744891,0.47150090971143566,0.7836542454228327,0.22231310785871142,4.042288269102421,3969.0052479999995,25.121983999999998,0.5760798610426445,0.48352097842389424,0.8317802046104433,0.233792536576,4.019923263558573,3853.5666285569105,26.721100101626014,0.5677331291469572,0.46383080915353014,0.8384015715861939,0.2151390195200185,4.000990781000403,6716.3342221644125,38.80859781477627,0.519569272149291,0.4453537434328963,0.7151849205796247,0.19833995678969402,4.207017678517176,6305.996951219512,36.80055894308943,0.5270941485192482,0.45790424588641926,0.7298902842792179,0.20967629840081028,4.112719581394476,5298.109716441206,31.14821800208116,0.5515385193233184,0.46880417471163366,0.7753266157174978,0.21977735422705594,4.126048996002366,rotten_bread_000029.jpg,spoiled_bread
1004.6932824803149,16.82160433070866,0.177420843481713,0.06316088800450341,0.9279660195108596,0.003989297773517423,8.281270322071874,1433.93892987786,20.353586707173417,0.15026025763879033,0.05569376616076481,0.8964953797596914,0.003101795589169951,8.43128910720156,1045.5351870078741,17.261564960629922,0.1622202424199251,0.056209457248250376,0.9244102892325579,0.003159503084142887,8.349720188038798,1417.8531217062437,20.333498666997336,0.15379016117746866,0.055693110461508655,0.8976551659171581,0.0031017225528778046,8.42768576600388,1783.2907366071427,22.719060019841272,0.1558055445539035,0.0624468926902791,0.8723079036930623,0.0038996144066712336,8.438227040176361,1433.93892987786,20.353586707173417,0.15026025763879033,0.05569376616076481,0.8964953797596914,0.003101795589169951,8.43128910720156,1874.1160094246034,23.351376488095244,0.1311383834348037,0.04626077801832695,0.8635530196243512,0.0021400595828609224,8.531793075537179,1417.8531217062437,20.333498666997336,0.15379016117746866,0.055693110461508655,0.8976551659171581,0.0031017225528778046,8.42768576600388,2599.3064375000004,27.7706875,0.14796987198304934,0.06191351389741176,0.814137427167526,0.0038332832031249993,8.535636110805005,2637.7862811791383,28.32634164777022,0.1182075882225959,0.045450135535738206,0.8085339082643583,0.002065714820216973,8.634652159067894,2689.5285,28.479625000000002,0.11115406186790414,0.03860626062408789,0.8027681893657623,0.001490443359374999,8.667475362718406,2549.899659863946,27.894494834971027,0.12613294148682536,0.045752670470002414,0.8149057686137388,0.002093306855136631,8.623658230965662,3316.8579259072576,32.11195816532258,0.1400082314742313,0.06162857214635818,0.7631967585314586,0.0037980809047988753,8.601790410373614,3826.3122559999997,35.204415999999995,0.10298678374553003,0.03827954440690222,0.7207014806859905,0.0014653235199999992,8.768732167196013,3416.5224294354844,32.694934475806456,0.10074499706039419,0.034228038655552004,0.7478207175678508,0.0011715586302059623,8.74472976311797,3567.8805119999997,34.057024,0.10456420408917229,0.038293532404310784,0.7395574514624499,0.001466394624,8.74889403582169,3877.005208333334,35.33244410569106,0.13172611153590674,0.06186460915677167,0.7237048647302912,0.003827229866120117,8.644342811389834,4834.762552029135,40.79832206035379,0.08880851539954616,0.034360194119786185,0.6454636547245108,0.0011806229399493893,8.847699777981829,4048.2723577235774,36.32571138211382,0.09427441521643257,0.03156371513474743,0.6994780681451938,0.0009962681131074837,8.80944221205905,4370.750390218523,38.8069719042664,0.09389169937609493,0.03394991471801005,0.679407046177073,0.0011525967093601553,8.83552638901829,rotten_bread_000031.jpg,spoiled_bread
894.2368356299212,12.003075787401574,0.3193869448676874,0.07997550001231502,0.9506502000595983,0.006396080602219799,7.247371125203948,1702.1459482918963,16.56606113212226,0.28766051868579656,0.07178236892728843,0.9057621143402115,0.005152708488813343,7.414498127541428,1338.4247047244094,13.928272637795274,0.34639719601669283,0.07668313665740736,0.9261805158336439,0.005880303447618614,7.230351288748482,1692.6901233802464,16.692107384214765,0.29052801531345784,0.07166808050474427,0.9062834307541184,0.005136313763234505,7.412465412834244,1646.4029017857142,16.80890376984127,0.2510870287950936,0.07480667634675639,0.9087908371871152,0.005596038826048361,7.474789543931033,1702.1459482918963,16.56606113212226,0.28766051868579656,0.07178236892728843,0.9057621143402115,0.005152708488813343,7.414498127541428,2622.9236731150795,21.78441220238095,0.2727785836863321,0.06307396146791111,0.8548645946790813,0.003978324615255536,7.520424678354074,1692.6901233802464,16.692107384214765,0.29052801531345784,0.07166808050474427,0.9062834307541184,0.005136313763234505,7.412465412834244,2418.9188125,21.461937499999998,0.21773875924033342,0.0720034857012145,0.8654507461915933,0.005184501953125001,7.624413499130945,3315.565507684555,26.212144116906025,0.20848217284190762,0.05810663570855364,0.8151032176059029,0.0033763811133665613,7.730269859702895,3944.6634999999997,29.310125,0.22363436255873695,0.052978695600212726,0.781005731246944,0.0028067421874999996,7.729451954217781,3338.0830813807006,26.47058453010834,0.21022386530609077,0.05783057345134609,0.8138316037541979,0.003344375225711535,7.736615798152128,3108.173576108871,25.544669858870968,0.1934525209128654,0.07055984692573422,0.8263719910459875,0.004978691998183045,7.724897068413952,4909.131648,35.098240000000004,0.16849090569364433,0.048205087200419,0.7241518687093349,0.0023237304319999996,7.938741116285538,5222.5408266129025,36.2961189516129,0.18826866095894856,0.04619501875384618,0.7091282568657669,0.0021339797576682,7.879992350792051,4993.408256,35.78278400000001,0.16470398999989566,0.04758252586822184,0.7193519479262063,0.0022640967680000006,7.951061648313455,3754.211509146342,29.158409552845534,0.17925133830990028,0.0699304793991792,0.7893082948904782,0.004890271948999025,7.799803792027429,6431.29916753382,43.38176378772113,0.14013873338839036,0.04196774558310919,0.635773303606494,0.0017612916693285807,8.090434739347696,6418.839875508131,42.4755462398374,0.16613699248809988,0.04291852496210212,0.6414374615786493,0.0018419997849225826,7.993262453087345,6559.128446930281,44.07147502601457,0.13481515077549577,0.041633545949473154,0.6283725617132956,0.0017333521483268925,8.101323136809834,rotten_bread_000034.jpg,spoiled_bread
1853.057332677166,24.67950295275591,0.1367448829675202,0.061950680102231315,0.8948463172331479,0.003837886765128999,8.710216606172597,2353.662409324819,27.49042098084196,0.12740038538250723,0.05434730847528643,0.8663371324880823,0.0029536299385079403,8.781866241382357,1624.5014148622047,22.569820374015748,0.13518856607980395,0.05520309230413258,0.907787991458988,0.003047381399938582,8.691743970009629,2326.8749457498916,27.51900303800608,0.12339857270941493,0.054353673852607504,0.8678579043510826,0.0029543218612756287,8.792583146747003,3215.916294642857,32.74144345238095,0.12538940092482226,0.06132338221200063,0.8174662989912345,0.003760557205919115,8.834283491112297,2353.662409324819,27.49042098084196,0.12740038538250723,0.05434730847528643,0.8663371324880823,0.0029536299385079403,8.781866241382357,2799.778955853175,30.50737847222223,0.11119979995820611,0.04527529592077401,0.8409375483761161,0.0020498524207136558,8.878527772838106,2326.8749457498916,27.51900303800608,0.12339857270941493,0.054353673852607504,0.8678579043510826,0.0029543218612756287,8.792583146747003,4726.268875,40.566625,0.11640725906950813,0.06135934117964435,0.731734704783212,0.0037649687499999997,8.915252377629105,4157.288926681786,38.284895439657355,0.10051636685703909,0.04445304199637198,0.7636529120451583,0.0019760729427312105,8.97473622981283,4095.0273749999997,37.917125,0.09746117226496892,0.03766458673276529,0.7671534572644689,0.0014186210937499994,9.00180098896773,4111.220332577475,37.72965482489292,0.10254597133114854,0.044677767482905965,0.7662551960646163,0.0019961029072566097,8.96519628850129,6022.998739919356,47.07673891129033,0.10958755364142045,0.061080711488512206,0.6580879866812214,0.003730853315942867,8.96758727001026,5959.769023999999,47.72819199999999,0.08740633862457786,0.037339735831952534,0.6608966614238239,0.0013942558719999998,9.096966123919493,5194.641003024193,43.932837701612904,0.08507778997552864,0.03283610350550764,0.7045305455170379,0.0010782096934244113,9.088484838791759,5998.0117119999995,47.305408,0.08605026830544689,0.037237964283778985,0.6586672768625652,0.0013866659839999996,9.09201707725898,7228.842924288619,52.95826981707317,0.10719545028996846,0.06105835631865981,0.5897311606152875,0.003728122876336424,9.017956858862878,7429.141454214359,55.068613423517164,0.07746025718815609,0.033048421966327624,0.5771133364640914,0.001092198194464446,9.176279538928458,6275.698361280488,49.703823678861795,0.07584656243040111,0.029874290768808726,0.6429816895823407,0.0008924732489393303,9.156638768341423,7580.459612382935,55.3182232049948,0.07519485664600807,0.03270184233164516,0.5683602519521773,0.0010694104918837794,9.180473327795301,spoiled_toast_2.jpg,spoiled_bread
1373.048966535433,17.526820866141733,0.18269228736707946,0.06222879679151556,0.922817387520688,0.0038724231501197372,8.28544434454799,2322.6108252216504,25.95945191890384,0.1387479030604606,0.05434946571444726,0.8694084688397957,0.0029538644234458782,8.554731086141423,1637.0631766732286,22.319943405511815,0.1496310756745554,0.05488707930288968,0.9077823745425534,0.0030125914744017004,8.474381525632094,2030.1618823237648,24.800607601215205,0.13951528141764008,0.05425933687662223,0.8858523726537014,0.0029440756382907774,8.537473268885169,2722.8927951388887,25.98344494047619,0.15748932824171635,0.06127728618797208,0.8472046825461841,0.003754905802562634,8.488966960093649,2322.6108252216504,25.95945191890384,0.1387479030604606,0.05434946571444726,0.8694084688397957,0.0029538644234458782,8.554731086141423,2738.4214409722226,29.24658978174604,0.12379040184076401,0.045215370889067026,0.8457356337593572,0.0020444297646358897,8.654615879140362,2030.1618823237648,24.800607601215205,0.13951528141764008,0.05425933687662223,0.8858523726537014,0.0029440756382907774,8.537473268885169,4094.8909375000003,33.2790625,0.1411324316077407,0.06071594338598388,0.7706114757728665,0.0036864257812499993,8.597575131945046,4299.3383723859915,36.69740488788108,0.11228455251747893,0.044345385690287065,0.758684956615618,0.0019665132320203166,8.748747410724935,4147.600375,36.66675000000001,0.10840958992567956,0.037782270974625116,0.7664178834140164,0.0014274999999999997,8.791071182698786,3602.77273872512,33.69942050894433,0.11615346781221655,0.044518103475048976,0.7977880956156852,0.0019818615370151677,8.717301199539158,5449.0444178427415,40.28017893145161,0.12964995695891388,0.060579073234533626,0.6953144290559662,0.003669824113954988,8.683754368575602,6412.5127680000005,46.99891199999999,0.09652898065076884,0.0374100940389088,0.6408166656366548,0.0013995151359999997,8.881431643381486,5353.400705645161,43.17716733870968,0.09382746581177245,0.032778055928027634,0.6987640605063029,0.0010744009504209077,8.897582769901003,5347.383232,42.574528,0.09928998494544916,0.03720145545539851,0.7004959339972442,0.0013839482879999996,8.864861268246933,6692.871760670732,46.29427083333334,0.12503162865549045,0.061194134250424886,0.6264678517945382,0.0037447220666590245,8.736383550336306,8274.13638137357,56.14873829344432,0.0820149800740436,0.03273545409173762,0.5378215746572004,0.0010716099545922612,8.974382081197591,6483.873094512195,48.6426575203252,0.08803470433805989,0.030464010076314836,0.6355969687507443,0.000928055909929812,8.972933673026432,6906.525624349637,50.54877731529657,0.08542243790319187,0.03237736145850004,0.6142257949846871,0.0010482935350143636,8.961292466402014,spoiled_toast_3.jpg,spoiled_bread
1219.4347317913387,16.803088090551178,0.1723556925213437,0.057606681638363424,0.9326488943881439,0.0033185297693837574,8.34783157234009,1832.5093930187859,20.679769359538717,0.15290891684284075,0.050195160246844214,0.8988611419418953,0.0025195541122063694,8.469974117417761,1095.3148991141732,14.702202263779526,0.20945079539987396,0.051587401186644365,0.9395549214772277,0.0026612599611917967,8.237896645947071,1341.1002542005085,17.424018848037697,0.1697851064363594,0.050799842366739845,0.9259816199898256,0.0025806239844856165,8.37446404924716,2487.8341393849205,25.12543402777778,0.15180743389640794,0.056902822301967,0.8626534335406797,0.003237931185929233,8.520826932644187,1832.5093930187859,20.679769359538717,0.15290891684284075,0.050195160246844214,0.8988611419418953,0.0025195541122063694,8.469974117417761,2249.3025173611113,22.941034226190478,0.1528166760385099,0.04157894296884659,0.8759860272749264,0.001728808498406597,8.53445402546306,1341.1002542005085,17.424018848037697,0.1697851064363594,0.050799842366739845,0.9259816199898256,0.0025806239844856165,8.37446404924716,3851.1650624999997,32.9894375,0.13903975493761503,0.056788842709197734,0.7874777773098275,0.0032249726562500005,8.639754196511246,3841.0362811791388,32.55505165028975,0.12624853367980216,0.04070195164206788,0.7882452831152672,0.001656648867473232,8.717644308281812,3491.025625,30.64425,0.12521608451912625,0.034393205406373514,0.8076900922737351,0.0011828925781250002,8.707265290218764,2640.12181909801,26.095742000503904,0.13361838955715163,0.04101912478026006,0.8544402222236047,0.001682568597738545,8.61201461815946,5244.464465725807,40.73588709677419,0.1265184933852525,0.056811717936580804,0.7107670850983316,0.003227571294905617,8.73008795445481,5792.1719680000015,42.86739200000001,0.10596747526915047,0.034093293182090825,0.6809706562944887,0.0011623526400000009,8.870884437612563,4709.519846270163,37.551348286290334,0.11119812285906791,0.03069311771029563,0.740864452192709,0.0009420674747780633,8.83064759741649,3954.0407680000008,33.841728,0.1146185006949825,0.03415046236875865,0.7821728194178129,0.0011662540800000004,8.774604499193115,6536.006732723578,47.45719004065041,0.12144559242710715,0.056827320347810704,0.6397437368623737,0.0032293443379127007,8.79476305601371,7365.715140478669,50.91662330905308,0.09220358194716843,0.030545454164998032,0.5947951510677169,0.0009330247701459956,8.971153728003788,5904.064087906505,44.00057164634147,0.10005468381761964,0.027824472039897328,0.6754249017599738,0.0007742012442990282,8.912912279251266,5169.702588449532,40.651860041623316,0.1030596008889873,0.03061540703775782,0.7154968605507832,0.000937303148087591,8.872618333024061,spoiled_toast_4.jpg,spoiled_bread
1045.0722194881891,17.16818405511811,0.15960636276170567,0.05041828231818832,0.9410789188149703,0.0025420031919165405,8.53208046292686,1778.8562837125673,23.09163618327237,0.12547388995907205,0.0398851669584046,0.8997388151640857,0.00159082654329981,8.737104472935508,1484.566683070866,20.88225885826772,0.1382027701733573,0.04043625292302117,0.91632112624054,0.0016350905504545386,8.688891371533241,1708.2276024552048,22.074214148428293,0.14139435751166596,0.04034541058165239,0.9037189924911488,0.0016277521550021085,8.69015663384679,1845.0831473214284,22.983568948412696,0.13621455183138034,0.04958536464121863,0.8959625701150772,0.0024587083866026145,8.676462258416986,1778.8562837125673,23.09163618327237,0.12547388995907205,0.0398851669584046,0.8997388151640857,0.00159082654329981,8.737104472935508,2682.02132936508,28.515997023809526,0.10528410866469093,0.031155066003876367,0.8488925438711213,0.0009706381377058929,8.873195415897861,1708.2276024552048,22.074214148428293,0.14139435751166596,0.04034541058165239,0.9037189924911488,0.0016277521550021085,8.69015663384679,2660.3931249999996,27.81224999999999,0.12686466384149236,0.04919210588346466,0.8499798364061218,0.0024198632812499985,8.769626023179375,3284.532438901487,32.205278407659364,0.09646794908752636,0.030637636998611828,0.8149275882464252,0.0009386648008587083,8.949120193830375,3929.37325,35.467124999999996,0.08675155874302884,0.025795885997092642,0.7788421188017706,0.0006654277343750002,8.999967808175368,3193.056437389771,31.155328798185945,0.10666667104160421,0.030896028700728287,0.8200790684092731,0.0009545645894762261,8.895974495126463,3342.60546875,31.574974798387096,0.1212073656155267,0.0491325625754091,0.8115017424563552,0.002414008705226491,8.827009481139276,4741.849984,40.143615999999994,0.07727249562221411,0.02553664159594993,0.7330601947757468,0.0006521200640000001,9.070545950431804,4983.91544858871,41.16154233870968,0.07825198557329917,0.0250556508993633,0.7197160610243053,0.000627785641990765,9.086093316750295,4611.028416,38.64735999999999,0.08886017372911348,0.025707016318507286,0.7403843511787409,0.0006608506879999999,9.016829398701866,3970.194677337399,35.063452743902445,0.11536197536008358,0.04899607420958037,0.7761662202063644,0.0024006152879507067,8.865409086844405,5886.878772112384,46.30385015608741,0.06903775107130232,0.02473364225261639,0.6688497897257112,0.0006117530590804107,9.140560708095714,5918.942581300814,46.19613821138212,0.06662033494319561,0.020032458532731674,0.6671924274644851,0.0004012993948656141,9.1667541291863,5761.0507284079085,44.566337148803335,0.08112215299866546,0.024900414703154305,0.6758307810649329,0.0006200306523890631,9.09407996563403,spoiled_toast_5.jpg,spoiled_bread
